Date,Close,High,Low,Open
2000-01-03,0.0893062651157379,0.0908565775005054,0.0841791631689656,0.0901414024345115
2000-01-04,0.0869217216968536,0.0879949412294973,0.0825097955657633,0.0877559446418384
2000-01-05,0.0840601101517677,0.085848504681317,0.0828678425836508,0.0844181547504402
2000-01-06,0.0785749703645706,0.084060116610586,0.0753562188342034,0.084060116610586
2000-01-07,0.0798872038722038,0.0807214201919863,0.0770255823625968,0.0782178501779153
2000-01-10,0.0825097784399986,0.0858484843454621,0.0786949010991852,0.0801252506912397
2000-01-11,0.0791710913181305,0.0829868906185691,0.0791710913181305,0.0820327122354827
2000-01-12,0.0771446451544762,0.079291092150959,0.0760714250675495,0.0791711298566071
2000-01-13,0.0803633779287338,0.0810794672960223,0.0760714060629925,0.0770255846721708
2000-01-14,0.0838211104273796,0.0871598172708116,0.0813175408220923,0.0815565442499146
2000-01-18,0.0873988494277,0.0877559799275932,0.0810794782780287,0.0848943579445826
2000-01-19,0.0865637138485909,0.08775598188778,0.0858485386005825,0.08775598188778
2000-01-20,0.086325615644455,0.0920488523239957,0.0856104404703842,0.0872797943055409
2000-01-21,0.0853714421391487,0.0864446619953872,0.0832249956040437,0.0860866172992559
2000-01-24,0.0815565586090088,0.0881140112091999,0.0810794659013126,0.0881140112091999
2000-01-25,0.0808404535055161,0.0827488104803367,0.0782178425414315,0.0819136731873659
2000-01-26,0.0775017514824867,0.0829869050881037,0.0760714013016823,0.0808404587622035
2000-01-27,0.0734478980302811,0.0780979088648546,0.0705862757531186,0.0780979088648546
2000-01-28,0.0713023096323013,0.0729716624712508,0.0684406964115485,0.0724945768367288
2000-01-31,0.0707062184810638,0.073209788473893,0.0667713772182132,0.0716594759988199
2000-02-01,0.0723746716976166,0.072971720002171,0.0682017468374339,0.0708252798364455
2000-02-02,0.0744020417332649,0.0758333128547153,0.072374643593721,0.0727326882264252
2000-02-03,0.0755943581461906,0.0783369330871355,0.0751172651906096,0.0767866197735895
2000-02-04,0.0773826912045479,0.0779788249458158,0.0758333002035067,0.0779788249458158
2000-02-07,0.0726136267185211,0.0777407269973194,0.0724945855591307,0.0777407269973194
2000-02-08,0.0760714113712311,0.0786949439078219,0.0724946212136953,0.0744020575104008
2000-02-09,0.077978827059269,0.080244314090281,0.0778597858832075,0.0789330053993698
2000-02-10,0.093956284224987,0.0953875486348563,0.0827488156875887,0.0827488156875887
2000-02-11,0.0953875556588173,0.0987262631773819,0.0884720582002955,0.0986063009119261
2000-02-14,0.110648922622204,0.110648922622204,0.0946714790683203,0.0956256578148773
2000-02-15,0.106356881558895,0.111006895779411,0.101825915311015,0.110887854629399
2000-02-16,0.111245006322861,0.114941764404921,0.106356908561308,0.10754917611795
2000-02-17,0.115179888904095,0.11589597835653,0.109456651855374,0.111126005798213
2000-02-18,0.128534659743309,0.130204006075132,0.112676265303267,0.113510481353278
2000-02-22,0.12495693564415,0.126149203001603,0.120187879859585,0.124480771002764
2000-02-23,0.125673055648804,0.126984364489376,0.121976310919665,0.123526616371503
2000-02-24,0.124480783939362,0.127222442420233,0.119233720859373,0.126388226334118
2000-02-25,0.116730190813541,0.12459987430894,0.111603094758986,0.12459987430894
2000-02-28,0.115895971655846,0.117326322013555,0.113987621143537,0.116134054089652
2000-02-29,0.122095376253128,0.123526640798345,0.115179878649873,0.115179878649873
2000-03-01,0.118518628180027,0.122095419460607,0.116611184461792,0.122095419460607
2000-03-02,0.110529839992523,0.11947273430684,0.110172716423942,0.11947273430684
2000-03-03,0.112318240106106,0.113510500918746,0.109695622459403,0.110648886663916
2000-03-06,0.111603073775768,0.1216191952075,0.110648895265124,0.11303433813042
2000-03-07,0.158939197659493,0.166450825642506,0.136880491982557,0.143080811487789
2000-03-08,0.160250514745712,0.161681778688809,0.14737369677142,0.158849475031901
2000-03-09,0.19134096801281,0.206036399453395,0.16168179854319,0.162157976899347
2000-03-10,0.225113585591316,0.27662268915351,0.199836119673081,0.201267384084292
2000-03-13,0.284731358289719,0.286161708350953,0.202220638553061,0.204128995492445
2000-03-14,0.210090309381485,0.283181042927293,0.206036427296305,0.283181042927293
2000-03-15,0.201505437493324,0.230956748624187,0.194589942000927,0.225143762188105
2000-03-16,0.179655522108078,0.215098372070281,0.176705077178042,0.207943865484056
2000-03-17,0.190536096692085,0.204129007905606,0.175482611091833,0.17551283533035
2000-03-20,0.19041708111763,0.204367117806854,0.1843357997666,0.198047754024849
2000-03-21,0.18099707365036,0.192443532137005,0.165973811799403,0.190774185303448
2000-03-22,0.18230926990509,0.187912542884107,0.179327686643817,0.182428311090825
2000-03-23,0.185528054833412,0.195544177835567,0.180281917722958,0.180639955603138
2000-03-24,0.177778348326683,0.192682571200415,0.171697066687687,0.184335808495434
2000-03-27,0.166092902421951,0.183143567667075,0.164543510562809,0.177420323075607
2000-03-28,0.153693079948425,0.162157965986656,0.150711497088388,0.160369564809724
2000-03-29,0.14355793595314,0.15786602028745,0.137357615067478,0.154289217527914
2000-03-30,0.142722770571709,0.15595855440045,0.134495967170185,0.139265023157756
2000-03-31,0.161174535751343,0.167643164560272,0.149758287455304,0.152470636730019
2000-04-03,0.148565992712975,0.160250545548085,0.144392155476289,0.159713932333938
2000-04-04,0.143080875277519,0.159058309729154,0.108741463846389,0.156434791017482
2000-04-05,0.174916684627533,0.186005103844201,0.137119524583304,0.144512113353486
2000-04-06,0.183024480938911,0.192324500356963,0.174320581798865,0.183024480938911
2000-04-07,0.19566322863102,0.200313245656949,0.184097713499741,0.192205479578345
2000-04-10,0.178374439477921,0.210567399782216,0.174677681013712,0.199001887496676
2000-04-11,0.167762160301209,0.181236027578755,0.152619860815365,0.165943548453383
2000-04-12,0.15035443007946,0.171697057058632,0.149758296129801,0.168001225791483
2000-04-13,0.143915057182312,0.156911832537334,0.141411494511691,0.151546642129789
2000-04-14,0.131247043609619,0.145108261495382,0.12495697702346,0.134734102027957
2000-04-17,0.137953743338585,0.143080851768103,0.120187910027105,0.120187910027105
2000-04-18,0.162396967411041,0.171219905099154,0.147373709355198,0.151844248492594
2000-04-19,0.154646381735802,0.169789599106876,0.152619897635622,0.167524118366596
2000-04-20,0.153812199831009,0.161800925278582,0.151665759814681,0.158820255125014
2000-04-24,0.146180614829063,0.151427666928198,0.138549927143414,0.144988346742283
2000-04-25,0.162158012390137,0.166927984146841,0.152380900701246,0.152738938544666
2000-04-26,0.16048863530159,0.177420237495604,0.160250539293651,0.173485410661665
2000-04-27,0.173604443669319,0.175273790115754,0.148923117092224,0.149758247431373
2000-04-28,0.170027658343315,0.183143474542104,0.170027658343315,0.176347020147675
2000-05-01,0.175512820482254,0.18028187743066,0.171338969480834,0.176466077874653
2000-05-02,0.168716371059418,0.185767029800442,0.163827344881858,0.175512826317156
2000-05-03,0.165973871946335,0.173128368209229,0.152619952089635,0.167643219384843
2000-05-04,0.168001234531403,0.175035773788313,0.164185433973879,0.165615784376506
2000-05-05,0.175750866532326,0.179804747629167,0.165019572973351,0.167285052967242
2000-05-08,0.169312536716461,0.17742028873376,0.169073526407591,0.171219966155037
2000-05-09,0.166927978396416,0.173604478583531,0.16215800680403,0.172174128432774
2000-05-10,0.150473430752754,0.165377648775079,0.149042166577995,0.165258607592703
2000-05-11,0.156911879777908,0.159654453513973,0.150592515908387,0.152619914464197
2000-05-12,0.152142822742462,0.16978961897171,0.152142822742462,0.161204774054311
2000-05-15,0.16263510286808,0.165258635056936,0.144035037837965,0.15142762748651
2000-05-16,0.179327711462975,0.18445482040865,0.167881239440133,0.169789596539527
2000-05-17,0.210805535316467,0.218675218999182,0.188747731671434,0.188866772893987
2000-05-18,0.196497440338135,0.215455545883868,0.19518613117457,0.211997796914306
2000-05-19,0.194828048348427,0.20126736628119,0.18934381628897,0.190774166341594
2000-05-22,0.207467705011368,0.207467705011368,0.17563186798145,0.192682526768194
2000-05-23,0.205798387527466,0.224994575429877,0.198882889617617,0.202220683121885
2000-05-24,0.203174754977226,0.208897995775821,0.175989855824211,0.205559289682663
2000-05-25,0.200313240289688,0.218437129375208,0.197809663188431,0.206155525132331
2000-05-26,0.201326921582222,0.206870674817346,0.188866743402294,0.201326921582222
2000-05-30,0.209613248705864,0.214859385297231,0.205798362906683,0.20675162041781
2000-05-31,0.217721000313759,0.221298704073235,0.208898060869474,0.208898060869474
2000-06-01,0.223802253603935,0.226186788908892,0.218198066201459,0.224160305050569
2000-06-02,0.250988066196442,0.253729724838437,0.228452250016256,0.228452250016256
2000-06-05,0.256382703781128,0.268992124966541,0.240614050088233,0.250630162286699
2000-06-06,0.243595480918884,0.2668455444615,0.24228324429456,0.257307431224016
2000-06-07,0.232745140790939,0.243833573478824,0.229167437356664,0.241807089682738
2000-06-08,0.234533622860909,0.238945543992481,0.22511363293959,0.238706560951321
2000-06-09,0.241210043430328,0.251822312052603,0.235367773453883,0.23894547711706
2000-06-12,0.234771624207497,0.244310665705659,0.229406447235299,0.242283254035654
2000-06-13,0.242164254188538,0.242283295394813,0.22702195076139,0.228214218578851
2000-06-14,0.241926223039627,0.248006577331112,0.238736780415735,0.246695295320028
2000-06-15,0.248245537281036,0.248245537281036,0.22821422061243,0.241210070933011
2000-06-16,0.285684615373611,0.286161708019218,0.247291320197617,0.24735086808417
2000-06-19,0.303569614887238,0.326701548422557,0.277815035366724,0.284969544623905
2000-06-20,0.299515664577484,0.312393402345884,0.295700805738655,0.308816625936108
2000-06-21,0.329920262098312,0.335763461316104,0.294865678888409,0.294865678888409
2000-06-22,0.311916291713715,0.335286329522528,0.308816608217309,0.328489873445997
2000-06-23,0.282465904951096,0.307385334578316,0.282345963154796,0.303569548025325
2000-06-26,0.316566169261932,0.318354570147535,0.283538090213642,0.288069049650771
2000-06-27,0.271853566169739,0.319070691211018,0.263506793588393,0.313823628366615
2000-06-28,0.261361390352249,0.288069224722894,0.253729816397669,0.277576922623798
2000-06-29,0.223683208227158,0.256830352443657,0.219390329747318,0.256830352443657
2000-06-30,0.242522343993187,0.246576213497858,0.222729106789117,0.234175567365672
2000-07-03,0.233222216367722,0.251822277536525,0.230836780723647,0.244191607067764
2000-07-05,0.208182886242867,0.232745162430199,0.201267375922281,0.232268069764057
2000-07-06,0.220821619033813,0.228452291017377,0.203412921351225,0.208420975401816
2000-07-07,0.222013846039772,0.232745127254584,0.217482871857392,0.228929341669939
2000-07-10,0.233460381627083,0.238945529218255,0.216052595450551,0.21819812103788
2000-07-11,0.2522993683815,0.264222916882547,0.227737069152032,0.23036061442339
2000-07-12,0.259452939033508,0.272568754692063,0.25444578673686,0.262791631858835
2000-07-13,0.283777207136154,0.285207557369462,0.26446106571655,0.264938158420104
2000-07-14,0.281630843877792,0.294984748581495,0.274715345121074,0.289500500963461
2000-07-17,0.278531044721603,0.286161716351247,0.277576859402608,0.285923633960133
2000-07-18,0.273045897483826,0.286161715554774,0.26326877285229,0.26326877285229
2000-07-19,0.255638182163239,0.265176299546238,0.250153033964435,0.263268856187047
2000-07-20,0.262553483247757,0.268991884340204,0.254683804805289,0.255398979541869
2000-07-21,0.26589235663414,0.270899483278733,0.259453023932546,0.263268810576904
2000-07-24,0.243237540125847,0.268037933934668,0.232745236912664,0.266130490536971
2000-07-25,0.234175518155098,0.248960697191848,0.23369842547754,0.247053254358922
2000-07-26,0.216767758131027,0.234175543302504,0.210329353276367,0.234175543302504
2000-07-27,0.201267331838608,0.212713800873976,0.198405717991078,0.209852187026447
2000-07-28,0.206036418676376,0.221059678695928,0.190774162047195,0.202220632783717
2000-07-31,0.228929355740547,0.229406448363907,0.206036414708391,0.217482885224469
2000-08-01,0.224398359656334,0.230836776113024,0.222729013219288,0.228929333680588
2000-08-02,0.228929355740547,0.232625199786487,0.217720981242802,0.221298684688895
2000-08-03,0.238945469260216,0.244191632508597,0.206036420435376,0.206036420435376
2000-08-04,0.243237540125847,0.248006585268361,0.239421752743392,0.244668818582304
2000-08-07,0.262314558029175,0.264461010810858,0.243952605828869,0.244906791037876
2000-08-08,0.256591290235519,0.270899372196482,0.255638033050735,0.256591290235519
2000-08-09,0.248960688710213,0.261599414206027,0.245383912856849,0.259930081120607
2000-08-10,0.251822412014008,0.257545643068538,0.238468506415805,0.243237551786953
2000-08-11,0.245860949158669,0.254206822174274,0.234175482489802,0.252299379631854
2000-08-14,0.248245537281036,0.251345248058586,0.240375854604295,0.248960712402415
2000-08-15,0.271675139665604,0.276622746300521,0.248722670309505,0.249437845546825
2000-08-16,0.278531044721603,0.286399798742362,0.270184270164079,0.286399798742362
2000-08-17,0.283777207136154,0.285207557369462,0.273761098574603,0.274715283981711
2000-08-18,0.293792426586151,0.297131147764083,0.282107884921804,0.282584950353482
2000-08-21,0.298323392868042,0.309769879574226,0.2976082177126,0.304523715305308
2000-08-22,0.270184308290482,0.289023385215797,0.267561690109065,0.282823062812432
2000-08-23,0.285923659801483,0.286399824626746,0.260407196331049,0.265892343304597
2000-08-24,0.293554306030273,0.296415934114283,0.27900813779977,0.284254274017068
2000-08-25,0.286161750555038,0.296654051518502,0.284731400282851,0.29045462983585
2000-08-28,0.29760816693306,0.301423980240019,0.284254266755589,0.287592987414522
2000-08-29,0.296893000602722,0.299515618427872,0.293792389528795,0.298800443373493
2000-08-30,0.299515664577484,0.303569561013295,0.290454641402748,0.293554352367515
2000-08-31,0.302854388952255,0.314777941371799,0.298085317302998,0.30404665686457
2000-09-01,0.30333149433136,0.311916325803151,0.299992772886797,0.309054724409392
2000-09-05,0.303808510303497,0.310724034507331,0.301662084461144,0.310485924814199
2000-09-06,0.282823115587235,0.305000863280243,0.280438579385574,0.305000863280243
2000-09-07,0.298085272312164,0.298562364980566,0.275192329118681,0.287115907029079
2000-09-08,0.280438363552094,0.301423854283748,0.279484178654768,0.294746443046685
2000-09-11,0.268991976976395,0.278531018340538,0.258499705551318,0.276861658129045
2000-09-12,0.267322778701782,0.283300204132726,0.263268881254036,0.269230222242589
2000-09-13,0.267203569412231,0.271615488405159,0.260884180787592,0.266607435688287
2000-09-14,0.264700055122376,0.280438491252761,0.261361334338274,0.268514940695107
2000-09-15,0.270482927560806,0.274238294241211,0.261361453087911,0.263268896740924
2000-09-18,0.25468385219574,0.272807746826265,0.25182225213058,0.271138386879044
2000-09-19,0.262553483247757,0.263268657984337,0.240375725270374,0.242999269806982
2000-09-20,0.253968775272369,0.26040720733641,0.249914906235345,0.255399125563315
2000-09-21,0.264878660440445,0.270661410935061,0.255638147396423,0.255876229829858
2000-09-22,0.269469141960144,0.272807863279787,0.238468456805901,0.238706539238406
2000-09-25,0.288785219192505,0.292839114763947,0.2756694017916,0.277814926827855
2000-09-26,0.295700788497925,0.299039482283988,0.278531072865735,0.291884974713646
2000-09-27,0.311916291713715,0.325747313572679,0.293316253109019,0.293316253109019
2000-09-28,0.321455240249634,0.323362682642908,0.30142392942195,0.309054599581633
2000-09-29,0.312393367290497,0.324316945540355,0.3071472308338,0.312393367290497
2000-10-02,0.30500066280365,0.329085865341813,0.297131010789858,0.316685226372049
2000-10-03,0.2885462641716,0.309054672398922,0.286161728648908,0.30667013687623
2000-10-04,0.285207480192184,0.289977450769104,0.277099717348304,0.280915530066821
2000-10-05,0.278531044721603,0.287353984061357,0.272568805584297,0.287353984061357
2000-10-06,0.261122405529022,0.281153724640475,0.257307519164863,0.279246281458395
2000-10-09,0.266845673322678,0.270899543289635,0.236560130353539,0.254445926363463
2000-10-10,0.24657616019249,0.268514945628222,0.244191651986912,0.255638110088947
2000-10-11,0.248722776770592,0.26231476902648,0.222252112046435,0.2315530510417
2000-10-12,0.238945469260216,0.268991989555837,0.236560033367618,0.254206839078231
2000-10-13,0.248483598232269,0.255638105169642,0.238050846280021,0.240613943525801
2000-10-16,0.242760419845581,0.248483649978312,0.23703718971285,0.248483649978312
2000-10-17,0.225113585591316,0.242760379464203,0.222490981282363,0.241807121970545
2000-10-18,0.221536815166473,0.234414552703649,0.200551312193766,0.210567434891864
2000-10-19,0.242999404668808,0.246099115498865,0.232268093447406,0.235844896992252
2000-10-20,0.265653312206268,0.2718536338094,0.235606790107873,0.237276150497595
2000-10-23,0.25969198346138,0.26946908029185,0.251345209362953,0.26779974730457
2000-10-24,0.251345217227936,0.26279167469437,0.250391959808813,0.258499723905708
2000-10-25,0.229406505823135,0.248006545780987,0.227737145161853,0.244429769316222
2000-10-26,0.239183649420738,0.248006563647146,0.21462134022388,0.230836872803544
2000-10-27,0.233698382973671,0.245324355998257,0.225113540906675,0.239421638308839
2000-10-30,0.217244863510132,0.235070221841959,0.217005853193116,0.229883605174978
2000-10-31,0.237096682190895,0.240852948085078,0.218914188396499,0.225829685682053
2000-11-01,0.237037256360054,0.240375951484745,0.22320625625899,0.231314024618136
2000-11-02,0.255160987377167,0.26136130837297,0.241329995407206,0.245383890848795
2000-11-03,0.271853566169739,0.276622608590551,0.249914813916743,0.251822256225858
2000-11-06,0.292839139699936,0.305238855267404,0.276622682737091,0.278292043158919
2000-11-07,0.273045897483826,0.288069158310185,0.26326877285229,0.288069158310185
2000-11-08,0.264938205480576,0.276146583853258,0.260884308596312,0.276146583853258
2000-11-09,0.237276181578636,0.261361368209597,0.225590698255654,0.24896072337896
2000-11-10,0.224398359656334,0.257545500390662,0.218437049422281,0.245383869695309
2000-11-13,0.225352600216866,0.249914891519018,0.206036445511069,0.213190952886168
2000-11-14,0.2666075527668,0.268514995945648,0.238468467622857,0.24037588351119
2000-11-15,0.263090223073959,0.270184281750546,0.25110715156496,0.261838434712391
2000-11-16,0.24657616019249,0.262314596612019,0.244191651986912,0.255638110088947
2000-11-17,0.241807162761688,0.261122406121404,0.233698468785652,0.248483650562336
2000-11-20,0.223206147551537,0.232983245066055,0.220582615468937,0.232864203868717
2000-11-21,0.218914166092873,0.234652602016097,0.207467708351798,0.232745159254838
2000-11-22,0.207467705011368,0.216528726598899,0.198405755546582,0.209852226748611
2000-11-24,0.219390377402306,0.227499057141063,0.209852261579696,0.209852261579696
2000-11-27,0.211997792124748,0.236560085891116,0.203234371857234,0.235129735540897
2000-11-28,0.19619981944561,0.217482924690016,0.191490282350318,0.215217443871104
2000-11-29,0.184097737073898,0.199359099301025,0.169312567085586,0.199121003181618
2000-11-30,0.154527336359024,0.168358330125751,0.138788899747636,0.168358330125751
2000-12-01,0.169789582490921,0.186005110633793,0.163112168482301,0.164066353775675
2000-12-04,0.172412216663361,0.176466099085429,0.1592963976581,0.170862825260521
2000-12-05,0.183620601892471,0.191251273856195,0.167405072604253,0.184574773607987
2000-12-06,0.157388955354691,0.185050957312923,0.15643478361207,0.180043803719919
2000-12-07,0.154527336359024,0.162874097638612,0.141650514308029,0.149758278953969
2000-12-08,0.189820870757103,0.190774127974729,0.154586813814953,0.170504722016975
2000-12-11,0.189820870757103,0.193635741736459,0.178851494612272,0.183620550686305
2000-12-12,0.184574782848358,0.188389655082549,0.178374460738073,0.185050961320527
2000-12-13,0.170266643166542,0.186959247176467,0.166927936789143,0.183858636784335
2000-12-14,0.158581241965294,0.170504794638005,0.154527359047122,0.169073530031639
2000-12-15,0.14284273982048,0.157865996906195,0.142126650718146,0.148565967248446
2000-12-18,0.147552311420441,0.15261988580351,0.145465379002714,0.148804086074918
2000-12-19,0.136403456330299,0.163112187621468,0.133541841636902,0.14975828591456
2000-12-20,0.12161922454834,0.148327046033619,0.114941808649581,0.129487980585175
2000-12-21,0.106356881558895,0.136403391799358,0.104925617773262,0.119949787125159
2000-12-22,0.133780837059021,0.145942484482045,0.114941788550147,0.114941788550147
2000-12-26,0.12829564511776,0.136880499752437,0.119710804128332,0.135450150036751
2000-12-27,0.136880531907082,0.142126681580089,0.121619189176288,0.126865325204042
2000-12-28,0.137595698237419,0.141173401604516,0.129249852373602,0.131396291547475
2000-12-29,0.12501648068428,0.141888576257982,0.122095345944538,0.13735761555286
2001-01-02,0.114226594567299,0.127580501565893,0.113749508741954,0.125911154881868
2001-01-03,0.149281173944473,0.150473441608582,0.107787268193929,0.11064888934061
2001-01-04,0.166450902819633,0.170266703097225,0.14260378510407,0.146657667805479
2001-01-05,0.141530513763428,0.165735659372053,0.138311762981345,0.165019570286161
2001-01-08,0.155004441738129,0.161204764047364,0.13759572902542,0.13759572902542
2001-01-09,0.158104121685028,0.161204746439671,0.149519264592974,0.157150864227378
2001-01-10,0.169073462486267,0.169789551619465,0.146419534715721,0.149996323454414
2001-01-11,0.183143481612206,0.190297974049411,0.162157983850488,0.165019597978986
2001-01-12,0.179327711462975,0.197451598046933,0.177420268595647,0.186243208428512
2001-01-16,0.165258601307869,0.180281859941231,0.16239697365384,0.180281859941231
2001-01-17,0.171219944953918,0.183143509539886,0.170504769870716,0.177897359446133
2001-01-18,0.204069465398788,0.20889804283203,0.167405052803725,0.171219924395712
2001-01-19,0.198643833398819,0.217482878352987,0.195544123260716,0.209852207542429
2001-01-22,0.190774202346802,0.200313232445397,0.185289969252294,0.192682559634866
2001-01-23,0.20979268848896,0.213667094220698,0.187436361215907,0.188389618562297
2001-01-24,0.20889812707901,0.211759742454354,0.196736476646617,0.209613302364767
2001-01-25,0.187912568449974,0.202220655033599,0.183620603684495,0.201744476580622
2001-01-26,0.193874776363373,0.196140256695485,0.176108944195575,0.177420239312849
2001-01-29,0.194828048348427,0.195067044963436,0.181236052275304,0.187912552004361
2001-01-30,0.199120968580246,0.2032938926506,0.194112913885567,0.197928714306757
2001-01-31,0.196974486112595,0.206990606975504,0.19268252175644,0.199359021433069
2001-02-01,0.197988212108612,0.199359041694034,0.188389648669194,0.196974506131218
2001-02-02,0.178851574659348,0.202697766288699,0.177420296376747,0.198166804167177
2001-02-05,0.178612530231476,0.179804797967229,0.168120243941696,0.178612530231476
2001-02-06,0.179566726088524,0.183143515860027,0.174857189113979,0.175273833331794
2001-02-07,0.171219944953918,0.179804802293778,0.161681830128892,0.178374452127373
2001-02-08,0.170266643166542,0.181951194432994,0.169550554037604,0.172174085517883
2001-02-09,0.169073462486267,0.170027647606149,0.162874056483513,0.168835380144834
2001-02-12,0.164543449878693,0.169073496779009,0.156434771404938,0.167166054029439
2001-02-13,0.169550627470016,0.177420297442141,0.165735741115106,0.167643184292561
2001-02-14,0.181951239705086,0.186959293694635,0.160250563906996,0.167405070999041
2001-02-15,0.215336471796036,0.218914175670663,0.205559360352023,0.206990624748285
2001-02-16,0.227021932601929,0.232745161528373,0.204129003250899,0.204367085644406
2001-02-20,0.204367101192474,0.226067778117635,0.204129018780854,0.221298720511696
2001-02-21,0.213667079806328,0.222251921671988,0.19458993998848,0.196736379012861
2001-02-22,0.22272901237011,0.228929332807771,0.206036394068893,0.212474810501036
2001-02-23,0.207347735762596,0.2251135695734,0.200313198105319,0.221536780147976
2001-02-26,0.202697783708572,0.206990677402584,0.193874855381193,0.201267433180514
2001-02-27,0.190536096692085,0.20555935805382,0.189343828942807,0.197689675897249
2001-02-28,0.170504778623581,0.200313220857433,0.166927988791895,0.189104844424541
2001-03-01,0.183977708220482,0.186959277933103,0.152619879149879,0.168358314279976
2001-03-02,0.166272357106209,0.182905447996676,0.164066396607911,0.170742898127551
2001-03-05,0.16788125038147,0.172174143314134,0.15882022755365,0.159773485110779
2001-03-06,0.184097737073898,0.190059064058274,0.173485491881072,0.17646614855063
2001-03-07,0.198882877826691,0.199359056317578,0.184812872526766,0.188151580065287
2001-03-08,0.205559358000755,0.207705797454569,0.19315962877176,0.19315962877176
2001-03-09,0.191013142466545,0.195782198988111,0.173128269690098,0.194828027449144
2001-03-12,0.184097737073898,0.1931596898425,0.175989969957075,0.184574829899788
2001-03-13,0.206036418676376,0.208898046594447,0.185528012488856,0.186482197753951
2001-03-14,0.217721000313759,0.21843708960487,0.196736414291674,0.196736414291674
2001-03-15,0.228452280163765,0.243177938026433,0.222729051301298,0.231075825849407
2001-03-16,0.227499037981033,0.233698432040972,0.218198091136464,0.22487550576469
2001-03-19,0.240613907575607,0.24228324042628,0.213965603532214,0.226305810070667
2001-03-20,0.21819806098938,0.252776482909675,0.215575443367464,0.237752295249338
2001-03-21,0.234414607286453,0.240853013615506,0.217482983089029,0.218675251245334
2001-03-22,0.258022606372833,0.258976791577178,0.234652573755168,0.236560016286699
2001-03-23,0.255638182163239,0.267561736301661,0.24276044240644,0.262791763377859
2001-03-26,0.269469141960144,0.270899492310031,0.255638146397588,0.255638146397588
2001-03-27,0.25969198346138,0.273522975858698,0.248483581440636,0.264222944370978
2001-03-28,0.259870618581772,0.266607554898116,0.251822373061829,0.25253754827493
2001-03-29,0.263745933771133,0.272807885699392,0.252299473102662,0.257605131268268
2001-03-30,0.247708946466446,0.266845627353723,0.246099133679637,0.261838473171983
2001-04-02,0.237276181578636,0.253014619748656,0.23417554278702,0.247053280345398
2001-04-03,0.245144993066788,0.251584327264634,0.233460421290479,0.233698503770367
2001-04-04,0.219867408275604,0.23632193131849,0.205321228329862,0.235844838721578
2001-04-05,0.24013777077198,0.243952656648388,0.22797522261981,0.234414541370524
2001-04-06,0.239183649420738,0.251822377987455,0.232983299071797,0.23703719586197
2001-04-09,0.227555841207504,0.249723529008833,0.223778506755569,0.243809838637134
2001-04-10,0.249036714434624,0.25640092221329,0.230875289121626,0.233011672147205
2001-04-11,0.264070123434067,0.273952565925317,0.256782845491206,0.264375067685688
2001-04-12,0.268037766218185,0.279484220616218,0.254225989607659,0.259186447332806
2001-04-16,0.261513382196426,0.268801586447307,0.256705885525884,0.263268817118293
2001-04-17,0.274333417415619,0.27643224877525,0.257545577461241,0.25766003386602
2001-04-18,0.294785052537918,0.322027640815407,0.285894350055318,0.285894350055318
2001-04-19,0.32011941075325,0.325194328577983,0.295128553632522,0.296463660456185
2001-04-20,0.331794708967209,0.343355651887201,0.307910053331735,0.316265971294592
2001-04-23,0.314281523227692,0.324889206114652,0.310962069928131,0.324583361423791
2001-04-24,0.292037934064865,0.336869642389655,0.287115953618008,0.313404358845743
2001-04-25,0.305467814207077,0.315884110820891,0.291694511901443,0.292800705452473
2001-04-26,0.281392782926559,0.31210686979739,0.278531153726923,0.31210686979739
2001-04-27,0.301423966884613,0.302683068962561,0.286581097288358,0.292266774029748
2001-04-30,0.317829996347427,0.335572020593109,0.303064056757339,0.309626987673925
2001-05-01,0.347514778375626,0.348354479986124,0.31382369229168,0.318974611748665
2001-05-02,0.339540660381317,0.356557435195359,0.334999629846153,0.356557435195359
2001-05-03,0.338052660226822,0.339578254113538,0.327216064088598,0.329276415447502
2001-05-04,0.342707335948944,0.348087169443768,0.326606287797906,0.328131854789536
2001-05-07,0.358083963394165,0.360563742473518,0.337403409304845,0.341409682813397
2001-05-08,0.332176506519318,0.36353984907492,0.329124418059648,0.363386913072273
2001-05-09,0.316609472036362,0.32858979219029,0.314396183537246,0.321607457951801
2001-05-10,0.305964201688767,0.329619920601928,0.302186866876208,0.325766581704081
2001-05-11,0.298142015933991,0.307147172715641,0.292037839732293,0.30520127790574
2001-05-14,0.300698816776276,0.304247211367423,0.288260618897382,0.299020286379937
2001-05-15,0.311496824026108,0.324316893444133,0.299897431598392,0.3033313958205
2001-05-16,0.326185911893845,0.328131807090563,0.302415714402671,0.30436160959939
2001-05-17,0.33194774389267,0.341486762950639,0.322218237007911,0.327254675109077
2001-05-18,0.329276382923126,0.339578220571596,0.322790358078466,0.330841356855944
2001-05-21,0.344156861305237,0.351024736041673,0.321950711158354,0.3285521213718
2001-05-22,0.354458659887314,0.357892597124527,0.335763379764756,0.349193283998819
2001-05-23,0.351445108652115,0.381549326719296,0.347209894137187,0.368385884840291
2001-05-24,0.356633454561234,0.365676163114578,0.338624969385771,0.349117240358067
2001-05-25,0.349880188703537,0.354650161538034,0.343394160934086,0.34946078805405
2001-05-29,0.335534572601318,0.34797277201894,0.330803079032128,0.347896767926134
2001-05-30,0.329276382923126,0.344271259325296,0.325842446137138,0.327636332814719
2001-05-31,0.326643794775009,0.333855066950184,0.31958545862895,0.331909171574726
2001-06-01,0.344729095697403,0.347514719145678,0.326987076169003,0.328895446418638
2001-06-04,0.339387804269791,0.346789563522491,0.334847673252808,0.344958124726493
2001-06-05,0.357205867767334,0.360754289313755,0.338433679655688,0.33900598898512
2001-06-06,0.358732402324677,0.363425442693123,0.353314089281214,0.358541914543535
2001-06-07,0.378992646932602,0.380022809181546,0.352933155298115,0.355565843705272
2001-06-08,0.369148671627045,0.378420323217271,0.365218428399843,0.377848013869511
2001-06-11,0.358350396156311,0.370102695668796,0.352627141432355,0.369682394661703
2001-06-12,0.370293378829956,0.375634760785504,0.350071596595953,0.350834393850437
2001-06-13,0.357855051755905,0.378649161704137,0.354650027480909,0.373001910077796
2001-06-14,0.357091426849365,0.363196532997002,0.348163171682646,0.353238088244005
2001-06-15,0.362662643194199,0.36895820973878,0.346370207005273,0.352933165995045
2001-06-18,0.348316103219986,0.367622176208094,0.344348308253129,0.361746938129809
2001-06-19,0.329276382923126,0.363157925293485,0.322218048926053,0.354878941648368
2001-06-20,0.343432575464249,0.347209909945398,0.316494928827335,0.323209868705559
2001-06-21,0.349918484687805,0.355985109097043,0.332901709379953,0.34205890147074
2001-06-22,0.348354458808899,0.357473171817683,0.34377587614348,0.348163070494803
2001-06-25,0.347667753696442,0.35369589989283,0.337517921758679,0.352246337158017
2001-06-26,0.357702255249023,0.359419238082046,0.338625120025099,0.339960226663534
2001-06-27,0.346637576818466,0.356748001626792,0.34057095078252,0.355985204551106
2001-06-28,0.350719898939133,0.35579481611994,0.347209956434105,0.351292235653763
2001-06-29,0.353886365890503,0.359419134407192,0.34801110149304,0.351978923094426
2001-07-02,0.338204622268677,0.342745652746799,0.333092183246173,0.339884052510949
2001-07-03,0.342516779899597,0.346065173338252,0.334160863664615,0.335877818547978
2001-07-05,0.317677944898605,0.340532406358487,0.317257616526671,0.338433602711427
2001-07-06,0.307910174131393,0.315350389191456,0.301805065997085,0.312908160362182
2001-07-09,0.297837048768997,0.311267878260617,0.294936969000341,0.30390367276716
2001-07-10,0.300279378890991,0.305811220112741,0.296654052788734,0.301804945763233
2001-07-11,0.299706965684891,0.304514488217429,0.290435344326251,0.299134656518674
2001-07-12,0.315426260232925,0.317639547938012,0.306193061761118,0.313823734156423
2001-07-13,0.308901786804199,0.316533387884689,0.30237730727738,0.313099449855284
2001-07-16,0.284062892198563,0.309054666668131,0.282537325477927,0.305430241512929
2001-07-17,0.299935907125473,0.30272060290937,0.276622638919797,0.279293806205169
2001-07-18,0.289557218551636,0.300889220572573,0.283414588791984,0.292800695610919
2001-07-19,0.29421266913414,0.306460374217636,0.289252210758281,0.293754789065754
2001-07-20,0.285742431879044,0.293411558949146,0.276622786433239,0.286887078117723
2001-07-23,0.258690237998962,0.286543617762488,0.258346841474711,0.286161768905512
2001-07-24,0.276203215122223,0.276432127831627,0.256629759362231,0.262162498768641
2001-07-25,0.273532181978226,0.276241802411781,0.264337462410167,0.275707017523215
2001-07-26,0.301423966884613,0.303331409514955,0.269564320560622,0.270937906311478
2001-07-27,0.309054672718048,0.312374153795257,0.291884958065181,0.300851664195267
2001-07-30,0.301690489053726,0.310695648220679,0.298371007714977,0.309436545902055
2001-07-31,0.308672785758972,0.310008819758462,0.291122125058712,0.302110756360914
2001-08-01,0.327521950006485,0.32912444874178,0.312564621977822,0.314739457284586
2001-08-02,0.335305452346802,0.336487622277078,0.320462585400996,0.331680127588554
2001-08-03,0.33267280459404,0.337823696272191,0.325690447163406,0.331947559438739
2001-08-06,0.342745751142502,0.346141236456374,0.326758260550276,0.330306654594366
2001-08-07,0.337670862674713,0.344348277493889,0.333664588442475,0.342668846768092
2001-08-08,0.329085916280746,0.343393999597301,0.327597874305881,0.334733140097989
2001-08-09,0.323324352502823,0.334008015232804,0.317449087125914,0.327559539921313
2001-08-10,0.322943359613419,0.32736900691052,0.313251408173599,0.323172272404648
2001-08-13,0.336487740278244,0.340150618050636,0.323591691292931,0.328475219030333
2001-08-14,0.327559500932694,0.332519933143137,0.323401218674725,0.330383577460505
2001-08-15,0.327941387891769,0.338891542451356,0.325041306957018,0.334962199822436
2001-08-16,0.341753125190735,0.342249457721944,0.320615641636942,0.321913196292954
2001-08-17,0.319623827934265,0.337441853156286,0.316914208285001,0.333092210615811
2001-08-20,0.317410618066788,0.320844555843298,0.307681114054753,0.317601078546822
2001-08-21,0.310733199119568,0.326606261019947,0.310237794469767,0.318211863518111
2001-08-22,0.323515772819519,0.323859169407197,0.306193143825477,0.316227594379664
2001-08-23,0.31634196639061,0.326567775327898,0.314777919932344,0.322408592336405
2001-08-24,0.325384676456451,0.331909155287053,0.317868460469292,0.319738351677135
2001-08-27,0.336640745401382,0.34095193743219,0.316876817003856,0.318097467219423
2001-08-28,0.332252532243729,0.343203613127228,0.329658323745619,0.335724949322501
2001-08-29,0.321569919586182,0.33526722340467,0.318784321466688,0.333168418551451
2001-08-30,0.320539563894272,0.322790403079055,0.308100468716927,0.315540679769069
2001-08-31,0.323209911584854,0.326148445249217,0.314205651250579,0.318402386891815
2001-09-04,0.300737231969833,0.322332595641792,0.298485491881103,0.322332595641792
2001-09-05,0.307147145271301,0.309436436289042,0.288260480729686,0.300469732628788
2001-09-06,0.294593662023544,0.31058117975023,0.293220103354002,0.301080616301229
2001-09-07,0.297684192657471,0.30218679919793,0.28845102195277,0.289977516587777
2001-09-10,0.289061784744263,0.299706992727135,0.283071163727665,0.295165961559606
2001-09-17,0.259377032518387,0.277691395656785,0.258079450492543,0.271052432537619
2001-09-18,0.243733808398247,0.266320880730038,0.237857643112301,0.264413437836026
2001-09-19,0.24075773358345,0.247930525866256,0.206494319700719,0.245107377089773
2001-09-20,0.220382988452911,0.236179103315306,0.213667121745834,0.22786073793686
2001-09-21,0.205807492136955,0.215804386685153,0.1984817514159,0.2033652783677
2001-09-24,0.228929355740547,0.232287288742988,0.212293513664595,0.222137485676859
2001-09-25,0.220001131296158,0.239536126980925,0.219314338380092,0.229616163894807
2001-09-26,0.212064608931541,0.223587998916188,0.209852235622001,0.222824287677025
2001-09-27,0.200313240289688,0.213667157023039,0.194666014390244,0.211301847306982
2001-09-28,0.20962330698967,0.219848200820417,0.1972611160611,0.206036433604647
2001-10-01,0.19184285402298,0.212904362428471,0.188484920074969,0.209470424400252
2001-10-02,0.182227790355682,0.199168564973123,0.172917687724233,0.191537892987132
2001-10-03,0.218093678355217,0.229616153158297,0.181312052354823,0.181312052354823
2001-10-04,0.246403992176056,0.257927381311038,0.221756543820587,0.229692159210647
2001-10-05,0.25105956196785,0.25708773600735,0.233431992192459,0.24266516403266
2001-10-08,0.2567058801651,0.266244896520363,0.241138662643966,0.241138662643966
2001-10-09,0.245565101504326,0.262505868344519,0.238239377031227,0.257392502564812
2001-10-10,0.261361390352249,0.263268833547411,0.239613115696932,0.241215614687116
2001-10-11,0.289671659469605,0.290435384338377,0.273875531322599,0.275326021827344
2001-10-12,0.308520764112473,0.30905462096254,0.281354158450052,0.282345895385511
2001-10-15,0.307147145271301,0.316685257454187,0.291122080856612,0.299515547530627
2001-10-16,0.338052660226822,0.34049395976405,0.300431332679815,0.306765350044691
2001-10-17,0.318211793899536,0.345683317049378,0.316685299489571,0.345530381058076
2001-10-18,0.331642657518387,0.334770750115289,0.317449028100883,0.318211825087291
2001-10-19,0.338510572910309,0.343394100725526,0.322790447040651,0.326911177777626
2001-10-22,0.34652316570282,0.351024845613258,0.328513744299903,0.335992437527448
2001-10-23,0.340417981147766,0.357205819263393,0.332710377440525,0.35094873336828
2001-10-24,0.355451256036758,0.356290056969841,0.330421033385726,0.334236846245744
2001-10-25,0.376283973455429,0.382617064583155,0.341867634062997,0.347209915810113
2001-10-26,0.349422216415405,0.384906261047048,0.347209829621799,0.373688716610062
2001-10-29,0.321034967899323,0.356747953594901,0.32065404699671,0.350643776637539
2001-10-30,0.320501029491425,0.335305443741104,0.307909929411942,0.315159650865331
2001-10-31,0.32706406712532,0.341486609001161,0.3224085521955,0.332481451147273
2001-11-01,0.354993402957916,0.357663642326408,0.326224299401507,0.331260761923406
2001-11-02,0.359952926635742,0.364302568958749,0.340341916223107,0.353390897773133
2001-11-05,0.361250579357147,0.376207007436042,0.358961287554784,0.366211039081732
2001-11-06,0.386050939559937,0.387730370191709,0.35865634458436,0.360563787418613
2001-11-07,0.386356800794601,0.40123722435347,0.380862511550181,0.38307487133569
2001-11-08,0.37964078783989,0.396352616530893,0.368194333570777,0.391164174027521
2001-11-09,0.405967682600021,0.406273527246688,0.389103844885049,0.396429570567915
2001-11-12,0.416880339384079,0.427258181597627,0.392079956499222,0.404442145913417
2001-11-13,0.413446515798569,0.418254039770764,0.407494345860661,0.418178035693457
2001-11-14,0.401924043893814,0.420467319077606,0.390706497283559,0.416498596378231
2001-11-15,0.404060363769531,0.409554680178317,0.392308961211062,0.397345397451234
2001-11-16,0.400550454854965,0.408714984542615,0.39513214207316,0.404442245572103
2001-11-19,0.391774237155914,0.408257161648478,0.370102867480394,0.404518279393677
2001-11-20,0.380785584449768,0.400550436474582,0.37643594101677,0.393682561186369
2001-11-21,0.375902146100998,0.385899044535613,0.364760628803482,0.374375651034088
2001-11-23,0.381167590618134,0.381549466889021,0.370865773433232,0.377351802576135
2001-11-26,0.408409982919693,0.408943839799581,0.38650875140138,0.387577393038362
2001-11-27,0.412759691476822,0.421992889870528,0.400626439701785,0.408181107960998
2001-11-28,0.391927123069763,0.414286183541586,0.391011389998119,0.407494312382614
2001-11-29,0.409096777439117,0.422527609921523,0.407494278808909,0.420390326496397
2001-11-30,0.416956424713135,0.419932509446119,0.402915730051202,0.408943903588452
2001-12-03,0.410623341798782,0.413293554540677,0.403297586232951,0.408181113984383
2001-12-04,0.443665146827698,0.444123027000675,0.412683677479021,0.412683677479021
2001-12-05,0.479454040527344,0.48036974610293,0.446794075128464,0.447174995985114
2001-12-06,0.471899539232254,0.476936003532845,0.459919222048591,0.475715353436736
2001-12-07,0.457476854324341,0.472663092676727,0.449312299256538,0.468389454119283
2001-12-10,0.462055534124374,0.472510256018332,0.451372772719738,0.455187658684166
2001-12-11,0.478615462779999,0.489527139296736,0.465489597468639,0.470145086739162
2001-12-12,0.493495881557465,0.493724794408939,0.472968228034519,0.482278333119732
2001-12-13,0.479302167892456,0.48998492959167,0.477393796980242,0.483803846983141
2001-12-14,0.500897586345673,0.503262909844916,0.477012927787686,0.479225315241958
2001-12-17,0.518906772136688,0.526155565863261,0.49708152140894,0.49708152140894
2001-12-18,0.505552291870117,0.514709461998476,0.501279524369233,0.507536640135541
2001-12-19,0.491740316152573,0.507383508909322,0.489832873305204,0.497234605200121
2001-12-20,0.472357392311096,0.502652971878206,0.47060288528716,0.493724717096393
2001-12-21,0.492808997631073,0.496013995285383,0.477088898952455,0.482659165226478
2001-12-24,0.505094170570374,0.507612374780023,0.49235103223812,0.492579999588825
2001-12-26,0.517456412315369,0.526079721589345,0.507536421848022,0.507612398622074
2001-12-27,0.529437780380249,0.53180304926261,0.521196317938986,0.521959087816244
2001-12-28,0.516693770885468,0.536076751833759,0.511581329065356,0.532565935909313
2001-12-31,0.51051265001297,0.523485633253003,0.509367976626527,0.520509547945488
2002-01-02,0.513564467430115,0.522340710999344,0.499828720823328,0.512725666542191
2002-01-03,0.547217130661011,0.549430445144148,0.514328252258404,0.514633141772912
2002-01-04,0.531269013881683,0.554466871205294,0.521958912603105,0.554466871205294
2002-01-07,0.516998589038849,0.534168304824,0.50982576947194,0.533405480462681
2002-01-08,0.523103833198547,0.535542032656127,0.514175576442412,0.515931011731942
2002-01-09,0.515930831432343,0.539891461347041,0.508605076462113,0.530353374005532
2002-01-10,0.503568828105927,0.520203764734021,0.499066274329333,0.513183878787058
2002-01-11,0.481285631656647,0.507078603383509,0.479302157299674,0.506925721939539
2002-01-14,0.456027388572693,0.483574950688582,0.456027388572693,0.480217890130975
2002-01-15,0.498608261346817,0.498913205539151,0.474494691540477,0.475028548555909
2002-01-16,0.479149013757706,0.495021168221139,0.477317602922541,0.4918161719691
2002-01-17,0.495936930179596,0.496013834815733,0.477088744605422,0.495021224657615
2002-01-18,0.486856818199158,0.490290783175079,0.476935953383401,0.4772417708476
2002-01-22,0.474646627902985,0.49273204813676,0.469152284331496,0.491435366897907
2002-01-23,0.483574986457825,0.48700889735341,0.469458258126889,0.478920370835473
2002-01-24,0.500897586345673,0.505934050853073,0.478080641888946,0.488382483741936
2002-01-25,0.499599903821945,0.512039026452798,0.487619589208727,0.4937246395533
2002-01-28,0.518829941749573,0.518906900981639,0.5043314228194,0.509367831457493
2002-01-29,0.493418991565704,0.521577292633208,0.485330409753378,0.520051698140608
2002-01-30,0.499370843172073,0.499752691844558,0.484185481234892,0.496013784216983
2002-01-31,0.501660406589508,0.509749806339051,0.484948514178697,0.505858015217448
2002-02-01,0.489375025033951,0.506162892001018,0.486474971598352,0.50082153861873
2002-02-04,0.46632906794548,0.500210611857471,0.465566298333265,0.488306275291986
2002-02-05,0.461750566959381,0.467244856121741,0.443589142090197,0.46320018425534
2002-02-06,0.473273068666458,0.481438498544843,0.464726663262672,0.473959861651577
2002-02-07,0.457934856414795,0.473883868640569,0.455722469137378,0.473883868640569
2002-02-08,0.440460175275803,0.463582061041732,0.422985542320059,0.460987825030036
2002-02-11,0.464802742004395,0.465489535059521,0.438170912633483,0.439773411568437
2002-02-12,0.474646627902985,0.483422873491183,0.452517381935121,0.457782758137119
2002-02-13,0.468542456626892,0.48884026409465,0.463963873312632,0.480751684645475
2002-02-14,0.474341601133347,0.484185558876232,0.466558021870881,0.472510135401526
2002-02-15,0.437636971473694,0.455187634683663,0.433058388088301,0.452517394766729
2002-02-19,0.408638924360275,0.423290406676744,0.40528099109484,0.418940763641367
2002-02-20,0.430005311965942,0.434583894427031,0.400626347412331,0.401389144293633
2002-02-21,0.400626480579376,0.424282224919726,0.400092623559877,0.424130216761122
2002-02-22,0.380938410758972,0.397192388509415,0.375825944449241,0.392613806302586
2002-02-25,0.41077533364296,0.413751418312162,0.382617012973936,0.38269394492092
2002-02-26,0.419703543186188,0.426953294094999,0.408638933947123,0.419780475130024
2002-02-27,0.405586808919907,0.43107398574454,0.404442163219087,0.429242547165127
2002-02-28,0.389255940914154,0.410165436408992,0.385821976375552,0.402915685843592
2002-03-01,0.426877230405808,0.427335083205191,0.391851040959649,0.392995686603359
2002-03-04,0.450686067342758,0.455569596089984,0.424053334262215,0.42817406578562
2002-03-05,0.449541360139847,0.461597680964338,0.443360277339745,0.443741198315867
2002-03-06,0.435423612594605,0.440536079383686,0.426037507274354,0.436110405448124
2002-03-07,0.431913822889328,0.443054438691323,0.419856573277976,0.441604875709965
2002-03-08,0.444809854030609,0.45396704939554,0.438017982054998,0.440155265913199
2002-03-11,0.43962037563324,0.444809747410042,0.43229464838778,0.43992624763565
2002-03-12,0.41657555103302,0.428479864025067,0.41359946596238,0.426190572015423
2002-03-13,0.409020900726318,0.415659864676434,0.407494405685624,0.412683779270556
2002-03-14,0.386356800794601,0.405967815962137,0.385517099088108,0.405967815962137
2002-03-15,0.402686804533005,0.403144684731965,0.38170132920377,0.389103989561908
2002-03-18,0.402686804533005,0.418864810678267,0.39810822086749,0.410012560230238
2002-03-19,0.394140541553497,0.406349801374529,0.391774317076413,0.405587004069195
2002-03-20,0.354993402957916,0.388417093013093,0.353695821361987,0.387653368257333
2002-03-21,0.373841762542725,0.378115402560798,0.35148267115479,0.361021715784973
2002-03-22,0.370636701583862,0.380556693555012,0.367813552692454,0.380556693555012
2002-03-25,0.351482540369034,0.369339044966873,0.35102468757459,0.36888119217243
2002-03-26,0.358656346797943,0.36758457331655,0.345836302642011,0.347819749556
2002-03-27,0.347209841012955,0.360334828552771,0.341104763440118,0.35316200987198
2002-03-28,0.338510572910309,0.351788470933668,0.31950944533296,0.349575183185733
2002-04-01,0.332939386367798,0.335534523220041,0.309512581428282,0.319738391622611
2002-04-02,0.324239909648895,0.341028670755206,0.322332467409764,0.322943256100553
2002-04-03,0.330345153808594,0.334541889105779,0.318974697456041,0.325690565552111
2002-04-04,0.328742563724518,0.339960108217223,0.323324279215572,0.327826858059627
2002-04-05,0.32126384973526,0.336221173751617,0.317906817735114,0.330878894148812
2002-04-08,0.332023561000824,0.332023561000824,0.30630747325237,0.306383477306644
2002-04-09,0.311038970947266,0.338052640866884,0.310275273460934,0.33530549678217
2002-04-10,0.293869435787201,0.315922658319601,0.271663277188106,0.313557361774898
2002-04-11,0.280972421169281,0.295242959147126,0.277767423043175,0.291503176081655
2002-04-12,0.279904574155808,0.289519591259736,0.271128330643829,0.287230300173538
2002-04-15,0.291198194026947,0.296005717881971,0.284635262579285,0.285322055600075
2002-04-16,0.303865402936935,0.307376273537761,0.29791323172928,0.304247251869268
2002-04-17,0.307452231645584,0.311954811718186,0.297837183088186,0.307452231645584
2002-04-18,0.302339792251587,0.307605169994287,0.295700855504606,0.304323239726743
2002-04-19,0.281736075878143,0.295700794205642,0.28135422704534,0.292113920446221
2002-04-22,0.283109605312347,0.288832833726331,0.27853102258116,0.278607026639682
2002-04-23,0.271663218736649,0.288603995597239,0.269144986667077,0.285322065817183
2002-04-24,0.24785453081131,0.278836029910522,0.247167765078332,0.274791303135849
2002-04-25,0.25746950507164,0.262429035681504,0.246785818506609,0.246861822560669
2002-04-26,0.231752514839172,0.260597625710672,0.231752514839172,0.260292681583972
2002-04-29,0.270365595817566,0.274257386098563,0.25044873696742,0.259148050548212
2002-04-30,0.265634030103683,0.280438446210055,0.259834798023673,0.276775569356808
2002-05-01,0.27044153213501,0.274181313345787,0.254493399505054,0.261284367984065
2002-05-02,0.259529829025269,0.278454045075577,0.259452924392642,0.271739108071957
2002-05-03,0.249914854764938,0.261819191771985,0.248617273079884,0.259834817214908
2002-05-06,0.240375876426697,0.254874452740452,0.23839152863815,0.243427965540292
2002-05-07,0.246403992176056,0.250830566932828,0.234347674027558,0.245717199286147
2002-05-08,0.274715334177017,0.278988974312146,0.254874474487864,0.263192841914705
2002-05-09,0.262963861227036,0.279522759258545,0.262505981077302,0.273875534357825
2002-05-10,0.243275836110115,0.269373795359184,0.240375756600169,0.268381158021015
2002-05-13,0.258003503084183,0.258843232356379,0.243733891046895,0.245794243366134
2002-05-14,0.283643513917923,0.286543594621702,0.269754827197048,0.274486346785428
2002-05-15,0.289213836193085,0.294556117440222,0.275402054057475,0.279293871942038
2002-05-16,0.289748549461365,0.295700717575076,0.283414532613806,0.289290669382999
2002-05-17,0.298905700445175,0.299744501341141,0.290206388719366,0.297608118905596
2002-05-20,0.302110761404038,0.304094180814035,0.295013947136838,0.296387505604663
2002-05-21,0.279064953327179,0.310199362347681,0.278760036425685,0.306002627262054
2002-05-22,0.290358453989029,0.292037884575317,0.280820339489292,0.281278192345955
2002-05-23,0.272654980421066,0.291809048795789,0.264031667965866,0.291198259712677
2002-05-24,0.267313599586487,0.268839194130058,0.261132515557964,0.267465607772378
2002-05-28,0.2567058801651,0.269831770366322,0.251364499311337,0.26967883433783
2002-05-29,0.266397833824158,0.267465547815477,0.248693332491045,0.252585150535216
2002-05-30,0.262505888938904,0.268839003964043,0.25586695658411,0.260979394888016
2002-05-31,0.255332320928574,0.265176282496908,0.254874467962945,0.264031636437579
2002-06-03,0.240299835801125,0.25029583070974,0.237246846564918,0.249151184892862
2002-06-04,0.252433121204376,0.253729775192039,0.238391498988388,0.238773347800195
2002-06-05,0.248770296573639,0.25304303613608,0.239994048849517,0.252967032050356
2002-06-06,0.248846262693405,0.252204196372776,0.246099117948708,0.246175122022836
2002-06-07,0.246481060981751,0.24953315106677,0.228547640400288,0.228624558735943
2002-06-10,0.244420632719994,0.256705922605854,0.243809870963478,0.249762014456839
2002-06-11,0.233431965112686,0.249533038197501,0.232821176220859,0.248464396428761
2002-06-12,0.213286206126213,0.231981503747511,0.203518249304091,0.227860772755386
2002-06-13,0.211072906851769,0.218856501836194,0.204357953712985,0.214888707092343
2002-06-14,0.21504071354866,0.216643212365819,0.196421421156945,0.203289310267603
2002-06-17,0.216949045658112,0.222672274550149,0.213209249954115,0.219848198197929
2002-06-18,0.215804427862167,0.222061528128923,0.211759701142206,0.214277919452179
2002-06-19,0.181998863816261,0.205273656443053,0.180396351471881,0.205273656443053
2002-06-20,0.180320411920547,0.187340311173133,0.177954201120633,0.182380777874639
2002-06-21,0.172917678952217,0.18634851133849,0.169254815219919,0.179404619013949
2002-06-24,0.176122680306435,0.181540978370113,0.163302637469094,0.168492009120375
2002-06-25,0.161548167467117,0.179327746846784,0.160479525487312,0.179327746846784
2002-06-26,0.153153777122498,0.158572076200339,0.139265076393206,0.143233799019937
2002-06-27,0.130336835980415,0.160021653270113,0.128200466510048,0.158801003269531
2002-06-28,0.131100550293922,0.136517935284255,0.125377306888417,0.128200469436891
2002-07-01,0.130794659256935,0.134305528191245,0.12804751511529,0.13048972879523
2002-07-02,0.122553206980228,0.129726925309928,0.11919618843993,0.129269072524592
2002-07-03,0.133160889148712,0.133389815564362,0.12171441826845,0.121790422329675
2002-07-05,0.144912362098694,0.144988366197468,0.138578341520938,0.142699073619459
2002-07-08,0.149261981248856,0.154451354165111,0.143080884735863,0.143233807125393
2002-07-09,0.141936227679253,0.151551261401118,0.138731216438631,0.149643818435088
2002-07-10,0.138044476509094,0.146514867590139,0.137052752608471,0.145370221253127
2002-07-11,0.152085095643997,0.152619880414876,0.136060041835985,0.137281619500512
2002-07-12,0.151933163404465,0.160861420900108,0.148804155141459,0.160250631762786
2002-07-15,0.16704249382019,0.167118497908036,0.145446198341435,0.152314088733197
2002-07-16,0.162539884448051,0.178183093457186,0.159868743547115,0.162921746961143
2002-07-17,0.148728132247925,0.162158054905129,0.142394112422974,0.159029961269843
2002-07-18,0.144912362098694,0.154909248072213,0.14453049949471,0.146285934916447
2002-07-19,0.138349339365959,0.146056942953697,0.137357629596479,0.140486636434164
2002-07-22,0.131939366459847,0.141631334701059,0.126293053782982,0.137739529432467
2002-07-23,0.122095376253128,0.133541849331513,0.117593710787847,0.132703048155783
2002-07-24,0.129878982901573,0.13186333057481,0.120340867255749,0.120416871330317
2002-07-25,0.114922516047955,0.125224339564684,0.110725789414763,0.124842490855399
2002-07-26,0.112251430749893,0.121027664863167,0.109123337267657,0.118280519688573
2002-07-29,0.115380398929119,0.117516767986685,0.111641524520388,0.116906893397678
2002-07-30,0.123774796724319,0.129574030032029,0.114464693926868,0.114846542738357
2002-07-31,0.0844749435782433,0.0920296186541207,0.0834832268978907,0.0901981797911343
2002-08-01,0.0763863995671272,0.0851617232173496,0.0763094812755956,0.0851617232173496
2002-08-02,0.0713499560952187,0.0793624826925299,0.0694415992553432,0.0788277047647477
2002-08-05,0.0656267181038857,0.0704342338602179,0.0647870029229247,0.0702813115177517
2002-08-06,0.0690606459975243,0.0716548742027651,0.0676101558678053,0.0686787973071192
2002-08-07,0.0674581527709961,0.0727995324396387,0.0648630098793833,0.0721127463930517
2002-08-08,0.0718838199973106,0.0731044697413864,0.0663895111557996,0.0681449456518184
2002-08-09,0.0702053084969521,0.0724945997986643,0.0687548113340306,0.0699763752732051
2002-08-12,0.0702053084969521,0.0728755343125874,0.0676101656831745,0.069441597360019
2002-08-13,0.0687547996640205,0.0740970924976107,0.0686787956205198,0.0706631493052721
2002-08-14,0.0734103098511696,0.0740201775124322,0.0694415886600112,0.0700523705530765
2002-08-15,0.0785227939486504,0.0800492957242662,0.0753937863133198,0.0761574977285673
2002-08-16,0.0815748497843742,0.0843220005844841,0.0720367368574542,0.0743260280537747
2002-08-19,0.0965322181582451,0.102636397051999,0.0849328209465544,0.0850857501760396
2002-08-20,0.0922585353255272,0.099202420752226,0.0910378855053202,0.0972949848424806
2002-08-21,0.0971420705318451,0.0983636415936833,0.0919536189163835,0.096455284337171
2002-08-22,0.0938610285520554,0.0980577622525974,0.0932502466053236,0.0942428841062328
2002-08-23,0.0876799747347832,0.0918007062923634,0.0871461176485923,0.0911899240624398
2002-08-26,0.0883667394518852,0.0899692448951865,0.0842460092197885,0.0893584628617285
2002-08-27,0.0833303034305573,0.0903511152020006,0.0827964396066116,0.0898932554547684
2002-08-28,0.078140914440155,0.0830253556705296,0.0778359839643878,0.0828724264940333
2002-08-29,0.0791335627436638,0.0827195153313719,0.0765384194235073,0.0771492083349014
2002-08-30,0.0770732164382935,0.0816518006583581,0.0755467146799823,0.0783698706597841
2002-09-03,0.0723416656255722,0.0737912414969343,0.0711210092952746,0.0734103070452968
2002-09-04,0.0718838199973106,0.0744780418347944,0.0687548134078839,0.0725706060440146
2002-09-05,0.0691366642713547,0.0715019665954933,0.0686788114413554,0.071197029296858
2002-09-06,0.0706631690263748,0.0726466158555425,0.0695945273150614,0.072036748051182
2002-09-09,0.0705862641334534,0.0727995520410795,0.0679920347752831,0.0701284043715735
2002-09-10,0.0806591212749481,0.0843219908602236,0.0701283720701092,0.0702052971686412
2002-09-11,0.0846278667449951,0.090808955410514,0.0831773693975384,0.0831773693975384
2002-09-12,0.0819567516446114,0.0870692005827137,0.0810410319196088,0.0825675339312004
2002-09-13,0.0806591212749481,0.0850087767753924,0.0801252576798234,0.0811169808259357
2002-09-16,0.0755467042326927,0.0797434321691005,0.0736392612671053,0.0794385016460801
2002-09-17,0.0744020417332649,0.0808120633704307,0.0739441888928618,0.0789046274782016
2002-09-18,0.0723416656255722,0.0747069605969432,0.070128371919524,0.0732573779029559
2002-09-19,0.0698994547128677,0.0732573874998883,0.0695185133887006,0.0707391630562818
2002-09-20,0.0702813193202019,0.0718838247502186,0.0687548179539041,0.0704342416796451
2002-09-23,0.0672292187809944,0.0698234471480893,0.066771359194031,0.0691366543563314
2002-09-24,0.0677630975842476,0.0709681085876849,0.0652448727036534,0.066465522583054
2002-09-25,0.0715019553899765,0.0728755273099666,0.0689077270573959,0.0717308817690997
2002-09-26,0.0676871091127396,0.073639272801599,0.0666184671213554,0.072875561380998
2002-09-27,0.0653208941221237,0.0692896174244189,0.0652448900348149,0.0675341822674869
2002-09-30,0.0653208941221237,0.0681449713080829,0.0637183881947275,0.0650919676279081
2002-10-01,0.0688317269086838,0.06944159462231,0.0634894333789442,0.0658556428756879
2002-10-02,0.0687547996640205,0.0728755219431517,0.0687547996640205,0.0693655815299375
2002-10-03,0.0653977766633034,0.0690606463252396,0.0652448543400588,0.0679160008351268
2002-10-04,0.0621158368885517,0.0673052066033932,0.0610481098718425,0.0652448423701376
2002-10-07,0.0590638034045696,0.0624977491916216,0.0586059503340843,0.0612770987692177
2002-10-08,0.0573083348572254,0.0612001310052685,0.054943036348769,0.0610481229092377
2002-10-09,0.056240625679493,0.0601324299003828,0.0552479879320801,0.0564695555402108
2002-10-10,0.0591397732496262,0.0609712047273455,0.0557058298477923,0.0557058298477923
2002-10-11,0.0672292187809944,0.0682969460551394,0.0610481245909273,0.06142906589594
2002-10-14,0.0652448683977127,0.0672292293907883,0.0638712962426777,0.0652448683977127
2002-10-15,0.0720367804169655,0.075088870328736,0.0710441423243769,0.0724946402976155
2002-10-16,0.0660076513886452,0.0677630857733087,0.0648630057758732,0.0671523038240431
2002-10-17,0.0710441023111343,0.0744020351919588,0.0699763749534752,0.0717308883339848
2002-10-18,0.0717309191823006,0.0724946306441829,0.0679920433587413,0.0706631913654586
2002-10-21,0.0782178342342377,0.0808120559722009,0.0691366595129969,0.0707391647755813
2002-10-22,0.0808120444417,0.0854666372218563,0.0745549534502347,0.0746309574951682
2002-10-23,0.0840930938720703,0.0852377397380829,0.0808880827181839,0.0820327285841966
2002-10-24,0.079820342361927,0.0866882232798966,0.0785987715662948,0.0857725040048003
2002-10-25,0.0847038775682449,0.0850857332157541,0.0790566453787839,0.0801252871944436
2002-10-28,0.0851617306470871,0.0892824541572892,0.0846278668969405,0.0885956680426934
2002-10-29,0.0814228728413582,0.0859245386721341,0.0771492192565554,0.0853146707291271
2002-10-30,0.0857725143432617,0.088519665677048,0.0837121491372652,0.0840170864626137
2002-10-31,0.0908089578151703,0.0914188256465785,0.0861534562078656,0.0863823826441729
2002-11-01,0.107596799731255,0.108894374624363,0.0892824477924206,0.0894353769685948
2002-11-04,0.119348205626011,0.125987153389925,0.11377789267576,0.114082823145219
2002-11-05,0.114617593586445,0.121027614521234,0.109504233203935,0.119043253729085
2002-11-06,0.123468972742558,0.12362190880144,0.11385394357849,0.118509453390544
2002-11-07,0.111030772328377,0.120263944504951,0.11034397926306,0.120263944504951
2002-11-08,0.086688257753849,0.0994313870918965,0.0840171097474377,0.093861071990251
2002-11-11,0.0799723863601685,0.0837881806989154,0.0779889388030497,0.0825675304101827
2002-11-12,0.087069183588028,0.0900452687020811,0.0811939384957764,0.0818807315667908
2002-11-13,0.0898163095116615,0.0923345341266193,0.0833302841218497,0.0850087935136294
2002-11-14,0.0957684889435768,0.0975999208943347,0.0928693226479621,0.0957684889435768
2002-11-15,0.102789312601089,0.106147246637648,0.0995843009611843,0.100728947000775
2002-11-18,0.106605097651482,0.111412614716,0.106299252883325,0.11103076587188
2002-11-19,0.108130633831024,0.113548930456734,0.104849619932296,0.105994265335762
2002-11-20,0.113548949360847,0.114464668565123,0.109962083419,0.111412580509913
2002-11-21,0.123164020478725,0.128811259872848,0.117898643580572,0.118127570044567
2002-11-22,0.119958996772766,0.122401224485308,0.114464693972799,0.115685343890405
2002-11-25,0.124308675527573,0.12736076479557,0.120645810900236,0.125529325659273
2002-11-26,0.120950765907764,0.127360790535003,0.120569831184397,0.124919489778219
2002-11-27,0.130336835980415,0.13247411968292,0.124461584556242,0.12606409703968
2002-11-29,0.130718722939491,0.13567917057263,0.129726999105825,0.133770812769724
2002-12-02,0.129726931452751,0.139417980909814,0.129116156299421,0.137662546448437
2002-12-03,0.121179662644863,0.12758968569631,0.120950736174152,0.127284755146094
2002-12-04,0.106681071221828,0.114464670976918,0.106299222486899,0.112633239352405
2002-12-05,0.107672818005085,0.114311773591339,0.10507858893102,0.113548976541598
2002-12-06,0.107825733721256,0.109886098885547,0.101339707731834,0.103018217278786
2002-12-09,0.0992024391889572,0.105994317751056,0.0983636448166612,0.104315807951664
2002-12-10,0.107520796358585,0.109504243098053,0.100423988774596,0.101720642621407
2002-12-11,0.106910042464733,0.109886120765925,0.10317116700901,0.106757113247363
2002-12-12,0.105154611170292,0.112175423610508,0.104925684686183,0.110877848321923
2002-12-13,0.101033844053745,0.103247131167213,0.100271047194169,0.103247131167213
2002-12-16,0.106986001133919,0.107596783044039,0.101873548524357,0.104544695134468
2002-12-17,0.106834001839161,0.112557230007818,0.105994286658389,0.108894366708928
2002-12-18,0.0986685678362846,0.103629013833502,0.0984396413888889,0.103476084635243
2002-12-19,0.0965322181582451,0.102026529066522,0.0955395802168549,0.0969131596495815
2002-12-20,0.0978288501501083,0.100652919671848,0.0930213269779636,0.0995842779612825
2002-12-23,0.0985156446695328,0.100881854718865,0.0972949947253368,0.0975999252420483
2002-12-24,0.0965322181582451,0.101033891125132,0.0959974400277638,0.0990504437069293
2002-12-26,0.0947767347097397,0.0995842496946622,0.0939370196635187,0.0981346670176164
2002-12-27,0.0911899134516716,0.0975999365408751,0.0903511190529591,0.0973710100688157
2002-12-30,0.0879848748445511,0.0925634642811049,0.0859245099392332,0.0915717409726934
2002-12-31,0.0878329128026962,0.0900452869816293,0.0853906910470089,0.087069201263419
2003-01-02,0.0939370393753052,0.0950056810067845,0.0884427373317887,0.0915717439352433
2003-01-03,0.0939370393753052,0.0972949792104385,0.0923345340440607,0.0942428908979671
2003-01-06,0.101568646728992,0.103094227175303,0.0961503411097094,0.096226352002764
2003-01-07,0.101262792944908,0.105918301416548,0.100118147107862,0.103552084618999
2003-01-08,0.0911899134516716,0.101568659459065,0.0905031272128651,0.0986685784664758
2003-01-09,0.0927923917770386,0.0950056790535278,0.0918766725144036,0.094013955733421
2003-01-10,0.0943948775529862,0.0957684561628609,0.0903510736421058,0.0915717231141086
2003-01-13,0.0936321243643761,0.0988214967964879,0.09317426464806,0.0979817814354373
2003-01-14,0.0943188965320587,0.0952346158288122,0.0914957414041214,0.0939370409439856
2003-01-15,0.0914188325405121,0.0951586286846073,0.0914188325405121,0.0943949173726982
2003-01-16,0.0852377116680145,0.0911898723047201,0.0840170621332928,0.0900452268156566
2003-01-17,0.0820327326655388,0.0840930980559211,0.0809650050491805,0.0829484453103315
2003-01-21,0.0799723863601685,0.0853146826454106,0.0797434530273656,0.083559254188742
2003-01-22,0.0800493136048317,0.0821096797164917,0.0795145353773068,0.0797434619129889
2003-01-23,0.0822616368532181,0.0835592116286323,0.0800492639127776,0.0821856327993232
2003-01-24,0.077607087790966,0.0819567531534936,0.0762335150008036,0.0815748973798101
2003-01-27,0.0764624401926994,0.0798963857535335,0.0745550034675934,0.0759285762338232
2003-01-28,0.0792095437645912,0.0806591265566117,0.0729524524289621,0.0754706698903522
2003-01-29,0.0808120444417,0.0814228331417563,0.0770731775957385,0.0770731775957385
2003-01-30,0.077531024813652,0.0831013363091284,0.0766913166293746,0.082414550435619
2003-01-31,0.0787517055869103,0.080888074734614,0.0745549713546886,0.0752417574419856
2003-02-03,0.0802782326936722,0.0818038134840047,0.0785988016183652,0.080201307551185
2003-02-04,0.0766913220286369,0.0801252584605665,0.0755466765513271,0.0797434029499953
2003-02-05,0.0773781463503838,0.0805071539238333,0.0770732157877685,0.0783698699983149
2003-02-06,0.0779889449477196,0.0828724675424006,0.0766913762317931,0.0827195451127855
2003-02-07,0.0744780600070953,0.0798963661119543,0.0743260518526187,0.0795145104387988
2003-02-10,0.0753937289118767,0.0759285066127925,0.071196996720109,0.0744020059993865
2003-02-11,0.0740201994776726,0.0782178482869085,0.0736392580758065,0.0760045538394767
2003-02-12,0.0744020417332649,0.0771491997114447,0.0734103251670958,0.0740201929555978
2003-02-13,0.0753177627921104,0.076080552955627,0.0736392532814666,0.0756996184011894
2003-02-14,0.0918766781687737,0.0919536032855361,0.0835592207035845,0.0856195857600011
2003-02-18,0.0971420705318451,0.0989735094811467,0.0942429107803826,0.0953875567123822
2003-02-19,0.0980577915906906,0.0986685737201634,0.0954635623297342,0.0965322042039295
2003-02-20,0.0980577915906906,0.101033876520073,0.0976768501544216,0.0984396472591162
2003-02-21,0.0981346815824509,0.0983636148000676,0.0946238196129497,0.0979817592418262
2003-02-24,0.0993553400039673,0.102942206343611,0.0967611180858123,0.0972949817997854
2003-02-25,0.0987445637583733,0.0992024234380038,0.0946238334643255,0.0961503348662271
2003-02-26,0.0939370393753052,0.0990504068917007,0.093708112966253,0.0974479015604562
2003-02-27,0.0959214270114899,0.0963792867797782,0.0933271976170096,0.0948527850822921
2003-02-28,0.0963032394647598,0.0965321658348146,0.0901981496478656,0.0929453002016489
2003-03-03,0.0947007909417152,0.0992024573333717,0.0934792196164222,0.0974479431355148
2003-03-04,0.0939370393753052,0.0959214002882461,0.0930213200938436,0.0950056810067845
2003-03-05,0.0954635441303253,0.0959974078495676,0.0927923970701496,0.0930213234875538
2003-03-06,0.0938610285520554,0.0956164629294365,0.0934791729978779,0.0947007437139674
2003-03-07,0.0953106209635735,0.0956164724947908,0.0915717464967335,0.092411454920023
2003-03-10,0.0926403999328613,0.0947767692951669,0.0924874775591293,0.0943189095834339
2003-03-11,0.093327209353447,0.0948527970105809,0.0922585672898613,0.093327209353447
2003-03-12,0.0959214270114899,0.0961503534843198,0.0932502793045972,0.0940899947609651
2003-03-13,0.105460412800312,0.10607028046996,0.0982866813606084,0.0987445409344086
2003-03-14,0.102407440543175,0.106834022652586,0.10164465032359,0.105841384935997
2003-03-17,0.108359567821026,0.110419932421551,0.100499971754406,0.100728898122186
2003-03-18,0.107520796358585,0.10919930579835,0.10530750897134,0.107978656012815
2003-03-19,0.108054675161839,0.108817465399653,0.104238881863302,0.107749737819557
2003-03-20,0.109046399593353,0.111335691380913,0.105231520494619,0.108054676076747
2003-03-21,0.108054675161839,0.113167122488239,0.103171154283205,0.112786187896697
2003-03-24,0.104009978473186,0.106834055897451,0.103018254680072,0.103629043772209
2003-03-25,0.106986001133919,0.10858850625362,0.103933913224348,0.104315768755636
2003-03-26,0.10996213555336,0.111793574830218,0.108512558829683,0.109352267556821
2003-03-27,0.106834001839161,0.110801802413637,0.106528150331671,0.108512511146174
2003-03-28,0.102484352886677,0.107214951001326,0.10080492911822,0.106834016441036
2003-03-31,0.0982867106795311,0.10057600923143,0.0978288577917789,0.0993553524735706
2003-04-01,0.101186811923981,0.102255453935672,0.0981347225256061,0.100347096402791
2003-04-02,0.104925654828548,0.106681082585826,0.103247145365585,0.104620717524631
2003-04-03,0.106299266219139,0.106834044337056,0.104086885536147,0.106834044337056
2003-04-04,0.102178499102592,0.10675708185745,0.101720639462581,0.10660507373962
2003-04-07,0.103247120976448,0.109886067429705,0.102255397827273,0.1090463591919
2003-04-08,0.102255456149578,0.104696756570121,0.101568669840574,0.104162899491483
2003-04-09,0.101720668375492,0.105383539714083,0.101568660214456,0.102636387915797
2003-04-10,0.102255456149578,0.103247179864391,0.101262818202471,0.103094250634025
2003-04-11,0.101110763847828,0.104238855971345,0.100118126354077,0.103400055047365
2003-04-14,0.102865323424339,0.103171175060319,0.0992793700835158,0.0995843074872075
2003-04-15,0.102331437170506,0.103629012230932,0.0996602898016915,0.102178514797239
2003-04-16,0.102331437170506,0.104925666236642,0.101491721820418,0.104696732970159
2003-04-17,0.104162894189358,0.104391820673163,0.100957882480309,0.103094245386297
2003-04-21,0.106834001839161,0.107138932292121,0.103323139828173,0.104315777351376
2003-04-22,0.10820759087801,0.10828359494522,0.104544720180786,0.106299240641454
2003-04-23,0.110648922622204,0.111335708902027,0.10721497757783,0.108054693081522
2003-04-24,0.107367880642414,0.110725813961534,0.105918297528826,0.110725813961534
2003-04-25,0.103400081396103,0.108588539650393,0.102407443649405,0.10675710076597
2003-04-28,0.106528162956238,0.108436519941634,0.103400070369199,0.104620720202853
2003-04-29,0.109810091555119,0.111335678692428,0.108130667826056,0.108970383101901
2003-04-30,0.109352260828018,0.112175423658249,0.108741478636757,0.109199338427798
2003-05-01,0.11003902554512,0.11110675301979,0.107978660428151,0.108588528229869
2003-05-02,0.121332533657551,0.122095330471438,0.110877794881495,0.111488576778114
2003-05-05,0.124308675527573,0.130031919417186,0.120263948376363,0.122477250036533
2003-05-06,0.124461553990841,0.127666564525371,0.122477206802378,0.123697856503192
2003-05-07,0.122477255761623,0.12552933152703,0.120340885961912,0.122630178166665
2003-05-08,0.122553206980228,0.127437634092744,0.119425114832598,0.120950694941048
2003-05-09,0.163073688745499,0.16429525257772,0.139646893630337,0.143691619020987
2003-05-12,0.158495232462883,0.167118546907062,0.157198564137334,0.163455667318766
2003-05-13,0.155519038438797,0.157961252119295,0.152162019727721,0.153077725344977
2003-05-14,0.155367076396942,0.157961298961662,0.153382714936623,0.156053855813544
2003-05-15,0.160708412528038,0.161013342994787,0.156816609010213,0.157656324228956
2003-05-16,0.162234932184219,0.165058094514007,0.158495149847841,0.158724076291467
2003-05-19,0.153077766299248,0.161624158764841,0.151169422619536,0.160097663938455
2003-05-20,0.154145479202271,0.155290125065726,0.15261989875414,0.153306691730315
2003-05-21,0.159563764929771,0.159639768987561,0.153382670115058,0.154222385323735
2003-05-22,0.160097673535347,0.161548164370886,0.156053860641796,0.159792742973712
2003-05-23,0.159258857369423,0.163302669884181,0.158572077995905,0.160250580921269
2003-05-27,0.173375606536865,0.173986381962169,0.154527383384515,0.15757947298214
2003-05-28,0.172917678952217,0.174749117640993,0.168644940596583,0.17284167488796
2003-05-29,0.184745997190475,0.190622161982189,0.172459824343922,0.172841673125338
2003-05-30,0.199702367186546,0.203213235651552,0.197261068064869,0.202220598232566
2003-06-02,0.188637793064117,0.205120713115173,0.187417143294185,0.204891773057045
2003-06-03,0.192529588937759,0.198252817256228,0.184212125185709,0.186501416513097
2003-06-04,0.197108253836632,0.197261176246874,0.188942794792023,0.191918880217509
2003-06-05,0.202755406498909,0.203442199391285,0.191918810214908,0.194513960016669
2003-06-06,0.19657438993454,0.211759733478454,0.19504788129145,0.210691091463166
2003-06-09,0.19420813024044,0.200389226245616,0.19123204546255,0.195352776132667
2003-06-10,0.19703221321106,0.197184221360805,0.192071767010985,0.194208136487188
2003-06-11,0.197184219956398,0.198939654813595,0.192300692098117,0.195810647580379
2003-06-12,0.19420813024044,0.200695070999548,0.193598269196796,0.198557787359952
2003-06-13,0.179098784923553,0.191156032186291,0.177802130948903,0.185814651808698
2003-06-16,0.182914584875107,0.185203876549171,0.169254825254229,0.181236068447346
2003-06-17,0.187264248728752,0.18848489867981,0.181617009757697,0.187111326353489
2003-06-18,0.194436952471733,0.198176746543072,0.183906204991521,0.185432712537156
2003-06-19,0.182609602808952,0.196268445361887,0.18161696531554,0.195276722100351
2003-06-20,0.180701225996017,0.18466994706422,0.177802074232302,0.184593028787921
2003-06-23,0.17429131269455,0.181465048209183,0.170705365992197,0.180549328541423
2003-06-24,0.173910364508629,0.177038457956943,0.168339142256303,0.173223571399799
2003-06-25,0.175054952502251,0.181464973906675,0.173681380385661,0.174368173266582
2003-06-26,0.175283908843994,0.177649218362503,0.170094536318158,0.175588853013183
2003-06-27,0.172154918313026,0.178946803942929,0.171315216500875,0.17734429134062
2003-06-30,0.174826085567474,0.177878174956117,0.172459875061134,0.174444236673764
2003-07-01,0.181998863816261,0.182227790252529,0.171010244777632,0.172612757122012
2003-07-02,0.181464985013008,0.186043581757291,0.178946767037593,0.183677358265878
2003-07-03,0.179404675960541,0.184059278224201,0.176886457198082,0.177267391872296
2003-07-07,0.191156044602394,0.19214776813432,0.181769950857461,0.181845954931166
2003-07-08,0.189019665122032,0.191537896909733,0.185432805198575,0.185890658080745
2003-07-09,0.19336923956871,0.196497331043095,0.18863773581361,0.188942666194244
2003-07-10,0.1854327917099,0.189782448355136,0.18215177676794,0.18734023446001
2003-07-11,0.186424478888512,0.188790688259664,0.184821966938397,0.187646042714689
2003-07-14,0.184974953532219,0.192300681566624,0.184059234116605,0.19115603570842
2003-07-15,0.178946807980537,0.188561842875565,0.17719137294581,0.187722127399211
2003-07-16,0.17673347890377,0.183143500676976,0.172459826310963,0.182303785395831
2003-07-17,0.16788125038147,0.173604493588519,0.165591958556752,0.171392120069692
2003-07-18,0.162234932184219,0.16513409858452,0.156205844475818,0.164600227981501
2003-07-21,0.159792721271515,0.163684511826544,0.15597692114326,0.163150654858131
2003-07-22,0.162463873624802,0.165515962679952,0.161548154120514,0.164295312633378
2003-07-23,0.164600238204002,0.165591961755865,0.157427432064091,0.162310946335058
2003-07-24,0.158190220594406,0.168796978523712,0.156816648157967,0.167576328474795
2003-07-25,0.160708412528038,0.161624118160229,0.152619875025639,0.158495125215755
2003-07-28,0.155747964978218,0.162386912580599,0.155061172119428,0.162005978061032
2003-07-29,0.14552304148674,0.153840504289931,0.140104744247335,0.141631252132259
2003-07-30,0.143920585513115,0.146667730142182,0.143004866088341,0.144988313079747
2003-07-31,0.145675122737885,0.149414919518472,0.14414954196393,0.147277635476129
2003-08-01,0.150482639670372,0.151704204035332,0.144301542814132,0.145752047305263
2003-08-04,0.156129822134972,0.158876980072774,0.149414870113564,0.150330589426165
2003-08-05,0.155671998858452,0.163837456515346,0.15437443052743,0.16017457856948
2003-08-06,0.149338006973267,0.155672026793871,0.145599124280406,0.153611660990901
2003-08-07,0.147277638316154,0.151093439257074,0.145294190873629,0.148957069405817
2003-08-08,0.118280492722988,0.126826884165242,0.116449053927285,0.126293013574994
2003-08-11,0.124690525233746,0.126293024079332,0.119425148492095,0.120187931938682
2003-08-12,0.127208694815636,0.127513625231013,0.12423261107663,0.126292975692461
2003-08-13,0.128047540783882,0.130107906125766,0.124537599023147,0.12774261026105
2003-08-14,0.123621866106987,0.125606227159968,0.122248280265232,0.123774788467797
2003-08-15,0.123240046203136,0.124003757683966,0.122095400036851,0.12285911151768
2003-08-18,0.126902833580971,0.126902833580971,0.123011031227489,0.125224317877605
2003-08-19,0.136594861745834,0.137357658897097,0.129650053665202,0.129726971978351
2003-08-20,0.134686529636383,0.137204748625074,0.131710443966401,0.134686529636383
2003-08-21,0.138349339365959,0.139646921148878,0.135831121387371,0.137968404810322
2003-08-22,0.139341980218887,0.148651153860516,0.139265048282656,0.146667707179641
2003-08-25,0.13857826590538,0.142012202898658,0.137357616183652,0.142012202898658
2003-08-26,0.136365920305252,0.138884138544654,0.132626124221136,0.13682377320505
2003-08-27,0.140486642718315,0.141936219050269,0.135831127463275,0.137281631672541
2003-08-28,0.136823743581772,0.142622989517803,0.135221245134174,0.141860192615405
2003-08-29,0.138655230402946,0.139265091528463,0.136060079870915,0.13659486479129
2003-09-02,0.137433663010597,0.142318091881411,0.136746869940109,0.141096527547601
2003-09-03,0.134763389825821,0.139875843338115,0.134076610568057,0.139493994562027
2003-09-04,0.136059999465942,0.139265009229482,0.134305493331364,0.135297216393699
2003-09-05,0.14254704117775,0.145752052970912,0.13468651304391,0.13628902576312
2003-09-08,0.149109065532684,0.150788482841374,0.143080891139431,0.144836326175452
2003-09-09,0.158266231417656,0.163837467001228,0.143004884875243,0.14498833212722
2003-09-10,0.147430509328842,0.157885256908129,0.146209859536165,0.153764526818583
2003-09-11,0.14552304148674,0.153764500241348,0.13964689149219,0.149414844486472
2003-09-12,0.147659435868263,0.150864446646648,0.142699004167766,0.144301502734331
2003-09-15,0.145217180252075,0.14964375378206,0.144683323509288,0.148880042810864
2003-09-16,0.149719849228859,0.150177715856525,0.145523113719844,0.145523113719844
2003-09-17,0.151475235819817,0.154374401893569,0.149414870768744,0.150635520565153
2003-09-18,0.1526198387146,0.152695842755218,0.148956976121537,0.15063547828248
2003-09-19,0.151398301124573,0.155367022672874,0.150024729121077,0.154374385169856
2003-09-22,0.145446181297302,0.14872811111027,0.144225531228081,0.148422266330138
2003-09-23,0.146819725632668,0.147659440914155,0.143767650750787,0.145675079861647
2003-09-24,0.135679140686989,0.144988330553244,0.13545021421452,0.143691676385464
2003-09-25,0.133770734071732,0.139189031563047,0.133160873191067,0.136746818054289
2003-09-26,0.128658309578896,0.133770763523606,0.126902888493551,0.133389828947288
2003-09-29,0.12171445786953,0.126521968743357,0.119806100339723,0.122172310849796
2003-09-30,0.121866442263126,0.125987172862526,0.120187925783234,0.12064579231942
2003-10-01,0.122859083116055,0.124308659542069,0.121790441287435,0.122095371811774
2003-10-02,0.124766521155834,0.126521942268885,0.12171443240102,0.12209536698335
2003-10-03,0.128047540783882,0.131252552021785,0.125987175441998,0.128200463161355
2003-10-06,0.127055808901787,0.129574026978212,0.125987167148793,0.128276458790135
2003-10-07,0.128200456500053,0.128200456500053,0.125300375935672,0.127055810663511
2003-10-08,0.123697817325592,0.129345039705073,0.122935020666196,0.128200394422791
2003-10-09,0.125453338027,0.130336867071666,0.124461614245979,0.125529342119796
2003-10-10,0.127666607499123,0.128582327052264,0.125911186119681,0.127437681022152
2003-10-13,0.128963172435761,0.131634311236997,0.128124371865716,0.129116094709129
2003-10-14,0.131329491734505,0.131710426392113,0.126826911489149,0.127589695036627
2003-10-15,0.129650056362152,0.1352972961458,0.128811268757762,0.132855068014912
2003-10-16,0.131252512335777,0.131710365097644,0.12781857568602,0.129802922709974
2003-10-17,0.127131804823875,0.133007955918141,0.126979796698261,0.130489738003063
2003-10-20,0.129955887794495,0.13010789592794,0.126445018431572,0.127208729672219
2003-10-21,0.133923694491386,0.136441926413616,0.130489756755897,0.132321195672927
2003-10-22,0.131634399294853,0.134915414566688,0.130947619952506,0.131863325742302
2003-10-23,0.131023615598679,0.133541833649192,0.129498021578014,0.129726948010742
2003-10-24,0.130565762519836,0.131710408446484,0.12850539712282,0.129726961356318
2003-10-27,0.131252512335777,0.132779006597864,0.130336793166792,0.131252512335777
2003-10-28,0.139494061470032,0.140257759388513,0.132397243552388,0.133008019040687
2003-10-29,0.139494061470032,0.141173479150009,0.135297325267056,0.135373329365933
2003-10-30,0.136899828910828,0.143156931362164,0.136670902374586,0.143080927260902
2003-10-31,0.134915441274643,0.139265099218257,0.132779071462391,0.138120453109162
2003-11-03,0.137433663010597,0.140028799840126,0.133618776666427,0.134228651423747
2003-11-04,0.137891471385956,0.140791551479294,0.136975752136406,0.140409689088278
2003-11-05,0.138426274061203,0.139799846290911,0.13285503955359,0.135068327085286
2003-11-06,0.138655230402946,0.141173448974856,0.136136998185779,0.140486669534476
2003-11-07,0.165973871946335,0.168339168570354,0.161777135842659,0.165287078730149
2003-11-10,0.165515944361687,0.168796959518473,0.164524220889628,0.166507667833746
2003-11-11,0.161395221948624,0.164600233196698,0.158495154869605,0.161777084422716
2003-11-12,0.163531616330147,0.164066401263823,0.160097678107064,0.160861389526561
2003-11-13,0.163608476519585,0.165897781500213,0.162615838966935,0.163531558230135
2003-11-14,0.153916537761688,0.164066355048054,0.153458684919019,0.164066355048054
2003-11-17,0.152314037084579,0.154145462075469,0.149566879130365,0.151017383224157
2003-11-18,0.150101661682129,0.15796125936348,0.149566876914331,0.156053816693525
2003-11-19,0.154298439621925,0.154909214978918,0.150635561363404,0.151169432050885
2003-11-20,0.150177717208862,0.155214154641737,0.149566928170801,0.151856220393973
2003-11-21,0.150788426399231,0.152238016099903,0.147888360056506,0.152009076061894
2003-11-24,0.159868717193604,0.160250565998492,0.15116940344375,0.152238045203458
2003-11-25,0.162615910172462,0.16398949649135,0.158724118656305,0.16055554433939
2003-11-26,0.16276878118515,0.165820855908249,0.159716692816799,0.165286999021335
2003-11-28,0.162005960941315,0.163150606488172,0.160632389014137,0.162692753727529
2003-12-01,0.164295315742493,0.165515965812167,0.161929105449923,0.163837462804312
2003-12-02,0.163608476519585,0.166965495233198,0.162615838966935,0.163302631825648
2003-12-03,0.161929056048393,0.169407718684595,0.161548107892332,0.164066339219828
2003-12-04,0.161090299487114,0.165363038543646,0.157274499123094,0.162463871906389
2003-12-05,0.155900940299034,0.161777106627022,0.15460337184333,0.157274512838091
2003-12-08,0.157045587897301,0.158648100579644,0.15452736927677,0.155900941829309
2003-12-09,0.148880079388618,0.158266184910941,0.148804075330038,0.156740604702423
2003-12-10,0.152162030339241,0.153000817725601,0.148804083516804,0.148880087579566
2003-12-11,0.159868717193604,0.161777074276498,0.15178017868516,0.152085109189836
2003-12-12,0.159029915928841,0.163073728062618,0.156434779539216,0.162006000536134
2003-12-15,0.155824929475784,0.163913469251837,0.155367076530988,0.163684529134182
2003-12-16,0.157961294054985,0.158953017638239,0.152162060123826,0.154909204995413
2003-12-17,0.154909178614616,0.157198470166162,0.152314042340255,0.156663699017242
2003-12-18,0.158419087529182,0.160021599473886,0.155061154954969,0.155214077285026
2003-12-19,0.160784468054771,0.164829195216684,0.159029947228896,0.162386967069328
2003-12-22,0.161013290286064,0.161395138918458,0.156816557675317,0.158419055652317
2003-12-23,0.16757632791996,0.169178840461547,0.160326589618536,0.160403507928129
2003-12-24,0.166355684399605,0.168034201084446,0.165897831452769,0.16750033041195
2003-12-26,0.173528492450714,0.174520216000196,0.166965533747452,0.167652326764589
2003-12-29,0.180854246020317,0.181465021355713,0.175970717807462,0.176809519027665
2003-12-30,0.181235998868942,0.184669935061715,0.178793785762877,0.178946708073761
2003-12-31,0.177038446068764,0.18199889260962,0.174139279302987,0.181159177154518
2004-01-02,0.176122680306435,0.182303775312707,0.176122680306435,0.179862475777927
2004-01-05,0.181845918297768,0.183067482268972,0.177191317870644,0.178793830011012
2004-01-06,0.18924854695797,0.191766764325313,0.180472303789008,0.181312018870471
2004-01-07,0.190927088260651,0.191842807575521,0.185814634789686,0.187111302290828
2004-01-08,0.191613867878914,0.194208089642889,0.189782429376096,0.19329237039148
2004-01-09,0.19436103105545,0.196726340295185,0.188790724589241,0.190316318551728
2004-01-12,0.19657438993454,0.197184251089748,0.193216442070755,0.19504788129145
2004-01-13,0.186424478888512,0.197489999859569,0.184364114178508,0.195581643248306
2004-01-14,0.185050919651985,0.190011350882523,0.183296399482827,0.187340210898904
2004-01-15,0.185356795787811,0.186882376174956,0.180396350070269,0.183677365156352
2004-01-16,0.188179984688759,0.189782483602667,0.185508830227843,0.187264265175701
2004-01-20,0.193445324897766,0.193750255385032,0.188332871291754,0.190469240457138
2004-01-21,0.184517070651054,0.192605608657153,0.184212140165317,0.191842811681554
2004-01-22,0.180243417620659,0.188484877963266,0.178031044408551,0.18550879354563
2004-01-23,0.17619962990284,0.182914596632313,0.175817781070348,0.179327722875816
2004-01-26,0.183143481612206,0.183906264872331,0.175970663600889,0.177344235653518
2004-01-27,0.172688737511635,0.182380687613354,0.171315165437116,0.179480607471834
2004-01-28,0.172230914235115,0.177649227124425,0.171315208386036,0.174902068641419
2004-01-29,0.167194500565529,0.173604524265532,0.161395252259951,0.172765722964263
2004-01-30,0.169789582490921,0.173604467909927,0.165820860482888,0.166813498100892
2004-02-02,0.172536700963974,0.175893719130113,0.169407694933206,0.171163129115806
2004-02-03,0.171926006674767,0.175055014423815,0.169636714455582,0.172078929080772
2004-02-04,0.167271330952644,0.170857275585825,0.167042404579115,0.169483703699396
2004-02-05,0.169789582490921,0.171697025200424,0.167118442228227,0.168187083908754
2004-02-06,0.173681408166885,0.176122708086738,0.171086257993297,0.172001977432583
2004-02-09,0.172459840774536,0.177802135521588,0.172383836703813,0.174978058951898
2004-02-10,0.178793862462044,0.178946784838528,0.172917696997193,0.172994615301489
2004-02-11,0.185050919651985,0.185661694784327,0.180472323512896,0.18108311229049
2004-02-12,0.179480642080307,0.185050962800638,0.176657493329245,0.184059239286996
2004-02-13,0.177802130579948,0.182303795618227,0.17322353359574,0.174749127650852
2004-02-17,0.179785519838333,0.180320290843255,0.176046639381733,0.17848885263707
2004-02-18,0.179785519838333,0.181236009946348,0.1785648566813,0.180320290843255
2004-02-19,0.179709613323212,0.185203917278297,0.179327750786032,0.181998905500726
2004-02-20,0.184212163090706,0.184670015992294,0.178412001644315,0.179404639397755
2004-02-23,0.177802130579948,0.184212152712585,0.175359902895931,0.183906294328759
2004-02-24,0.170705318450928,0.17696241832287,0.16879696132345,0.174749130683593
2004-02-25,0.171697050333023,0.174978065685401,0.169865611417961,0.171773054406671
2004-02-26,0.17284169793129,0.17452021448332,0.170705328468651,0.17421527030837
2004-02-27,0.169789582490921,0.173375541490368,0.16719444629075,0.173223519720069
2004-03-01,0.172307804226875,0.172612734691588,0.16910279359985,0.169331720006369
2004-03-02,0.169102787971497,0.173757374586161,0.168415995129546,0.172536724890747
2004-03-03,0.166889488697052,0.168644923139863,0.164142344593503,0.168644923139863
2004-03-04,0.170552402734756,0.170857333258456,0.167194469109833,0.16856804145991
2004-03-05,0.169331759214401,0.173223549962111,0.166126747845269,0.166736608915905
2004-03-08,0.163455560803413,0.171697020861292,0.16215799273612,0.169407729433049
2004-03-09,0.16231095790863,0.164982112453751,0.159563812928114,0.164829190060237
2004-03-10,0.159945666790009,0.165134125771277,0.158801020738176,0.163379604945505
2004-03-11,0.158724039793015,0.163455544531659,0.157808320583825,0.157808320583825
2004-03-12,0.16208191215992,0.164066272177011,0.159105829250051,0.16086126296144
2004-03-15,0.158419087529182,0.161777033748647,0.157427377963382,0.161090240965881
2004-03-16,0.165211021900177,0.165973818969968,0.159334856386586,0.160403498211883
2004-03-17,0.169254809617996,0.170857308183696,0.16719444457263,0.16788122382425
2004-03-18,0.171163201332092,0.173223553151012,0.167881257949344,0.168339124522081
2004-03-19,0.169178828597069,0.172001977340287,0.168187105086182,0.170247470412154
2004-03-22,0.16788125038147,0.16917883231874,0.164066378043443,0.166584596321581
2004-03-23,0.168568015098572,0.172001952259378,0.16666057242703,0.1701705272941
2004-03-24,0.176122680306435,0.178946756483081,0.167881220298072,0.168263082707976
2004-03-25,0.186348542571068,0.187264262068933,0.177802150195387,0.178107080735535
2004-03-26,0.185814589262009,0.188713754619889,0.183296371997062,0.185814589262009
2004-03-29,0.193827256560326,0.196345475585574,0.188104025300553,0.188484960014519
2004-03-30,0.199626445770264,0.200542165289199,0.19237670734278,0.192529643377712
2004-03-31,0.201457872986794,0.203594242446469,0.199550429982105,0.200618157595876
2004-04-01,0.197871029376984,0.205807547407089,0.192834578720221,0.201686816292034
2004-04-02,0.200695052742958,0.203518214887069,0.196116469590552,0.202220646735912
2004-04-05,0.207867875695229,0.208707591005746,0.19962641494276,0.19962641494276
2004-04-06,0.199473544955254,0.205196789156302,0.198405817163346,0.203747198819741
2004-04-07,0.198405846953392,0.201076087889005,0.194894989773523,0.201000083790628
2004-04-08,0.204052090644836,0.206036451910123,0.201304945957918,0.202831440678548
2004-04-12,0.200237214565277,0.206570318603489,0.199015650390081,0.205654599176825
2004-04-13,0.195581704378128,0.202220666988314,0.194589994499016,0.202068658842062
2004-04-14,0.19657438993454,0.20023725473067,0.19237672654674,0.194590028308905
2004-04-15,0.186272487044334,0.194742873003441,0.1854327718554,0.193903157814506
2004-04-16,0.180167436599731,0.185585735576124,0.179785587770758,0.18550881727106
2004-04-19,0.179938524961472,0.181236093346362,0.176733513448412,0.180014529040677
2004-04-20,0.172307804226875,0.18238068892099,0.17223087229149,0.180396328030006
2004-04-21,0.172536700963974,0.178564858781325,0.17123913316093,0.17299455369828
2004-04-22,0.173528492450714,0.176428573256251,0.167347396232244,0.170934256409663
2004-04-23,0.177344247698784,0.18032033205266,0.175130960302095,0.175664830842504
2004-04-26,0.170399472117424,0.178488911326194,0.169941605592701,0.177725213705699
2004-04-27,0.168949887156487,0.176962421948111,0.168339111888295,0.1723838384359
2004-04-28,0.168263137340546,0.171621071492406,0.166965555214489,0.16902592088555
2004-04-29,0.163608476519585,0.168415999240075,0.161395189241728,0.167271353572387
2004-04-30,0.156587660312653,0.163684459823458,0.1559768715889,0.162692750273731
2004-05-03,0.154603376984596,0.159868754478878,0.15185621816987,0.158266241758973
2004-05-04,0.164447322487831,0.166431683904142,0.156434800621709,0.156816649477642
2004-05-05,0.165820881724358,0.167271386012541,0.16322665942386,0.164600231762422
2004-05-06,0.167194500565529,0.168492069086832,0.160632468691136,0.164142411122206
2004-05-07,0.168492034077644,0.175283905266987,0.167576314647161,0.172078894082921
2004-05-10,0.161929056048393,0.165744841715603,0.15834309736709,0.163989420932138
2004-05-11,0.165897831320763,0.167500330278668,0.163302680866852,0.163989473931816
2004-05-12,0.163608476519585,0.165210988641499,0.157885248181147,0.164982062237012
2004-05-13,0.164142340421677,0.167118424495925,0.161777045124028,0.162234897914565
2004-05-14,0.164142340421677,0.167729199627273,0.163302625249808,0.164829133252735
2004-05-17,0.161548167467117,0.163913477323409,0.159105952940028,0.161777107596046
2004-05-18,0.164142340421677,0.166049782928788,0.162386906023482,0.162997694800081
2004-05-19,0.163760498166084,0.170170533538147,0.162921710768277,0.167805224304556
2004-05-20,0.161395221948624,0.166202745643363,0.160555506572773,0.163455587297047
2004-05-21,0.161777034401894,0.163531540806659,0.159563747359852,0.163302614426563
2004-05-24,0.161242321133614,0.163073760276076,0.159334877908066,0.161471247615107
2004-05-25,0.168263137340546,0.16902592088555,0.158648102090679,0.161929117925458
2004-05-26,0.171697050333023,0.173986342154222,0.167271389070045,0.168263112601224
2004-05-27,0.172230914235115,0.177115356477927,0.172001987772845,0.174520219793582
2004-05-28,0.178946807980537,0.179938531620928,0.172994637673743,0.174368223833931
2004-06-01,0.178793862462044,0.180625287696686,0.17566485531704,0.175893781765713
2004-06-02,0.177420318126678,0.183983278123377,0.177267395714297,0.183143562558504
2004-06-03,0.168873891234398,0.177878149963523,0.168339120011887,0.177496287478208
2004-06-04,0.167194500565529,0.17268880464478,0.167042492391138,0.172307869976516
2004-06-07,0.171239137649536,0.173146566327132,0.167805187471229,0.169941556167229
2004-06-08,0.168187081813812,0.170552377332971,0.165668850294268,0.170247446854688
2004-06-09,0.160326614975929,0.169407793719666,0.159792757885193,0.16917886721902
2004-06-10,0.158724039793015,0.163226618140674,0.157274450103568,0.162921687696654
2004-06-14,0.153764516115189,0.157885245917895,0.152542952175562,0.157885245917895
2004-06-15,0.156053841114044,0.158419136983764,0.154603350460012,0.156358785282777
2004-06-16,0.153611660003662,0.156587745438298,0.153000870947867,0.15559602170419
2004-06-17,0.150559529662132,0.156358776548477,0.149795818402672,0.152619894893282
2004-06-18,0.150788426399231,0.154985160103495,0.148804065627536,0.151398300937247
2004-06-21,0.148117363452911,0.153382741449968,0.147125639667426,0.15101744494859
2004-06-22,0.152314037084579,0.153000816339193,0.14796438055768,0.14895701816981
2004-06-23,0.154909178614616,0.155519053241469,0.151475241287298,0.151856175842793
2004-06-24,0.15353561937809,0.159563792902057,0.152390973505657,0.159029922294817
2004-06-25,0.154527336359024,0.156358775135777,0.152771901650179,0.154603340426932
2004-06-28,0.153229758143425,0.157274470590744,0.152619883530688,0.156740613686197
2004-06-29,0.158495232462883,0.158724159025836,0.153535698194301,0.154145559540467
2004-06-30,0.156205847859383,0.15864807565742,0.154298418553291,0.154298418553291
2004-07-01,0.149033054709435,0.15819022259519,0.148804114596085,0.157961296127097
2004-07-02,0.14697265625,0.15071152391551,0.145828010520948,0.150635519853917
2004-07-06,0.138349339365959,0.146743722232264,0.136746840737381,0.14521722766841
2004-07-07,0.139036104083061,0.143004825400885,0.138349311298572,0.140104745577738
2004-07-08,0.134763389825821,0.140028765694948,0.134534463406566,0.137739474211893
2004-07-09,0.128963172435761,0.134763316272093,0.126444942262646,0.134610393998725
2004-07-12,0.125987187027931,0.128963272089365,0.124308670359314,0.125377312280926
2004-07-13,0.125758245587349,0.129726954373062,0.124384659633108,0.127513666713623
2004-07-14,0.120187938213348,0.12469053174348,0.117745723841262,0.121332584204313
2004-07-15,0.119348205626011,0.122706138653633,0.118585408691133,0.12140857060726
2004-07-16,0.115838266909122,0.123164008565122,0.115838266909122,0.123011086193195
2004-07-19,0.117135837674141,0.118432491545548,0.114540687822086,0.116143200053601
2004-07-20,0.119501136243343,0.119958989095181,0.11591426291226,0.117058908687108
2004-07-21,0.112251430749893,0.121485531489104,0.11187048926488,0.121332595439529
2004-07-22,0.114617593586445,0.115227468130747,0.109886081939761,0.113548952020016
2004-07-23,0.111564613878727,0.115533336268792,0.110801823661473,0.115380413897035
2004-07-26,0.108436547219753,0.114006855107368,0.107367905245816,0.113015131449064
2004-07-27,0.112022466957569,0.112328318505617,0.10561244510056,0.108970385214402
2004-07-28,0.109199330210686,0.11217541521719,0.106070322815468,0.111793559538869
2004-07-29,0.116372153162956,0.119196230082839,0.110191056529953,0.110725834610225
2004-07-30,0.117669671773911,0.119806040494423,0.114693587953014,0.114922514328795
2004-08-02,0.119196213781834,0.119654066664512,0.115762262580724,0.117745709541456
2004-08-03,0.113015115261078,0.11980607913932,0.112099402639957,0.119730075066816
2004-08-04,0.114235773682594,0.115304415518738,0.111641544514011,0.111793552661192
2004-08-05,0.111106760799885,0.115991188947732,0.109123313840424,0.115456417763564
2004-08-06,0.0719598308205605,0.0778359889718155,0.0709681073912839,0.0771492028605505
2004-08-09,0.0751648396253586,0.0768442633500134,0.0725706107953976,0.0737912606193925
2004-08-10,0.0811170041561127,0.0818807153894656,0.0780649155640533,0.0793624905460762
2004-08-11,0.0787517055869103,0.0800492736983183,0.078217841857984,0.0800492736983183
2004-08-12,0.0769202634692192,0.0792095548724745,0.0767673411177167,0.0789806284611996
2004-08-13,0.0801252573728561,0.0806591209659356,0.078064892812618,0.0787516855477808
2004-08-16,0.0793624892830849,0.0813459292915795,0.0787517072461055,0.0792095600988653
2004-08-17,0.0837121456861496,0.0841700053600095,0.0803542124306748,0.0811170025946849
2004-08-18,0.0892824679613113,0.0892824679613113,0.083406308873041,0.0840931019164495
2004-08-19,0.0889775529503822,0.090351132454361,0.0876039734464035,0.0887486264443671
2004-08-20,0.0942429155111313,0.0955395696583575,0.0882138271386737,0.088519678741214
2004-08-23,0.0963032394647598,0.0972949626363166,0.0952345980153228,0.0957684616241447
2004-08-24,0.09271639585495,0.0981346942034629,0.0908849639916077,0.0976768345319706
2004-08-25,0.0966841802001,0.0973709730000756,0.093021310283191,0.0947767446019398
2004-08-26,0.0969131588935852,0.0975239411065857,0.0957685127865567,0.0965322174052204
2004-08-27,0.0987445637583733,0.100118142797265,0.0969131318624782,0.0969900501599965
2004-08-30,0.0954635441303253,0.0988974881497741,0.095387540068518,0.0983636244305318
2004-08-31,0.0950816944241524,0.096303265348508,0.0921056167004241,0.0958454056627127
2004-09-01,0.0969131588935852,0.0982867314929679,0.0926404192767976,0.093861069470517
2004-09-02,0.100881844758987,0.101644641736759,0.0964552698461563,0.0973709891832335
2004-09-03,0.0978288501501083,0.0998132043872765,0.0969900490975539,0.0978288501501083
2004-09-07,0.0959974378347397,0.100500024931056,0.0947007835738361,0.0984396592403486
2004-09-08,0.0940139517188072,0.0969131174978547,0.0937850253242373,0.0960743165604404
2004-09-09,0.103400081396103,0.105078591081036,0.0958454130544245,0.0963032727755304
2004-09-10,0.107367880642414,0.107901744390927,0.101339707526072,0.101644644844629
2004-09-13,0.109428234398365,0.111564603535002,0.107062938841358,0.107214946966942
2004-09-14,0.109886094927788,0.110648891902958,0.10759680341553,0.108436518686092
2004-09-15,0.103781029582024,0.106834032861522,0.102407450329112,0.106528181265219
2004-09-16,0.107672818005085,0.108741459802294,0.105154593001842,0.105536448642758
2004-09-17,0.112099401652813,0.112709269514325,0.107596815368853,0.108512534804537
2004-09-20,0.111946471035481,0.115151489019753,0.10851253342913,0.109886105742619
2004-09-21,0.114922516047955,0.115838235210025,0.113091084546439,0.114464663289545
2004-09-22,0.109581179916859,0.114617623319579,0.10904640187897,0.111870471752402
2004-09-23,0.110572911798954,0.111183693957062,0.107672830809907,0.110877842350594
2004-09-24,0.107214964926243,0.111183687613138,0.105612459247335,0.111030765229943
2004-09-27,0.105307511985302,0.107596803499343,0.103400069252517,0.106376153678872
2004-09-28,0.106834001839161,0.10774971425257,0.103628991335663,0.105078567422354
2004-09-29,0.109428234398365,0.112480322861739,0.105383515136095,0.106757087303574
2004-09-30,0.110801793634892,0.113320017923159,0.10858850659805,0.110648871304576
2004-10-01,0.115380398929119,0.115991174104834,0.110801809287523,0.111335672993924
2004-10-04,0.118661433458328,0.120187928181174,0.116143215217455,0.116372141667488
2004-10-05,0.115991175174713,0.118814337139267,0.114922533520093,0.115762248760704
2004-10-06,0.116449028253555,0.116982885080848,0.113091088731951,0.115762235445271
2004-10-07,0.117135837674141,0.121256554172493,0.116525048831172,0.118585413902975
2004-10-08,0.110725812613964,0.116372130045024,0.109733174962962,0.115914263545432
2004-10-11,0.110877826809883,0.113091114428118,0.10889438668604,0.110877826809883
2004-10-12,0.109275296330452,0.110115011473672,0.105383499985278,0.107138927500958
2004-10-13,0.108588546514511,0.114006845792653,0.107672827014415,0.112557262465327
2004-10-14,0.105307511985302,0.109581164527581,0.104544715009538,0.109581164527581
2004-10-15,0.102407440543175,0.105689376795854,0.0998132114947178,0.105536447601003
2004-10-18,0.104238860309124,0.105307501900354,0.100957845711177,0.101797554079351
2004-10-19,0.103552088141441,0.107672818753079,0.102789297909028,0.106605091180543
2004-10-20,0.104773670434952,0.105231530199214,0.102636386595352,0.10324716875089
2004-10-21,0.107138961553574,0.108512540782775,0.105002592045064,0.105841393223023
2004-10-22,0.101339735090733,0.108359626724926,0.10103389027958,0.108130700232702
2004-10-25,0.101797580718994,0.104009954304673,0.100271079104805,0.100500012387771
2004-10-26,0.110572911798954,0.115914286133404,0.108130690576095,0.11179356188297
2004-10-27,0.113624982535839,0.115685347862222,0.108588539266724,0.108588539266724
2004-10-28,0.112404309213161,0.114464674111299,0.111335667619979,0.112099378756003
2004-10-29,0.110419973731041,0.112862194758085,0.10942825019832,0.111335693189995
2004-11-01,0.112786203622818,0.112862207705303,0.110496911535439,0.1119464881413
2004-11-02,0.114388674497604,0.116753969944764,0.111564598353762,0.112480317637972
2004-11-03,0.115456447005272,0.119425170393509,0.114846572183758,0.119043307838859
2004-11-04,0.117593698203564,0.119043274527182,0.113853909183628,0.116296130015319
2004-11-05,0.134610444307327,0.14323375185485,0.133083950052368,0.135831093901246
2004-11-08,0.136059999465942,0.137891437515179,0.132550059319844,0.133160847961903
2004-11-09,0.135221228003502,0.137204660712442,0.133923646531513,0.133999650578025
2004-11-10,0.135221228003502,0.136517881598442,0.134457516965942,0.13506829203343
2004-11-11,0.137891471385956,0.137891471385956,0.135144313637306,0.136060032886856
2004-11-12,0.138120368123055,0.140409658932634,0.136746796366357,0.140028724500601
2004-11-15,0.140180811285973,0.141173449167959,0.135908071891553,0.136746873143601
2004-11-16,0.139722913503647,0.142165127212833,0.1371286780325,0.140638632776912
2004-11-17,0.142089113593102,0.145827994492923,0.140562619259901,0.141936191254743
2004-11-18,0.143920585513115,0.145141235453698,0.140333711884948,0.14330979660415
2004-11-19,0.144683331251144,0.156663656304733,0.143538672142196,0.154909136380457
2004-11-22,0.14880408346653,0.14880408346653,0.143843651703817,0.14521722387028
2004-11-23,0.149414852261543,0.151017364278441,0.146361849978077,0.147583413855161
2004-11-24,0.150024726986885,0.152466940512375,0.148880067747462,0.149261930119644
2004-11-26,0.151551261544228,0.152924833892861,0.149414892125834,0.150711546169536
2004-11-29,0.148575112223625,0.153764482486245,0.147277544511353,0.152695841125111
2004-11-30,0.145981013774872,0.149338034528826,0.145141298058825,0.149186026321401
2004-12-01,0.149643868207932,0.149643868207932,0.146209929374805,0.147277657322072
2004-12-02,0.151627272367477,0.152771918316507,0.147048688571358,0.148193334520388
2004-12-03,0.158190220594406,0.160250586071693,0.15475628268068,0.155290139688749
2004-12-06,0.165744841098785,0.167042422724175,0.156129809558841,0.158952971330859
2004-12-07,0.174062386155128,0.190469308790023,0.172002020314381,0.175435958833874
2004-12-08,0.176122680306435,0.17932769101577,0.174749108186792,0.176504542716339
2004-12-09,0.174520179629326,0.176351604551255,0.169636652742576,0.172994585762891
2004-12-10,0.177878111600876,0.179785554216023,0.176809469973212,0.17856489082558
2004-12-13,0.172994628548622,0.177496294143532,0.172154913116561,0.175207002190984
2004-12-14,0.176504522562027,0.176657444896818,0.172841645800891,0.173146576238616
2004-12-15,0.178107127547264,0.178640998336137,0.175512904403243,0.178260049973613
2004-12-16,0.18047234416008,0.189706442135924,0.180167413674971,0.183296420453103
2004-12-17,0.175970688462257,0.184593083800823,0.173910323269597,0.183830286787676
2004-12-20,0.174062386155128,0.180778268657207,0.173146666487545,0.178031109654458
2004-12-21,0.175359949469566,0.176580613342365,0.169789641185749,0.174062380920922
2004-12-22,0.175588801503181,0.179709530992982,0.175206939140944,0.178869815863101
2004-12-23,0.176046684384346,0.178031045418022,0.173757392864031,0.174597108137549
2004-12-27,0.174520179629326,0.179251684752401,0.173604460345735,0.178488887819183
2004-12-28,0.173604443669319,0.176275583559038,0.172917650861286,0.174902011588224
2004-12-29,0.175130993127823,0.177267362631364,0.172612774780754,0.173070627700128
2004-12-30,0.174444183707237,0.176657471137618,0.173681386738438,0.175206967030783
2004-12-31,0.179785519838333,0.180701225296175,0.176275565746193,0.176962358484825
2005-01-03,0.179938524961472,0.188637839976168,0.179175727827591,0.18604361743858
2005-01-04,0.171468108892441,0.181540994754329,0.168720950759969,0.181236064254265
2005-01-05,0.173070594668388,0.175130959702849,0.168720938183473,0.169636657492706
2005-01-06,0.171392127871513,0.178183085348901,0.170170563597658,0.176122719883816
2005-01-07,0.168110221624374,0.173070655025859,0.165591989234451,0.171773086493456
2005-01-10,0.168492034077644,0.170170550563708,0.167500310575757,0.168644956452548
2005-01-11,0.163302674889565,0.167805254690154,0.160784456485633,0.166889535185473
2005-01-12,0.161929056048393,0.165362992972884,0.157961248624372,0.164753118417575
2005-01-13,0.163608476519585,0.167881214496399,0.158724049154898,0.162310908504929
2005-01-14,0.164142340421677,0.167042420441467,0.162539828364292,0.166660558060136
2005-01-18,0.166736587882042,0.167118450322386,0.161929078257441,0.162310927052531
2005-01-19,0.16292168200016,0.167881198724505,0.162234889205969,0.167500264240768
2005-01-20,0.163302674889565,0.16727139768288,0.159639810516095,0.159639810516095
2005-01-21,0.163608476519585,0.16681348711816,0.162997701363643,0.163531558230135
2005-01-24,0.157045587897301,0.165058124018503,0.156129868313856,0.16269282779842
2005-01-25,0.159792721271515,0.162006008971916,0.156816636509254,0.157732355947277
2005-01-26,0.161853104829788,0.164066392779534,0.157656369636488,0.16032659630199
2005-01-27,0.174826085567474,0.175588882767882,0.161166322878639,0.162158046568819
2005-01-28,0.174597039818764,0.176199537797835,0.170781241603833,0.175512758797625
2005-01-31,0.174902036786079,0.178183051672749,0.172459822932108,0.176046682534208
2005-02-01,0.178183063864708,0.178946775118797,0.173681398859029,0.17474912638536
2005-02-02,0.188103914260864,0.189553490274772,0.17993845924705,0.18520383435594
2005-02-03,0.186119586229324,0.187417154368194,0.183525350538349,0.186119586229324
2005-02-04,0.196803286671639,0.197337143659802,0.18611961083083,0.186195614905671
2005-02-07,0.194436952471733,0.200694963427156,0.192682446476276,0.197032101264375
2005-02-08,0.196345418691635,0.199473511691038,0.192605636169377,0.1932164114601
2005-02-09,0.189477503299713,0.197490023055639,0.18848486573689,0.196879247893438
2005-02-10,0.193903177976608,0.194894901380668,0.189782447768541,0.19046924068497
2005-02-11,0.199550375342369,0.200999965040167,0.191995708879597,0.192682501701758
2005-02-14,0.195352762937546,0.200237204575719,0.194589979568457,0.199473493329328
2005-02-15,0.197108253836632,0.20336535527578,0.196345456604781,0.196650400838215
2005-02-16,0.196421384811401,0.19932146502755,0.192911443654507,0.196497388871006
2005-02-17,0.194665983319283,0.199168562504313,0.193140389293077,0.199092558437142
2005-02-18,0.215727493166924,0.215956419605847,0.203823154599841,0.209623315745479
2005-02-22,0.218474596738815,0.223511045676573,0.21237042046251,0.214277862975525
2005-02-23,0.211377888917923,0.217635904904772,0.207867946228159,0.214964763578098
2005-02-24,0.216949045658112,0.217253976149613,0.208478658710743,0.208478658710743
2005-02-25,0.220077112317085,0.22122175796051,0.214888655187051,0.217253950529807
2005-02-28,0.221221834421158,0.221298752735562,0.217101103222485,0.219009460657468
2005-03-01,0.220687925815582,0.22587729807944,0.218474638199972,0.222214434112927
2005-03-02,0.214201867580414,0.219467243127013,0.212904299561535,0.218245679165901
2005-03-03,0.211301803588867,0.215040684997201,0.208172796798408,0.213667112815544
2005-03-04,0.210386097431183,0.213744030636926,0.208630662826276,0.21191259196861
2005-03-07,0.212522432208061,0.216949020320215,0.209852206406735,0.211301782507345
2005-03-08,0.20176275074482,0.212446423713137,0.200389178728903,0.211988570922916
2005-03-09,0.196497440338135,0.204205045425489,0.195887579237652,0.200466163233274
2005-03-10,0.196421384811401,0.198863612206012,0.193292378184484,0.197108177688961
2005-03-11,0.191995725035667,0.198481750490932,0.190240290512494,0.198176820019495
2005-03-14,0.197413176298141,0.1982528918167,0.194590027044373,0.195963599628338
2005-03-15,0.193445324897766,0.200313199472827,0.193292388892876,0.198405756730894
2005-03-16,0.190164268016815,0.195734587285787,0.190087349732444,0.192682499235677
2005-03-17,0.188255965709686,0.191460976790214,0.187798099186608,0.190774183828224
2005-03-18,0.184441089630127,0.189019673229228,0.181007151930801,0.188408897949446
2005-03-21,0.190774202346802,0.191232055269069,0.183219533612597,0.184364179563521
2005-03-22,0.187340244650841,0.19268253922582,0.186653451694929,0.190927104508501
2005-03-23,0.191384986042976,0.192682554343073,0.186730384645529,0.187111332894108
2005-03-24,0.19176684319973,0.197108224193494,0.191613920812486,0.191918851354803
2005-03-28,0.189629510045052,0.194589955127475,0.187798071513125,0.191842797329585
2005-03-29,0.1854327917099,0.191537882976965,0.184593076431056,0.189400599570412
2005-03-30,0.1854327917099,0.188103945674713,0.179098774018402,0.185508795774041
2005-03-31,0.18131211400032,0.185661771905295,0.18047239847828,0.184364203401787
2005-04-01,0.179556652903557,0.184593103197647,0.178488925277467,0.183525375571557
2005-04-04,0.17848889529705,0.179098769905446,0.174520186940923,0.178564899359446
2005-04-05,0.175359949469566,0.182303844036083,0.174291307419619,0.1785649613871
2005-04-06,0.178031042218208,0.181616987561547,0.177420253378649,0.17864091682578
2005-04-07,0.18131211400032,0.183143553216707,0.175893814082571,0.178946817716313
2005-04-08,0.178946807980537,0.186119628406001,0.17856494546074,0.18207490129797
2005-04-11,0.17543588578701,0.180854197445384,0.17490202890705,0.180243408628781
2005-04-12,0.17757323384285,0.17787816440036,0.171010274597955,0.17490207927416
2005-04-13,0.170170515775681,0.178259953562991,0.169025856487638,0.177802100763976
2005-04-14,0.168796986341476,0.172154920333049,0.168187125227487,0.170552421357194
2005-04-15,0.16292168200016,0.167881198724505,0.161395174079175,0.166660549113974
2005-04-18,0.161777034401894,0.165439897419183,0.1610133233351,0.161929042500735
2005-04-19,0.167423382401466,0.168644946509738,0.163684500828561,0.164447297839169
2005-04-20,0.16231095790863,0.171315217289104,0.162158035515116,0.170247489585874
2005-04-21,0.17131519317627,0.17192596843215,0.164142373889229,0.16559195025611
2005-04-22,0.169712707400322,0.171392138349791,0.167729260123368,0.170247492315348
2005-04-25,0.172383829951286,0.173681398140546,0.17032346474315,0.171163180061826
2005-04-26,0.171621039509773,0.176046700598697,0.168110183610278,0.172459840628543
2005-04-27,0.165058046579361,0.16772918634714,0.16162409634121,0.167118411264151
2005-04-28,0.165591940283775,0.167805227790493,0.162921714152765,0.164524212795131
2005-04-29,0.167347401380539,0.168492047347478,0.15963981015369,0.167194478993591
2005-05-02,0.166736587882042,0.171239180655047,0.164218369854418,0.169331737853159
2005-05-03,0.165820881724358,0.169941612385297,0.165134102377705,0.166889523541776
2005-05-04,0.171086236834526,0.172307814520738,0.166049801009213,0.166584572144331
2005-05-05,0.174444183707237,0.176580552842868,0.171163168825038,0.17207887450609
2005-05-06,0.176809474825859,0.176886393118679,0.172459818369008,0.176504544350492
2005-05-09,0.180091455578804,0.181312105708058,0.176504595041486,0.177573237005386
2005-05-10,0.173070594668388,0.177878117630547,0.171086233695268,0.177802113569207
2005-05-11,0.170170515775681,0.174749098346843,0.169865571675055,0.173986301447202
2005-05-12,0.173910364508629,0.176199656677717,0.170018559634024,0.170170581449677
2005-05-13,0.193292424082756,0.194361065976003,0.181617024263383,0.189629559704931
2005-05-16,0.193979188799858,0.195276756968771,0.190927100185412,0.191003104251967
2005-05-17,0.196116477251053,0.197032196646354,0.192682539752615,0.192834547889581
2005-05-18,0.19756606221199,0.19802392875225,0.193598267596885,0.195658632914916
2005-05-19,0.197184219956398,0.198863650739264,0.194971846421079,0.198023935347831
2005-05-20,0.200695052742958,0.200771056808472,0.19466597907634,0.196955270652543
2005-05-23,0.205349624156952,0.207409989009109,0.201457820848377,0.202068609626233
2005-05-24,0.208249688148499,0.2090124713316,0.203365247701283,0.204357885139574
2005-05-25,0.205578625202179,0.208859640924297,0.203594263684077,0.207791913199147
2005-05-26,0.211377888917923,0.212980401783663,0.207028230632712,0.207410093206667
2005-05-27,0.210004225373268,0.211988586309391,0.207791852257378,0.211988586309391
2005-05-31,0.206799283623695,0.210844010904443,0.203365345367105,0.209088575794755
2005-06-01,0.208707615733147,0.212522488183987,0.202984386002104,0.205425686046546
2005-06-02,0.216491177678108,0.216491177678108,0.207943872492341,0.207943872492341
2005-06-03,0.215956464409828,0.217711885861713,0.213667172255129,0.21572753792341
2005-06-06,0.213896110653877,0.216262321257334,0.211912663192112,0.212064671370018
2005-06-07,0.208707615733147,0.215956439667869,0.207943904399154,0.212446484107975
2005-06-08,0.207257136702538,0.212141565531083,0.205044762993565,0.209241484525361
2005-06-09,0.215956464409828,0.216033382726806,0.205425709582005,0.205654636068424
2005-06-10,0.213515102863312,0.215956416288716,0.212064612305775,0.215727489853309
2005-06-13,0.218245729804039,0.224274817900177,0.213057271343295,0.21366714605605
2005-06-14,0.205349624156952,0.221908533383569,0.198481736768012,0.218322588402496
2005-06-15,0.2047388702631,0.205654589647331,0.196650345462703,0.204052077313612
2005-06-16,0.205807492136955,0.207181064258012,0.201686762128533,0.204662846428533
2005-06-17,0.205349624156952,0.208707556974181,0.204815753665607,0.208325708237318
2005-06-20,0.208478644490242,0.209852216601588,0.201991704818648,0.205349637859953
2005-06-21,0.210462123155594,0.211454760887325,0.207867887244937,0.209852248476303
2005-06-22,0.210233226418495,0.214125031380463,0.207639003618117,0.212675454690323
2005-06-23,0.213515102863312,0.216109338656339,0.209088527709718,0.209852238961033
2005-06-24,0.206723257899284,0.213209284842682,0.205578611933572,0.213133280765374
2005-06-27,0.205044686794281,0.207105037931729,0.203213248399603,0.205425621286407
2005-06-28,0.206341370940208,0.207714943116333,0.203594212942705,0.205883504451331
2005-06-29,0.204433888196945,0.206799183305869,0.20275537221903,0.206418248832078
2005-06-30,0.20390011370182,0.207715000206889,0.202297614663436,0.205807556954355
2005-07-01,0.204815790057182,0.20512073420697,0.200695059620699,0.203213291357025
2005-07-05,0.208020821213722,0.208859622385552,0.203594245612696,0.205578606954662
2005-07-06,0.213591128587723,0.214506834363698,0.206341390933771,0.208707600966943
2005-07-07,0.212064608931541,0.213667121244403,0.209546390891621,0.210233170186915
2005-07-08,0.214735761284828,0.215422540574695,0.210615030964613,0.213362175414587
2005-07-11,0.217940732836723,0.220154019960654,0.215727445712792,0.216643151267057
2005-07-12,0.216720074415207,0.218398576764643,0.212293486701453,0.217787788030675
2005-07-13,0.217025086283684,0.218245736332596,0.213362208259517,0.217635861601598
2005-07-14,0.207410007715225,0.223587983895951,0.207105063592117,0.219314331465076
2005-07-15,0.205196708440781,0.20740999570552,0.20161074969868,0.206799206907945
2005-07-18,0.200084239244461,0.204662821520934,0.198023874490998,0.204586817469961
2005-07-19,0.202831417322159,0.203289283814091,0.199779342464462,0.201304922777307
2005-07-20,0.205883502960205,0.206723218223354,0.197718974612606,0.200466118944959
2005-07-21,0.202373623847961,0.204129058976417,0.198176888351819,0.203213339369151
2005-07-22,0.197108253836632,0.2062654366123,0.195658677107155,0.20336535527578
2005-07-25,0.198252841830254,0.204357933300841,0.193979189106689,0.194818904413526
2005-07-26,0.202373623847961,0.202678554424539,0.196650393359124,0.197413176916706
2005-07-27,0.206494241952896,0.207409961057699,0.199244506804096,0.202678443213169
2005-07-28,0.208096787333488,0.209088510707513,0.203289277999845,0.206112426353459
2005-07-29,0.206494241952896,0.209470325632193,0.204815726063807,0.207257038737183
2005-08-01,0.20962330698967,0.21053902635237,0.206341377745039,0.207714949966462
2005-08-02,0.212446421384811,0.213133214207869,0.209546355044058,0.209852199722115
2005-08-03,0.212446421384811,0.214430782155158,0.210538992545173,0.212446421384811
2005-08-04,0.210233226418495,0.211759735073081,0.209775373432503,0.210844015455838
2005-08-05,0.215575471520424,0.216033338043816,0.208478670037766,0.209928246386433
2005-08-08,0.216338336467743,0.221069857330842,0.214811841338789,0.217025129645811
2005-08-09,0.215804427862167,0.217178000245311,0.21343820405639,0.216643215380563
2005-08-10,0.212599456310272,0.217787902050303,0.210386168117287,0.216720187875849
2005-08-11,0.215575471520424,0.215956419742747,0.210539035279894,0.212599400522021
2005-08-12,0.228547528386116,0.23053187583369,0.220458990114987,0.228242584245133
2005-08-15,0.23434767127037,0.23671296674287,0.226411141741714,0.229311208330635
2005-08-16,0.230378970503807,0.234194756736457,0.22870045411405,0.232134405192652
2005-08-17,0.230378970503807,0.233203046936725,0.229234324692691,0.229387233413567
2005-08-18,0.224426835775375,0.229769117437437,0.223435112178354,0.228624485096099
2005-08-19,0.222824320197105,0.225495474637311,0.222137540801579,0.224808681596529
2005-08-22,0.220992892980576,0.226029343709533,0.218398670357001,0.222443397449401
2005-08-23,0.222443342208862,0.223587987956834,0.220001128355224,0.220763911679705
2005-08-24,0.222595393657684,0.227326899928146,0.219925167095799,0.220992881111479
2005-08-25,0.224121853709221,0.225342517213489,0.221679639759163,0.223587996784207
2005-08-26,0.220687925815582,0.22435080342735,0.21855155650116,0.22435080342735
2005-08-29,0.221069768071175,0.221298694489679,0.21687211966292,0.218627540594037
2005-08-30,0.229005381464958,0.22954016626829,0.22038298626004,0.220687916756062
2005-08-31,0.234118819236755,0.237017972683737,0.227784799502487,0.228471592642535
2005-09-01,0.23419477045536,0.236331126191353,0.232210422862357,0.233431973398863
2005-09-02,0.230378970503807,0.234652609602801,0.229616173491994,0.234652609602801
2005-09-06,0.232287347316742,0.233507997370431,0.227708763413873,0.231218705418996
2005-09-07,0.239689141511917,0.240299903273705,0.231371674311345,0.231981535486084
2005-09-08,0.242512241005898,0.245488325811542,0.238239502151079,0.238239502151079
2005-09-09,0.245641201734543,0.246175085929938,0.241138622797483,0.245107344829655
2005-09-12,0.244801506400108,0.246632945105258,0.241902353857764,0.245870148114577
2005-09-13,0.252204179763794,0.253424829675369,0.243656874041303,0.243656874041303
2005-09-14,0.249151155352592,0.253653734018839,0.248006482380922,0.250295801033758
2005-09-15,0.253577679395676,0.256400827067834,0.251440396576358,0.252966890709084
2005-09-16,0.25372976064682,0.257087693930594,0.251669381863146,0.255714108074811
2005-09-19,0.250143885612488,0.254264589759283,0.248770299369879,0.253424887877799
2005-09-20,0.255027383565903,0.257850560100047,0.25174638134435,0.252051298273619
2005-09-21,0.252814024686813,0.259072038326016,0.250601665089196,0.254035602397948
2005-09-22,0.246023148298264,0.253424881824075,0.241520540780541,0.253424881824075
2005-09-23,0.24960894882679,0.251746231564191,0.243427841785544,0.245488219896126
2005-09-26,0.251669347286224,0.253424781690744,0.247014760728614,0.25151733917676
2005-09-27,0.252509117126465,0.254951317470748,0.250601674302617,0.252738029914493
2005-09-28,0.25403568148613,0.254722474619799,0.250372802966904,0.253271956386959
2005-09-29,0.259301066398621,0.259453074578779,0.252051313244715,0.25411169270353
2005-09-30,0.261590212583542,0.263955507668421,0.258919072844554,0.259452929641527
2005-10-03,0.268763154745102,0.270670597967643,0.262506040154754,0.264642423503685
2005-10-04,0.265253275632858,0.274333514240628,0.264642486481816,0.269907865027179
2005-10-05,0.256476879119873,0.265558040399811,0.254874380643925,0.265558040399811
2005-10-06,0.255561202764511,0.260139785957478,0.247854499615131,0.256171964344862
2005-10-07,0.252280294895172,0.258614315790331,0.250295946490509,0.256019178222328
2005-10-10,0.245870158076286,0.254035614870102,0.24579415400827,0.253577761997891
2005-10-11,0.242818087339401,0.2489222651366,0.239994010661693,0.246785882050063
2005-10-12,0.245717257261276,0.249457067301027,0.241825466354232,0.242131311134222
2005-10-13,0.244420632719994,0.245565278848392,0.235034523550921,0.245183429943246
2005-10-14,0.244420632719994,0.249228157375473,0.240375905287766,0.246175167308384
2005-10-17,0.246785804629326,0.249228031708467,0.244572517576634,0.244572517576634
2005-10-18,0.242741137742996,0.248159450019403,0.241138639043121,0.247701597146655
2005-10-19,0.240680798888206,0.241062647713027,0.232821186406025,0.239613084950079
2005-10-20,0.242360308766365,0.247396746858428,0.239994084268956,0.241062726433417
2005-10-21,0.243733808398247,0.247243750029439,0.242054377713858,0.246480952989199
2005-10-24,0.250372737646103,0.250372737646103,0.243656870818467,0.245870158404973
2005-10-25,0.251975178718567,0.252737975566719,0.247625536485765,0.248693250123456
2005-10-26,0.245107367634773,0.252585131088961,0.244725518820328,0.252051246843893
2005-10-27,0.239993959665298,0.24632797680172,0.239231162749453,0.245565179885874
2005-10-28,0.247396573424339,0.247854426149824,0.234652537411413,0.240604704714221
2005-10-31,0.256019294261932,0.25777473056728,0.248388615356673,0.248388615356673
2005-11-01,0.252891063690186,0.257927501750438,0.250906688154826,0.256019157602058
2005-11-02,0.267542392015457,0.267847308805973,0.251822270837254,0.252966916406448
2005-11-03,0.264413416385651,0.270899442168578,0.2622770608685,0.269373875502368
2005-11-04,0.25991091132164,0.265176288777363,0.257163766172289,0.264566427630243
2005-11-07,0.258766233921051,0.262200171764816,0.257698519926666,0.261284465922684
2005-11-08,0.25395879149437,0.25998789522746,0.252814145179242,0.259758955048226
2005-11-09,0.265405148267746,0.267084578783211,0.251593368051334,0.254493448367669
2005-11-10,0.255561202764511,0.280591402193453,0.250601671363318,0.274639260416901
2005-11-11,0.25975888967514,0.262810978884972,0.256629895796968,0.257774541824024
2005-11-14,0.265253275632858,0.26708471520827,0.255867164865449,0.259834961007676
2005-11-15,0.265863120555878,0.269373991288681,0.265024319153264,0.266855758616044
2005-11-16,0.264947295188904,0.26761846300452,0.259758850742832,0.266168872991728
2005-11-17,0.276699542999268,0.27692848301808,0.264031510431307,0.267160530194923
2005-11-18,0.276164770126343,0.279904578768417,0.270747386982222,0.277615260353991
2005-11-21,0.281049281358719,0.281507134218307,0.274639259452962,0.276470670891314
2005-11-22,0.288527071475983,0.2912742164416,0.280285609288617,0.282498897228143
2005-11-23,0.287688285112381,0.291885020503092,0.286161790158034,0.288832931181393
2005-11-25,0.290511339902878,0.29096919268059,0.287077375843775,0.289061750226907
2005-11-28,0.289061784744263,0.293792375771942,0.283872413006967,0.291274144258061
2005-11-29,0.270747512578964,0.279675768478284,0.269525961813246,0.27196816275767
2005-11-30,0.275859922170639,0.277233480813423,0.268763106999471,0.268839111068934
2005-12-01,0.2791408598423,0.280438441409303,0.275173066256836,0.27814915023784
2005-12-02,0.279217809438705,0.281125252006745,0.275478000482336,0.280438459153749
2005-12-05,0.274028480052948,0.279827713290375,0.273112747011622,0.279827713290375
2005-12-06,0.275173127651215,0.278912009328023,0.274104485879133,0.274486334688443
2005-12-07,0.275630980730057,0.277920272413954,0.270899461346759,0.276241769624238
2005-12-08,0.273417711257935,0.277767382120267,0.270289618265022,0.274181408927786
2005-12-09,0.277309447526932,0.277691323577464,0.270441573366644,0.274257359206814
2005-12-12,0.281354278326035,0.281965067368675,0.27761539573773,0.27807327601821
2005-12-13,0.285016983747482,0.287459210557428,0.279827613375468,0.281887964224395
2005-12-14,0.282345980405808,0.284254324092334,0.278988947139354,0.282880738003552
2005-12-15,0.278760075569153,0.2842543661563,0.27585999421938,0.282117082041864
2005-12-16,0.281201273202896,0.282422823579064,0.277080543124267,0.279751683351666
2005-12-19,0.276546657085419,0.283872411527434,0.275859891485673,0.281812032856677
2005-12-20,0.276393800973892,0.280438527733594,0.272730923055846,0.276241792822947
2005-12-21,0.275859922170639,0.279980652680011,0.27334169038977,0.277691360984861
2005-12-22,0.284254252910614,0.284559197023953,0.275554940204637,0.275630944263671
2005-12-23,0.286466747522354,0.286848596425218,0.283109713832376,0.285017157172625
2005-12-27,0.288222074508667,0.291351095057534,0.28524601726025,0.2861617229843
2005-12-28,0.290893316268921,0.291809022226147,0.286390735987437,0.28822214790189
2005-12-29,0.284406274557114,0.291656025094599,0.283185624749507,0.290740292124329
2005-12-30,0.278988927602768,0.282880718194438,0.277844281705776,0.282803813534835
2006-01-03,0.291655987501144,0.293792342713146,0.279675647402754,0.280591352964486
2006-01-04,0.299821555614471,0.300279435900011,0.290816394728752,0.29386941209814
2006-01-05,0.306612491607666,0.307147276505639,0.299363667345327,0.299897524365849
2006-01-06,0.311648905277252,0.312793551089516,0.297990060183991,0.310123311252094
2006-01-09,0.32034820318222,0.322027606432755,0.310810088939452,0.311496854560689
2006-01-10,0.320425093173981,0.320425093173981,0.31477786871535,0.31882259464689
2006-01-11,0.332023561000824,0.333854972158548,0.320196156664014,0.32073001350772
2006-01-12,0.327292948961258,0.337060002274499,0.324926753040502,0.331947562864334
2006-01-13,0.324393063783646,0.329200561577906,0.319814451570678,0.326529420177437
2006-01-17,0.32416382431984,0.324316760246067,0.315693428201637,0.319967092211491
2006-01-18,0.325842499732971,0.326911141451361,0.311343953336227,0.314320037831703
2006-01-19,0.343928009271622,0.348430589516239,0.329582395137623,0.330192256282601
2006-01-20,0.334312856197357,0.348430452525643,0.334236852142183,0.344462658778464
2006-01-23,0.336221367120743,0.339044516644602,0.332329575486304,0.33690816030106
2006-01-24,0.337899774312973,0.344920585601617,0.336068362740497,0.336984068526735
2006-01-25,0.334923714399338,0.341791589617146,0.330878987881479,0.339578301948805
2006-01-26,0.346370249986649,0.346675194215402,0.337670933988156,0.339807290182473
2006-01-27,0.352933079004288,0.356824868924703,0.347972620153438,0.350872700370769
2006-01-30,0.34896445274353,0.354840591557052,0.347361926492735,0.354458742690358
2006-01-31,0.343089073896408,0.349117246170115,0.340417933885788,0.347209803640616
2006-02-01,0.343318074941635,0.344691660863936,0.335610470934965,0.336908052788412
2006-02-02,0.33286327123642,0.346675050368603,0.332329414378743,0.346446110322645
2006-02-03,0.335915446281433,0.340036177140486,0.329658359562197,0.330727001430992
2006-02-06,0.345378339290619,0.345759287415987,0.333550035085941,0.334999624710925
2006-02-07,0.333092153072357,0.34606510168703,0.332939217109388,0.34606510168703
2006-02-08,0.342707335948944,0.342707335948944,0.334084024932157,0.334084024932157
2006-02-09,0.336908042430878,0.349117297469681,0.334770758957465,0.343775917250227
2006-02-10,0.334999620914459,0.339655107695031,0.32714001084452,0.338128613451105
2006-02-13,0.336144268512726,0.338510464235211,0.331642590975279,0.333931882061923
2006-02-14,0.336755126714706,0.337975776658011,0.332329479245431,0.33614436509489
2006-02-15,0.343241155147553,0.34415688822501,0.335228633994975,0.336068363000888
2006-02-16,0.360182046890259,0.360945772071354,0.347285993892198,0.349651290485754
2006-02-17,0.362242311239243,0.387043599751339,0.360181932272876,0.386661750927564
2006-02-21,0.354535609483719,0.362090277239925,0.35140658892822,0.361479488366664
2006-02-22,0.353924870491028,0.356748019423878,0.341104824777303,0.349499195376078
2006-02-23,0.348506510257721,0.355222404266561,0.347514800460098,0.352856180705018
2006-02-24,0.348430454730988,0.354229714275292,0.346599043539985,0.350032980458872
2006-02-27,0.362548172473907,0.364760559684685,0.347438835195668,0.35110171310873
2006-02-28,0.359648138284683,0.363997809781694,0.356138195944696,0.360945720417572
2006-03-01,0.373307883739471,0.37544423968526,0.358656398685804,0.360945690666954
2006-03-02,0.373841762542725,0.37910713986432,0.369034238185939,0.372926029322591
2006-03-03,0.37513929605484,0.381625350439366,0.369721010287114,0.370407803340592
2006-03-06,0.374375551939011,0.384983236626215,0.37254411312021,0.382465004839051
2006-03-07,0.367965430021286,0.377351534367982,0.360563699972379,0.374452382431231
2006-03-08,0.36613404750824,0.369949860710257,0.353009087757183,0.368042418047859
2006-03-09,0.368042469024658,0.376741783120025,0.367813528933789,0.370560673571666
2006-03-10,0.361632406711578,0.372315166624149,0.358350477596641,0.367660552283555
2006-03-13,0.365982115268707,0.367736622296367,0.362548177412378,0.365295322239339
2006-03-14,0.376130968332291,0.377657462920651,0.364913423171144,0.366287009040838
2006-03-15,0.38215908408165,0.382693868804334,0.375444119040822,0.376893708758867
2006-03-16,0.369187146425247,0.38330384634387,0.367889564421418,0.382845993413543
2006-03-17,0.37216317653656,0.37315488632866,0.361937341091747,0.367431657317125
2006-03-20,0.369339048862457,0.375520129878901,0.368958100705752,0.375444125822993
2006-03-21,0.387577474117279,0.394521381098282,0.377428596722582,0.387577474117279
2006-03-22,0.376435935497284,0.379564928931327,0.367965534266942,0.377733490089888
2006-03-23,0.383456707000732,0.384983228923556,0.373459838702764,0.377733477863059
2006-03-24,0.396429687738419,0.397116480693976,0.383838583618402,0.384448444628409
2006-03-27,0.407112449407578,0.407418294145384,0.395437051006272,0.396734632852303
2006-03-28,0.413370400667191,0.418787784266776,0.40444214815895,0.405280949125746
2006-03-29,0.435576587915421,0.436339384894759,0.411691007742453,0.415124945029607
2006-03-30,0.438552647829056,0.440917943285349,0.428173904606975,0.436034416376443
2006-03-31,0.436950147151947,0.444351878186413,0.434278979716203,0.438246800963025
2006-04-03,0.441833734512329,0.447938840238945,0.433745208997422,0.43923952578816
2006-04-04,0.462513566017151,0.463200359244532,0.441986810333793,0.442444663388541
2006-04-05,0.466253191232681,0.468542483018762,0.451830620231762,0.46167460766052
2006-04-06,0.467168718576431,0.470678658987267,0.458621388450684,0.465031435751739
2006-04-07,0.465947300195694,0.469305233665461,0.456790133424625,0.465184530450887
2006-04-10,0.457858711481094,0.467626693079804,0.45434877036104,0.464879521598402
2006-04-11,0.446717232465744,0.45938529598096,0.443970087899514,0.45938529598096
2006-04-12,0.464726626873016,0.467168854458872,0.447175063959705,0.449617291545561
2006-04-13,0.451753705739975,0.459995139616183,0.44992226689287,0.454806695112871
2006-04-17,0.452975332736969,0.464268911886837,0.449312454424392,0.450990984826375
2006-04-18,0.442291647195816,0.445038792147687,0.430234370883011,0.44488585611051
2006-04-19,0.445038735866547,0.449922263462478,0.433439341254714,0.439544419367122
2006-04-20,0.444427937269211,0.452364454041649,0.433745176539045,0.441070931711822
2006-04-21,0.428402900695801,0.447632967317892,0.423214428992836,0.445801528502858
2006-04-24,0.441528856754303,0.445801596051913,0.423519437320956,0.431150110602119
2006-04-25,0.441222906112671,0.442291547796804,0.428860715671717,0.436492287708957
2006-04-26,0.438170850276947,0.449617308598394,0.433439330934174,0.442902342329211
2006-04-27,0.445191740989685,0.449312444890756,0.427029385270009,0.436492398359272
2006-04-28,0.445954531431198,0.451601785085538,0.441680891291431,0.445496678453351
2006-05-01,0.471594512462616,0.480293853405863,0.44900651301696,0.44900651301696
2006-05-02,0.470983922481537,0.480751854150599,0.4628953947615,0.475104627084856
2006-05-03,0.474036812782288,0.479225285131152,0.465184589050954,0.465642414698569
2006-05-04,0.470983922481537,0.476173269222005,0.462284578368587,0.464726806900522
2006-05-05,0.47739377617836,0.479073234204048,0.466863023088981,0.473426008834279
2006-05-08,0.475257307291031,0.486550882045858,0.470831660812685,0.476173012867559
2006-05-09,0.460758894681931,0.477088937612766,0.460148132988165,0.47464670955311
2006-05-10,0.450533092021942,0.460605992845583,0.445954480890824,0.455264584603333
2006-05-11,0.434507995843887,0.45938531590622,0.430998054092042,0.455111649210547
2006-05-12,0.401847034692764,0.426266470923507,0.392842777622541,0.424130115478227
2006-05-15,0.407647162675858,0.411157103623815,0.397574264749114,0.401084205697071
2006-05-16,0.39696341753006,0.410088401678334,0.394369209843069,0.409936393590551
2006-05-17,0.380938410758972,0.397879181298539,0.373917601472005,0.395589890195125
2006-05-18,0.363692730665207,0.387653384889027,0.363234877859165,0.383990535150184
2006-05-19,0.371323555707932,0.380022871796611,0.363387036847305,0.367049915397438
2006-05-22,0.366286963224411,0.370102748924631,0.356214065117792,0.369339051432588
2006-05-23,0.362319231033325,0.382617040340485,0.360792736261305,0.373917725796951
2006-05-24,0.367049813270569,0.377886410438133,0.357282758439479,0.36552421923894
2006-05-25,0.365066379308701,0.379411990626189,0.363082004460692,0.373917701425494
2006-05-26,0.365829169750214,0.368881258453362,0.36201335614066,0.366439931351262
2006-05-30,0.350566953420639,0.366591997682965,0.350414945258982,0.366439989521308
2006-05-31,0.350719898939133,0.358656445112058,0.348583542716804,0.355298510784624
2006-06-01,0.369034141302109,0.369034141302109,0.349193287365287,0.354687603372102
2006-06-02,0.363692730665207,0.376817717082728,0.360029853635858,0.374986278568054
2006-06-05,0.348430454730988,0.36842331474859,0.347361813147014,0.361708376899288
2006-06-06,0.339120507240295,0.353162133253362,0.32965842102785,0.352856288428381
2006-06-07,0.333016157150269,0.343393970485075,0.330420994263545,0.342783181785812
2006-06-08,0.326911121606827,0.333474079062435,0.313786161863339,0.32920041303507
2006-06-09,0.325842499732971,0.336831104713684,0.32309535531042,0.33118480773815
2006-06-12,0.307833969593048,0.324468896552501,0.306002531133001,0.32019615873049
2006-06-13,0.303102523088455,0.313938220435542,0.300202442368186,0.307681106680737
2006-06-14,0.311954855918884,0.312870561963376,0.301729016913431,0.304934042650186
2006-06-15,0.339273244142532,0.34034188558328,0.320805980395091,0.323401116012973
2006-06-16,0.330574035644531,0.337899763573125,0.327369010913546,0.336984057815991
2006-06-19,0.32065412402153,0.335915470667629,0.319890398987838,0.334236967605374
2006-06-20,0.315617591142654,0.322790409955385,0.31058115517188,0.311801805016099
2006-06-21,0.319127529859543,0.324163965357233,0.314244003064114,0.314244003064114
2006-06-22,0.309817433357239,0.323553181634161,0.307681050682414,0.322637475998568
2006-06-23,0.30997034907341,0.316380370539069,0.306307499157681,0.309207552125225
2006-06-26,0.307070285081863,0.312870445905218,0.305544718395186,0.309512512641134
2006-06-27,0.297303229570389,0.309207539051566,0.29318249971023,0.30890169435775
2006-06-28,0.313786149024963,0.318669648510767,0.291808914006304,0.299592520918173
2006-06-29,0.327979803085327,0.327979803085327,0.304171152966324,0.30523886687227
2006-06-30,0.324926823377609,0.336373282247786,0.32248552345941,0.331184837658846
2006-07-03,0.329658389091492,0.332710451064627,0.327369069706496,0.332405534146766
2006-07-05,0.314853936433792,0.32736903764503,0.314853936433792,0.324468984121359
2006-07-06,0.30508691072464,0.317906957380436,0.301881912705948,0.314853967527311
2006-07-07,0.295624017715454,0.307834208207986,0.292266982876039,0.307223418955472
2006-07-10,0.282803744077683,0.298523865896839,0.280209508752501,0.296387483359903
2006-07-11,0.29226678609848,0.293334527192048,0.277767339631712,0.281888042473427
2006-07-12,0.278225213289261,0.294556099624606,0.277920269139171,0.291198166207418
2006-07-13,0.27105239033699,0.280820345713588,0.26967880444605,0.273952470839903
2006-07-14,0.269678831100464,0.277615348503737,0.262048158459991,0.27608885374089
2006-07-17,0.271815270185471,0.274868260339815,0.267084677360456,0.268458236379481
2006-07-18,0.286619484424591,0.289519563972166,0.271052301047575,0.281125197251762
2006-07-19,0.299134701490402,0.302797551660169,0.283261641201526,0.285398924659624
2006-07-20,0.293182641267777,0.309817576855246,0.292724788237917,0.304476194691377
2006-07-21,0.271205276250839,0.284483199305292,0.269067992940253,0.28326162165132
2006-07-24,0.298523962497711,0.30539183841531,0.279751746490532,0.28127824133453
2006-07-25,0.309054672718048,0.312259670109485,0.297761123199094,0.302186797773105
2006-07-26,0.309054672718048,0.312717550271555,0.299897478834281,0.309054672718048
2006-07-27,0.313480377197266,0.325842570727999,0.307834078991509,0.313022524242168
2006-07-28,0.34598833322525,0.346599122150002,0.319738354911997,0.321569793808881
2006-07-31,0.337899774312973,0.345836318678365,0.336984068526735,0.342325449095366
2006-08-01,0.324316918849945,0.334389790388851,0.318211814118341,0.33377900155252
2006-08-02,0.349193155765533,0.35087258567468,0.330726822489669,0.331489591887297
2006-08-03,0.371170550584793,0.380633562031896,0.343089134866162,0.347972662372681
2006-08-04,0.36613404750824,0.381549253856588,0.356671937670181,0.380938465030264
2006-08-07,0.361861348152161,0.366439931502175,0.354840537112229,0.359724064614742
2006-08-08,0.371476471424103,0.379260053803834,0.36384486992271,0.364760603155364
2006-08-09,0.371323555707932,0.389180068171944,0.36857641044059,0.378802221572421
2006-08-10,0.368729293346405,0.370865676703566,0.360945711086368,0.367202798410304
2006-08-11,0.357129871845245,0.366439975682674,0.340646975256005,0.341867625309473
2006-08-14,0.35529837012291,0.365218332535717,0.353313995573267,0.361555455425654
2006-08-15,0.389484852552414,0.391469227206839,0.360945613551308,0.364455554852096
2006-08-16,0.417414247989655,0.419093678585967,0.381549280176905,0.391622152245636
2006-08-17,0.410852313041687,0.423061598095551,0.406731581772418,0.412225899228282
2006-08-18,0.417567133903503,0.419703489225629,0.396963484797433,0.411310048760164
2006-08-21,0.402152895927429,0.412072859067026,0.401237190228077,0.411310089373491
2006-08-22,0.401542246341705,0.41268379105659,0.400626540324752,0.400931484564886
2006-08-23,0.401237189769745,0.408714925356095,0.392384940468163,0.404594195132702
2006-08-24,0.405357986688614,0.40749434257075,0.395894946975238,0.402304969789576
2006-08-25,0.404136270284653,0.411310015626718,0.398337038412943,0.402304831923812
2006-08-28,0.41802504658699,0.429929384951375,0.410088529911971,0.410852227516758
2006-08-29,0.436950147151947,0.438933593836756,0.4189407328919,0.421992821210246
2006-08-30,0.445954531431198,0.450533143081214,0.438323857694367,0.43939159911168
2006-08-31,0.444276005029678,0.44687024129341,0.434660983835969,0.444885866146716
2006-09-01,0.425655692815781,0.441222907781264,0.423977190159078,0.437712939173967
2006-09-05,0.434965878725052,0.436644381705503,0.420772274130114,0.427029360998643
2006-09-06,0.413141459226608,0.427944948089708,0.412072817628902,0.427335087172809
2006-09-07,0.421383023262024,0.430692226207084,0.402000046392295,0.406425694115774
2006-09-08,0.42275670170784,0.429929523082614,0.413446596140932,0.428098083723481
2006-09-11,0.429318487644196,0.434202914426898,0.408562832693334,0.413293422915467
2006-09-12,0.440613090991974,0.443360263072963,0.426266550804222,0.427335192665735
2006-09-13,0.444123089313507,0.449922323454009,0.440307275120597,0.441680861251232
2006-09-14,0.442444503307343,0.450228111583936,0.436644342019261,0.441986650418251
2006-09-15,0.451143890619278,0.453280273973681,0.441833786144645,0.443970169499047
2006-09-18,0.468236714601517,0.469000412423798,0.450991018316715,0.452364577318044
2006-09-19,0.456027388572693,0.46854251753615,0.452211601785833,0.465184583682133
2006-09-20,0.472663104534149,0.473272992763103,0.461063711590478,0.461979417230102
2006-09-21,0.468847423791885,0.476935949057093,0.464421721693073,0.472205357374215
2006-09-22,0.454958587884903,0.470373765098853,0.44977014469729,0.467473712480362
2006-09-25,0.471289455890656,0.473272929604857,0.449312250567477,0.461826474184556
2006-09-26,0.461368709802628,0.472052398359388,0.455416540575634,0.47083174846216
2006-09-27,0.459995150566101,0.474646661691713,0.455569503007245,0.459995150566101
2006-09-28,0.451295763254166,0.453127201848421,0.440002242151088,0.441986589452724
2006-09-29,0.451601684093475,0.457858770206973,0.449159456411253,0.454348828636726
2006-10-02,0.440155148506165,0.452364402486374,0.436492271337229,0.449464349548361
2006-10-03,0.431913822889328,0.435270856399001,0.422298801442779,0.431913822889328
2006-10-04,0.474341601133347,0.474494537118462,0.431302865988668,0.432523542947669
2006-10-05,0.460910737514496,0.477241647883891,0.459690087861244,0.472510129499833
2006-10-06,0.472052454948425,0.476935983000082,0.460301051099468,0.461674637175133
2006-10-09,0.502423703670502,0.508680758700442,0.469609888018406,0.470983473102614
2006-10-10,0.490977793931961,0.501813441476153,0.485330511443157,0.499829092973621
2006-10-11,0.493724584579468,0.502423924210727,0.480904542467777,0.488382304523575
2006-10-12,0.495708227157593,0.505934037363691,0.488535406761414,0.496471924903555
2006-10-13,0.515396237373352,0.518296291635005,0.485941253039203,0.494029780718745
2006-10-16,0.514480113983154,0.525468687010866,0.505322897018737,0.517075221883652
2006-10-17,0.494792222976685,0.509596664600377,0.489908751630653,0.506086724151418
2006-10-18,0.481667399406433,0.507460366791328,0.478157458184585,0.502118086372212
2006-10-19,0.490824699401855,0.494487577624694,0.476020305050456,0.47983606473334
2006-10-20,0.485177457332611,0.494945386983169,0.478157573200355,0.494640442788549
2006-10-23,0.481972396373749,0.495861084112004,0.480751746320387,0.484109680168666
2006-10-24,0.496013969182968,0.501508312965246,0.481514521259557,0.482888107205127
2006-10-25,0.500592648983002,0.508223349932249,0.492351186304045,0.50074465715255
2006-10-26,0.516464531421661,0.518143006353394,0.501813025933415,0.501813025933415
2006-10-27,0.494182378053665,0.527910979918471,0.488382218924979,0.516464525500143
2006-10-30,0.500134527683258,0.50898581898263,0.492198013911989,0.497539364966747
2006-10-31,0.532184779644013,0.532184779644013,0.508528166253695,0.511123275270441
2006-11-01,0.491129368543625,0.530047311880138,0.483803616200823,0.525163786277257
2006-11-02,0.487772643566132,0.504102634268849,0.481056774694301,0.493418997056931
2006-11-03,0.497539639472961,0.498150455759667,0.48533035469148,0.493266927422571
2006-11-06,0.51264899969101,0.519516876179973,0.492656131955609,0.498913246713083
2006-11-07,0.520432651042938,0.525926941469218,0.513564719783799,0.516464828339176
2006-11-08,0.528064072132111,0.53447406667066,0.515548972611315,0.516769622456854
2006-11-09,0.538594782352448,0.552482538769007,0.534016199586329,0.538899726466058
2006-11-10,0.525621831417084,0.536610463383917,0.512343907946453,0.534016227750428
2006-11-13,0.549430668354034,0.550957136044032,0.526537692000348,0.526690628048812
2006-11-14,0.554924726486206,0.555993368042256,0.535694636578101,0.547446036767118
2006-11-15,0.545767605304718,0.560876939478938,0.542715489672807,0.553246241041567
2006-11-16,0.552788555622101,0.554771975534117,0.543325515619192,0.548057035620647
2006-11-17,0.554314017295837,0.555840539222489,0.545614730817166,0.548972664240058
2006-11-20,0.559503495693207,0.562555557518556,0.54332551577227,0.547446219510393
2006-11-21,0.550804197788239,0.562097777161875,0.546988437936267,0.561182071210845
2006-11-22,0.560266077518463,0.560876893578147,0.549888262995719,0.552788370270782
2006-11-24,0.564387202262878,0.565608780597334,0.552482858352503,0.557519324140979
2006-11-27,0.538900077342987,0.568507948604985,0.535084261734012,0.561030235940873
2006-11-28,0.54897266626358,0.553856193753809,0.528673930811057,0.53706832775108
2006-11-29,0.55706125497818,0.563777122617928,0.551872782741952,0.55400919322239
2006-11-30,0.564539790153503,0.569118372744154,0.550346162290083,0.557061100186513
2006-12-01,0.542409598827362,0.559045397922926,0.537526072566818,0.558282628378023
2006-12-04,0.564387202262878,0.57140801646865,0.547446392564026,0.549430795562364
2006-12-05,0.558587849140167,0.561792847341427,0.552330734208385,0.558434913088397
2006-12-06,0.557824969291687,0.560419205487056,0.550193395568297,0.560419205487056
2006-12-07,0.544394016265869,0.560876936098588,0.539510489373612,0.557824820485072
2006-12-08,0.542562484741211,0.550041174108873,0.532642550742492,0.540426129606635
2006-12-11,0.551872849464417,0.558434908569088,0.541494102563325,0.542715680631477
2006-12-12,0.546225488185883,0.549583421582778,0.538899787676616,0.547752010100716
2006-12-13,0.552635610103607,0.55706125795815,0.550651262348196,0.550651262348196
2006-12-14,0.562403440475464,0.569423377806355,0.556603334263867,0.55706115982334
2006-12-15,0.572323501110077,0.572323501110077,0.562555517603954,0.566066387286782
2006-12-18,0.582243502140045,0.589111377714245,0.572628454503756,0.572934271977012
2006-12-19,0.590637743473053,0.593689859186397,0.57400194168143,0.574765639227186
2006-12-20,0.583923041820526,0.594605805924899,0.583465161509722,0.587585920563854
2006-12-21,0.578886449337006,0.588806441280634,0.572323517853382,0.587127911050632
2006-12-22,0.565150856971741,0.579954381036494,0.562403684100808,0.577970906067693
2006-12-26,0.564997792243958,0.573239254399053,0.562708500233155,0.568202844723903
2006-12-27,0.572476625442505,0.574460045866769,0.567440159946786,0.567440159946786
2006-12-28,0.56835550069809,0.573696907032413,0.565760392223179,0.573086091002827
2006-12-29,0.564844727516174,0.580259934266265,0.564234893841685,0.568355596689885
2007-01-03,0.550651252269745,0.572628465443241,0.530963276417026,0.565760589737837
2007-01-04,0.548056960105896,0.550651195924954,0.534626099671072,0.548667721705207
2007-01-05,0.513717412948608,0.537221140425685,0.510054536202562,0.53508385738434
2007-01-08,0.517533361911774,0.5274532986596,0.506696736923263,0.515549014327473
2007-01-09,0.507460415363312,0.521806053622306,0.506849653766101,0.518296112064501
2007-01-10,0.532489717006683,0.537221236116186,0.494487466336834,0.50211811068882
2007-01-11,0.530505537986755,0.536610644881227,0.521806194581348,0.532489886032023
2007-01-12,0.537679135799408,0.539815491421819,0.520127572447859,0.522569800094694
2007-01-16,0.538594782352448,0.542104723486138,0.532489677844885,0.541799779372528
2007-01-17,0.527300477027893,0.534321289082761,0.525317002514954,0.53111623660961
2007-01-18,0.483651757240295,0.522721775282206,0.477088826897211,0.522721775282206
2007-01-19,0.486550897359848,0.496623768180714,0.475104386259443,0.478462319158788
2007-01-22,0.486550897359848,0.499065995474709,0.484719431568139,0.491129479967606
2007-01-23,0.48670369386673,0.494487326606923,0.475257239344093,0.484261466998764
2007-01-24,0.501813352108002,0.508376339634046,0.490671834367124,0.492961126765059
2007-01-25,0.484261691570282,0.508223307717565,0.481820391447197,0.506391841396019
2007-01-26,0.480293869972229,0.493113914459561,0.471594528728923,0.488382395024111
2007-01-29,0.460605949163437,0.478462402615952,0.456485191349074,0.478157513040717
2007-01-30,0.469458103179932,0.472510164185162,0.459537240192079,0.463657942822929
2007-01-31,0.467778831720352,0.472205407586203,0.461368781335506,0.467168943325326
2007-02-01,0.473730772733688,0.476172999884226,0.462437252867798,0.463352958419359
2007-02-02,0.486092954874039,0.488382245884075,0.472357208813821,0.47632590270605
2007-02-05,0.494029641151428,0.498150399151007,0.48761964592678,0.488382415709345
2007-02-06,0.511581122875214,0.517991117060613,0.49769243826676,0.505171074108801
2007-02-07,0.531574010848999,0.532794660688362,0.512648862304397,0.515701851428201
2007-02-08,0.524706125259399,0.53218476131968,0.518906892442018,0.52348547544549
2007-02-09,0.498303204774857,0.531726925555474,0.496318857440651,0.527300350763104
2007-02-12,0.509292006492615,0.520127705854431,0.49662396730823,0.501966249550445
2007-02-13,0.518906772136688,0.523027474052048,0.512343788701472,0.517533186637901
2007-02-14,0.512039542198181,0.526538075734351,0.510817963256284,0.523486011426545
2007-02-15,0.515091121196747,0.517685357039821,0.506849660201062,0.51173318773288
2007-02-16,0.499370843172073,0.513564413767387,0.49784524965512,0.512954580260002
2007-02-20,0.503797650337219,0.506544767896294,0.49662390250503,0.500134772344094
2007-02-21,0.496318906545639,0.505018247694462,0.491282443007846,0.499676840002936
2007-02-22,0.499523967504501,0.512191132028782,0.498303317438054,0.504102551455224
2007-02-23,0.498303204774857,0.504560317604816,0.498150323355473,0.504255373481254
2007-02-26,0.49067160487175,0.503491647220242,0.489908835248749,0.499676762066034
2007-02-27,0.475868195295334,0.49677676363611,0.475104443130498,0.485330251165532
2007-02-28,0.473121017217636,0.483345897238117,0.468694442252382,0.474494603062146
2007-03-01,0.467320829629898,0.476020169759302,0.4567900782001,0.462895182795507
2007-03-02,0.454348772764206,0.468847345305546,0.453433039835393,0.46320012089907
2007-03-05,0.438933581113815,0.455264465039106,0.437407987292212,0.446412243867889
2007-03-06,0.464879661798477,0.46991612617296,0.446717306154796,0.448548745264561
2007-03-07,0.451753705739975,0.464726659107692,0.449770258751214,0.46259030339044
2007-03-08,0.470373898744583,0.475562370696882,0.460910859472526,0.461216731519872
2007-03-09,0.465642511844635,0.482278375447418,0.460301156927078,0.476936092652222
2007-03-12,0.462895125150681,0.469610062564852,0.4596900739026,0.460300889939747
2007-03-13,0.443360060453415,0.46091066245012,0.443054188536818,0.458163546205611
2007-03-14,0.441222906112671,0.447175047622309,0.427944982699883,0.444580839290628
2007-03-15,0.436797320842743,0.444123076948142,0.430082353705273,0.44015525470494
2007-03-16,0.432676672935486,0.437866046820458,0.429624583264675,0.437102348962433
2007-03-19,0.434812843799591,0.44183362633664,0.433439258115579,0.434965752497587
2007-03-20,0.432676672935486,0.443360364954486,0.430998169620812,0.433439470206414
2007-03-21,0.457400888204575,0.464573679612228,0.44168076439209,0.450228069506414
2007-03-22,0.467473775148392,0.470220892154933,0.455722373711062,0.457858729172964
2007-03-23,0.462284356355667,0.472205273908866,0.45892735124407,0.463963814079167
2007-03-26,0.463200181722641,0.467015940772544,0.454806685304767,0.462590293414479
2007-03-27,0.45450085401535,0.463048132707692,0.454043001122525,0.462132426922041
2007-03-28,0.445801436901093,0.454500749017116,0.445038640021381,0.450685864031924
2007-03-29,0.438017934560776,0.453127271161466,0.430845115084443,0.452517410121571
2007-03-30,0.439239472150803,0.447175060670717,0.436950180590178,0.443970063402046
2007-04-02,0.438781648874283,0.44183371034142,0.431607901694302,0.438170859971819
2007-04-03,0.437102109193802,0.443665038544354,0.432981379676302,0.438781539464854
2007-04-04,0.436186462640762,0.440002276121763,0.43496581277609,0.436492307369643
2007-04-05,0.471594512462616,0.472052392621057,0.438017907734055,0.438017907734055
2007-04-09,0.463048070669174,0.476935882060233,0.462132365006208,0.471594474920148
2007-04-10,0.458316802978516,0.467778916951827,0.457401069632181,0.462437507520207
2007-04-11,0.450075179338455,0.46381095715993,0.4485486846394,0.459232373649608
2007-04-12,0.462895125150681,0.464268710745428,0.444733677500947,0.447632856791904
2007-04-13,0.466710984706879,0.467626745023075,0.455722406722697,0.461368703849286
2007-04-16,0.464268714189529,0.469000177884007,0.458316546288804,0.465489363814771
2007-04-17,0.468694388866425,0.486856711045993,0.466405097580005,0.476020142815371
2007-04-18,0.474494636058807,0.478615339297877,0.465489477372973,0.467931650515335
2007-04-19,0.481056571006775,0.483803742497724,0.46930516998269,0.470678755728164
2007-04-20,0.48670369386673,0.488382223375514,0.480293701166453,0.488077279325646
2007-04-23,0.478767246007919,0.485330175579977,0.477393660358892,0.484414470007628
2007-04-24,0.496776849031448,0.501202496939613,0.483651858883201,0.48685685672701
2007-04-25,0.505322873592377,0.508070044012445,0.493724413084858,0.496013703574584
2007-04-26,0.511581122875214,0.515396008208953,0.500744499360588,0.505323082230449
2007-04-27,0.504713356494904,0.515549054449337,0.496623902804806,0.509901828715271
2007-04-30,0.501966238021851,0.517991283206398,0.501813301973925,0.511581286964992
2007-05-01,0.507307469844818,0.514480288068209,0.503186712629338,0.511123228367352
2007-05-02,0.501355350017548,0.512039038269308,0.498761114283379,0.509901754808786
2007-05-03,0.510817587375641,0.514175521532383,0.505171234354269,0.50608699488354
2007-05-04,0.514480113983154,0.517075221883652,0.508680828879554,0.513564354080017
2007-05-07,0.50425535440445,0.527758156340096,0.503644592884213,0.52195892385349
2007-05-08,0.508070468902588,0.509292047075319,0.491435533573779,0.501202591689927
2007-05-09,0.510359466075897,0.513259573179357,0.49860806660307,0.504407298351906
2007-05-10,0.500897586345673,0.519211923345629,0.496471938140655,0.512496983015617
2007-05-11,0.536305546760559,0.54149396371263,0.519822625255431,0.527911149996679
2007-05-14,0.530963361263275,0.539204824342924,0.525926951023125,0.534168414102773
2007-05-15,0.526232600212097,0.535694710487148,0.525011077084047,0.532489713253944
2007-05-16,0.532947719097138,0.532947719097138,0.516617730364542,0.526690604579456
2007-05-17,0.524095416069031,0.534168344396939,0.521043354263341,0.531421172201869
2007-05-18,0.534474074840546,0.535999668846725,0.523637505144261,0.528064080204014
2007-05-21,0.536152601242065,0.549430525158254,0.530353368224862,0.532947603945405
2007-05-22,0.539052605628967,0.543936132488299,0.527911092873817,0.536610432841714
2007-05-23,0.524706125259399,0.542562577140533,0.52317960343882,0.539357579954306
2007-05-24,0.50578111410141,0.528674035319369,0.503644758024372,0.52714849554386
2007-05-25,0.513717412948608,0.516311648173982,0.507918181038322,0.509443774743022
2007-05-29,0.519211769104004,0.520890299009007,0.510054603324334,0.511581125107026
2007-05-30,0.520432651042938,0.520432651042938,0.506696843105691,0.513106894087211
2007-05-31,0.528673827648163,0.531878879024507,0.521805953980581,0.524248181187791
2007-06-01,0.532336890697479,0.542562700721407,0.531421184804415,0.534626182720653
2007-06-04,0.535237073898315,0.538289136203497,0.525317079981469,0.527453436265441
2007-06-05,0.551109075546265,0.552024781386867,0.535847729990745,0.536763435831347
2007-06-06,0.555229902267456,0.564082126747308,0.545004964863054,0.547294257037783
2007-06-07,0.549277484416962,0.560876876116954,0.549125476314624,0.552635417081958
2007-06-08,0.557824969291687,0.558587793719764,0.537984111142075,0.544699105685393
2007-06-11,0.559808194637299,0.563166127062607,0.554771732647354,0.557824721012649
2007-06-12,0.554009079933167,0.564692713000388,0.553704135808866,0.556909132941308
2007-06-13,0.567287027835846,0.567439963857979,0.552940515506959,0.560114208319574
2007-06-14,0.577360033988953,0.579496390040938,0.563929171046664,0.564692868802965
2007-06-15,0.603611052036285,0.608189637462882,0.58377018770144,0.583923123785713
2007-06-18,0.603915691375732,0.611852207761412,0.599032164124303,0.609714924333881
2007-06-19,0.607731699943543,0.609105231654177,0.595979366369054,0.600100070663023
2007-06-20,0.608341336250305,0.61353073549678,0.604220633294689,0.610478619669991
2007-06-21,0.655958771705627,0.661301108086491,0.615362276822105,0.620093796925338
2007-06-22,0.665726542472839,0.669542355454847,0.646343570499765,0.65626443318034
2007-06-25,0.648175239562988,0.66297963483042,0.641155354765097,0.647107525422876
2007-06-26,0.618109345436096,0.648328017026254,0.616582823517777,0.646496550958991
2007-06-27,0.634745001792908,0.635507825927529,0.615057087253744,0.618109202507315
2007-06-28,0.64084929227829,0.647717221443865,0.630318540332429,0.63657658123212
2007-06-29,0.630471408367157,0.645275797640406,0.630166464267091,0.645122916232801
2007-07-02,0.65672242641449,0.65702731598823,0.637492332537079,0.639475806777986
2007-07-03,0.657790064811707,0.662979409205845,0.650922190524084,0.656264470916711
2007-07-05,0.664811015129089,0.666947371009795,0.654738087054073,0.657943139394864
2007-07-06,0.668015897274017,0.670610132920425,0.662674544557983,0.66389519437907
2007-07-09,0.687398910522461,0.690603962492406,0.670305227241396,0.670458163254403
2007-07-10,0.694113969802856,0.698234673324658,0.67656240469693,0.68388816049238
2007-07-11,0.691061735153198,0.698692433818839,0.681446689141697,0.693960914875117
2007-07-12,0.704339683055878,0.705102452753528,0.691061759310087,0.695945286548576
2007-07-13,0.700066268444061,0.710749905345438,0.699303443920928,0.702355560728963
2007-07-16,0.712733209133148,0.715633262486414,0.700523926114207,0.700676862133175
2007-07-17,0.709681272506714,0.72998001368169,0.709070510734769,0.71563344344095
2007-07-18,0.696708202362061,0.701592603538526,0.68297239666898,0.699455319835858
2007-07-19,0.69594532251358,0.71013895269716,0.691061795022721,0.706629011124231
2007-07-20,0.688314616680145,0.70296607114871,0.684956683542458,0.700523843681368
2007-07-23,0.695182681083679,0.709376313886923,0.684346054458409,0.685872576672629
2007-07-24,0.676868200302124,0.698234650765554,0.6725945608909,0.692435417219243
2007-07-25,0.673663139343262,0.686635191205531,0.658095923890511,0.677020144761743
2007-07-26,0.677020132541657,0.686483170683747,0.657485150448638,0.666489380574495
2007-07-27,0.675341725349426,0.7064761042559,0.675036781185074,0.675341725349426
2007-07-30,0.694266855716705,0.695334569618913,0.677630997640765,0.677783933657225
2007-07-31,0.698387324810028,0.731505165965519,0.697471619353936,0.72173811413588
2007-08-01,0.693198025226593,0.705255242042746,0.660842951523203,0.688314499004046
2007-08-02,0.690145969390869,0.70174443386113,0.680835868315338,0.701134600244536
2007-08-03,0.649243831634522,0.692893370865791,0.648938887434445,0.687856906562579
2007-08-06,0.654737889766693,0.659621416301981,0.636423559993949,0.654737889766693
2007-08-07,0.665115773677826,0.675952341842381,0.646038619312354,0.654737904315306
2007-08-08,0.695792317390442,0.71654893095028,0.671983697308146,0.677173041731653
2007-08-09,0.704033851623535,0.723416881442639,0.684498868247318,0.700523910029677
2007-08-10,0.671373903751373,0.675952487281433,0.6316921915186,0.646343702479609
2007-08-13,0.664047837257385,0.6812935760707,0.650159157151184,0.676714994685064
2007-08-14,0.689840316772461,0.700524006924559,0.666642452578253,0.668626800382328
2007-08-15,0.660690307617188,0.695945449421889,0.659774601698591,0.686177519362651
2007-08-16,0.649701476097107,0.658858640902708,0.618109224769178,0.654127122516637
2007-08-17,0.688008964061737,0.688619725802127,0.646954585996139,0.66771115181303
2007-08-20,0.685261726379395,0.695945416431816,0.676868256182903,0.688466778814095
2007-08-21,0.722348392009735,0.727842682291916,0.679157603789201,0.689382541154591
2007-08-22,0.738831162452698,0.743104801670305,0.725706173942251,0.740662573968906
2007-08-23,0.732573926448822,0.751041192861259,0.729368929541105,0.742341853162017
2007-08-24,0.736390054225922,0.737763640612783,0.725095600159593,0.730437937517918
2007-08-27,0.753024756908417,0.760808392498685,0.733031892842779,0.736389826385904
2007-08-28,0.70708703994751,0.758519235960366,0.705407581647403,0.755467119331062
2007-08-29,0.747225642204285,0.748141348130686,0.720364898642505,0.721890492988862
2007-08-30,0.742951989173889,0.761419261745946,0.73974699119717,0.740052808698252
2007-08-31,0.780802249908447,0.783701430420027,0.754398458858521,0.758519217377701
2007-09-04,0.80491578578949,0.808273719474362,0.772102875662962,0.784312159234738
2007-09-05,0.798810422420502,0.824145560508509,0.798200588849419,0.801405585474674
2007-09-06,0.80232161283493,0.816057364951007,0.798963678886138,0.808731663237716
2007-09-07,0.773018479347229,0.788127814407259,0.75806115241562,0.780038362086481
2007-09-10,0.775154948234558,0.803542211108729,0.768744952826146,0.789806459878397
2007-09-11,0.791637778282166,0.797589947363635,0.776299530006698,0.784540990690192
2007-09-12,0.760503530502319,0.804000132895552,0.75271994865213,0.80010828738943
2007-09-13,0.760732114315033,0.775841445831311,0.755237826831205,0.774925740347507
2007-09-14,0.738297343254089,0.754093474235652,0.736008051282023,0.753177768363031
2007-09-17,0.736694633960724,0.747225384941264,0.728682141637059,0.739441805375129
2007-09-18,0.801252961158752,0.812699421116244,0.743333813734718,0.74447848702098
2007-09-19,0.786601185798645,0.824145548387315,0.778817552504783,0.808578390961599
2007-09-20,0.782022714614868,0.795529551145667,0.773323428549872,0.78705917786156
2007-09-21,0.789577484130859,0.801252910759833,0.782022815576002,0.789806451522326
2007-09-24,0.809723138809204,0.821856388866416,0.788661635785889,0.794384891660882
2007-09-25,0.820025146007538,0.823459056573143,0.802626516620339,0.804915808524417
2007-09-26,0.839484035968781,0.841315447401084,0.822085409037828,0.824145733253916
2007-09-27,0.842002332210541,0.851617379731846,0.833074077696545,0.847496621687991
2007-09-28,0.829640030860901,0.850014741179054,0.827808564948801,0.847038656830278
2007-10-01,0.864666402339935,0.868787160691805,0.835821312200957,0.836737018085475
2007-10-02,0.856424927711487,0.864208564068794,0.843833849175918,0.862606010568006
2007-10-03,0.820025146007538,0.841315566173567,0.80651830739917,0.841315566173567
2007-10-04,0.823687970638275,0.828495466951257,0.795529622002179,0.819109387126572
2007-10-05,0.84543639421463,0.850014978401151,0.827808795973599,0.836737051511623
2007-10-08,0.859171986579895,0.860545572495949,0.841315478833227,0.851388405830279
2007-10-09,0.844062983989716,0.863064117782719,0.831471847561612,0.859172325871024
2007-10-10,0.844978213310242,0.849785708621216,0.824603504555479,0.849785708621216
2007-10-11,0.807433784008026,0.847725375577942,0.798276618991502,0.837194624892738
2007-10-12,0.827121675014496,0.827121675014496,0.803770883087138,0.816362011899431
2007-10-15,0.833074033260346,0.843833753413583,0.825977245338058,0.829869035784539
2007-10-16,0.840628802776337,0.85550922796789,0.829182342852459,0.83215842789077
2007-10-17,0.905186831951141,0.907705036534165,0.872449954047755,0.873365659843307
2007-10-18,0.904499888420105,0.908162765573709,0.879546595803507,0.902210597021729
2007-10-19,0.855966985225678,0.902897491461867,0.855738017853376,0.902439611298282
2007-10-22,0.896487414836884,0.898318880854555,0.843604740986031,0.850472615745011
2007-10-23,0.900837242603302,0.908162998791778,0.876341823808312,0.908162998791778
2007-10-24,0.870389640331268,0.881378219863826,0.827579831723992,0.881378219863826
2007-10-25,0.794385135173798,0.851617493143832,0.768973954262359,0.843604943378856
2007-10-26,0.787516951560974,0.825061371603108,0.776070495348375,0.819567028956253
2007-10-29,0.768973767757416,0.772636645202133,0.745394059022006,0.760503394368329
2007-10-30,0.797132134437561,0.813386088695488,0.762334825121328,0.77515486921225
2007-10-31,0.809952020645142,0.810409846134956,0.776986183814199,0.801939474182313
2007-11-01,0.809952020645142,0.826205971734698,0.786372261327478,0.797360891798127
2007-11-02,0.841086626052856,0.847038795726436,0.809723278862228,0.821169738011027
2007-11-05,0.841086626052856,0.861232426903356,0.828724406507336,0.833989783173886
2007-11-06,0.867642462253571,0.874510338059942,0.845207368537477,0.849099213950677
2007-11-07,0.826435148715973,0.870618542889243,0.819567272943827,0.867184632293682
2007-11-08,0.774697184562683,0.83330312666281,0.751117416359107,0.818422701016093
2007-11-09,0.763708353042603,0.796674193796905,0.747454400018616,0.790950937845028
2007-11-12,0.68747490644455,0.768973750357045,0.68747490644455,0.763479461604803
2007-11-13,0.748141169548035,0.748827962474154,0.687474915915967,0.69869246093456
2007-11-14,0.736465752124786,0.774468000520919,0.732573962178317,0.767142300743275
2007-11-15,0.726622045040131,0.738526386347323,0.709681239045811,0.731658509727258
2007-11-16,0.742875933647156,0.744936312814209,0.726621976878694,0.732574146973942
2007-11-19,0.692740499973297,0.736008139824807,0.6888487086107,0.732345261312647
2007-11-20,0.68747490644455,0.706933911727469,0.666413402549768,0.705789238672702
2007-11-21,0.68014931678772,0.696403328791635,0.670992148451272,0.673052527701281
2007-11-23,0.691824376583099,0.694800460167316,0.676257165944046,0.68495650398437
2007-11-26,0.675799548625946,0.705560396036337,0.674426017237099,0.691366765316075
2007-11-27,0.704873502254486,0.706933880914653,0.680149122075522,0.685414497819718
2007-11-28,0.752033293247223,0.762106168931242,0.72364602370903,0.727079989613261
2007-11-29,0.758213877677918,0.780648961252806,0.747683128618766,0.750888124963464
2007-11-30,0.722043454647064,0.782938692337905,0.719754162459335,0.782938692337905
2007-12-03,0.732573926448822,0.746080761509639,0.721356382690804,0.732573926448822
2007-12-04,0.73188728094101,0.738297276046882,0.717693650173837,0.735779071481149
2007-12-05,0.7698894739151,0.784083103553642,0.750430522761713,0.75981660187211
2007-12-06,0.785456776618958,0.787974981264018,0.761190272243398,0.768058147750762
2007-12-07,0.775612711906433,0.789577373851456,0.76760016426877,0.788661668156556
2007-12-10,0.78408294916153,0.793240113684951,0.775841490174249,0.778130781305105
2007-12-11,0.784998714923859,0.815446349339326,0.783167303711068,0.800794841312963
2007-12-12,0.812012672424316,0.826206305379473,0.796216540445662,0.818193755680957
2007-12-13,0.789806425571442,0.807433966759908,0.766455627661761,0.802168590225558
2007-12-14,0.802855432033539,0.811554774045791,0.780878218767091,0.786143595621606
2007-12-17,0.761876821517944,0.801939443118197,0.76004535588661,0.794384777018829
2007-12-18,0.78133624792099,0.78980662415001,0.765769027206846,0.7735526102734
2007-12-19,0.788661897182465,0.795987654031084,0.775384024298002,0.778589022451386
2007-12-20,0.805144727230072,0.806976193515346,0.784541099942655,0.801252936422774
2007-12-21,0.80491578578949,0.82185653448497,0.797590030070947,0.814759746157085
2007-12-24,0.819109499454498,0.823001290515042,0.804915866789378,0.810868037087042
2007-12-26,0.830098092556,0.830098092556,0.812699461636923,0.820712011297181
2007-12-27,0.804457902908325,0.833303045486078,0.802397578466432,0.82872440724148
2007-12-28,0.796445488929749,0.812699446196686,0.789577558162279,0.803084397703256
2007-12-31,0.778817713260651,0.804457800339972,0.778588800480965,0.790035258180481
2008-01-02,0.755695879459381,0.784083083426769,0.745394040315957,0.781106998988936
2008-01-03,0.749743640422821,0.775154757574408,0.746996469020051,0.76004542402119
2008-01-04,0.686788201332092,0.730971593520366,0.682209617689694,0.727308715690242
2008-01-07,0.615820348262787,0.697090322511421,0.603229210885677,0.691367063363359
2008-01-08,0.628869116306305,0.670534253133221,0.604831522672808,0.619254067936701
2008-01-09,0.661377012729645,0.66160598011461,0.627953341788948,0.63733942172289
2008-01-10,0.647641241550446,0.657943081536368,0.634821197057728,0.643291570926966
2008-01-11,0.619253754615784,0.645580626961462,0.614675172867057,0.632302761722555
2008-01-14,0.66046142578125,0.661377131742825,0.618338405738509,0.628411280477891
2008-01-15,0.611928403377533,0.642833874987649,0.601168681047041,0.635279205362532
2008-01-16,0.542791724205017,0.580565073780175,0.530200589486287,0.573468284149492
2008-01-17,0.533405303955078,0.565913258580226,0.532031718413832,0.551261806829273
2008-01-18,0.568660616874695,0.571636701666834,0.515549025388696,0.535007978359199
2008-01-22,0.540273368358612,0.553551293850237,0.511199367293225,0.514404364970161
2008-01-23,0.550117313861847,0.566371267584981,0.513259681490522,0.518296090180555
2008-01-24,0.592240333557129,0.592469300945601,0.555611664476031,0.560877041114541
2008-01-25,0.57117885351181,0.628640173587332,0.568431735951846,0.614904422044437
2008-01-28,0.564310848712921,0.574841600070865,0.552177598832814,0.569118398860425
2008-01-29,0.581709504127502,0.583998850226391,0.559503381862231,0.574383804018916
2008-01-30,0.576673328876495,0.585372618332008,0.560190401445902,0.572323656858221
2008-01-31,0.562937378883362,0.57346813138889,0.545538696847256,0.564081997417779
2008-02-01,0.614904463291168,0.618109461283291,0.556985313694381,0.561792810682566
2008-02-04,0.595674097537994,0.631616016066587,0.592469100991268,0.628182052208662
2008-02-05,0.558358669281006,0.583998808879289,0.55812975651973,0.583769841537002
2008-02-06,0.556527197360992,0.579877988476971,0.546225360092441,0.564310776205984
2008-02-07,0.562021613121033,0.577817741726497,0.528826857228814,0.540502282736817
2008-02-08,0.572094559669495,0.576444175705364,0.549430555399625,0.556756256112206
2008-02-11,0.573925793170929,0.586288008216755,0.570034003935003,0.576901876924461
2008-02-12,0.595216333866119,0.603457794155405,0.579420206193407,0.58262525794775
2008-02-13,0.618567228317261,0.620398694554179,0.593385017853083,0.599795013229737
2008-02-14,0.517609179019928,0.600939471125147,0.516235648060675,0.600481591084727
2008-02-15,0.509825646877289,0.529513562533115,0.50158418746543,0.515548902289777
2008-02-19,0.502271115779877,0.520127625085654,0.497921444859594,0.519211864674314
2008-02-20,0.498608261346817,0.505934017496215,0.485559302552785,0.487619681703746
2008-02-21,0.487390637397766,0.506162850455526,0.484414552842962,0.503644646055699
2008-02-22,0.510970532894135,0.511886238859348,0.487619730585508,0.491282554446364
2008-02-25,0.510741591453552,0.516464849544143,0.497234750391069,0.51051267859586
2008-02-26,0.515091121196747,0.522874702022275,0.499981785134828,0.507765365960356
2008-02-27,0.523103833198547,0.527224537696206,0.509368024183935,0.512573077216598
2008-02-28,0.503415644168854,0.519440738940977,0.503415644168854,0.518525033274831
2008-02-29,0.489680081605911,0.501813336393101,0.487619756719017,0.495174426853721
2008-03-03,0.483956724405289,0.492427097864603,0.477546675178634,0.488993133175142
2008-03-04,0.479149013757706,0.481667271882306,0.460376807082768,0.480751511883725
2008-03-05,0.484643578529358,0.496090037970979,0.47869140870351,0.483727818109209
2008-03-06,0.45419579744339,0.481896259025647,0.453509004628871,0.478691262278562
2008-03-07,0.447556972503662,0.465184540761069,0.434965840623867,0.445954446450799
2008-03-10,0.421916902065277,0.447556992574813,0.421230109053323,0.442062675769693
2008-03-11,0.435881465673447,0.440231107991957,0.417567108973633,0.434965732828679
2008-03-12,0.423977196216583,0.443894054405137,0.420314318844077,0.440002264253417
2008-03-13,0.45099088549614,0.457400907486091,0.414820045174948,0.417338249581013
2008-03-14,0.419398665428162,0.453738070027237,0.416193640505056,0.453280217121225
2008-03-17,0.40886777639389,0.423061402801578,0.396276648270473,0.401084170413787
2008-03-18,0.434279054403305,0.434965847395151,0.40657861295945,0.4184829247529
2008-03-19,0.404289364814758,0.430158370169205,0.404289364814758,0.424206227275328
2008-03-20,0.423977196216583,0.424892901914456,0.40177104649284,0.409096773947345
2008-03-24,0.458545506000519,0.461063710146853,0.431760774994057,0.433363273503635
2008-03-25,0.465184479951859,0.473883765607598,0.456256226944984,0.460605897063361
2008-03-26,0.450303971767426,0.462208306823025,0.445267537015711,0.45900331033298
2008-03-27,0.443894028663635,0.456027278554631,0.436568274343445,0.44343617584125
2008-03-28,0.450533092021942,0.462208491731693,0.44732806695921,0.451906650799817
2008-03-31,0.453051269054413,0.463810962254257,0.447328039603649,0.455340560834718
2008-04-01,0.480751752853394,0.481896426134871,0.459919212192143,0.466558175314047
2008-04-02,0.466100126504898,0.482125164582425,0.462437249742405,0.482125164582425
2008-04-03,0.457400888204575,0.462895204231712,0.443894051850389,0.462208411317007
2008-04-04,0.429929494857788,0.450533152182263,0.42878484874479,0.448243832665752
2008-04-07,0.44023123383522,0.446870196518193,0.436797296089359,0.440460173934482
2008-04-08,0.43771293759346,0.45190656669,0.434965793258503,0.434965793258503
2008-04-09,0.446412295103073,0.450990878266714,0.438628687350579,0.442749417655958
2008-04-10,0.455111682415009,0.469534254469181,0.441604843516449,0.451219864262051
2008-04-11,0.424206167459488,0.449159463401073,0.421458995582976,0.44641231881507
2008-04-14,0.410012573003769,0.423519411612137,0.407494340993078,0.422603678476199
2008-04-15,0.41482001543045,0.416422513990405,0.403144618096986,0.412072843852807
2008-04-16,0.431302934885025,0.436797251086637,0.42306150151837,0.430616169239018
2008-04-17,0.425350815057755,0.426953313798627,0.411157184605861,0.411386124693347
2008-04-18,0.435423612594605,0.442291513839292,0.42947147154195,0.438399696766184
2008-04-21,0.454882681369782,0.457858765968465,0.431989737613256,0.431989737613256
2008-04-22,0.446412295103073,0.451448731124976,0.436797248627022,0.44664120788695
2008-04-23,0.467931568622589,0.472968031327594,0.446641154021222,0.452593322332316
2008-04-24,0.456714153289795,0.472968136076453,0.449846277851575,0.470678844263713
2008-04-25,0.461292833089829,0.462437451876611,0.446641319635591,0.461063865667648
2008-04-28,0.453051269054413,0.466100254034562,0.451219830172066,0.459232378693646
2008-04-29,0.462437480688095,0.468160738721679,0.448014933757463,0.448014933757463
2008-04-30,0.470449864864349,0.475486273390858,0.464726608852118,0.467931606020081
2008-05-01,0.492198139429092,0.493342757832075,0.473883753752267,0.476173045139244
2008-05-02,0.515548944473267,0.515548944473267,0.498150318642636,0.505704985839897
2008-05-05,0.502728879451752,0.51440424888921,0.501584206493427,0.512114957553571
2008-05-06,0.515777885913849,0.516922504405024,0.493571708626274,0.501355343606535
2008-05-07,0.503873467445374,0.524019262732812,0.499523797795641,0.517151389140028
2008-05-08,0.502499997615814,0.509367872791356,0.480980666315321,0.507765374041832
2008-05-09,0.515777885913849,0.536381509984153,0.50295784224279,0.503873547951934
2008-05-12,0.501126289367676,0.522416757255168,0.496089881549995,0.522416757255168
2008-05-13,0.490824699401855,0.503644745891276,0.487161821179017,0.503644745891276
2008-05-14,0.505246996879578,0.518295949796282,0.490824458480904,0.497005538568764
2008-05-15,0.544394016265869,0.546683307654802,0.50181313093451,0.504102422323442
2008-05-16,0.55881655216217,0.559961225136262,0.540960046749632,0.553551176559577
2008-05-19,0.547141015529633,0.579419997578127,0.543249172270656,0.559045294256108
2008-05-20,0.532947719097138,0.538442009161543,0.526766635952053,0.532260926016458
2008-05-21,0.528597950935364,0.554924832267955,0.527453277816938,0.534321207365456
2008-05-22,0.541418194770813,0.545767866895132,0.527682439770789,0.5361528165627
2008-05-23,0.529055774211884,0.54485190131295,0.521272139754176,0.540502231260262
2008-05-27,0.534779071807861,0.535465864812619,0.519898647673147,0.529971575355579
2008-05-28,0.539815485477448,0.550804063370225,0.533634403590133,0.549430532069391
2008-05-29,0.538441777229309,0.540959981053072,0.528597820087868,0.540044275533613
2008-05-30,0.565455675125122,0.567287086909925,0.552177748651704,0.553780247608663
2008-06-02,0.567744910717011,0.572094581499877,0.55927453653739,0.565455618923031
2008-06-03,0.548514664173126,0.570491924810015,0.541875758014719,0.569576164681056
2008-06-04,0.554924726486206,0.556069344805422,0.533405345358661,0.536381429402034
2008-06-05,0.568889558315277,0.580336072449532,0.562479562797878,0.574154935167866
2008-06-06,0.550804197788239,0.562708538894725,0.547599199669117,0.562021745786195
2008-06-09,0.542333722114563,0.555153766805617,0.531345143568528,0.547599098587336
2008-06-10,0.510283470153809,0.52836888538028,0.506849506372389,0.527682092623996
2008-06-11,0.486475080251694,0.522645931530874,0.485788287099972,0.510283763961953
2008-06-12,0.489450991153717,0.507078530211653,0.485330233713048,0.497463538678787
2008-06-13,0.487848490476608,0.495860983386365,0.473425948658032,0.490137781962398
2008-06-16,0.481209486722946,0.487161654981824,0.477317696995452,0.482583072410535
2008-06-17,0.469534039497376,0.488306192170861,0.468389366754309,0.488077279454648
2008-06-18,0.455798357725143,0.48075162265401,0.448243663482158,0.46472658312048
2008-06-19,0.454653918743134,0.464726822294002,0.443665309092422,0.458316825014064
2008-06-20,0.452364474534988,0.457400938267065,0.444351953330971,0.444580893424432
2008-06-23,0.442978352308273,0.45625627688693,0.439086561885155,0.455798424006064
2008-06-24,0.457629948854446,0.468160731465186,0.440460256891375,0.440460256891375
2008-06-25,0.460148066282272,0.468160614486809,0.452822338333264,0.464726649661716
2008-06-26,0.436568260192871,0.449846182645209,0.436568260192871,0.446412245652865
2008-06-27,0.441375851631165,0.443894083400568,0.428326894486321,0.438399766982917
2008-06-30,0.428555846214294,0.440231245783304,0.425579761295673,0.436339455023805
2008-07-01,0.429242551326752,0.429700404153418,0.415735715551818,0.423519322767163
2008-07-02,0.412759691476822,0.429929406951674,0.412072898491346,0.427182262300281
2008-07-03,0.285932779312134,0.300584261746237,0.283872427813678,0.297150324388472
2008-07-07,0.277004539966583,0.292113874540687,0.269220932616997,0.290282435911931
2008-07-08,0.275402098894119,0.285703940941045,0.270136721449406,0.278836064436771
2008-07-09,0.270594447851181,0.280209464031812,0.270594447851181,0.276088735014256
2008-07-10,0.269907742738724,0.275173118898476,0.264871279365607,0.271968094270992
2008-07-11,0.267160624265671,0.273799559662869,0.259148075562432,0.264413452234612
2008-07-14,0.255027383565903,0.271281368961095,0.253195944363689,0.269221016915176
2008-07-15,0.257774472236633,0.263039847997785,0.24495442927822,0.252738009244788
2008-07-16,0.259148091077805,0.266015966985613,0.251593422121113,0.258690238142053
2008-07-17,0.260063678026199,0.263268674065051,0.249990782650314,0.263268674065051
2008-07-18,0.264642357826233,0.26624485644172,0.250906581333539,0.258232336073778
2008-07-21,0.266244858503342,0.272654880305432,0.263955566951917,0.268763090126112
2008-07-22,0.260521620512009,0.264871263391366,0.255485184733146,0.263726617655692
2008-07-23,0.26830518245697,0.271052326299314,0.261208369181289,0.26235301472314
2008-07-24,0.252509117126465,0.268076305623241,0.251822324181363,0.265558073921369
2008-07-25,0.264642357826233,0.265558063523509,0.24976193556669,0.255027311552296
2008-07-28,0.263955593109131,0.272654907324722,0.260063802544146,0.261208448433289
2008-07-29,0.266702651977539,0.273341612372894,0.261437277123431,0.264413360935796
2008-07-30,0.262810915708542,0.272425961856894,0.256858746882467,0.271968081723729
2008-07-31,0.261895209550858,0.267618438300027,0.25914803791885,0.26212412232652
2008-08-01,0.24815945327282,0.25594306137363,0.244954455831051,0.255027328325618
2008-08-04,0.242207229137421,0.249532982700796,0.241520436329541,0.248159397085038
2008-08-05,0.25617191195488,0.25617191195488,0.244038663516799,0.246785807412657
2008-08-06,0.263039767742157,0.265329058479784,0.248617203346507,0.256858660918165
2008-08-07,0.258919090032578,0.272425924423333,0.255943006028479,0.260750528442062
2008-08-08,0.251822412014008,0.263268874123069,0.250906678670972,0.260979581701256
2008-08-11,0.257087737321854,0.263268820135102,0.252738066238077,0.253653799393326
2008-08-12,0.253424882888794,0.259834906410586,0.249762004507623,0.259148113302802
2008-08-13,0.280667424201965,0.284788154797164,0.266931673744975,0.273570636173493
2008-08-14,0.29760816693306,0.308825711620727,0.278607042087018,0.278607042087018
2008-08-15,0.29669252038002,0.306307568397203,0.294632141251833,0.302873603183557
2008-08-18,0.302644580602646,0.305391724486741,0.295547767219106,0.2987527638688
2008-08-19,0.307223320007324,0.30905475929714,0.296463624413601,0.296463624413601
2008-08-20,0.322332620620728,0.323248326508406,0.309512574450154,0.311801866459862
2008-08-21,0.311801880598068,0.319127637193723,0.305391857222128,0.316609404952652
2008-08-22,0.311572879552841,0.317753988883229,0.304933944637881,0.314091111301556
2008-08-25,0.306994259357452,0.317067157852257,0.306078553717246,0.309741430859085
2008-08-26,0.2996686398983,0.308825808748379,0.296463614426463,0.308596895901437
2008-08-27,0.301957845687866,0.305620723095757,0.290053507757476,0.292800679458648
2008-08-28,0.300813257694244,0.305620781804294,0.297837172639953,0.30241575663409
2008-08-29,0.289366662502289,0.297608093466618,0.28845092975703,0.296692388011859
2008-09-02,0.282041013240814,0.296692496929085,0.278149222693645,0.294174265068293
2008-09-03,0.266931593418121,0.279293781483606,0.264413362342605,0.278149135956644
2008-09-04,0.263268798589706,0.266702736237208,0.261666299812308,0.263955591577309
2008-09-05,0.267160624265671,0.267847389982924,0.260750601677386,0.2609795144863
2008-09-08,0.25617191195488,0.26967874598614,0.251822269727315,0.26967874598614
2008-09-09,0.247472673654556,0.270823471925684,0.246556967847674,0.255256282175102
2008-09-10,0.247701585292816,0.255485192919095,0.246099086669629,0.250448729688352
2008-09-11,0.235797256231308,0.240833719650083,0.228013661959688,0.233507964601141
2008-09-12,0.233279064297676,0.235339415958895,0.220001153028707,0.233736917190112
2008-09-15,0.212904363870621,0.228471568807357,0.210157205242283,0.22503761711062
2008-09-16,0.219543308019638,0.221145820590819,0.201457885025594,0.205349689573957
2008-09-17,0.228929355740547,0.233965791305609,0.212446436014154,0.214506800979954
2008-09-18,0.249304130673409,0.261437383594022,0.231218707704037,0.231676560640746
2008-09-19,0.261208474636078,0.263268826527013,0.24953307447941,0.261208474636078
2008-09-22,0.255714118480682,0.266702723902582,0.254340532569004,0.259148055969369
2008-09-23,0.248388424515724,0.26303990950724,0.247472691352841,0.253653801508136
2008-09-24,0.257545560598373,0.26258199685551,0.243809810465905,0.245183369104846
2008-09-25,0.26258197426796,0.268763083128273,0.253195868235304,0.257545538444062
2008-09-26,0.267618536949158,0.269449976282096,0.251364550393795,0.256172047940925
2008-09-29,0.231218740344048,0.263726712797082,0.228929448046821,0.260521714497172
2008-09-30,0.245183363556862,0.247472655193805,0.232363319473778,0.234881551190619
2008-10-01,0.238315463066101,0.245870130115223,0.233965793048482,0.241520460097605
2008-10-02,0.213591128587723,0.239917997133129,0.212446469077244,0.239917997133129
2008-10-03,0.206723257899284,0.223206181637948,0.205349685469481,0.217025085235949
2008-10-06,0.179709613323212,0.197337171277225,0.167347419190326,0.196879318299826
2008-10-07,0.165744841098785,0.186577416257958,0.164371269063151,0.186119563461164
2008-10-08,0.169178828597069,0.179022788684904,0.1581902089768,0.159792721406002
2008-10-09,0.158419087529182,0.177878089018542,0.156587662850558,0.175359857911901
2008-10-10,0.155900940299034,0.167805267476458,0.143767686639311,0.144683406213768
2008-10-13,0.184288159012795,0.184517085453463,0.167118457638551,0.16917882289508
2008-10-14,0.180167436599731,0.192300688598474,0.175130986452312,0.191156042698414
2008-10-15,0.160708412528038,0.17993847641861,0.160708412528038,0.179022757141166
2008-10-16,0.176275700330734,0.177191420132969,0.157961345221826,0.165516016533685
2008-10-17,0.175130993127823,0.185203893806612,0.168034191005989,0.171239202377375
2008-10-20,0.178564935922623,0.18245674042651,0.174215278486634,0.18108316798495
2008-10-21,0.164829194545746,0.1769624481046,0.163913474978902,0.175131008970912
2008-10-22,0.158648058772087,0.169407737162935,0.154298402130904,0.162539848919578
2008-10-23,0.149719849228859,0.162082043496976,0.143309825603596,0.158190238565475
2008-10-24,0.151322290301323,0.159105882833261,0.136670810768645,0.137357603562294
2008-10-27,0.159563764929771,0.168949856709241,0.145599063172714,0.150406585910353
2008-10-28,0.183601409196854,0.183830335691326,0.165058131175167,0.168034216539088
2008-10-29,0.189553469419479,0.201457790289966,0.181540937621984,0.18245665671129
2008-10-30,0.19756606221199,0.201457866400551,0.185432810396559,0.200313220517784
2008-10-31,0.200542137026787,0.204433941022477,0.190927103900895,0.191384970418464
2008-11-03,0.193216398358345,0.208554674482395,0.190011387269847,0.204891796869679
2008-11-04,0.205578625202179,0.205578625202179,0.194590017764006,0.199855395004226
2008-11-05,0.194818839430809,0.203747076465297,0.194818839430809,0.198023849346427
2008-11-06,0.174444183707237,0.190240297738933,0.173986317221458,0.183372423259522
2008-11-07,0.199626445770264,0.207638981327008,0.185432827339903,0.198710726251328
2008-11-10,0.186806410551071,0.208325786371896,0.182456752819638,0.20718112667338
2008-11-11,0.178564935922623,0.185432825420939,0.176733510548961,0.184059252979378
2008-11-12,0.168034180998802,0.177191348002981,0.165973815693811,0.173070617392999
2008-11-13,0.181769967079163,0.181998893552834,0.157045580436502,0.16025059200367
2008-11-14,0.164142340421677,0.17535987024236,0.163455547590619,0.174444164661286
2008-11-17,0.160708412528038,0.166889493771595,0.159105900381197,0.162539837437674
2008-11-18,0.155443042516708,0.164829148392093,0.150177666715651,0.163913429081659
2008-11-19,0.142623007297516,0.1579612690656,0.141936214365641,0.154069465193734
2008-11-20,0.135068342089653,0.148575180392195,0.133465843251185,0.141478364734036
2008-11-21,0.146056905388832,0.146056905388832,0.131634353214747,0.139417958865317
2008-11-24,0.155671998858452,0.157503437831385,0.146514817639041,0.154985205832288
2008-11-25,0.160021647810936,0.162997732574894,0.155443064263466,0.162539866032993
2008-11-26,0.174215227365494,0.174673093808497,0.156358749929182,0.157274455524684
2008-11-28,0.171010211110115,0.173986295131439,0.168720919907636,0.171468077537762
2008-12-01,0.156358793377876,0.165744887501973,0.156129853270131,0.164142388619294
2008-12-02,0.165058046579361,0.167118411264151,0.157274440594486,0.159334805279276
2008-12-03,0.173528492450714,0.173757418908008,0.157274495658756,0.158648081693031
2008-12-04,0.16208191215992,0.17856481084918,0.158190110381995,0.170094428376224
2008-12-05,0.168492034077644,0.169178827061821,0.154298417018283,0.157045561664479
2008-12-08,0.162997767329216,0.175131021775162,0.159105962296904,0.171697083382376
2008-12-09,0.178793862462044,0.18520388489643,0.159105928616284,0.160937367496181
2008-12-10,0.195734530687332,0.200313111731867,0.17925161709461,0.182227700231657
2008-12-11,0.187493205070496,0.201457897942915,0.185203912946526,0.194590021571007
2008-12-12,0.196879237890244,0.198023883511504,0.178335954264378,0.181998831168612
2008-12-15,0.190469205379486,0.199168517030561,0.184288111213117,0.198023871478854
2008-12-16,0.203289300203323,0.203747153086914,0.190469255719718,0.192300680899337
2008-12-17,0.213362142443657,0.216338226508945,0.19687923735516,0.199626381380617
2008-12-18,0.193674296140671,0.212675439298875,0.191156063964185,0.211988646224332
2008-12-19,0.19504788517952,0.203747201183342,0.194361092046754,0.196192531303956
2008-12-22,0.183601409196854,0.1984818223712,0.176504605996648,0.198023969382255
2008-12-23,0.181083098053932,0.188637764032925,0.178335940586457,0.184745961031981
2008-12-24,0.17673347890377,0.181769928481361,0.173070601521794,0.177420258178951
2008-12-26,0.171926006674767,0.179022823470444,0.167118495743532,0.176733531251259
2008-12-29,0.177420318126678,0.177420318126678,0.162997771086426,0.174215306157149
2008-12-30,0.183601409196854,0.186348568066302,0.175588886373498,0.179709617855041
2008-12-31,0.184745997190475,0.189324593865724,0.178107049067933,0.18131205991798
2009-01-02,0.199397534132004,0.200771106689938,0.184059268573507,0.184746048029845
2009-01-05,0.203060418367386,0.207639002790083,0.195734675103916,0.197108247701673
2009-01-06,0.209928274154663,0.2158804442293,0.204433970663983,0.209012554632007
2009-01-07,0.197337135672569,0.205120744046065,0.190240320286516,0.205120744046065
2009-01-08,0.192300647497177,0.194818878855281,0.180396324493761,0.194818878855281
2009-01-09,0.181540995836258,0.192300674706702,0.181083142967411,0.192300674706702
2009-01-12,0.174215227365494,0.182456686887024,0.171697009687361,0.18154096764627
2009-01-13,0.175130993127823,0.181769955975539,0.165058106094289,0.168263117465676
2009-01-14,0.167347401380539,0.171010265745693,0.164829182982324,0.168949900276151
2009-01-15,0.173299506306648,0.176046650138532,0.164829121142047,0.168263057754527
2009-01-16,0.182914584875107,0.18451708358885,0.172383832258207,0.178107061443368
2009-01-20,0.165058046579361,0.183143462342936,0.163684461026,0.182456669566256
2009-01-21,0.173070594668388,0.174215240393616,0.162081990248103,0.168263085351484
2009-01-22,0.16986557841301,0.174444174811041,0.163684483509607,0.16757628703662
2009-01-23,0.176504522562027,0.181769897672222,0.164829126765095,0.165058053151353
2009-01-26,0.182456716895103,0.187722093161477,0.174444196099907,0.177420267065256
2009-01-27,0.193216398358345,0.194589984285741,0.184746010935509,0.185432803899207
2009-01-28,0.201228946447372,0.204433957751607,0.193674277919195,0.200084300527664
2009-01-29,0.189553469419479,0.196879208488683,0.188637750330173,0.194589917588041
2009-01-30,0.181998863816261,0.193216395645903,0.17970957216308,0.188179959467005
2009-02-02,0.19184285402298,0.193903219568963,0.178336014737674,0.179251734274251
2009-02-03,0.194132149219513,0.195734661846067,0.18703533292882,0.192300710116381
2009-02-04,0.199626445770264,0.209470420364879,0.194590008884003,0.194590008884003
2009-02-05,0.214277923107147,0.216567214999854,0.192300696375701,0.194361061808188
2009-02-06,0.225953280925751,0.227326853078523,0.21130179914534,0.21496467641307
2009-02-09,0.222977265715599,0.228242643187128,0.216796182288376,0.225037631406426
2009-02-10,0.213362142443657,0.225724331493969,0.20924141276022,0.222748247428681
2009-02-11,0.186577409505844,0.203518180698183,0.179938462321077,0.196421367087939
2009-02-12,0.190469205379486,0.191613850931193,0.179938455387579,0.182456672872285
2009-02-13,0.190240308642387,0.192529613911988,0.184746006014907,0.186119591905718
2009-02-17,0.179251670837402,0.187493130104697,0.17856487801671,0.183143474079236
2009-02-18,0.184059172868729,0.19001132662169,0.179022724581415,0.179251650947827
2009-02-19,0.16986557841301,0.189324582402823,0.16986557841301,0.187722070252199
2009-02-20,0.174215227365494,0.176962385087755,0.165973781489216,0.167576279926596
2009-02-23,0.166202753782272,0.17810707990875,0.165058107826568,0.177191360415135
2009-02-24,0.181083098053932,0.181312024431576,0.166889471606521,0.167118411629416
2009-02-25,0.183143481612206,0.188637783467974,0.174444169203468,0.180625250262925
2009-02-26,0.189095675945282,0.19550569839613,0.186806384162158,0.18955354248906
2009-02-27,0.189553469419479,0.193903124859749,0.182914523078569,0.184288094889904
2009-03-02,0.173528492450714,0.188866756122985,0.172841699433577,0.184974965413222
2009-03-03,0.180396348237991,0.187264236719674,0.171010241712003,0.176733484387614
2009-03-04,0.193674296140671,0.199168599801243,0.18360139472524,0.185203907350755
2009-03-05,0.189095675945282,0.198710709621555,0.188179970148237,0.190927114829883
2009-03-06,0.192071735858917,0.198939623964537,0.186577433561574,0.189095651467991
2009-03-09,0.190011411905289,0.205120763548822,0.189553558966965,0.190698204958031
2009-03-10,0.207181081175804,0.210843958658058,0.195047830217659,0.196879268958787
2009-03-11,0.212904363870621,0.271281351681554,0.203747182088084,0.207181120139564
2009-03-12,0.22549544274807,0.227784734366588,0.209470387773191,0.212217532257311
2009-03-13,0.224350810050964,0.227555821233257,0.218627567024921,0.22229044474483
2009-03-16,0.215651467442513,0.226869012630903,0.213820042353896,0.226640086200483
2009-03-17,0.226411134004593,0.22686898681333,0.213591091616921,0.216338235759849
2009-03-18,0.23350802063942,0.240146984334458,0.222748339208325,0.222977265697229
2009-03-19,0.230760797858238,0.235110440620057,0.2291582993297,0.235110440620057
2009-03-20,0.218169763684273,0.234423763378852,0.212217592860165,0.234194823235418
2009-03-23,0.233965784311295,0.234423664404844,0.220001110075407,0.225037545489907
2009-03-24,0.223892942070961,0.230302978039505,0.222748296202178,0.228242599101389
2009-03-25,0.227555841207504,0.238086581463463,0.218856512681746,0.230760852671124
2009-03-26,0.24174939095974,0.242207243762471,0.228700422338865,0.231218640044393
2009-03-27,0.239460095763206,0.245183323930581,0.235797218819885,0.23923115572031
2009-03-30,0.224121853709221,0.233279047345035,0.220916842759313,0.230302962824709
2009-03-31,0.225724399089813,0.231218702431313,0.224121886557362,0.227555838085399
2009-04-01,0.23144756257534,0.233507913676959,0.214506778187045,0.222977163558567
2009-04-02,0.242207229137421,0.246556898726988,0.236712941255392,0.240146878004286
2009-04-03,0.259148091077805,0.259834884126688,0.238315523241248,0.242436254244036
2009-04-06,0.259834885597229,0.262124177579455,0.251364510721097,0.254798448694435
2009-04-07,0.250906676054001,0.257545640382322,0.24930417683355,0.254798494962904
2009-04-08,0.261208474636078,0.261895267696561,0.251593426370345,0.253653805551794
2009-04-09,0.275630980730057,0.276546686487412,0.265787021031199,0.267847372630502
2009-04-13,0.266702651977539,0.272425906872398,0.260750511643309,0.272196966852023
2009-04-14,0.26830518245697,0.27471520294944,0.2618951619645,0.263039807506352
2009-04-15,0.260750681161881,0.261895327426906,0.249762044269009,0.258919241679735
2009-04-16,0.267389535903931,0.270594560829297,0.25548522388667,0.26555809698808
2009-04-17,0.269220888614655,0.27173911972892,0.260979429777517,0.267389450285235
2009-04-20,0.252967000007629,0.261208461745688,0.251593413954449,0.258919169850729
2009-04-21,0.252280294895172,0.262811052197928,0.245870269897431,0.249533149122003
2009-04-22,0.259834885597229,0.270365639631672,0.245870193589447,0.249990924615556
2009-04-23,0.255714118480682,0.264642372325573,0.247701597673747,0.262353080666449
2009-04-24,0.261666268110275,0.263497706758491,0.252051222029768,0.258232330878811
2009-04-27,0.252280294895172,0.265558197971097,0.250677795468367,0.258232466812473
2009-04-28,0.252967000007629,0.258232376824139,0.246785890058829,0.249075209244301
2009-04-29,0.249075248837471,0.255256332478308,0.246099163442841,0.254111686348875
2009-04-30,0.262810915708542,0.27013664306259,0.251822311032216,0.25388266246943
2009-05-01,0.267160624265671,0.27334170675453,0.26189524759349,0.262124160402404
2009-05-04,0.281583100557327,0.283643451794679,0.268076265620842,0.271739142587805
2009-05-05,0.270136684179306,0.277233499837465,0.264413454548698,0.275402060897568
2009-05-06,0.264642357826233,0.275630962646084,0.259376981840627,0.273112731042813
2009-05-07,0.245641201734543,0.270594522749597,0.24220726448451,0.270594522749597
2009-05-08,0.211759716272354,0.240375880132949,0.208554704719185,0.240375880132949
2009-05-11,0.215880423784256,0.221145800306927,0.206494316622516,0.208325755494381
2009-05-12,0.205578625202179,0.220687963840981,0.20145789400155,0.220687963840981
2009-05-13,0.192300647497177,0.205349629801256,0.190698149037704,0.204204984145846
2009-05-14,0.19504788517952,0.199168616685595,0.190698227177609,0.192071799797881
2009-05-15,0.200084239244461,0.206952112659171,0.194132071368844,0.196421362507081
2009-05-18,0.212217479944229,0.213591065492945,0.204662814007296,0.205120680405285
2009-05-19,0.216338336467743,0.218856555378561,0.210157238800906,0.213591191045988
2009-05-20,0.222748309373856,0.234652635300289,0.219314371564448,0.220230091042674
2009-05-21,0.221374690532684,0.224350774801197,0.215193595585448,0.220001118426161
2009-05-22,0.224808618426323,0.228013628973953,0.21725395168157,0.221374681477845
2009-05-26,0.236941918730736,0.238773357621933,0.220459009645729,0.222748301437097
2009-05-27,0.2373998016119,0.244496617977597,0.233508010533185,0.235797302613666
2009-05-28,0.240604743361473,0.242665094602351,0.230302932576073,0.241062596160501
2009-05-29,0.238773360848427,0.241291592769165,0.23053189937193,0.240833739862807
2009-06-01,0.250448793172836,0.251822379364039,0.240604831577257,0.241520537511049
2009-06-02,0.248388424515724,0.255943093479575,0.243809840572847,0.250448776373814
2009-06-03,0.240604743361473,0.246099058821323,0.234652575102596,0.245183325932762
2009-06-04,0.249304130673409,0.249761983610118,0.241062668650592,0.241291608764203
2009-06-05,0.247930556535721,0.253882726871678,0.244954498658256,0.253882726871678
2009-06-08,0.246556907892227,0.24999084476877,0.240375799682046,0.246099055100122
2009-06-09,0.260063678026199,0.262810821386715,0.248159344646471,0.249990782650314
2009-06-10,0.26830518245697,0.269907680757462,0.255714054206099,0.261437281915357
2009-06-11,0.26487135887146,0.279293933088567,0.263268859721954,0.268992090463417
2009-06-12,0.263497799634933,0.264413505636552,0.255027396312641,0.260979567194709
2009-06-15,0.259148091077805,0.262124176095957,0.254569507139266,0.258690238142053
2009-06-16,0.252051115036011,0.262352949647863,0.248388266584937,0.259147926551365
2009-06-17,0.258232265710831,0.260750496627936,0.24609901843019,0.255942974800917
2009-06-18,0.253195762634277,0.262124012102942,0.250448619447956,0.257316491059008
2009-06-19,0.255943089723587,0.262353112607651,0.252509151816822,0.255714149613598
2009-06-22,0.241520449519157,0.25685872300092,0.24060474391898,0.25685872300092
2009-06-23,0.240375876426697,0.244267694628387,0.230989768384581,0.243809841690104
2009-06-24,0.248388424515724,0.254111654444321,0.243351960346149,0.243351960346149
2009-06-25,0.261437445878983,0.26189532621529,0.243580958769085,0.2460991914567
2009-06-26,0.26487135887146,0.265787092164404,0.258003481981704,0.26029277427829
2009-06-29,0.26487135887146,0.269678883610496,0.262124213573661,0.265558152018539
2009-06-30,0.258461177349091,0.267618368241036,0.253653682832632,0.263955491884258
2009-07-01,0.259605884552002,0.263039849009885,0.255256241722861,0.260063764673391
2009-07-02,0.249533042311668,0.254340538534279,0.246099104742443,0.251135541052539
2009-07-06,0.241520449519157,0.249532996327984,0.237399719737348,0.249304056282687
2009-07-07,0.230989724397659,0.243809795261882,0.23030295876627,0.242436209418088
2009-07-08,0.23144756257534,0.233050060908877,0.222290384406444,0.232363268111504
2009-07-09,0.236484065651894,0.240375856236178,0.23465262676208,0.235339419757074
2009-07-10,0.2373998016119,0.239002327900649,0.231447658576958,0.236484095695914
2009-07-13,0.240146934986115,0.242207286608128,0.227784743382507,0.242207286608128
2009-07-14,0.245183363556862,0.246099096585944,0.239231194384607,0.241978366181345
2009-07-15,0.255256325006485,0.260292762370463,0.251822386718702,0.254111678910557
2009-07-16,0.268534153699875,0.26944988670718,0.256629842928979,0.258003401504174
2009-07-17,0.276317805051804,0.277233510913079,0.265787051194571,0.268534196068911
2009-07-20,0.279751747846603,0.282727832883425,0.274944223764775,0.278607101854788
2009-07-21,0.274028480052948,0.280209562097236,0.267618457925701,0.27906491626346
2009-07-22,0.280896335840225,0.28341456741847,0.266702706639945,0.268534145306805
2009-07-23,0.29760816693306,0.298523899904373,0.278378102021562,0.281354186419944
2009-07-24,0.29669252038002,0.297608226243317,0.286619619431189,0.288451058448296
2009-07-27,0.298066109418869,0.302415753248398,0.29119820621404,0.293945378412177
2009-07-28,0.298523962497711,0.301728960343052,0.293487498325729,0.29600573041172
2009-07-29,0.292571812868118,0.296921484293752,0.289595727638057,0.295090045129828
2009-07-30,0.294861018657684,0.301499980271539,0.292342787133376,0.29760816295388
2009-07-31,0.296005606651306,0.300126335937084,0.287993088097488,0.294860961143618
2009-08-03,0.304018169641495,0.307452133956982,0.297379235642733,0.303102464017702
2009-08-04,0.306078612804413,0.311343989478326,0.298295004198039,0.298752857106528
2009-08-05,0.306765288114548,0.309054579069167,0.300584180704674,0.304247057148266
2009-08-06,0.300355434417725,0.313404394631701,0.298523995181084,0.307910104212295
2009-08-07,0.313862264156342,0.32576657785091,0.309512592707018,0.316609409271932
2009-08-10,0.303560435771942,0.320730154914866,0.301728996516249,0.316151570420891
2009-08-11,0.296463578939438,0.306078626913501,0.294861080040598,0.301500043036524
2009-08-12,0.307452231645584,0.310657229637707,0.296463596925554,0.296692537049498
2009-08-13,0.316609472036362,0.317754118335648,0.30424727562976,0.309741594240645
2009-08-14,0.307223320007324,0.316609429311057,0.303102588427868,0.316151576311232
2009-08-17,0.294403254985809,0.298752899164568,0.291198229594158,0.297837193218676
2009-08-18,0.305162757635117,0.308596721301521,0.294174155774123,0.29440309578205
2009-08-19,0.301728993654251,0.303560432892573,0.297608262190656,0.300584347541615
2009-08-20,0.313633263111115,0.315006849047386,0.29966857282422,0.300355365792356
2009-08-21,0.318898558616638,0.319356411382462,0.30974139413816,0.316151414731195
2009-08-24,0.30997034907341,0.320501100573457,0.308138910470292,0.317067163426552
2009-08-25,0.312717586755753,0.31592258452111,0.306307563934525,0.311572913507539
2009-08-26,0.316380441188812,0.31706723422966,0.310886151443056,0.312030797414298
2009-08-27,0.320730149745941,0.322103708697688,0.314320126099577,0.317754064414717
2009-08-28,0.337213009595871,0.344080884884092,0.328971548333802,0.329429401228248
2009-08-31,0.332405507564545,0.334923739583299,0.328055836558561,0.333321213412903
2009-09-01,0.321187824010849,0.341562529717861,0.319356385803741,0.332176425962996
2009-09-02,0.32576647400856,0.328971498363868,0.319814305413351,0.321645744003454
2009-09-03,0.333550244569778,0.334008097618938,0.324850927473663,0.325766633571983
2009-09-04,0.34591218829155,0.348201479157793,0.332176415803591,0.332176415803591
2009-09-08,0.355527371168137,0.355527371168137,0.345683410369643,0.348430555239092
2009-09-09,0.365371346473694,0.366058139540953,0.349804155208041,0.354840592217087
2009-09-10,0.377046793699265,0.3775046739948,0.362395306505063,0.366516038131261
2009-09-11,0.373612821102142,0.377504639515633,0.370865676032425,0.376131053335517
2009-09-14,0.367431670427322,0.371094548041602,0.364226645692201,0.368118463391313
2009-09-15,0.374986410140991,0.37956499438893,0.367431740673789,0.370865678859743
2009-09-16,0.364913433790207,0.374757393368121,0.359419144732562,0.374070600413288
2009-09-17,0.348888367414475,0.363997702185382,0.342707258550599,0.363997702185382
2009-09-18,0.348430454730988,0.35484047577101,0.345683310653979,0.35232227173813
2009-09-21,0.346827983856201,0.352780152571495,0.341333695265551,0.344309752332691
2009-09-22,0.347514778375626,0.351406568419721,0.344767634067471,0.349346217011231
2009-09-23,0.34202042222023,0.352551172667836,0.341562569437835,0.349575088646512
2009-09-24,0.337441921234131,0.347743761421446,0.336297275356708,0.347743761421446
2009-09-25,0.33194774389267,0.337213122162738,0.329429511196827,0.335610595561463
2009-09-28,0.339502245187759,0.347972617850368,0.333092223854526,0.333092223854526
2009-09-29,0.333321213722229,0.345683406429614,0.332634420690067,0.341562675527152
2009-09-30,0.344080835580826,0.348201565621402,0.332634351116778,0.340189018309417
2009-10-01,0.31958544254303,0.342936240454223,0.319356502449583,0.342936240454223
2009-10-02,0.317067176103592,0.323935050671996,0.314548944512307,0.31638038318865
2009-10-05,0.315464735031128,0.321645817811915,0.30997041800003,0.32050117184175
2009-10-06,0.320730149745941,0.326224440133959,0.317067271293586,0.319356563503679
2009-10-07,0.318211793899536,0.321874670930316,0.314777856917119,0.318440733947899
2009-10-08,0.320272207260132,0.320958972898827,0.308825722117935,0.320043267186895
2009-10-09,0.324393063783646,0.324850916817787,0.317983039434113,0.318440892468254
2009-10-12,0.320730149745941,0.32691123325509,0.318669770382548,0.318898710519763
2009-10-13,0.31958544254303,0.326224377766872,0.316609357780769,0.322561527305291
2009-10-14,0.319127529859543,0.331947572299577,0.317525004086659,0.331947572299577
2009-10-15,0.309741646051407,0.321645964097124,0.307681265993738,0.318669877763064
2009-10-16,0.302644580602646,0.30676531007404,0.297150265543953,0.30584957725234
2009-10-19,0.313633263111115,0.316151494897443,0.302644657492469,0.305162861988288
2009-10-20,0.313862264156342,0.321187993561421,0.311344031880917,0.318898701416676
2009-10-21,0.306307554244995,0.317525073359412,0.304705028122497,0.312717576863453
2009-10-22,0.308367818593979,0.309970316971807,0.29943956656236,0.304704941767084
2009-10-23,0.301042139530182,0.312488597299558,0.29921070082898,0.312488597299558
2009-10-26,0.29715022444725,0.307909913048491,0.295547726344034,0.303331331444728
2009-10-27,0.287077456712723,0.300126441941669,0.284101399173992,0.295776798392361
2009-10-28,0.275173127651215,0.287077438940716,0.273799541725672,0.280667416772366
2009-10-29,0.28730633854866,0.288679924280689,0.277004527429965,0.279522731551343
2009-10-30,0.273799657821655,0.287077560666769,0.272426098604208,0.285932914340303
2009-11-02,0.276317805051804,0.282269975021633,0.268534196068911,0.273341720066889
2009-11-03,0.274944186210632,0.2763177721294,0.264642373691404,0.26738951823843
2009-11-04,0.274257332086563,0.279980587278025,0.273112686506371,0.277004503311426
2009-11-05,0.280896335840225,0.283643480195261,0.276546665595121,0.277462398573804
2009-11-06,0.301271051168442,0.307452160172864,0.294861029383805,0.298523906772314
2009-11-09,0.308138877153397,0.312488546776815,0.305162793156427,0.305391733191003
2009-11-10,0.300584346055985,0.309283661927129,0.296692554750359,0.309283661927129
2009-11-11,0.309054672718048,0.316380400534552,0.305162855083506,0.305620735245576
2009-11-12,0.308138877153397,0.317067129144307,0.3072231715961,0.311801753963591
2009-11-13,0.310428351163864,0.312030877768697,0.306536559317527,0.30791014575295
2009-11-16,0.314777910709381,0.318440788366109,0.311572885937117,0.313175411968504
2009-11-17,0.314320087432861,0.315006880469505,0.308367917502631,0.315006880469505
2009-11-18,0.309512585401535,0.312488670577561,0.304247208134799,0.311344024532206
2009-11-19,0.29715022444725,0.302873451451953,0.291655937438936,0.302873451451953
2009-11-20,0.295318871736527,0.296692457531015,0.289595643077002,0.290282435974246
2009-11-23,0.29760816693306,0.305162834316487,0.29623460841185,0.299668545650635
2009-11-24,0.295776635408402,0.29829483865282,0.290969114311017,0.296234488062796
2009-11-25,0.299210876226425,0.303331608897076,0.297150496245838,0.299210876226425
2009-11-27,0.292800635099411,0.296234571915127,0.286848467035968,0.288450965425201
2009-11-30,0.298981755971909,0.299210696039835,0.290740295593667,0.293945320092097
2009-12-01,0.304933965206146,0.308367902936649,0.298981795557071,0.300584294373203
2009-12-02,0.314091175794601,0.3147779688935,0.303789361182672,0.305620800349563
2009-12-03,0.316609472036362,0.323477349832078,0.316151618974751,0.317754118335648
2009-12-04,0.326453238725662,0.327826824372357,0.317524986603153,0.322561449114032
2009-12-07,0.368347316980362,0.376588776642568,0.345683316554549,0.362853028732562
2009-12-08,0.350490808486939,0.363997642454315,0.348430430106914,0.362395116839684
2009-12-09,0.359190195798874,0.361937340259996,0.350719795048861,0.354153759738399
2009-12-10,0.352780193090439,0.363997738912972,0.351635547228375,0.361708447188844
2009-12-11,0.348201602697372,0.356214123572012,0.347285869651679,0.35575627069442
2009-12-14,0.358732402324677,0.359877048313847,0.349346294297271,0.353238085202349
2009-12-15,0.358274459838867,0.36422660112055,0.355298375552773,0.35621408119903
2009-12-16,0.387119621038437,0.391240351863908,0.369034198885123,0.371094577943114
2009-12-17,0.385288089513779,0.400168510389039,0.37956486121195,0.388264173688831
2009-12-18,0.385059177875519,0.389866673288729,0.380480567930239,0.3884931148666
2009-12-21,0.398795068264008,0.400397567307388,0.386890754568233,0.387348607539125
2009-12-22,0.409325748682022,0.413446479252441,0.398337142924409,0.39879499581212
2009-12-23,0.415049046278,0.41619369233082,0.407952229834307,0.413217607135384
2009-12-24,0.414133280515671,0.416880425187414,0.412530781731363,0.416193632196851
2009-12-28,0.407494336366653,0.417109384087028,0.403373605527994,0.413446506165884
2009-12-29,0.41253075003624,0.413675395835731,0.405204995087088,0.406120728100986
2009-12-30,0.427411139011383,0.429929370648652,0.413446449551086,0.416422534043175
2009-12-31,0.427640169858933,0.43382125293732,0.427182316906925,0.428326962932201
2010-01-04,0.423290342092514,0.426266426116037,0.414591030058565,0.423748194875247
2010-01-05,0.429471522569656,0.434050105749783,0.421687914789137,0.421687914789137
2010-01-06,0.432218700647354,0.43313440643842,0.425121885249805,0.429242615890623
2010-01-07,0.423748254776001,0.43176080241375,0.420543257553307,0.429929363733422
2010-01-08,0.424664109945297,0.427640195245793,0.41779623338593,0.420314438416722
2010-01-11,0.41871178150177,0.428784679699287,0.412759613144578,0.426953241182419
2010-01-12,0.404518187046051,0.414133233235195,0.395818873836615,0.41253073463384
2010-01-13,0.410012573003769,0.411386159062421,0.391469297664531,0.407265428176978
2010-01-14,0.403602540493012,0.407952184089789,0.396734664946198,0.404976126518579
2010-01-15,0.391698181629181,0.404060373374944,0.386432805179532,0.400626435771761
2010-01-19,0.399023920297623,0.401542124726815,0.387577434809397,0.388722080629169
2010-01-20,0.397421360015869,0.399023885857642,0.388722047078346,0.393987422852939
2010-01-21,0.390324652194977,0.40428934374332,0.386661774227719,0.397192527915701
2010-01-22,0.37681782245636,0.392842866182632,0.374528530495464,0.385746050187649
2010-01-25,0.383227735757828,0.390553462478593,0.380251651602062,0.382998795711036
2010-01-26,0.37109449505806,0.383914537587128,0.370865555005913,0.381396306175541
2010-01-27,0.381167590618134,0.382541177158996,0.366745041101167,0.370865773433232
2010-01-28,0.368347316980362,0.385517029158375,0.363081941490092,0.384143443451172
2010-01-29,0.352322369813919,0.376588875045307,0.346828052839948,0.372468144137457
2010-02-01,0.379335999488831,0.38002279248496,0.350719824780525,0.353695909570078
2010-02-02,0.383227735757828,0.388035258416411,0.376817714643218,0.377962360296166
2010-02-03,0.38643279671669,0.388035322728822,0.377962422939109,0.379793861745467
2010-02-04,0.363997727632523,0.382998853812033,0.359876997198694,0.382998853812033
2010-02-05,0.371323555707932,0.372239288990723,0.357129921794052,0.363539972902044
2010-02-08,0.370636701583862,0.379564956346813,0.363310972979488,0.37017884866306
2010-02-09,0.367660641670227,0.378420336138746,0.363997790764158,0.376588897040455
2010-02-10,0.374757379293442,0.37819131664813,0.367431651728209,0.369949883371184
2010-02-11,0.391927123069763,0.396047853665887,0.377962432519153,0.380709577153065
2010-02-12,0.397192567586899,0.405205090061359,0.384830373680565,0.389180045112438
2010-02-16,0.404518187046051,0.406120712937913,0.397650312505524,0.402457835600096
2010-02-17,0.408409982919693,0.409783541381079,0.396734585900131,0.409554628616101
2010-02-18,0.381625205278397,0.38803522585512,0.371094455238743,0.385974847478404
2010-02-19,0.379565000534058,0.384143584856123,0.377733561347128,0.380022853508161
2010-02-22,0.38025176525116,0.386890728396804,0.377733533145827,0.381167471131001
2010-02-23,0.37109449505806,0.382998804669048,0.367202677914607,0.381396306175541
2010-02-24,0.378878146409988,0.382541024193947,0.373154916929122,0.374299562825295
2010-02-25,0.375444114208221,0.376359847068943,0.36079263405122,0.370178738953213
2010-02-26,0.3708655834198,0.376359899477707,0.368576291884965,0.3736127278035
2010-03-01,0.385746002197266,0.387577440996237,0.368118461749498,0.371094546386513
2010-03-02,0.385517030954361,0.393987403413558,0.382769886817663,0.389179907996962
2010-03-03,0.380709588527679,0.389866755774653,0.377504590907443,0.387806404060289
2010-03-04,0.381396353244782,0.385288143578026,0.376588829880444,0.382312058985365
2010-03-05,0.393071681261063,0.395818825282184,0.378649141037043,0.378649141037043
2010-03-08,0.387348592281342,0.394445408567429,0.38574606601057,0.393300762540029
2010-03-09,0.401771008968353,0.405662798756589,0.391011317925487,0.391240257973827
2010-03-10,0.402686804533005,0.407036475389551,0.400397512700247,0.400626452799728
2010-03-11,0.393529683351517,0.400855439907847,0.391927184338762,0.399481853730907
2010-03-12,0.394903212785721,0.39902394343393,0.392842833816361,0.397879297547789
2010-03-15,0.392842769622803,0.398337085352771,0.389179919759997,0.394445295433943
2010-03-16,0.406578600406647,0.408867892115111,0.392384969981759,0.392613910068809
2010-03-17,0.414362162351608,0.41985647857499,0.408867873418736,0.408867873418736
2010-03-18,0.399710655212402,0.415048901512235,0.396047778204754,0.415048901512235
2010-03-19,0.394903212785721,0.406807524543483,0.389866749054293,0.405662878657342
2010-03-22,0.401313245296478,0.402915744119265,0.389866758856759,0.389866758856759
2010-03-23,0.409554749727249,0.411615101673856,0.401542200192464,0.404289372508625
2010-03-24,0.395818889141083,0.407265374441718,0.395132096202374,0.406120728640705
2010-03-25,0.39696341753006,0.404060230313479,0.396047712076296,0.401541999379878
2010-03-26,0.39696341753006,0.40451808304036,0.393758421151387,0.400397353917424
2010-03-29,0.402000039815903,0.40291574563508,0.393987491090802,0.399481807877399
2010-03-30,0.403602540493012,0.408638977102573,0.396734664946198,0.406578625354733
2010-03-31,0.398337125778198,0.40383144206576,0.396276746936422,0.402000003303239
2010-04-01,0.394216507673264,0.404747263089441,0.390095776106476,0.400168678524237
2010-04-05,0.400168478488922,0.400855271288494,0.396276661721517,0.396734541781567
2010-04-06,0.390324652194977,0.396047881962247,0.383456749183741,0.395132148825176
2010-04-07,0.392842769622803,0.399481731051868,0.384601309673103,0.387806334004878
2010-04-08,0.38643279671669,0.393300699063159,0.384372445116106,0.390324614414141
2010-04-09,0.388950973749161,0.39032455948325,0.38345665810331,0.385517036704444
2010-04-12,0.396047830581665,0.397650329250501,0.388722075597544,0.389408868538619
2010-04-13,0.404289364814758,0.405662923656185,0.396047902604142,0.397650401564397
2010-04-14,0.409325748682022,0.415048978004684,0.402915726382539,0.41298862636473
2010-04-15,0.412301808595657,0.414820040262408,0.406578579617141,0.410699309939774
2010-04-16,0.390553623437881,0.397192587335406,0.381854307432118,0.39559008821894
2010-04-19,0.388722062110901,0.389866707876143,0.375673105845243,0.387577416345659
2010-04-20,0.390095770359039,0.395590088130645,0.385059332869621,0.39146935662457
2010-04-21,0.380022823810577,0.392613957002816,0.375444239846313,0.392156104064493
2010-04-22,0.381625205278397,0.382769850835294,0.368576224097369,0.373841599117195
2010-04-23,0.376359969377518,0.381396406231449,0.369721006319165,0.380480673073135
2010-04-26,0.380022823810577,0.384601407774841,0.376131032899056,0.376817825951798
2010-04-27,0.369263112545013,0.381167423962383,0.368118466691603,0.377275633518888
2010-04-28,0.369949907064438,0.375215283470279,0.362395211651678,0.369034174003569
2010-04-29,0.381167590618134,0.381625470992102,0.365600394747289,0.371094713620216
2010-04-30,0.359648138284683,0.377275709824885,0.359419225442008,0.376588916715829
2010-05-03,0.355756223201752,0.363539830243756,0.350261907532601,0.361479451633885
2010-05-04,0.337670862674713,0.35094876036396,0.332634398961526,0.35026196737666
2010-05-05,0.33194774389267,0.340418120784247,0.327827011886072,0.330803097629199
2010-05-06,0.325079768896103,0.336526256352125,0.298523970395917,0.32965838025282
2010-05-07,0.31958544254303,0.328055816642918,0.30813895639037,0.328055816642918
2010-05-10,0.333321213722229,0.342936261591477,0.329658363034884,0.338815530689015
2010-05-11,0.329658389091492,0.336297325249282,0.327140156871356,0.330116242052285
2010-05-12,0.336068361997604,0.337899773566032,0.329887252437375,0.331947631387622
2010-05-13,0.335381627082825,0.350033113200605,0.332176601702131,0.334694833980497
2010-05-14,0.29669252038002,0.313633297175117,0.288451058448296,0.31271759131182
2010-05-17,0.297379344701767,0.30104222312125,0.287993235808413,0.297150404566606
2010-05-18,0.287535279989243,0.301728881029879,0.285932754197303,0.299897442475167
2010-05-19,0.292113810777664,0.292571663512286,0.284101292405034,0.286161643356082
2010-05-20,0.285246014595032,0.292113889332762,0.274944175197927,0.283643488657155
2010-05-21,0.291427046060562,0.299439565203854,0.277004506144537,0.277004506144537
2010-05-24,0.282956779003143,0.293945414566221,0.282041073018145,0.290511476186703
2010-05-25,0.290511339902878,0.291884898236016,0.271281250333914,0.274028421581196
2010-05-26,0.291884928941727,0.307909996171501,0.290969223289971,0.302186767621762
2010-05-27,0.309054672718048,0.309054672718048,0.298523920219598,0.299210713172194
2010-05-28,0.300813257694244,0.308596866858585,0.296234673700107,0.308596866858585
2010-06-01,0.28799319267273,0.300126444918117,0.287764252571859,0.29669250714813
2010-06-02,0.291198194026947,0.291656074234482,0.28661961027569,0.288451049234295
2010-06-03,0.29074028134346,0.291427074223069,0.284330259951284,0.285245992887598
2010-06-04,0.277004539966583,0.287306351551516,0.275402014109855,0.282269915790317
2010-06-07,0.263268798589706,0.279980661222826,0.262124152707206,0.278149222352723
2010-06-08,0.255943089723587,0.262124172497661,0.249304126729534,0.262124172497661
2010-06-09,0.249761983752251,0.264184555945644,0.248846277878311,0.257316652729046
2010-06-10,0.259834885597229,0.260979531588342,0.254111655641665,0.254798448694435
2010-06-11,0.2657870054245,0.266931651199236,0.25640089915546,0.257087692078404
2010-06-14,0.260063678026199,0.270136546111587,0.259376885363446,0.269678693433251
2010-06-15,0.272883802652359,0.274257361119693,0.262581964049568,0.263039844162519
2010-06-16,0.269450038671494,0.273570771302103,0.265787159157502,0.271052538224919
2010-06-17,0.279751747846603,0.280438540899795,0.269220993805701,0.278836041969357
2010-06-18,0.281583100557327,0.285017037479916,0.279293809275601,0.281354160512953
2010-06-21,0.274944186210632,0.288222083360184,0.272425981746904,0.287535317691309
2010-06-22,0.264642357826233,0.281812044328966,0.263268771989811,0.278378107028419
2010-06-23,0.267618536949158,0.270365682303306,0.259605986456239,0.267160683938553
2010-06-24,0.254340529441834,0.26738951357081,0.253424823705646,0.26601592767602
2010-06-25,0.253653734922409,0.25640087910889,0.249533004997435,0.256171939055639
2010-06-28,0.254111617803574,0.257774495345925,0.249533034520889,0.255485203704583
2010-06-29,0.239917993545532,0.248846247535077,0.238315494816284,0.248617307449252
2010-06-30,0.233736887574196,0.242894053424693,0.233736887574196,0.240375821899604
2010-07-01,0.237628653645515,0.239231152049692,0.227326829457053,0.234423656837163
2010-07-02,0.234652638435364,0.239002309426368,0.226640116773028,0.238544456503765
2010-07-06,0.232134357094765,0.24129152168634,0.230073978687358,0.23373685544019
2010-07-07,0.243351846933365,0.244725432392281,0.232592185140186,0.233050037862992
2010-07-08,0.236026227474213,0.245183395203947,0.233050142503946,0.244954482385011
2010-07-09,0.236941918730736,0.238544444817102,0.233965833943854,0.237170858826077
2010-07-12,0.241291508078575,0.2442675918611,0.236712926040999,0.236941838768577
2010-07-13,0.249990776181221,0.251593274159178,0.243809696957387,0.245183254956852
2010-07-14,0.252509117126465,0.26281092943147,0.248846239612926,0.2609794906747
2010-07-15,0.245412349700928,0.252967018978961,0.242436264556186,0.252738078856091
2010-07-16,0.230074033141136,0.2460991022597,0.229158327381451,0.245412309294681
2010-07-19,0.239460095763206,0.240375801353785,0.231676489081274,0.233279014800542
2010-07-20,0.245412349700928,0.246785908566607,0.231218717055314,0.233279096289603
2010-07-21,0.2373998016119,0.247930556098319,0.235110509531419,0.24770164326458
2010-07-22,0.241291508078575,0.243809739115443,0.23854436431413,0.239917922551102
2010-07-23,0.237170800566673,0.24129153023701,0.234881509337654,0.241062590197906
2010-07-26,0.241520449519157,0.24243618240984,0.23282113715545,0.236484014137171
2010-07-27,0.239460095763206,0.242665092620735,0.236484011658071,0.242207239825446
2010-07-28,0.231905534863472,0.239689145094408,0.231218741712137,0.235568413476914
2010-07-29,0.209012523293495,0.219772202192243,0.207638951038087,0.215193618910713
2010-07-30,0.210386097431183,0.21404896112256,0.204205002159559,0.207410013006484
2010-08-02,0.210157200694084,0.214964724778318,0.209241481171123,0.214049005255356
2010-08-03,0.204662874341011,0.20878360491143,0.203060375588768,0.208554678467574
2010-08-04,0.213362142443657,0.214048935272647,0.205578549511193,0.206494268734763
2010-08-05,0.216109350323677,0.21656720321921,0.210157180810216,0.214048985003268
2010-08-06,0.218627572059631,0.220916863864666,0.21336219544995,0.21519363435208
2010-08-09,0.220687925815582,0.221145792339681,0.215422549482608,0.220916852255004
2010-08-10,0.211530745029449,0.217482900285422,0.210615025687318,0.217025047436983
2010-08-11,0.203289300203323,0.207181090649611,0.202602507232682,0.207181090649611
2010-08-12,0.205120727419853,0.209699310577668,0.198023912609037,0.199626411256171
2010-08-13,0.214964747428894,0.217940832780791,0.211301868951095,0.211759735583449
2010-08-16,0.209470421075821,0.216338297023263,0.20672326250969,0.211988639527498
2010-08-17,0.212217479944229,0.216109282923506,0.2094703361373,0.211530700815122
2010-08-18,0.213362142443657,0.215193580890796,0.210157131983789,0.21153071764177
2010-08-19,0.226182237267494,0.226869030257369,0.21450683831115,0.215651484197438
2010-08-20,0.228242576122284,0.233736892113591,0.224350786018342,0.224579712439999
2010-08-23,0.224808618426323,0.234652576470062,0.224121825578526,0.228929348222598
2010-08-24,0.222519367933273,0.224808659652073,0.217025065079104,0.217482917964762
2010-08-25,0.227097898721695,0.228929337130245,0.21885643952847,0.220001098767753
2010-08-26,0.224350810050964,0.232592271275503,0.224350810050964,0.230074039431752
2010-08-27,0.231676533818245,0.233507972643559,0.220001148831322,0.225724378103858
2010-08-30,0.220687925815582,0.230760825602688,0.220687925815582,0.228929386796804
2010-08-31,0.213591128587723,0.224350807907981,0.212904335610486,0.217482919071382
2010-09-01,0.215193599462509,0.219543255915911,0.214048953745575,0.21679611165337
2010-09-02,0.219085425138474,0.219772204450608,0.213820048852506,0.215880414079417
2010-09-03,0.226640075445175,0.227326854703845,0.221603625988665,0.224350783959103
2010-09-07,0.228700444102287,0.233965806415767,0.225495433242417,0.225953286088718
2010-09-08,0.236255213618279,0.237857740300759,0.226640189976002,0.229158422799453
2010-09-09,0.233050063252449,0.239460083941561,0.230073979294236,0.239231143909966
2010-09-10,0.23053190112114,0.235339424900659,0.228471549381638,0.234652631890655
2010-09-13,0.243580788373947,0.246556872025453,0.234652537419431,0.234652537419431
2010-09-14,0.241291508078575,0.244496504588678,0.239231129787365,0.241520420806153
2010-09-15,0.24174939095974,0.241978331006358,0.235797222652717,0.239002246852846
2010-09-16,0.241978362202644,0.244038713725812,0.238544424803692,0.238544424803692
2010-09-17,0.241520449519157,0.244496533655492,0.240833683964277,0.2442676209007
2010-09-20,0.245183363556862,0.246099096585944,0.239231194384607,0.24152048602155
2010-09-21,0.258461177349091,0.262581906427841,0.243809726502978,0.243809726502978
2010-09-22,0.260750681161881,0.263039973691932,0.255943155932564,0.257545655245496
2010-09-23,0.266015917062759,0.27425737752167,0.261437333983477,0.263726625523118
2010-09-24,0.280667424201965,0.281583157273404,0.269907758468758,0.271968110121103
2010-09-27,0.274715334177017,0.282956769640864,0.271052455777186,0.282727856797447
2010-09-28,0.274028480052948,0.277920270429684,0.269220956634885,0.274944185803765
2010-09-29,0.271968096494675,0.279980644483643,0.268992011920002,0.27151024362715
2010-09-30,0.267389535903931,0.278607082206945,0.265100244081746,0.275402057281579
2010-10-01,0.259834885597229,0.271739225737213,0.257774533729431,0.271281345508357
2010-10-04,0.257316619157791,0.261666289717799,0.252051242843313,0.257316619157791
2010-10-05,0.259148091077805,0.263268822080592,0.258461298028921,0.262810969144841
2010-10-06,0.246785804629326,0.260292638508252,0.244267600790901,0.259147992957012
2010-10-07,0.244954511523247,0.248159509693695,0.237628754635624,0.247930569557013
2010-10-08,0.248617351055145,0.250677730317422,0.240604828713047,0.24403876685966
2010-10-11,0.247472673654556,0.251822344463526,0.246328027750698,0.249761965462274
2010-10-12,0.252280294895172,0.253424941241536,0.243352037019222,0.245412416816989
2010-10-13,0.259605884552002,0.263268761780073,0.253653743169521,0.25640088744532
2010-10-14,0.255485266447067,0.260292763700214,0.254340593054776,0.259834910717607
2010-10-15,0.258461177349091,0.262581906427841,0.255485121011021,0.259605822799271
2010-10-18,0.260063678026199,0.261208323367289,0.254111511336335,0.258690092700693
2010-10-19,0.258461177349091,0.26029261552748,0.252280097376215,0.25434044827034
2010-10-20,0.258461177349091,0.265557990056411,0.254111535554604,0.258690117355327
2010-10-21,0.253882646560669,0.259148022147565,0.249990856706183,0.258690169333597
2010-10-22,0.270136684179306,0.272197063220632,0.252738055186053,0.255485227241154
2010-10-25,0.272654980421066,0.2747153599482,0.26967889485333,0.272197127400765
2010-10-26,0.271739214658737,0.275859945516849,0.267160630880949,0.269449922769843
2010-10-27,0.275630980730057,0.276546686487412,0.268534165593773,0.269220958557044
2010-10-28,0.275859922170639,0.28020956547522,0.27334169038977,0.279293859713364
2010-10-29,0.275173127651215,0.278149212296217,0.272425983090639,0.275402040445132
2010-11-01,0.275630980730057,0.281354209939799,0.27334168904616,0.277004566656599
2010-11-02,0.281354278326035,0.285932862806703,0.275173194735235,0.276775693845366
2010-11-03,0.283414572477341,0.285246011176891,0.275859904898264,0.283185632405956
2010-11-04,0.283872455358505,0.289137831942759,0.283414602457812,0.286161747152484
2010-11-05,0.288680016994476,0.291198221924612,0.284559285765464,0.285932844648125
2010-11-08,0.289824724197388,0.292342929658886,0.286161845156365,0.288451137734374
2010-11-09,0.288222074508667,0.292113892062151,0.286619575846325,0.289824600461518
2010-11-10,0.291655987501144,0.291655987501144,0.286161672259241,0.290282401868043
2010-11-11,0.288680016994476,0.293487514019562,0.28089640749734,0.284788198600651
2010-11-12,0.303560435771942,0.313175485041704,0.298295058145767,0.299668644410166
2010-11-15,0.299897372722626,0.309283476075866,0.299210607303535,0.304933834399291
2010-11-16,0.29096931219101,0.298981834608742,0.290511459225242,0.294861103335805
2010-11-17,0.295776635408402,0.299210571252106,0.287993031121708,0.290740174338572
2010-11-18,0.304933965206146,0.307910050030684,0.299668588561273,0.299668588561273
2010-11-19,0.314777910709381,0.315922556565795,0.303789305029707,0.304247157914171
2010-11-22,0.315006822347641,0.316838233720095,0.309970359201871,0.312717530841566
2010-11-23,0.307681053876877,0.314548928086643,0.305391762473622,0.311343931038288
2010-11-24,0.315235704183579,0.316380349824269,0.310657121620817,0.310886061665157
2010-11-26,0.311343997716904,0.316838287345192,0.311343997716904,0.315006875662771
2010-11-29,0.314777910709381,0.315922556565795,0.308596828542849,0.30997038719624
2010-11-30,0.311572879552841,0.313175405551392,0.305849650388044,0.3099703808448
2010-12-01,0.32530865073204,0.327369002276486,0.317296130051739,0.317753982918226
2010-12-02,0.329200476408005,0.331260855464362,0.325079745585802,0.325308685688901
2010-12-03,0.338586509227753,0.338586509227753,0.32691111235783,0.327597905224974
2010-12-06,0.332176506519318,0.340417966804694,0.33080294799876,0.339731173899162
2010-12-07,0.342936217784882,0.350948738458729,0.339273340274919,0.339960133219351
2010-12-08,0.34591218829155,0.349575037303239,0.339960021123117,0.342478251992185
2010-12-09,0.340189218521118,0.342478538593667,0.332863487076737,0.337671012835202
2010-12-10,0.342249423265457,0.345454420604044,0.339273338713622,0.340189044441644
2010-12-13,0.333550244569778,0.344309914032373,0.332634511180939,0.343623148103893
2010-12-14,0.334007948637009,0.34614119912565,0.333550095792071,0.339960117492722
2010-12-15,0.326682329177856,0.338815583675159,0.326224448891134,0.334694852128271
2010-12-16,0.327140212059021,0.331947737184654,0.326224478692438,0.330116297742007
2010-12-17,0.32897162437439,0.330803063666015,0.323477306499515,0.327369097937645
2010-12-20,0.327597826719284,0.331718555644146,0.327368886721598,0.330116057531838
2010-12-21,0.340417981147766,0.340417981147766,0.330574021861722,0.330802961936715
2010-12-22,0.344080835580826,0.344538688409666,0.336526168388187,0.339731165480576
2010-12-23,0.341562688350678,0.344080920466312,0.340189102234783,0.344080920466312
2010-12-27,0.343394100666046,0.34591233258557,0.334465846189062,0.340646955938709
2010-12-28,0.34202042222023,0.345683299060398,0.3399600710542,0.343394007857919
2010-12-29,0.34202042222023,0.344538653459159,0.338815425452961,0.341791509474285
2010-12-30,0.343165069818497,0.34522544828702,0.340417925817636,0.341562571425536
2010-12-31,0.352551400661469,0.353009281030477,0.342936376851158,0.343394229929645
2011-01-03,0.362166196107864,0.36560013270827,0.354840442861264,0.355298322907053
2011-01-04,0.361021727323532,0.364455665605126,0.353009204666479,0.362853166531819
2011-01-05,0.388722062110901,0.389179942249404,0.363997708123571,0.367660558198041
2011-01-06,0.442520439624786,0.442749379679535,0.397650290263095,0.398794935955824
2011-01-07,0.454882681369782,0.456256267273946,0.427640094400917,0.437484053939406
2011-01-10,0.472281217575073,0.473196923140634,0.443207197446717,0.446641134253326
2011-01-11,0.464955627918243,0.483270018595551,0.454882753981494,0.478691434571481
2011-01-12,0.53455001115799,0.535007836647191,0.463581929717063,0.465184428091283
2011-01-13,0.535465896129608,0.545767737222461,0.512344009166527,0.528826933082681
2011-01-14,0.540044188499451,0.548972438682546,0.523103448086138,0.526308444178225
2011-01-18,0.527453243732452,0.536381496987556,0.51440428759554,0.532718619658718
2011-01-19,0.513030648231506,0.540273230706581,0.511886029887525,0.527682156017737
2011-01-20,0.513488531112671,0.516464615236635,0.49883702324669,0.507994242953433
2011-01-21,0.508681058883667,0.526308653565107,0.50776535314748,0.518982898513573
2011-01-24,0.56614226102829,0.573468014648935,0.526079638020835,0.532031751433976
2011-01-25,0.548743724822998,0.569576261551261,0.545080847427222,0.563624092605753
2011-01-26,0.56179267168045,0.572323423547012,0.550575126902503,0.554466917013013
2011-01-27,0.560189962387085,0.5711785356743,0.549430301790564,0.569805004949144
2011-01-28,0.543936192989349,0.570949866949909,0.531116148955611,0.561563787648876
2011-01-31,0.547599315643311,0.555153986856093,0.535923939487666,0.544852197208417
2011-02-01,0.560189962387085,0.564310663724542,0.548743509137489,0.552406385093558
2011-02-02,0.585601270198822,0.599108104714942,0.55698510277735,0.55698510277735
2011-02-03,0.574612677097321,0.586517014000217,0.56202154732841,0.586517014000217
2011-02-04,0.587661683559418,0.592240266677512,0.580335983319077,0.582625274878124
2011-02-07,0.563166201114655,0.58216732421108,0.561105822586798,0.579649120175484
2011-02-08,0.54645448923111,0.56751599547779,0.543936230061819,0.56385311770693
2011-02-09,0.533176720142365,0.554009319680573,0.523332757132022,0.548514974126122
2011-02-10,0.522416949272156,0.531345204477406,0.517380485022291,0.521272275977675
2011-02-11,0.537297368049622,0.554238174087095,0.512115153711902,0.520585529440123
2011-02-14,0.529055774211884,0.56087694118068,0.526995395568872,0.543707228317606
2011-02-15,0.516235947608948,0.531803113882103,0.513946600659446,0.529971701819745
2011-02-16,0.535237073898315,0.542791744090111,0.521272352395978,0.523103819019434
2011-02-17,0.587890625,0.595445292269846,0.517609273532264,0.520127532342888
2011-02-18,0.586745977401733,0.594071732217468,0.577588811172573,0.584685598625867
2011-02-22,0.531345069408417,0.56911840522778,0.529513603519016,0.567515906687688
2011-02-23,0.506162881851196,0.536381554847564,0.498608213602104,0.531345145735516
2011-02-24,0.518525183200836,0.527453384253525,0.505018343331524,0.508681167055176
2011-02-25,0.529284715652466,0.537984001648111,0.525163958143201,0.53248971288344
2011-02-28,0.518754065036774,0.538213074165664,0.506849724903238,0.537984106760847
2011-03-01,0.495631963014603,0.526308505929379,0.495631963014603,0.519669545687547
2011-03-02,0.475028425455093,0.504331387877971,0.463581968551082,0.494945255009973
2011-03-03,0.477775633335114,0.488764266803881,0.463353089431809,0.486017094791434
2011-03-04,0.475257307291031,0.483040886563033,0.469991931999734,0.478233391350504
2011-03-07,0.46861857175827,0.480294000863369,0.456714257084698,0.478691501688362
2011-03-08,0.447556972503662,0.476173119297492,0.437712985257972,0.473654914753941
2011-03-09,0.438170850276947,0.450533041638416,0.434279032615248,0.44618337110196
2011-03-10,0.410241454839706,0.431302931907552,0.409783574691518,0.428097934613285
2011-03-11,0.413217574357986,0.424664061268743,0.404289346770401,0.413675454575206
2011-03-14,0.416651576757431,0.426953391335995,0.409783673081207,0.416422636628368
2011-03-15,0.404289364814758,0.411157240893434,0.389408939353781,0.396276815432457
2011-03-16,0.401313245296478,0.420085460133588,0.396047868629741,0.400626452289424
2011-03-17,0.40886777639389,0.412759565738691,0.393758444478191,0.412072772962432
2011-03-18,0.403373509645462,0.416651432130797,0.402915656836779,0.415277846414244
2011-03-21,0.406578600406647,0.416193620124096,0.402457869873309,0.412072889590758
2011-03-22,0.399481803178787,0.40932576342646,0.397650364271463,0.405433972804964
2011-03-23,0.407723307609558,0.408867953636021,0.390095736969615,0.398795052228838
2011-03-24,0.44023123383522,0.445267697694893,0.415506876606915,0.41642258242294
2011-03-25,0.426495492458344,0.445267707724296,0.425808699435599,0.444123061783226
2011-03-28,0.442291647195816,0.449617376164309,0.432676598928499,0.436568389884525
2011-03-29,0.438857793807983,0.443894231739338,0.432905622522416,0.442291732482614
2011-03-30,0.422374606132507,0.444122898297602,0.416880291263572,0.442291460007957
2011-03-31,0.422603607177734,0.427640070349402,0.41482002693326,0.42306148731371
2011-04-01,0.416651576757431,0.428555890367891,0.410928319145492,0.42809803740028
2011-04-04,0.401771008968353,0.417796075508482,0.398794924792465,0.416651429847795
2011-04-05,0.402457892894745,0.410928267242485,0.401542159784671,0.407723269583506
2011-04-06,0.399710655212402,0.405891736283618,0.396276690961166,0.405433883480288
2011-04-07,0.414362162351608,0.416880394031972,0.399023914064373,0.400626412728918
2011-04-08,0.401771008968353,0.417567135460143,0.400626363307666,0.417567135460143
2011-04-11,0.396505683660507,0.405433937318304,0.392156040515522,0.403373558493963
2011-04-12,0.397650271654129,0.400397415730019,0.385288082376868,0.392613836299914
2011-04-13,0.406578600406647,0.409096804911652,0.396734640602147,0.401771076902667
2011-04-14,0.423748254776001,0.423977194844982,0.400626399429187,0.40291569095697
2011-04-15,0.428326904773712,0.433592281233149,0.418482917544344,0.42054329648439
2011-04-18,0.414133280515671,0.421001155840285,0.407494317994238,0.418254011168541
2011-04-19,0.41253075003624,0.415964687434714,0.401313204826918,0.414362161483019
2011-04-20,0.425121873617172,0.433821187556303,0.418253998500571,0.427640105409463
2011-04-21,0.423977196216583,0.43244759672919,0.423061490518711,0.429700425054557
2011-04-25,0.430616229772568,0.437713018339493,0.425579765723799,0.425808705831657
2011-04-26,0.441833734512329,0.446183405382977,0.429929422401498,0.434279065981634
2011-04-27,0.441833734512329,0.44412305364302,0.432676567151611,0.44412305364302
2011-04-28,0.446641176939011,0.455569429863772,0.436797218361174,0.4418336540341
2011-04-29,0.457858711481094,0.467931582611218,0.448930458747547,0.449617251617898
2011-05-02,0.451677620410919,0.467702659681741,0.449388329086516,0.467473746923604
2011-05-03,0.430158376693726,0.44778594739544,0.424664086663655,0.44641238853318
2011-05-04,0.426953315734863,0.436339422716196,0.418940794703656,0.431531899181268
2011-05-05,0.427182257175446,0.432218693524329,0.417796150164405,0.423519379490525
2011-05-06,0.442291647195816,0.446412378268879,0.432676598928499,0.436110536940965
2011-05-09,0.452135592699051,0.454424884628422,0.442520544763281,0.443665190727967
2011-05-10,0.452822268009186,0.456256205010472,0.448243658050298,0.455798352201735
2011-05-11,0.454882681369782,0.459690177453339,0.448701599382059,0.455111621450645
2011-05-12,0.469305276870728,0.469763157083842,0.452135587594293,0.453280233546056
2011-05-13,0.41802504658699,0.440689050204868,0.414820049206123,0.439544404384485
2011-05-16,0.405205070972443,0.417796204415379,0.404976158143979,0.416880471229986
2011-05-17,0.403602540493012,0.404060393404697,0.391927141147224,0.40383148059411
2011-05-18,0.412988483905792,0.416422420314865,0.403831320148265,0.405204878337594
2011-05-19,0.407036393880844,0.416422499431795,0.400855312628258,0.416193559378159
2011-05-20,0.414133280515671,0.415048986309415,0.404289320425622,0.406120759303621
2011-05-23,0.413675367832184,0.416651452167499,0.402915676212929,0.408181051992255
2011-05-24,0.415277898311615,0.431989732595805,0.41459110536751,0.415735751177516
2011-05-25,0.420314401388168,0.423061573602309,0.409096854288461,0.413217585319159
2011-05-26,0.430845201015472,0.434508079494832,0.419169799741717,0.420314445855202
2011-05-27,0.446412295103073,0.447099060745213,0.432218665463381,0.432676518321644
2011-05-31,0.458774477243423,0.459003444617558,0.44412302144469,0.455111626938995
2011-06-01,0.438170850276947,0.457400916631284,0.437255117236926,0.456714123673895
2011-06-02,0.436110466718674,0.442062635898073,0.430845090489284,0.43885763851871
2011-06-03,0.422603607177734,0.434965797748409,0.420543255727876,0.431074007626172
2011-06-06,0.413675367832184,0.42580861794354,0.413217487710976,0.421916827946824
2011-06-07,0.413446515798569,0.419169745627129,0.411615076795327,0.416880453695705
2011-06-08,0.402228951454163,0.413904350712485,0.399023953805864,0.411386146071825
2011-06-09,0.397650271654129,0.402915647052379,0.383227731142577,0.401999941457251
2011-06-10,0.391927123069763,0.400855377243116,0.388722098254774,0.398337145409232
2011-06-13,0.38918000459671,0.396963586131096,0.386432832487621,0.391927149415287
2011-06-14,0.392385065555573,0.401084381624745,0.390782566427426,0.392614005698386
2011-06-15,0.383914619684219,0.389408909205584,0.375902070922253,0.387119617356597
2011-06-16,0.370636701583862,0.390095709977827,0.36514241195321,0.38414354013586
2011-06-17,0.361937314271927,0.375215237343393,0.350490857097049,0.374986297283693
2011-06-20,0.357587724924088,0.366287039135718,0.354840552958986,0.35873237081271
2011-06-21,0.365371346473694,0.368118518742731,0.355527385284346,0.358961323330129
2011-06-22,0.360334873199463,0.367660601501748,0.359648080201324,0.3628531050958
2011-06-23,0.37109449505806,0.373612699179141,0.352551196839885,0.355756221117405
2011-06-24,0.360334873199463,0.372468125198206,0.358045581399342,0.369263127594241
2011-06-27,0.352780193090439,0.362624152962291,0.340189061317225,0.360334861238163
2011-06-28,0.354840636253357,0.358961367877789,0.350262051624103,0.3527802840864
2011-06-29,0.360334873199463,0.363997750995861,0.344767683500539,0.357129848304987
2011-06-30,0.364913433790207,0.368805224146915,0.355756267167126,0.361250556224771
2011-07-01,0.369720935821533,0.371094521651835,0.357587685288892,0.364913412705984
2011-07-05,0.363539934158325,0.372697102267231,0.3603349089459,0.369263164226391
2011-07-06,0.358732402324677,0.363997779332965,0.35438273119152,0.36331098628136
2011-07-07,0.360105931758881,0.362395223550455,0.35369590928437,0.360563811949604
2011-07-08,0.353238016366959,0.357587686652496,0.350261931916961,0.355069455050843
2011-07-11,0.340875834226608,0.347972649069849,0.339960128507065,0.346599090490534
2011-07-12,0.336297243833542,0.34247835282464,0.330574014982901,0.339273328293977
2011-07-13,0.33561035990715,0.343165025399527,0.332405363536082,0.340875734480049
2011-07-14,0.322332620620728,0.339044457749703,0.320730121672034,0.336984105857171
2011-07-15,0.322790443897247,0.326224381596201,0.316151508595475,0.324164029893033
2011-07-18,0.31592258810997,0.32210367089367,0.311801857157333,0.320272259172953
2011-07-19,0.3255375623703,0.326224327964778,0.316838222214514,0.316838222214514
2011-07-20,0.321416825056076,0.328513611931824,0.320501092133379,0.326682200667441
2011-07-21,0.336526274681091,0.33881556683888,0.317067264049374,0.321874788496936
2011-07-22,0.343394100666046,0.344538746576646,0.335152639193524,0.339502310028109
2011-07-25,0.337899774312973,0.339502300374655,0.333092277999458,0.338128714404788
2011-07-26,0.329658389091492,0.336526265374936,0.324850864776875,0.328284802918597
2011-07-27,0.317296117544174,0.326682223744452,0.316380384556789,0.325079697839155
2011-07-28,0.316609472036362,0.323248409656013,0.311115153425476,0.316151618974751
2011-07-29,0.316609472036362,0.31958555787261,0.311801946663152,0.313404446024048
2011-08-01,0.333550244569778,0.334465950668098,0.321188048499345,0.323935194084824
2011-08-02,0.330116093158722,0.352093298269483,0.330116093158722,0.331260738689689
2011-08-03,0.339044481515884,0.340189127600976,0.327598020664973,0.330803046077537
2011-08-04,0.306765288114548,0.332863221371513,0.306765288114548,0.332863221371513
2011-08-05,0.296463578939438,0.317754026716,0.288451057154727,0.313862235878671
2011-08-08,0.273112744092941,0.292113897479173,0.27128130532037,0.282040997875285
2011-08-09,0.296005606651306,0.296463459396281,0.274715194750204,0.278378044000505
2011-08-10,0.282498896121979,0.295547882415965,0.28089639717252,0.28730642026087
2011-08-11,0.306994259357452,0.311114989319395,0.282498819641101,0.282498819641101
2011-08-12,0.294861018657684,0.340189022352188,0.290053495671462,0.339731169517907
2011-08-15,0.306078612804413,0.306765405812403,0.296234652464578,0.297837151289549
2011-08-16,0.297379344701767,0.306765453595121,0.291885027072542,0.302644722195831
2011-08-17,0.29325857758522,0.303331478366718,0.28936678679509,0.298295014330713
2011-08-18,0.273341625928879,0.282727730581715,0.270136601937189,0.279980586653483
2011-08-19,0.268534153699875,0.283643489060575,0.266702714975774,0.268763093774328
2011-08-22,0.273341625928879,0.2792937938488,0.270365541968918,0.27608876985711
2011-08-23,0.302873700857163,0.303102641042074,0.279522893617057,0.27998077398688
2011-08-24,0.298523962497711,0.303102546442777,0.290740353416792,0.302186840569969
2011-08-25,0.285703808069229,0.297837056375425,0.285245955306647,0.292571681379472
2011-08-26,0.297837048768997,0.30081313258553,0.279522693118909,0.284559155250197
2011-08-29,0.305849760770798,0.306994407016866,0.29921082345981,0.30630764110164
2011-08-30,0.313175320625305,0.31569352440063,0.30172883810923,0.303789216424134
2011-08-31,0.304705023765564,0.318669714724292,0.302186819148596,0.315464717106147
2011-09-01,0.304018169641495,0.315464653681938,0.303789256880799,0.308825692392671
2011-09-02,0.295776635408402,0.30127092184213,0.293487317555436,0.297150193371585
2011-09-06,0.301728993654251,0.302415786779936,0.283414655852067,0.286161801064291
2011-09-07,0.326224386692047,0.335152641223098,0.317296159451507,0.326224386692047
2011-09-08,0.324621915817261,0.330803026136565,0.319356538685138,0.323019416852836
2011-09-09,0.317753970623016,0.330574014131642,0.315006826239885,0.321874700842968
2011-09-12,0.32530865073204,0.328055795221471,0.313404312460328,0.313404312460328
2011-09-13,0.332634419202805,0.334236945367522,0.323019398667059,0.32805583539621
2011-09-14,0.349804073572159,0.35415374378935,0.341104760428283,0.341333700494112
2011-09-15,0.354840636253357,0.359419248173128,0.351635637929086,0.357587808863323
2011-09-16,0.353924870491028,0.368576355205358,0.352093431490423,0.355527369382615
2011-09-19,0.346599012613297,0.350490801982673,0.337670761046548,0.347972570883987
2011-09-20,0.337670862674713,0.352322346338558,0.336068363898022,0.35094876036396
2011-09-21,0.331260830163956,0.34545443320926,0.331031890078342,0.339502291178911
2011-09-22,0.30928361415863,0.318669721702392,0.30333147169595,0.318211868788419
2011-09-23,0.315693616867065,0.324621870932393,0.305620744234425,0.307452183065044
2011-09-26,0.316380441188812,0.320501172143386,0.302186836603515,0.319585466282597
2011-09-27,0.316838175058365,0.327140012218851,0.314319971242226,0.324392868378289
2011-09-28,0.307223320007324,0.325537685614964,0.302186882428219,0.317525135310706
2011-09-29,0.2996686398983,0.317983004888974,0.291885030001424,0.312717627342075
2011-09-30,0.286390721797943,0.296463595990427,0.2859328415515,0.29486109699942
2011-10-03,0.270365595817566,0.291656040550656,0.270365595817566,0.282727786892537
2011-10-04,0.295318871736527,0.295318871736527,0.262581971055439,0.263726616787344
2011-10-05,0.305849760770798,0.308596933593777,0.288680067079776,0.294632211185019
2011-10-06,0.317982912063599,0.318898617765088,0.30699427990268,0.307452160043932
2011-10-07,0.323935121297836,0.328742645460081,0.312717601306616,0.319356537253989
2011-10-10,0.338357657194138,0.338357657194138,0.328742609909431,0.32942940289984
2011-10-11,0.334694802761078,0.34110482563404,0.333550156794139,0.335610508618424
2011-10-12,0.334465712308884,0.341333612313905,0.3342367995927,0.341104672307221
2011-10-13,0.353924870491028,0.354611663527569,0.331947657064789,0.332863362919835
2011-10-14,0.359877049922943,0.363768840845422,0.351177734908246,0.360105962747493
2011-10-17,0.34202042222023,0.355756196725609,0.340188983800146,0.355756196725609
2011-10-18,0.354382693767548,0.355298426836488,0.338128711521592,0.340189063168314
2011-10-19,0.347285866737366,0.36102164398342,0.346370160989866,0.354840534671017
2011-10-20,0.329887330532074,0.339273439849549,0.316838342629605,0.337899853557547
2011-10-21,0.331489682197571,0.339502228948736,0.325995394055034,0.334007913515695
2011-10-24,0.343852013349533,0.34911739091176,0.332176612115488,0.332863405239346
2011-10-25,0.330802887678146,0.341791490291418,0.330116094897848,0.339044319170223
2011-10-26,0.334694802761078,0.339044446519242,0.325079754806378,0.337213034804549
2011-10-27,0.349117279052734,0.352551216281259,0.339273320206196,0.347056927631823
2011-10-28,0.357129871845245,0.360334896950981,0.345225559158045,0.346141265022248
2011-10-31,0.33881551027298,0.347743764572075,0.33881551027298,0.34568338559974
2011-11-01,0.321874678134918,0.327368966513563,0.31866965383862,0.326453260880625
2011-11-02,0.316380441188812,0.326682282220502,0.309741505471814,0.325079756028354
2011-11-03,0.335381627082825,0.336068420185153,0.311344032244427,0.319814407731769
2011-11-04,0.339273244142532,0.340417889628749,0.327139996530535,0.332405371225232
2011-11-07,0.337441921234131,0.342478384927199,0.329658340183861,0.336755128249575
2011-11-08,0.34522557258606,0.347285924505912,0.336297317255498,0.341791634525962
2011-11-09,0.327827006578445,0.341562761517705,0.326453420168312,0.337213116703147
2011-11-10,0.331260830163956,0.339273351093298,0.323019369149,0.335839413552151
2011-11-11,0.342936217784882,0.345683362272099,0.322103625826166,0.340646926163782
2011-11-14,0.336297243833542,0.346370142984974,0.335381538133642,0.34293620567459
2011-11-15,0.340646922588348,0.343165126970821,0.332176521846779,0.333092254859913
2011-11-16,0.333778977394104,0.343165082645943,0.332634331743417,0.334236857486783
2011-11-17,0.321874678134918,0.334007927869141,0.315922509649298,0.333092222236202
2011-11-18,0.318898558616638,0.32370608088404,0.315464621937209,0.32370608088404
2011-11-21,0.334923714399338,0.338128711918111,0.309054684996981,0.313862208565651
2011-11-22,0.34522557258606,0.347057011676214,0.336755170205408,0.338586609295563
2011-11-23,0.330574035644531,0.344080872950556,0.330345095559993,0.341562641182676
2011-11-25,0.321416825056076,0.333778987543189,0.320501092133379,0.32622432056084
2011-11-28,0.339502245187759,0.344538680774405,0.331947578162539,0.331947578162539
2011-11-29,0.341333746910095,0.345683390428262,0.335839430197636,0.33904442781202
2011-11-30,0.357816576957703,0.358732309887383,0.348659411403934,0.35163549566701
2011-12-01,0.362166196107864,0.363081901618438,0.353237944572509,0.354840442861264
2011-12-02,0.359877049922943,0.367431718943351,0.356443111940077,0.366058132834
2011-12-05,0.354382693767548,0.366287032630197,0.351406609051885,0.365829179740982
2011-12-06,0.349346309900284,0.357129892058081,0.345683431655135,0.356443126266316
2011-12-07,0.347285866737366,0.349804098478753,0.339960138885844,0.347056953945746
2011-12-08,0.336297243833542,0.34957514022513,0.335152598063414,0.343851911374489
2011-12-09,0.341104805469513,0.343851950169666,0.329200466284664,0.333779049881756
2011-12-12,0.332634419202805,0.335152651212636,0.326453336522005,0.333779065154453
2011-12-13,0.323477149009705,0.341104712907512,0.321416797866313,0.336983983330226
2011-12-14,0.310886085033417,0.322561482362261,0.307452147853228,0.320730043741392
2011-12-15,0.308138877153397,0.318211774736179,0.307452111630676,0.31615142358701
2011-12-16,0.30928361415863,0.316609369944255,0.30791005541671,0.310657200191063
2011-12-19,0.301271051168442,0.314320034808438,0.300126405395846,0.310657157419929
2011-12-20,0.318211793899536,0.319356439560342,0.308138895710143,0.308138895710143
2011-12-21,0.314091175794601,0.319814406134562,0.307910092485547,0.316380467930586
2011-12-22,0.327597826719284,0.328513532129032,0.315006727237511,0.315006727237511
2011-12-23,0.324393063783646,0.329658441902566,0.321645890997761,0.329200561577906
2011-12-27,0.321874678134918,0.326911113697094,0.320958945211473,0.323019323821345
2011-12-28,0.313862264156342,0.322561579764474,0.313633324025661,0.321874786662947
2011-12-29,0.319814264774323,0.320501057569653,0.3124885386353,0.317067120883502
2011-12-30,0.317296117544174,0.322103613388542,0.316838237405228,0.31866967608949
2012-01-03,0.321416825056076,0.329658284907822,0.32073003218668,0.327368966246332
2012-01-04,0.325079768896103,0.326453355032169,0.318669745745315,0.32164583084645
2012-01-05,0.336755126714706,0.338357652768203,0.322103643176169,0.323477229139019
2012-01-06,0.33286327123642,0.336755060984186,0.328971481488653,0.336526148228732
2012-01-09,0.33286327123642,0.339273292327714,0.33057397993885,0.333092211282379
2012-01-10,0.331489682197571,0.33812864326785,0.329200390923096,0.337899703224201
2012-01-11,0.324850738048553,0.331489671616413,0.323477152411512,0.328513587596492
2012-01-12,0.322790443897247,0.325766528694443,0.315693628403206,0.325537615888819
2012-01-13,0.314320087432861,0.321187963218276,0.312717588541034,0.320501170181632
2012-01-17,0.309512585401535,0.319127634014928,0.309054732441496,0.319127634014928
2012-01-18,0.320043295621872,0.322561527489185,0.31386221329089,0.315464712074402
2012-01-19,0.328513562679291,0.328971442717244,0.319356398568245,0.322790335109887
2012-01-20,0.3255375623703,0.331947583812639,0.324392916658829,0.328055766561232
2012-01-23,0.334465712308884,0.334694652315568,0.321645672325577,0.32576640141239
2012-01-24,0.34202042222023,0.343394007857919,0.331947551845523,0.332176464591469
2012-01-25,0.339960068464279,0.340875774022093,0.323248210064893,0.332863254874458
2012-01-26,0.336755126714706,0.348888405708698,0.334923715151586,0.344996587910791
2012-01-27,0.341333746910095,0.343165158523737,0.331947639582879,0.334694784293854
2012-01-30,0.33881551027298,0.340418009057788,0.3303451088709,0.3353815726096
2012-01-31,0.338128685951233,0.339960124660104,0.33217651697003,0.339731184587554
2012-02-01,0.341791540384293,0.345683330322362,0.337212957565269,0.34202045315094
2012-02-02,0.35461163520813,0.355985193881007,0.340189064464098,0.343623029372565
2012-02-03,0.362166196107864,0.365142279952983,0.359190112262746,0.359876905040927
2012-02-06,0.359419226646423,0.360792785578623,0.356214201223594,0.360334932601223
2012-02-07,0.360334873199463,0.362395224903367,0.353924850701022,0.359877020297541
2012-02-08,0.373383760452271,0.380480546798719,0.358503340360192,0.360334778778486
2012-02-09,0.373154819011688,0.380022692586568,0.3724680261961,0.377962341430306
2012-02-10,0.363997727632523,0.370865602592068,0.361937348770353,0.369492016683955
2012-02-13,0.369720935821533,0.374528458937082,0.362166268335888,0.37315487310678
2012-02-14,0.371781378984451,0.374986404282242,0.366516001723484,0.369721027021275
2012-02-15,0.370178818702698,0.386890680928764,0.369263112935206,0.375215282295435
2012-02-16,0.37658879160881,0.379564875899021,0.343394038883245,0.344767624645036
2012-02-17,0.362852990627289,0.379335880930232,0.359419054010405,0.376817677118819
2012-02-21,0.364684522151947,0.373612748721476,0.36193735032393,0.362624143280934
2012-02-22,0.362166196107864,0.371781213130899,0.361708343352577,0.362852988886046
2012-02-23,0.364226579666138,0.366286958184611,0.357129765808905,0.36285302127766
2012-02-24,0.361479461193085,0.365829131290835,0.359876962647811,0.365371251171751
2012-02-27,0.35415381193161,0.358503455695203,0.349117347838381,0.356900956797591
2012-02-28,0.350948810577393,0.358274567102733,0.347285932314722,0.354153835879858
2012-02-29,0.346827983856201,0.358045528390331,0.346599071084386,0.352093359675037
2012-03-01,0.349117279052734,0.353238009185065,0.346827987567051,0.348201573374664
2012-03-02,0.352093368768692,0.357129804655284,0.347972638574023,0.347972638574023
2012-03-05,0.340189218521118,0.350262123136349,0.337671012835202,0.349575329843637
2012-03-06,0.336984068155289,0.339044419817308,0.331031898679771,0.336297275171112
2012-03-07,0.339044481515884,0.3404180677342,0.334236984332811,0.338815568673175
2012-03-08,0.340189218521118,0.343623184984681,0.338128865933503,0.339960305617229
2012-03-09,0.339273244142532,0.343622913364456,0.337441805906486,0.341104682378579
2012-03-12,0.334007948637009,0.342936201920578,0.333092242947133,0.340646910405382
2012-03-13,0.338586509227753,0.340417947776634,0.333778986448254,0.335381512235091
2012-03-14,0.32897162437439,0.339273439687948,0.327826978228439,0.338586646542274
2012-03-15,0.333778977394104,0.335610415893305,0.32874254198918,0.329887187639868
2012-03-16,0.334236979484558,0.335610538392434,0.332176600186972,0.334008039354655
2012-03-19,0.33515265583992,0.33767088788452,0.33355015694359,0.336068388988189
2012-03-20,0.329658389091492,0.333321240068353,0.326682303910563,0.333321240068353
2012-03-21,0.331031888723373,0.334007973371621,0.325995452475075,0.329658330086843
2012-03-22,0.330574035644531,0.33332118020644,0.327597950998084,0.328513656755218
2012-03-23,0.333092153072357,0.334007858515157,0.327368898538105,0.329658216726106
2012-03-26,0.336984068155289,0.338586566924694,0.333092277632301,0.336297275171112
2012-03-27,0.339273244142532,0.343393973351013,0.337670745919929,0.338357538669759
2012-03-28,0.347056984901428,0.351635568628329,0.341104815140253,0.343623047106253
2012-03-29,0.348659425973892,0.351406570296721,0.342249404360287,0.346599074554398
2012-03-30,0.352551400661469,0.354611780450442,0.346599256060096,0.351635694504495
2012-04-02,0.350948810577393,0.354611688840063,0.345912373434107,0.351635603662958
2012-04-03,0.34522557258606,0.353924887796409,0.343394133495905,0.353467034846499
2012-04-04,0.335381627082825,0.344309855541546,0.33332124777584,0.339960211377659
2012-04-05,0.334923714399338,0.339960150767628,0.333779041239193,0.335839420178841
2012-04-09,0.330574035644531,0.331718681486202,0.324164013473071,0.329658329887398
2012-04-10,0.32416382431984,0.333778838321306,0.322561326534677,0.329200257626275
2012-04-11,0.328284680843353,0.335381494613445,0.327368947971775,0.32851359359337
2012-04-12,0.336068361997604,0.337899773566032,0.327369020595022,0.328742606561853
2012-04-13,0.32416382431984,0.334923510785558,0.323934884368891,0.333092073049447
2012-04-16,0.320272207260132,0.327368994753874,0.315006831190254,0.326453289041942
2012-04-17,0.320958942174912,0.325079672065163,0.319814296499314,0.321187882226233
2012-04-18,0.317525029182434,0.320501113622356,0.313633239048925,0.318898615013323
2012-04-19,0.312717586755753,0.325308692290464,0.311115060582561,0.313404352497963
2012-04-20,0.306536346673965,0.315464597729664,0.305849553932681,0.314548864977784
2012-04-23,0.302873700857163,0.304247287385588,0.295547969716776,0.301271201434347
2012-04-24,0.293487370014191,0.306307437662209,0.291884871792126,0.303789206677178
2012-04-25,0.299439698457718,0.301728990660275,0.292342881713585,0.297837199374031
2012-04-26,0.2996686398983,0.302186872248278,0.297150407548322,0.299210786913899
2012-04-27,0.29715022444725,0.301042040642847,0.293945228240817,0.299210602543243
2012-04-30,0.29760816693306,0.299210692810232,0.293487436788417,0.295547815505992
2012-05-01,0.302873700857163,0.306078726993315,0.296005822796078,0.296005822796078
2012-05-02,0.29417422413826,0.302873537103646,0.292571725581861,0.301728891379004
2012-05-03,0.289137870073319,0.296692539447837,0.287306430938509,0.294861100313027
2012-05-04,0.280667424201965,0.288908885392364,0.280667424201965,0.287306386630483
2012-05-07,0.285475015640259,0.290511480504148,0.283185723353224,0.285703955785169
2012-05-08,0.285246014595032,0.28707742602602,0.277920259709046,0.28295669572528
2012-05-09,0.286390721797943,0.2886800138681,0.277462466350024,0.280209611376109
2012-05-10,0.284330308437347,0.2895956850249,0.279751724846521,0.28913783212392
2012-05-11,0.302415668964386,0.313175360063806,0.301271023297682,0.307909984538867
2012-05-14,0.300584346055985,0.305162930483901,0.29371646941411,0.299897552933694
2012-05-15,0.29760816693306,0.307223213034062,0.29623460841185,0.300584251331441
2012-05-16,0.291655987501144,0.30149994509703,0.290740254648909,0.298066008304779
2012-05-17,0.289595603942871,0.295547771860641,0.289595603942871,0.292800627933402
2012-05-18,0.276546657085419,0.291656018799448,0.275173098595421,0.290282433018943
2012-05-21,0.281354278326035,0.282727864586442,0.275173194735235,0.277004633985606
2012-05-22,0.277920305728912,0.281583183778429,0.273799574745835,0.281125330844867
2012-05-23,0.28478816151619,0.285246041707967,0.270823470639242,0.274944201331662
2012-05-24,0.277233421802521,0.286848466707934,0.275173070631649,0.286390613924463
2012-05-25,0.283872455358505,0.286161747152484,0.277004579976568,0.277004579976568
2012-05-29,0.291198194026947,0.293029632985552,0.287306403296481,0.288451049234295
2012-05-30,0.287764132022858,0.290053422910495,0.282727697528157,0.287993072027821
2012-05-31,0.284559309482574,0.288908953909302,0.28089643090916,0.287764307766424
2012-06-01,0.274257332086563,0.281354145599953,0.273799479312587,0.278607001665594
2012-06-04,0.268534153699875,0.277233467171475,0.266244862117375,0.275630968521827
2012-06-05,0.276317805051804,0.277004598093017,0.267160637276997,0.267160637276997
2012-06-06,0.283643513917923,0.284330306910962,0.276317785670029,0.278378137358636
2012-06-07,0.272197008132935,0.289366720840435,0.271968068077839,0.287764195035777
2012-06-08,0.277462363243103,0.278378068814678,0.272654840766077,0.273112693551864
2012-06-11,0.280667424201965,0.291427117225683,0.279980658511524,0.286390680849555
2012-06-12,0.286390721797943,0.289137866824028,0.283414636648637,0.283872489604565
2012-06-13,0.278836011886597,0.286848532964855,0.277462425928406,0.28616173998576
2012-06-14,0.275402098894119,0.280667476338832,0.272654953750513,0.278378184170741
2012-06-15,0.281354278326035,0.281583218466274,0.274944254594995,0.27746248697557
2012-06-18,0.283872455358505,0.286161747152484,0.277004579976568,0.279293871770547
2012-06-19,0.303102523088455,0.307452193875429,0.2941742687092,0.295547854703088
2012-06-20,0.307910174131393,0.313633405988933,0.304247294826359,0.306078734478876
2012-06-21,0.2939453125,0.307681061248627,0.293258519604467,0.307681061248627
2012-06-22,0.29760816693306,0.301042131462351,0.293487436788417,0.29760816693306
2012-06-25,0.288222074508667,0.298752826787786,0.28707742870835,0.297837121063735
2012-06-26,0.291427046060562,0.293487397209778,0.285703818101068,0.289824547690005
2012-06-27,0.300813257694244,0.302873609575401,0.29165608970597,0.29165608970597
2012-06-28,0.303102523088455,0.30493396198347,0.295547854703088,0.298066086595048
2012-06-29,0.316380441188812,0.31706723422966,0.309970418291755,0.310199358402208
2012-07-02,0.307910174131393,0.318211991474965,0.305391941197867,0.317983078574977
2012-07-03,0.31592258810997,0.316609381150495,0.307681126204696,0.307910066315041
2012-07-05,0.312717586755753,0.315235791488387,0.307910062817203,0.313862232713454
2012-07-06,0.306765288114548,0.311343870023787,0.303331351682618,0.310428137267639
2012-07-09,0.302644580602646,0.306307457308441,0.300126349456099,0.304933871721142
2012-07-10,0.293487370014191,0.308367788620506,0.291198079042527,0.299439537456717
2012-07-11,0.288680016994476,0.298066125499975,0.287306430821301,0.29440324723185
2012-07-12,0.283872455358505,0.285932807056882,0.281354223468924,0.285474954156188
2012-07-13,0.287535279989243,0.288908838437398,0.282269904378384,0.284101342933096
2012-07-16,0.288451075553894,0.290740367638408,0.282956758176752,0.28570393051058
2012-07-17,0.283185660839081,0.290969269271051,0.278378137181378,0.289366770481987
2012-07-18,0.298981755971909,0.303102486161029,0.28112527667939,0.282498835215425
2012-07-19,0.301957845687866,0.305849635877183,0.298981761205269,0.301042139981148
2012-07-20,0.29325857758522,0.302186832411356,0.290053552535898,0.300126453317396
2012-07-23,0.29715022444725,0.299210602543243,0.282269834235024,0.285474830441457
2012-07-24,0.2939453125,0.299439601083248,0.290511375312843,0.297608162458663
2012-07-25,0.2996686398983,0.302644725232679,0.291656117154481,0.293029676107684
2012-07-26,0.301042139530182,0.308596807116072,0.298752820685799,0.305162842494751
2012-07-27,0.308596879243851,0.309512585163224,0.299897536557234,0.302186855936696
2012-07-30,0.305162757635117,0.312488510402779,0.30264455400042,0.308596721301521
2012-07-31,0.30997034907341,0.314320019167128,0.304704973323386,0.305162826151539
2012-08-01,0.306536346673965,0.314777804988379,0.305162761191396,0.311801721303146
2012-08-02,0.307681053876877,0.312259636683387,0.299897446731505,0.304933909651072
2012-08-03,0.314091175794601,0.317296201159288,0.305162920089954,0.312488676757515
2012-08-06,0.320730149745941,0.322332648834903,0.31660941830967,0.317067271293586
2012-08-07,0.323935121297836,0.327369059330722,0.322103682222195,0.324621914362516
2012-08-08,0.32576647400856,0.329200411131064,0.322790389710955,0.32370612265126
2012-08-09,0.336755126714706,0.337441919696132,0.325766520883431,0.326224373774211
2012-08-10,0.334694802761078,0.348430554364349,0.330345131712401,0.345683409501797
2012-08-13,0.339044481515884,0.339273421649109,0.333779104066362,0.335152690284677
2012-08-14,0.334007948637009,0.340646910405382,0.332634362811688,0.340189030269937
2012-08-15,0.331489682197571,0.337899703224201,0.32988718376354,0.335152559152932
2012-08-16,0.338357657194138,0.339502303081316,0.333321193458145,0.334465839345323
2012-08-17,0.335381627082825,0.33835771233257,0.332405541833079,0.33835771233257
2012-08-20,0.335381627082825,0.335839480054205,0.330345162526094,0.334236981009116
2012-08-21,0.334465712308884,0.338586441395696,0.331031775951623,0.33652609049754
2012-08-22,0.33515265583992,0.336526241917068,0.331260865008685,0.332405510976138
2012-08-23,0.327597826719284,0.334694639161574,0.326224241314164,0.334465699163888
2012-08-24,0.334236979484558,0.335839478522338,0.326911222813826,0.327598015913021
2012-08-27,0.328513562679291,0.334923610305625,0.328284649950816,0.334007877520219
2012-08-28,0.327140212059021,0.330345210615764,0.325308772616374,0.325995565818682
2012-08-29,0.327827006578445,0.329887358903127,0.326224480003117,0.326911273208183
2012-08-30,0.321645826101303,0.328284789273664,0.320043327159876,0.327140143274
2012-08-31,0.321187824010849,0.32622425861252,0.317982827616286,0.323934967676261
2012-09-04,0.304018169641495,0.317067152168828,0.301042112718916,0.315922506493834
2012-09-05,0.304933965206146,0.309512548846816,0.301728940283371,0.305162878013873
2012-09-06,0.314320087432861,0.322561549291563,0.306994331429343,0.307223271538395
2012-09-07,0.306765288114548,0.308825639057505,0.296463451528258,0.306307435381724
2012-09-10,0.304018169641495,0.310428190879561,0.303331404068903,0.306078548230787
2012-09-11,0.307681053876877,0.312488576739915,0.302644618247816,0.303789263949444
2012-09-12,0.311115115880966,0.312717642338995,0.307223324391148,0.31019940986825
2012-09-13,0.313175320625305,0.315006758919497,0.307223152991806,0.31386211339694
2012-09-14,0.316838175058365,0.322332490029991,0.312946385676694,0.312946385676694
2012-09-17,0.308138877153397,0.317524981922955,0.304704940377778,0.317524981922955
2012-09-18,0.310199320316315,0.31386219789077,0.304476091162796,0.304705003954631
2012-09-19,0.313862264156342,0.31821190831515,0.307223300562274,0.310886178910071
2012-09-20,0.311572879552841,0.314777904259433,0.309054675094636,0.313175405551392
2012-09-21,0.312946438789368,0.314777877424071,0.310886087381893,0.312030733117269
2012-09-24,0.312717586755753,0.313175439680731,0.307452209892226,0.307910062817203
2012-09-25,0.306994259357452,0.318211803547769,0.306536406537349,0.316838217796953
2012-09-26,0.301728993654251,0.30607866525658,0.298066142468124,0.305849725117846
2012-09-27,0.304018169641495,0.304476049743897,0.299897439753416,0.302415671154605
2012-09-28,0.305391788482666,0.3097414588936,0.298752826473507,0.302644644022897
2012-10-01,0.300355434417725,0.30859689733735,0.299210788306139,0.306765458100709
2012-10-02,0.301499962806702,0.302415668422221,0.298066025812747,0.302415668422221
2012-10-03,0.298523962497711,0.303102546442777,0.296921463575041,0.302186840569969
2012-10-04,0.311801880598068,0.313633319746982,0.297608247661874,0.299210773973745
2012-10-05,0.304476082324982,0.315922540299771,0.303331436527503,0.312717542983033
2012-10-08,0.301499962806702,0.304704959751524,0.299210671477398,0.303331401328245
2012-10-09,0.295090049505234,0.301957926003894,0.294174316264437,0.301042220053612
2012-10-10,0.29005354642868,0.29509001035864,0.288908900497419,0.293716424324922
2012-10-11,0.291655987501144,0.293716338660293,0.289366696306311,0.292800633098561
2012-10-12,0.289137870073319,0.291885015130276,0.287306430938509,0.289595723034392
2012-10-15,0.292800635099411,0.293029547846156,0.286161674214724,0.28959561103044
2012-10-16,0.301271051168442,0.302186784160823,0.292571737838614,0.295318882234742
2012-10-17,0.298981755971909,0.300355341798451,0.294632085714861,0.297608170145366
2012-10-18,0.294403254985809,0.298295046191622,0.293258608908187,0.298295046191622
2012-10-19,0.277233421802521,0.292113841944111,0.27563092341512,0.290053463482735
2012-10-22,0.274028480052948,0.279980649304787,0.271739188385396,0.278378123305093
2012-10-23,0.282269895076752,0.284101333571113,0.270823411309621,0.271510204156319
2012-10-24,0.27860701084137,0.285245971799434,0.275859866816534,0.284101326181544
2012-10-25,0.278836011886597,0.283872448249114,0.277691366018274,0.280896363533373
2012-10-26,0.275859922170639,0.280896358441867,0.275859922170639,0.279293859713364
2012-10-31,0.274257332086563,0.279293794471809,0.273570566570851,0.277004503311426
2012-11-01,0.28730633854866,0.287535278600834,0.275402001645764,0.275630941697937
2012-11-02,0.285932779312134,0.290740302529208,0.284101367887066,0.290282449672941
2012-11-05,0.298066109418869,0.299210755404588,0.285246063462607,0.285246063462607
2012-11-06,0.297837048768997,0.298752754270776,0.292800613928211,0.298752754270776
2012-11-07,0.288680016994476,0.297379332413387,0.287306430821301,0.295547893279325
2012-11-08,0.29028245806694,0.299439624619109,0.289595665117426,0.291884956755468
2012-11-09,0.279064953327179,0.295318937241757,0.278149247454743,0.291884999284354
2012-11-12,0.272883802652359,0.280667382505438,0.270136631136678,0.279522736804073
2012-11-13,0.27082347869873,0.277691381584154,0.27059456588654,0.271510271716324
2012-11-14,0.264184504747391,0.275173109557666,0.263955564678017,0.272425965177724
2012-11-15,0.26532918214798,0.272654910464761,0.263497743246157,0.265787035050808
2012-11-16,0.260521620512009,0.266244849190377,0.255256244669808,0.265329143518041
2012-11-19,0.267847388982773,0.268763122086543,0.262124159423624,0.265329184351054
2012-11-20,0.264736980199814,0.267962655924484,0.261972083902571,0.266810624956161
2012-11-21,0.272340327501297,0.273031523950189,0.264506502236934,0.264736919364283
2012-11-23,0.274183601140976,0.277409276348169,0.272109929250711,0.273492377177554
2012-11-26,0.279022037982941,0.279713261758164,0.274183526489523,0.274644333184148
2012-11-27,0.280174076557159,0.284321391861892,0.275565954544472,0.277870015550816
2012-11-28,0.282478123903275,0.283860571426857,0.275565941218507,0.279022032560891
2012-11-29,0.277409136295319,0.284321317506688,0.276487523120429,0.282938897744354
2012-11-30,0.275796353816986,0.279252445103259,0.27418351671004,0.277178773851552
2012-12-03,0.270727425813675,0.279252473836923,0.270036229458557,0.279252473836923
2012-12-04,0.278791725635529,0.279252532457865,0.269575451855899,0.271188316933947
2012-12-05,0.275565981864929,0.278330849853344,0.271649083259127,0.276487622838785
2012-12-06,0.27602681517601,0.277870069834491,0.273953170851831,0.274874784447782
2012-12-07,0.275565981864929,0.277639653456173,0.272340307122875,0.276257205728677
2012-12-10,0.284782350063324,0.286856022552093,0.27487487697233,0.275566101135253
2012-12-11,0.291463941335678,0.295150449292045,0.285012566145321,0.285703789820461
2012-12-12,0.288468688726425,0.293998451268107,0.287316658296896,0.292385614160081
2012-12-13,0.288699209690094,0.294228946755132,0.285934341157575,0.288007985690319
2012-12-14,0.290081560611725,0.293076845580913,0.287777499476438,0.289851170978141
2012-12-17,0.288929581642151,0.291003253514178,0.28455187568995,0.289390415924766
2012-12-18,0.289390325546265,0.292615999717689,0.288007878063327,0.288929491407571
2012-12-19,0.291463941335678,0.294920032244808,0.290311911032635,0.291463941335678
2012-12-20,0.291233628988266,0.292846466346927,0.288007926804368,0.292616049238586
2012-12-21,0.284551799297333,0.287316666917848,0.281326097517922,0.287316666917848
2012-12-24,0.28224778175354,0.285243066913909,0.281326140760654,0.284321425921023
2012-12-26,0.282017409801483,0.286164726267186,0.28086537897582,0.281556602964534
2012-12-27,0.280174076557159,0.282938971738031,0.276948402134908,0.282478137563503
2012-12-28,0.278791725635529,0.283169431647594,0.277178860557481,0.277639694846398
2012-12-31,0.282478123903275,0.283630154350736,0.277178778351638,0.27787000211343
2013-01-02,0.2930768430233,0.293307260121448,0.288238331161368,0.289390361718958
2013-01-03,0.293307244777679,0.296532919183557,0.289851153285708,0.293076827691585
2013-01-04,0.302984327077866,0.303905940501717,0.292846442082633,0.293768055506484
2013-01-07,0.294228881597519,0.303675543413772,0.292155237523988,0.30275392992922
2013-01-08,0.287777543067932,0.295841785729553,0.285703898718696,0.294920144655886
2013-01-09,0.281326204538345,0.291464092958925,0.279482977067861,0.290081644889478
2013-01-10,0.281786888837814,0.285242979704685,0.28017402446002,0.283860532371309
2013-01-11,0.281326204538345,0.283169459475413,0.278561335866036,0.282939069774894
2013-01-14,0.281095653772354,0.28316929722176,0.27786995261414,0.28316929722176
2013-01-15,0.27602681517601,0.279713324492972,0.274413977649806,0.279713324492972
2013-01-16,0.278561174869537,0.280865235342577,0.275565890761272,0.275565890761272
2013-01-17,0.28224778175354,0.283399812394715,0.278791689830016,0.279482913708037
2013-01-18,0.280404537916183,0.282247792505596,0.276948445861002,0.282247792505596
2013-01-22,0.279022037982941,0.282708546473083,0.277639617899067,0.280174068452789
2013-01-23,0.279482930898666,0.280174127352624,0.276487645554061,0.279943737690164
2013-01-24,0.28086531162262,0.282017342172019,0.277178802877913,0.278561250523821
2013-01-25,0.285934209823608,0.286164599406657,0.279943641199226,0.281326061097228
2013-01-28,0.290542453527451,0.292385708301496,0.286625526832635,0.287316750806225
2013-01-29,0.284321457147598,0.2900816109861,0.283169426379898,0.289390414498744
2013-01-30,0.283860623836517,0.288468746477168,0.282939010295018,0.28455184772593
2013-01-31,0.282478123903275,0.287086273159692,0.280634897160595,0.283860571426857
2013-02-01,0.285012602806091,0.285934243647017,0.282478124826762,0.284782185729217
2013-02-04,0.280174076557159,0.289159930961843,0.279943686936469,0.283399778445985
2013-02-05,0.286625415086746,0.288238279551846,0.28063487373984,0.281556487034265
2013-02-06,0.284321457147598,0.286625518682999,0.278100496495333,0.279713334076797
2013-02-07,0.283169388771057,0.285703867110016,0.280404520789105,0.283399805880627
2013-02-08,0.285012602806091,0.287316663708546,0.283169348590813,0.285012602806091
2013-02-11,0.288238376379013,0.29123366179195,0.284551867029771,0.287316735308413
2013-02-12,0.286395102739334,0.289620777606382,0.285243072077306,0.285703878848802
2013-02-13,0.285012602806091,0.291924785513456,0.284090989431738,0.286625439944495
2013-02-14,0.293307244777679,0.293537661863774,0.277639624520762,0.281095716012733
2013-02-15,0.293307244777679,0.294689692361097,0.286855868499352,0.29261602098597
2013-02-19,0.289390325546265,0.29376803013128,0.287547071391206,0.293537640528505
2013-02-20,0.285243004560471,0.294920054337642,0.284321363769053,0.290311932780268
2013-02-21,0.283169388771057,0.288007928339405,0.282478164908925,0.284782226138314
2013-02-22,0.288468688726425,0.28869910579896,0.283399760329813,0.285012597437839
2013-02-25,0.283399730920792,0.291463943090652,0.282938924290113,0.289159882470692
2013-02-26,0.286761224269867,0.288383956555398,0.283052098215722,0.283979393546802
2013-02-27,0.292093127965927,0.294179522058518,0.286065804100787,0.286761268798317
2013-02-28,0.293483972549439,0.297888534969139,0.290006677701754,0.291165775984315
2013-03-01,0.294643014669418,0.295570282064686,0.288847524361302,0.291397523515827
2013-03-04,0.293483972549439,0.29626580290057,0.290238480777217,0.29255667734234
2013-03-05,0.296729326248169,0.297192959861619,0.293715666308134,0.295106594783557
2013-03-06,0.296497642993927,0.301365839353692,0.295106713956803,0.298584008914529
2013-03-07,0.295802146196365,0.301134003410063,0.294179414253522,0.298120342581879
2013-03-08,0.297192960977554,0.2985838894582,0.295106595891658,0.296497524372304
2013-03-11,0.294411212205887,0.295570310378545,0.291861185172008,0.294179409152403
2013-03-12,0.295338541269302,0.29626580885997,0.291165781841129,0.293947612248217
2013-03-13,0.295338541269302,0.300438568288144,0.292556683227131,0.295338541269302
2013-03-14,0.295570373535156,0.298120401113918,0.29371581053561,0.297193105796602
2013-03-15,0.293020397424698,0.295570397575781,0.291861271275002,0.295570397575781
2013-03-18,0.290934026241303,0.293715857366623,0.288847659806085,0.291165857016367
2013-03-19,0.289079368114471,0.292556662789179,0.28699300236368,0.291165761500345
2013-03-20,0.292556613683701,0.293483908689025,0.289311150252756,0.291861149338476
2013-03-21,0.287920325994492,0.291397621346794,0.287456692141202,0.290933987493504
2013-03-22,0.289311170578003,0.290470268689783,0.287688438748527,0.288847536860307
2013-03-25,0.287688434123993,0.291165728403435,0.285602040975281,0.290933897730774
2013-03-26,0.289774864912033,0.290006695636916,0.287224837478661,0.288383935832906
2013-03-27,0.293252110481262,0.294874842376312,0.287920253424601,0.288615717846789
2013-03-28,0.297424972057343,0.297656802823132,0.290470380704745,0.292556747056488
2013-04-01,0.287688434123993,0.296729388196511,0.285602040975281,0.296729388196511
2013-04-02,0.284674853086472,0.288615782177163,0.282820290092297,0.287920317599962
2013-04-03,0.281197518110275,0.285833911123176,0.279111124673421,0.284211151460595
2013-04-04,0.283979415893555,0.284906683662516,0.279343021778572,0.280270289547533
2013-04-05,0.288847655057907,0.288847655057907,0.279111204826701,0.279806669505372
2013-04-08,0.288152098655701,0.28907936617537,0.282820241329898,0.28907936617537
2013-04-09,0.292788505554199,0.294874871390972,0.286297549700233,0.288383915537005
2013-04-10,0.297424972057343,0.297888605953831,0.292324943925789,0.293020408588066
2013-04-11,0.296033948659897,0.297888511291603,0.285138431196861,0.293252118529878
2013-04-12,0.303452253341675,0.306697717800044,0.294874903093682,0.297424930621748
2013-04-15,0.297192960977554,0.303452111505389,0.29533842651679,0.302524816639934
2013-04-16,0.300438582897186,0.302524948895182,0.298352189264106,0.299974949079308
2013-04-17,0.296497642993927,0.300902205553012,0.294643080156123,0.298120375113849
2013-04-18,0.290702164173126,0.299047684285811,0.290702164173126,0.297193121190204
2013-04-19,0.291397601366043,0.292324896644126,0.286761207880885,0.290470333723045
2013-04-22,0.291861176490784,0.294411203448814,0.288847543439576,0.291165739715939
2013-04-23,0.299511253833771,0.302524886849449,0.293947566255047,0.294411199977837
2013-04-24,0.309711366891861,0.312261394318916,0.300206749356565,0.300438580080874
2013-04-25,0.312261402606964,0.312956867163264,0.308552276730088,0.311334134955288
2013-04-26,0.310870468616486,0.312261397707261,0.309247736433971,0.311797763888697
2013-04-29,0.314579457044601,0.315738554902324,0.309943065613713,0.311333994097008
2013-04-30,0.319215953350067,0.319215953350067,0.313188631455678,0.315275024866081
2013-05-01,0.31643408536911,0.321302308444422,0.315274987268805,0.319215915282826
2013-05-02,0.320143222808838,0.321070490271153,0.314347704446587,0.316202267006298
2013-05-03,0.321534186601639,0.323852383343836,0.32037508823054,0.322229651151315
2013-05-06,0.320606976747513,0.323388807812551,0.318752413492457,0.321534244557496
2013-05-07,0.31643408536911,0.321302308444422,0.313420424781302,0.320606844057224
2013-05-08,0.322229593992233,0.324084156584034,0.315738638738471,0.316897736903961
2013-05-09,0.322461396455765,0.323852297551566,0.315970441770126,0.316434075468727
2013-05-10,0.337065994739532,0.338456923293587,0.329184112325014,0.329184112325014
2013-05-13,0.330111503601074,0.336138825581292,0.328720574640999,0.334747896621216
2013-05-14,0.334979712963104,0.337761543128895,0.330806953896878,0.334052417817787
2013-05-15,0.340775221586227,0.341934319851415,0.333356970580959,0.333356970580959
2013-05-16,0.339152663946152,0.3437890593911,0.337993537449818,0.340311762807389
2013-05-17,0.344716042280197,0.347034238085082,0.338225088499506,0.340775114938908
2013-05-20,0.344020634889603,0.345411563656529,0.34216607241206,0.34332517050614
2013-05-21,0.347632139921188,0.349030134190235,0.342040218395916,0.346001165124272
2013-05-22,0.335516333580017,0.349030178035054,0.334118339135356,0.349030178035054
2013-05-23,0.340875387191772,0.34204037368641,0.330623489373678,0.3315554674592
2013-05-24,0.338778257369995,0.341807226582082,0.335050290989664,0.339011265684562
2013-05-28,0.338545292615891,0.342273259475897,0.335283342444981,0.341341281648626
2013-05-29,0.336448311805725,0.338545275700038,0.33505031735921,0.336448311805725
2013-05-30,0.340875387191772,0.344370346675686,0.335050426943114,0.335982432804106
2013-05-31,0.337147265672684,0.343904173152513,0.337147265672684,0.339011248769847
2013-06-03,0.33668127655983,0.340176234448283,0.329691333007466,0.337613254219901
2013-06-04,0.337147265672684,0.344836178588823,0.335050274272579,0.338778240466906
2013-06-05,0.329924315214157,0.339244202179524,0.328992309852348,0.33668124992932
2013-06-06,0.332021325826645,0.334584306216311,0.329691353754388,0.329924362071797
2013-06-07,0.33668127655983,0.338778240182719,0.33295331036863,0.334351276858738
2013-06-10,0.336448311805725,0.338545275700038,0.333885331245601,0.335749314582468
2013-06-11,0.330157428979874,0.336681357495039,0.330157428979874,0.332021384748096
2013-06-12,0.32736137509346,0.334584299482267,0.325497391918079,0.331788338606923
2013-06-13,0.334817320108414,0.336448295031058,0.325963420531329,0.326196401077159
2013-06-14,0.334351271390915,0.336448262754968,0.332021299503383,0.335982273932552
2013-06-17,0.337613314390183,0.340642283988431,0.33505033370502,0.336914317132824
2013-06-18,0.335516333580017,0.342972239142136,0.332720344690695,0.339244272473347
2013-06-19,0.34576815366745,0.360679990557938,0.337380243680584,0.338545229635679
2013-06-20,0.336448311805725,0.343438228487381,0.334118339578506,0.34297223959703
2013-06-21,0.335982263088226,0.33947722080672,0.330390314073364,0.338312234900555
2013-06-24,0.328992396593094,0.335283344173724,0.324099471311501,0.331089388378458
2013-06-25,0.331322371959686,0.333186327484519,0.327827385911977,0.332487358050436
2013-06-26,0.329458355903626,0.33551629408341,0.328060361623535,0.335050277473075
2013-06-27,0.326429486274719,0.330856423218105,0.322934527285057,0.330390434241243
2013-06-28,0.327128380537033,0.330390330122566,0.322235428383278,0.326429383404289
2013-07-01,0.328526347875595,0.33015735044803,0.326429384247402,0.32945835331348
2013-07-02,0.328293323516846,0.333186247254522,0.325264354855168,0.326662321162168
2013-07-03,0.329225420951843,0.333186368594014,0.325497453891293,0.325497453891293
2013-07-05,0.331788301467896,0.332487298552353,0.328060335534426,0.330157326787798
2013-07-08,0.330157428979874,0.334351357233836,0.328293445436189,0.33272038204891
2013-07-09,0.331788301467896,0.333885264945813,0.329924318501161,0.330856296096801
2013-07-10,0.336215347051621,0.337147352728587,0.330856404679322,0.331788410356288
2013-07-11,0.340875387191772,0.341341376234534,0.33738039993239,0.338079397384266
2013-07-12,0.34110826253891,0.344370240382335,0.339011298605998,0.340176284741052
2013-07-15,0.340409100055695,0.341807093849305,0.335050160880784,0.341807093849305
2013-07-16,0.34227329492569,0.344137278548749,0.340176330709413,0.341807305963791
2013-07-17,0.340409100055695,0.343438068091553,0.339477122710252,0.342273082522026
2013-07-18,0.3390112221241,0.34110818558393,0.334584259144357,0.339943199711701
2013-07-19,0.331788301467896,0.338545208474923,0.328293343821063,0.336914233794826
2013-07-22,0.331555396318436,0.337380327541789,0.330157429490109,0.334351357750552
2013-07-23,0.331089317798615,0.335749261516537,0.329458343052433,0.335749261516537
2013-07-24,0.331089317798615,0.335050264403758,0.330623328981913,0.334118286770356
2013-07-25,0.332254320383072,0.336681283802283,0.328526354111679,0.330856326087435
2013-07-26,0.330856412649155,0.332953404641244,0.328293459470553,0.328293459470553
2013-07-29,0.330157428979874,0.334351357233836,0.3292254233203,0.330157428979874
2013-07-30,0.335749298334122,0.340176262016874,0.331089354105199,0.331322362426828
2013-07-31,0.336448311805725,0.339710261813647,0.333885331245601,0.334118339578506
2013-08-01,0.34110826253891,0.341807259775034,0.333652356829662,0.33761330413375
2013-08-02,0.343904227018356,0.344603224261209,0.33807929628702,0.340409268579554
2013-08-05,0.345535188913345,0.346700174921615,0.341108225416646,0.342972208584969
2013-08-06,0.340409100055695,0.34646703612741,0.339710103158889,0.345768039230605
2013-08-07,0.340176314115524,0.343671272822476,0.338312330583391,0.338545311165243
2013-08-08,0.342506259679794,0.344137234726484,0.338079295666823,0.342040270777234
2013-08-09,0.337613314390183,0.342739247985046,0.328759413939712,0.328992394508524
2013-08-12,0.334817320108414,0.339710244876345,0.305459632623531,0.323866428966108
2013-08-13,0.335982263088226,0.337380229510351,0.333186274693067,0.335283265989437
2013-08-14,0.350195050239563,0.352292013449018,0.335050207933414,0.335283216190221
2013-08-15,0.352525115013123,0.355321075957588,0.34506918212727,0.346467176487232
2013-08-16,0.353923231363297,0.35881615775874,0.351127241679651,0.351826239100563
2013-08-19,0.348331183195114,0.352991127675243,0.348098174860924,0.35182614155521
2013-08-20,0.350087612867355,0.352429333789637,0.347745891945073,0.348214230546427
2013-08-21,0.348448306322098,0.352429225078916,0.347043263035924,0.347979939949702
2013-08-22,0.350321650505066,0.3536000472673,0.348214085801769,0.348214085801769
2013-08-23,0.350321650505066,0.3536000472673,0.3496191289373,0.350789988911742
2013-08-26,0.351024121046066,0.351960825713249,0.349619105918545,0.350555782670226
2013-08-27,0.346574902534485,0.350087482610989,0.345404042508983,0.347745762559986
2013-08-28,0.346574902534485,0.349853299439687,0.345169859337681,0.347277424132887
2013-08-29,0.345872342586517,0.34915076704372,0.344467299545502,0.345404004211346
2013-08-30,0.345404028892517,0.347043227280498,0.343764830504536,0.346106550463224
2013-09-03,0.345638185739517,0.350555808841734,0.343530648933141,0.346340707313477
2013-09-04,0.34891664981842,0.351024186862614,0.345169886278179,0.345638224741832
2013-09-05,0.349853217601776,0.351258260469911,0.347277342897526,0.34751149809855
2013-09-06,0.348448306322098,0.351960886622026,0.345872402935947,0.350087504878963
2013-09-09,0.35430258512497,0.35430258512497,0.350321666611938,0.351258343468355
2013-09-10,0.361795991659164,0.36203017477143,0.355239171586195,0.356878397541061
2013-09-11,0.367884635925293,0.368821340872621,0.358751909245277,0.36132781295604
2013-09-12,0.367650359869003,0.372333799320818,0.366011133728467,0.366011133728467
2013-09-13,0.369992166757584,0.371631365368781,0.366245403147269,0.368821306618799
2013-09-16,0.370226174592972,0.375612134669518,0.368821159735284,0.373036260139341
2013-09-17,0.371396988630295,0.374441228987805,0.369991973945247,0.371631171702216
2013-09-18,0.374675542116165,0.375612218898001,0.369757919222772,0.371631300701946
2013-09-19,0.373036354780197,0.377017273093534,0.371397128490438,0.376314751528709
2013-09-20,0.369757920503616,0.376314741745686,0.369055398957055,0.373973021867483
2013-09-23,0.366245329380035,0.372567967272899,0.364137764805413,0.369523725942112
2013-09-24,0.367650359869003,0.369055374955247,0.364371935503432,0.36647950000605
2013-09-25,0.368118762969971,0.370928821552148,0.365308676472287,0.366947902901105
2013-09-26,0.36694797873497,0.369758037897877,0.364840413426156,0.369055516128273
2013-09-27,0.364840269088745,0.367181988783993,0.362732732529222,0.364137747597071
2013-09-30,0.364371955394745,0.366947858400064,0.358985994148034,0.361093558765705
2013-10-01,0.364137887954712,0.366479636468092,0.362030350582835,0.364840409717175
2013-10-02,0.3639035820961,0.365308597124255,0.360391002652463,0.360391002652463
2013-10-03,0.360156834125519,0.367416176436224,0.358517635901795,0.364137752073276
2013-10-04,0.365074455738068,0.368118696954289,0.358751790167646,0.359688494804061
2013-10-07,0.365074455738068,0.367650358593832,0.361796031383867,0.363669412741196
2013-10-08,0.362030386924744,0.36928973267306,0.35922032750832,0.364137924508183
2013-10-09,0.356410056352615,0.364606102956184,0.354536702984885,0.364371919827467
2013-10-10,0.360391080379486,0.36132775726694,0.356410133819044,0.3589860371328
2013-10-11,0.35734686255455,0.359220244370429,0.353600098922793,0.354770959068278
2013-10-14,0.362732857465744,0.362732857465744,0.35641018977845,0.35641018977845
2013-10-15,0.360859394073486,0.364840312445389,0.360625210909932,0.362732775635413
2013-10-16,0.36530864238739,0.366713685505135,0.362498584067404,0.362966922468151
2013-10-17,0.366011083126068,0.366947787636229,0.362498504022834,0.362498504022834
2013-10-18,0.370226174592972,0.37139703426546,0.363903537944634,0.365308552802322
2013-10-21,0.371163040399551,0.374909776230667,0.36999218021817,0.374675620943696
2013-10-22,0.369289547204971,0.371397083729944,0.366011122936069,0.371162928513558
2013-10-23,0.362966895103455,0.368587039235219,0.361796035232108,0.368587039235219
2013-10-24,0.360391080379486,0.366245380714836,0.359688558756143,0.363903660580696
2013-10-25,0.356878489255905,0.362498606239633,0.35570762922467,0.362264450982689
2013-10-28,0.35617595911026,0.3580493406984,0.351258335930831,0.356410114361587
2013-10-29,0.356644302606583,0.357346824201576,0.352429200952127,0.355707625756928
2013-10-30,0.356410056352615,0.359454297448426,0.353365815256804,0.357815099293913
2013-10-31,0.355707615613937,0.359454350821223,0.355005094038976,0.356878475600371
2013-11-01,0.35734686255455,0.358986061175129,0.354770959068278,0.357581017834343
2013-11-04,0.347043186426163,0.358517629622251,0.346340664938157,0.358517629622251
2013-11-05,0.346574902534485,0.348214100987086,0.341188940834077,0.344935704081884
2013-11-06,0.34891664981842,0.349150833008001,0.343062349233985,0.346574929584646
2013-11-07,0.340720504522324,0.348682339242198,0.340017983125747,0.347745662657094
2013-11-08,0.364371955394745,0.365542815321617,0.349853269969132,0.351258313047579
2013-11-11,0.367416232824326,0.368352909691492,0.362264454223898,0.36296694791652
2013-11-12,0.368118762969971,0.371163004732124,0.363903661138952,0.369055439858861
2013-11-13,0.378188073635101,0.378188073635101,0.366479475779572,0.367181969318504
2013-11-14,0.379827409982681,0.382169130406011,0.37678316784925,0.377017351057787
2013-11-15,0.378656476736069,0.381700718282329,0.374909713615209,0.381232379871098
2013-11-18,0.369523733854294,0.37373883517829,0.368587057078074,0.370460438546017
2013-11-19,0.363519996404648,0.371054076651714,0.363049121651709,0.367757925314461
2013-11-20,0.358104884624481,0.364697215697866,0.357398558426139,0.363755438077848
2013-11-21,0.360930174589157,0.361636500813406,0.356927696740665,0.358575772552787
2013-11-22,0.35739853978157,0.361401017274463,0.356692213620076,0.361401017274463
2013-11-25,0.365168005228043,0.365638879894786,0.357398474993404,0.357398474993404
2013-11-26,0.368228793144226,0.372231270568977,0.366816140845287,0.369170542632397
2013-11-27,0.369641542434692,0.370818743637137,0.365639035893027,0.367993438297917
2013-11-29,0.367287039756775,0.370583219315627,0.364932637814746,0.369641469765489
2013-12-02,0.370818793773651,0.373408619929173,0.365168210397915,0.365874536828218
2013-12-03,0.370583146810532,0.375762824456248,0.368228745329144,0.370818598185342
2013-12-04,0.375762939453125,0.376469265727038,0.36869973284737,0.36964151056815
2013-12-05,0.369641542434692,0.376469298182197,0.369170639500362,0.376469298182197
2013-12-06,0.364226341247559,0.374114823833153,0.363284563626697,0.374114823833153
2013-12-09,0.358104884624481,0.365403541896208,0.357398558426139,0.364226340921199
2013-12-10,0.366345316171646,0.367993392034538,0.357634033982056,0.358104908790499
2013-12-11,0.362813740968704,0.367522545549389,0.362107414668264,0.367051670704658
2013-12-12,0.355750381946564,0.363519911795076,0.355044055948212,0.361636385155031
2013-12-13,0.353631556034088,0.359046686928042,0.353160681188242,0.356456861242543
2013-12-16,0.354102462530136,0.357163191401742,0.353631587642203,0.353867039119515
2013-12-17,0.355750381946564,0.356692131233248,0.35080612802478,0.353866855306519
2013-12-18,0.360694736242294,0.361401062492163,0.351983454005077,0.356456834876455
2013-12-19,0.362107336521149,0.362578211264259,0.357869407699791,0.360223809482025
2013-12-20,0.369406074285507,0.36964152574204,0.36187196447674,0.362813742236181
2013-12-23,0.37152498960495,0.37458571791378,0.368464289362806,0.37152498960495
2013-12-24,0.372466742992401,0.373643943952385,0.368699688693779,0.373643943952385
2013-12-26,0.368935257196426,0.3750567153577,0.367993479289549,0.373879514024123
2013-12-27,0.371054172515869,0.371760498861102,0.368699770076219,0.370818749111919
2013-12-30,0.375998347997665,0.376233799417667,0.370818669357796,0.371289544131114
2013-12-31,0.377175629138947,0.379059156699278,0.374350351831796,0.376704754265537
2014-01-02,0.373408406972885,0.376233711082819,0.370112256266867,0.374821059027852
2014-01-03,0.368935257196426,0.374821263864307,0.36775805586285,0.374114937450822
2014-01-06,0.3738794028759,0.376704679623236,0.369170570874761,0.372702173825601
2014-01-07,0.380000919103622,0.381413571837598,0.375056690668093,0.377646516591458
2014-01-08,0.385180473327637,0.387064000198841,0.380000767415154,0.381413419585227
2014-01-09,0.370818793773651,0.380000953167518,0.369641592412043,0.379294626737215
2014-01-10,0.370347768068314,0.374585697179289,0.367051616574602,0.371995871881854
2014-01-13,0.361636489629746,0.372702173245141,0.36093016342734,0.370347771281581
2014-01-14,0.372937679290772,0.373644005596629,0.361871965987942,0.363520070057173
2014-01-15,0.376940131187439,0.378352783700162,0.372937653156973,0.374585729044025
2014-01-16,0.37811741232872,0.378823738734652,0.375292134771685,0.376940211007731
2014-01-17,0.376469135284424,0.382590590115067,0.374114733898281,0.378117210641388
2014-01-21,0.37788188457489,0.38023628656684,0.373879406801912,0.376940106938099
2014-01-22,0.377410918474197,0.379058993856469,0.372937538931828,0.378588119185345
2014-01-23,0.375998347997665,0.380236277090898,0.373173071291072,0.376233799417667
2014-01-24,0.366345316171646,0.374350300181916,0.366345316171646,0.372937647689901
2014-01-27,0.363991022109985,0.371525105481546,0.361872042742965,0.366345424917767
2014-01-28,0.36752250790596,0.367757959337554,0.361871926147885,0.363284578604075
2014-01-29,0.363991022109985,0.368228952777331,0.363755570602529,0.36610997341031
2014-01-30,0.370112419128418,0.370818745466708,0.364932711358752,0.366109912567005
2014-01-31,0.369641542434692,0.371760493372417,0.364697286157747,0.364932709558222
2014-02-03,0.364697277545929,0.372702234306853,0.363284624909677,0.372231359450332
2014-02-04,0.366816163063049,0.367522489255301,0.362578233976227,0.364461761133335
2014-02-05,0.363519996404648,0.365403523483085,0.36069469175365,0.364226322567397
2014-02-06,0.368228793144226,0.369170542632397,0.363519989570006,0.363990864314091
2014-02-07,0.37364399433136,0.374114869165505,0.365874461334553,0.369170613240258
2014-02-10,0.374821126461029,0.379765381476243,0.372937599404439,0.373173050811519
2014-02-11,0.382590711116791,0.383532460742423,0.37505662991167,0.376940129162934
2014-02-12,0.39624634385109,0.399071649537035,0.383768003960479,0.383768003960479
2014-02-13,0.408724665641785,0.41107909629804,0.399071631864593,0.406134839633281
2014-02-14,0.421673834323883,0.422615583968595,0.404722116185565,0.404957567630087
2014-02-18,0.421438544988632,0.423322073069256,0.417906940362474,0.421909448058812
2014-02-19,0.427088886499405,0.430855940519691,0.419554778458833,0.421438305468976
2014-02-20,0.442157119512558,0.443098869080131,0.427324381389832,0.428030679532168
2014-02-21,0.438860952854157,0.447101388113879,0.43603567600131,0.441450806341499
2014-02-24,0.445217788219452,0.448513939332227,0.433916654585152,0.437919131812573
2014-02-25,0.443207561969757,0.446518624832894,0.43847749633106,0.444626592938732
2014-02-26,0.442498087882996,0.448883671047102,0.441079056871676,0.442261573316637
2014-02-27,0.437531471252441,0.446991602027603,0.436348954905546,0.442498051186767
2014-02-28,0.434693485498428,0.439423551406573,0.4283078739677,0.435166486450559
2014-03-03,0.432564944028854,0.432564944028854,0.421212780076645,0.424996844125187
2014-03-04,0.437058627605438,0.439896662220425,0.433984078358609,0.434693594060712
2014-03-05,0.440842509269714,0.441079023818349,0.434693441132762,0.436585444748185
2014-03-06,0.434693485498428,0.443917102741944,0.433983969973523,0.441552069787871
2014-03-07,0.434220433235168,0.437294981550458,0.430909398553112,0.436585466063327
2014-03-10,0.427834928035736,0.434693541400623,0.425942895790477,0.432801509155364
2014-03-11,0.432091861963272,0.435875925301508,0.428544313156205,0.429963315762985
2014-03-12,0.433274388313293,0.435875935443038,0.428307808590477,0.429963325766945
2014-03-13,0.419557243585587,0.435875987336675,0.417428697082358,0.434220441769692
2014-03-14,0.421449214220047,0.425233277799553,0.415300146145116,0.415300146145116
2014-03-17,0.421449214220047,0.425706278698638,0.420976213320962,0.422631730564466
2014-03-18,0.431382358074188,0.43422039155689,0.421212712250546,0.423104743970152
2014-03-19,0.438950568437576,0.447228212841035,0.433510986432296,0.434693531227149
2014-03-20,0.4391870200634,0.442971083922788,0.434693468899616,0.436585472635894
2014-03-21,0.438477516174316,0.446518645040051,0.436112483247939,0.442971095650484
2014-03-24,0.43634894490242,0.442261526501353,0.429963334220843,0.438713977541993
2014-03-25,0.43634894490242,0.441552011070798,0.43303788229097,0.441079010181566
2014-03-26,0.426415890455246,0.448647219667591,0.422631826021062,0.440369603387056
2014-03-27,0.420739740133286,0.429017354803229,0.416009646414189,0.425469805658968
2014-03-28,0.423341423273087,0.425942971597505,0.418847870560101,0.420030387399668
2014-03-31,0.423577815294266,0.42783488032299,0.421212782299799,0.424050816254476
2014-04-01,0.441079020500183,0.446282086790282,0.431855376074022,0.437058470557535
2014-04-02,0.438241004943848,0.442025040495399,0.436348973071365,0.441079038655865
2014-04-03,0.442971050739288,0.45361369782897,0.438950472617345,0.43918698716337
2014-04-04,0.429253876209259,0.44793765225001,0.4273618443301,0.44533610489199
2014-04-07,0.430672824382782,0.43895043813562,0.427125275631566,0.429490308132377
2014-04-08,0.446045637130737,0.447228153575467,0.429963379650311,0.430672895155832
2014-04-09,0.445572525262833,0.451958135433407,0.442024976587363,0.448174072235542
2014-04-10,0.434693485498428,0.449829685127125,0.433274454448618,0.443680616362587
2014-04-11,0.428544372320175,0.438004503778401,0.42286827652919,0.43138240611896
2014-04-14,0.433274388313293,0.434929905489761,0.428544323127149,0.431382356600153
2014-04-15,0.43634894490242,0.438713977541993,0.42949033333161,0.433747397721525
2014-04-16,0.437294960021973,0.438950477281498,0.43185537914632,0.438477476377836
2014-04-17,0.438950568437576,0.442971147437188,0.434693531227149,0.435639533230929
2014-04-21,0.442498087882996,0.443680604327957,0.436348991091832,0.439187024921055
2014-04-22,0.446282058954239,0.449120120565832,0.440842478456569,0.443207511003955
2014-04-23,0.451485246419907,0.452667762937986,0.446282151185625,0.446991666735156
2014-04-24,0.455505758523941,0.460235824197309,0.454559756666634,0.454559756666634
2014-04-25,0.442971050739288,0.458816792294211,0.442025020748602,0.454559727819656
2014-04-28,0.441079020500183,0.448883634032038,0.435639439663229,0.446518601337137
2014-04-29,0.442025005817413,0.443680551196838,0.437058454259376,0.442734521238108
2014-04-30,0.436821937561035,0.441788517287923,0.435875935800396,0.441315516407603
2014-05-01,0.4391870200634,0.444390086724996,0.435639470767755,0.443444084856857
2014-05-02,0.43587601184845,0.441315593404711,0.433274464262676,0.441315593404711
2014-05-05,0.44060605764389,0.443917092425276,0.43492996176998,0.435402962711118
2014-05-06,0.431618988513947,0.448647222176145,0.43043647189583,0.444863185914223
2014-05-07,0.432091861963272,0.435639410770339,0.427361796887183,0.431618861094346
2014-05-08,0.437531471252441,0.444390054787068,0.42830782683061,0.43043637317107
2014-05-09,0.426888912916183,0.428307944198677,0.41884781083118,0.424287393156175
2014-05-12,0.439423680305481,0.44036968248724,0.427598483872943,0.427834998515096
2014-05-13,0.432328313589096,0.440605955001047,0.430909311096249,0.433510829763173
2014-05-14,0.428071320056915,0.434220416449793,0.42783483369929,0.432564899172761
2014-05-15,0.42570623755455,0.429490300768331,0.4214491734874,0.42712526830807
2014-05-16,0.42476037144661,0.427834920265136,0.422395338231346,0.422395338231346
2014-05-19,0.438477516174316,0.440842549100694,0.427361867059024,0.42925389903881
2014-05-20,0.433369249105454,0.439784242651773,0.431230927364436,0.438596279834926
2014-05-21,0.433369249105454,0.438833883727603,0.430755719579083,0.435032391384386
2014-05-22,0.435269981622696,0.437645907181857,0.432418876616356,0.432418876616356
2014-05-23,0.439309000968933,0.441447350730357,0.43503232976935,0.437645858925557
2014-05-27,0.44714966416359,0.44714966416359,0.440497066118799,0.441922632958136
2014-05-28,0.45095106959343,0.453802174397142,0.44453607670426,0.448812748071461
2014-05-29,0.450238436460495,0.454515109253912,0.449288077316746,0.450713616032369
2014-05-30,0.451426357030869,0.452614320010294,0.447862468092591,0.450238394051443
2014-06-02,0.450000792741776,0.455703003387953,0.446199300095477,0.452851898064865
2014-06-03,0.4481001496315,0.451426435220717,0.442160305382282,0.450951255611297
2014-06-04,0.44857519865036,0.451901483271219,0.446674452442754,0.446912056339931
2014-06-05,0.450475931167603,0.451901469537532,0.446674438867922,0.449287968364361
2014-06-06,0.452139049768448,0.456178117423465,0.450951087027369,0.452614229200226
2014-06-09,0.452614277601242,0.456890949591114,0.448575209514301,0.451663918636057
2014-06-10,0.454990237951279,0.457128588270526,0.449050423158822,0.450951169557062
2014-06-11,0.460930049419403,0.462118012296329,0.453327064348465,0.453327064348465
2014-06-12,0.463781148195267,0.465919470014621,0.456890946611172,0.460930042995038
2014-06-13,0.464256346225739,0.468770622269481,0.459742070181996,0.468533018358606
2014-06-16,0.462830781936646,0.465919491178557,0.458791713692578,0.462118026846664
2014-06-17,0.465919464826584,0.467820211046661,0.460930037862558,0.463305963556837
2014-06-18,0.465444266796112,0.467582616829673,0.460454811707736,0.464731483451592
2014-06-19,0.454752653837204,0.459266901665623,0.451426340621759,0.456890975793135
2014-06-20,0.449763149023056,0.45760370921006,0.446199260603806,0.45594056694573
2014-06-23,0.444536209106445,0.444773784722277,0.438596365538276,0.443823425612403
2014-06-24,0.437645971775055,0.447387279334665,0.435745225382537,0.443823390469921
2014-06-25,0.442160189151764,0.442397793055653,0.43479483633369,0.438833904436927
2014-06-26,0.436220467090607,0.44239788666617,0.434794928335436,0.442160282712004
2014-06-27,0.436695635318756,0.439309136960731,0.433131717946477,0.435745247911724
2014-06-30,0.440496981143951,0.44168494383981,0.43503234707835,0.43503234707835
2014-07-01,0.445486485958099,0.44810001551258,0.438596284552318,0.440021851277174
2014-07-02,0.443823397159576,0.445724143580744,0.441209867290062,0.443823397159576
2014-07-03,0.447862535715103,0.449050498873899,0.439784369241327,0.439784369241327
2014-07-07,0.444298654794693,0.448812931879015,0.443585871221034,0.44857532791337
2014-07-08,0.440734654664993,0.445011326710611,0.436457982619376,0.443110580432195
2014-07-09,0.45403990149498,0.455940647987752,0.441209883911223,0.444536197354392
2014-07-10,0.451663941144943,0.453564687493307,0.441922633811622,0.445486522593578
2014-07-11,0.452614277601242,0.454039844372289,0.450475955767941,0.452139098118649
2014-07-14,0.458316683769226,0.459504647071264,0.452852046915198,0.454515189873394
2014-07-15,0.460217207670212,0.461405170396496,0.455940536190935,0.459029244943927
2014-07-16,0.459742188453674,0.465682032844193,0.457128686378054,0.462118143203848
2014-07-17,0.458554029464722,0.46330590861302,0.454514961928096,0.454514961928096
2014-07-18,0.438121169805527,0.452614329797217,0.437408386337804,0.449050440781877
2014-07-21,0.440734654664993,0.44382336382701,0.436457982619376,0.436457982619376
2014-07-22,0.438833892345428,0.446436848857902,0.437883533402595,0.44406092317755
2014-07-23,0.429567724466324,0.439309030161401,0.429092545039964,0.439071454609854
2014-07-24,0.43028050661087,0.433131611484633,0.427191797862934,0.431943648760293
2014-07-25,0.42267769575119,0.429805474540927,0.421964912207562,0.428855087041663
2014-07-28,0.421014487743378,0.424578376825338,0.413886709579458,0.424578376825338
2014-07-29,0.422439962625504,0.428142200907677,0.421014395974144,0.421251999857126
2014-07-30,0.429567724466324,0.430755687193857,0.423865514703471,0.425053477431004
2014-07-31,0.415787398815155,0.427667027451995,0.415074615432291,0.424340742762987
2014-08-01,0.420301705598831,0.422677631500918,0.414361862520344,0.415787429390905
2014-08-04,0.419351279735565,0.423390347733556,0.417212957949355,0.419826459207693
2014-08-05,0.419588893651962,0.425766311906932,0.414599438267312,0.418163326878271
2014-08-06,0.419113755226135,0.424340786702944,0.413649119822679,0.416737800929471
2014-08-07,0.414837092161179,0.426479118363941,0.411985958270217,0.422677653714779
2014-08-08,0.451426357030869,0.45380228298972,0.432894128887172,0.432894128887172
2014-08-11,0.449050426483154,0.453802278352298,0.447862463515868,0.451901531939986
2014-08-12,0.449050426483154,0.451426352417726,0.444060970691245,0.44881285088366
2014-08-13,0.451663941144943,0.455465433841671,0.446912089435668,0.449763194796579
2014-08-14,0.446674376726151,0.453326973163442,0.444773630840744,0.453326973163442
2014-08-15,0.452376693487167,0.454990194753756,0.443823349668789,0.448100021577978
2014-08-18,0.458554029464722,0.459029237205837,0.449763111103062,0.454277358057538
2014-08-19,0.46225306391716,0.464639499717005,0.457002882398655,0.458673410217393
2014-08-20,0.459389299154282,0.462730326204696,0.458196081303825,0.460582517004739
2014-08-21,0.455093681812286,0.460582489283746,0.454377773903947,0.458196053726464
2014-08-22,0.455332458019257,0.459150767307287,0.45175280372994,0.454616521471681
2014-08-25,0.456048369407654,0.460343960007568,0.455093777914027,0.457241587438266
2014-08-26,0.464162260293961,0.465116823320946,0.455571079256844,0.45724157877835
2014-08-27,0.458912074565887,0.464878164557408,0.458196138077193,0.461298510562496
2014-08-28,0.462730377912521,0.463684940920132,0.456525633017373,0.457957505977349
2014-08-29,0.464162260293961,0.465116823320946,0.459389359813348,0.464400886826426
2014-09-02,0.465355485677719,0.465355485677719,0.461059895091077,0.465355485677719
2014-09-03,0.469651162624359,0.471321662479515,0.464639634610324,0.467742007740509
2014-09-04,0.478003531694412,0.480867277293964,0.468696415392984,0.468935070342466
2014-09-05,0.476571589708328,0.479673961358417,0.473469218058239,0.477526152470562
2014-09-08,0.472275912761688,0.477048782584471,0.470366759142866,0.476094219999334
2014-09-09,0.466310054063797,0.473230735768411,0.46583277253727,0.47012836317314
2014-09-10,0.46798050403595,0.469651031874602,0.463684913855312,0.468935095436402
2014-09-11,0.463207542896271,0.466309914563442,0.458196017245567,0.464639415496059
2014-09-12,0.456286996603012,0.466071395847571,0.455809715079791,0.466071395847571
2014-09-15,0.450082361698151,0.458434889442402,0.448173206809751,0.457718952803181
2014-09-16,0.456764280796051,0.459150716726033,0.447457163599986,0.448889036537399
2014-09-17,0.457002907991409,0.4612984983614,0.453423254091177,0.455571063500453
2014-09-18,0.463923513889313,0.46440079530875,0.4584347064444,0.459866579151266
2014-09-19,0.455332458019257,0.465832794337057,0.454616521471681,0.465355512788194
2014-09-22,0.450798213481903,0.464639548256683,0.450320903513224,0.464639548256683
2014-09-23,0.44888898730278,0.453900485136939,0.446741178132234,0.448411677410287
2014-09-24,0.4515141248703,0.452945997889783,0.448173125756257,0.448650407279897
2014-09-25,0.441729664802551,0.452229999119825,0.440775101886689,0.451036781250719
2014-09-26,0.442684262990952,0.446025261696529,0.441252390146528,0.44316154445624
2014-09-29,0.44196829199791,0.445070663952454,0.43480898523291,0.439104574981621
2014-09-30,0.440297842025757,0.44340021432732,0.435047660385315,0.440059187060806
2014-10-01,0.436002224683762,0.444116094707696,0.434809006830327,0.441013751047611
2014-10-02,0.434093207120895,0.437434206783143,0.424070151237019,0.435286425350065
2014-10-03,0.435047656297684,0.442684273721644,0.435047656297684,0.436718184139524
2014-10-06,0.432422548532486,0.440297791643443,0.429558803075006,0.436718138270149
2014-10-07,0.427888333797455,0.434809014539211,0.427411052337331,0.430513424500976
2014-10-08,0.435763657093048,0.437911466728946,0.424070102715995,0.427411130444537
2014-10-09,0.427411079406738,0.434331760586805,0.423831425556257,0.433854450647893
2014-10-10,0.402114778757095,0.425501882375918,0.401876152260102,0.424070009599726
2014-10-13,0.400682985782623,0.412853820594443,0.400205704278908,0.404739921237043
2014-10-14,0.409990012645721,0.421206253526315,0.403785269121025,0.406171704561515
2014-10-15,0.416194915771484,0.418342725707505,0.401399015044913,0.404024078146404
2014-10-16,0.416433602571487,0.421206475973109,0.40784241906914,0.408797010818606
2014-10-17,0.415717512369156,0.426217847044651,0.414047012985129,0.421444975405396
2014-10-20,0.419297188520432,0.423115497415442,0.412853817152592,0.41571753459957
2014-10-21,0.437195479869843,0.437672761362261,0.421206336509637,0.422399554464962
2014-10-22,0.426933735609055,0.437911350527866,0.426933735609055,0.436479477817219
2014-10-23,0.436479538679123,0.439581911019077,0.431229385422272,0.434331757762226
2014-10-24,0.441013783216476,0.443638845616379,0.436479537973548,0.43910462882201
2014-10-27,0.44125235080719,0.442922850011047,0.436002198259972,0.440775069384453
2014-10-28,0.451752752065659,0.452230033559938,0.439581917494462,0.440059198988741
2014-10-29,0.44888898730278,0.452468640805133,0.444832023907935,0.449843550190651
2014-10-30,0.446025282144547,0.449604935971156,0.440297847401395,0.447695810022479
2014-10-31,0.466310054063797,0.466548709051342,0.453900563682714,0.456286999763913
2014-11-03,0.474185228347778,0.478719473297311,0.471798792621253,0.477048945529897
2014-11-04,0.480390012264252,0.482060511720979,0.469412395636796,0.477287639874009
2014-11-05,0.480390012264252,0.483492384654495,0.476810358379024,0.483253758131282
2014-11-06,0.482537806034088,0.483253742477655,0.473946597159845,0.481344559662437
2014-11-07,0.472275912761688,0.493753855412758,0.467503042938906,0.488026423004838
2014-11-10,0.477764934301376,0.480867306590865,0.470605598314871,0.471798816237862
2014-11-11,0.472037434577942,0.477526213838995,0.467980471195693,0.474901151681221
2014-11-12,0.468935161828995,0.471560224542642,0.462491761421491,0.470367006459558
2014-11-13,0.466548651456833,0.471321523030029,0.462730342818853,0.470605586604338
2014-11-14,0.472275912761688,0.472275912761688,0.462491518245565,0.467025761646337
2014-11-17,0.470128387212753,0.475139914618956,0.467026014458845,0.470128387212753
2014-11-18,0.481344610452652,0.482537856950211,0.469173774973458,0.470366993022455
2014-11-19,0.479547172784805,0.483142004448385,0.474514465593704,0.481704071782953
2014-11-20,0.487455755472183,0.487935085416627,0.474754111892506,0.476192044587924
2014-11-21,0.490091890096664,0.492488425081625,0.486017786336021,0.491769458872347
2014-11-24,0.493207454681397,0.495364296448543,0.489372986785046,0.491290192164267
2014-11-25,0.492967754602432,0.49656258606307,0.491290185633437,0.492248788310305
2014-11-26,0.501355588436127,0.501834918278359,0.489852186463648,0.490091879953714
2014-11-28,0.502553999423981,0.505429865186356,0.498479894352563,0.50303332943035
2014-12-01,0.493207454681397,0.503272868629169,0.492488488379712,0.500397060560338
2014-12-02,0.493926495313644,0.496083337405372,0.488174764034592,0.492728198917869
2014-12-03,0.506628096103668,0.506867732506897,0.494885055276764,0.496322987971962
2014-12-04,0.502074539661408,0.507826211907213,0.498719402279512,0.505909006871244
2014-12-05,0.504950404167175,0.507586575375136,0.502074539476383,0.502314175821316
2014-12-08,0.498479753732681,0.509264190161405,0.494405649810558,0.504231483634882
2014-12-09,0.49680233001709,0.498000626476064,0.487935153344776,0.495364397121489
2014-12-10,0.485778331756592,0.497281739624753,0.485299058806624,0.495364476411095
2014-12-11,0.485538482666016,0.492009121760542,0.48457988004792,0.488653984028255
2014-12-12,0.470440417528152,0.483381698792568,0.469961087536245,0.47906792884811
2014-12-15,0.469002425670624,0.484579934223367,0.467564493013769,0.475952366851193
2014-12-16,0.463730096817017,0.475952440586933,0.463490460383053,0.468523196892773
2014-12-17,0.482662677764893,0.483381644102451,0.457738692332916,0.473076536114661
2014-12-18,0.484579890966415,0.494405668014623,0.480026457005483,0.488653995038548
2014-12-19,0.489372849464417,0.49129005430566,0.48338148434422,0.487934917264538
2014-12-22,0.498000711202621,0.498000711202621,0.487216269788739,0.488893839406378
2014-12-23,0.494884967803955,0.504231471532803,0.494405637944308,0.501834936510373
2014-12-24,0.492967754602432,0.49680222244781,0.492488481832952,0.496083256155683
2014-12-26,0.493447035551071,0.496083206935379,0.491769466748521,0.492967705691242
2014-12-29,0.492728143930435,0.496083282043512,0.489612642214604,0.492009177600789
2014-12-30,0.488174617290497,0.491769448259307,0.487455651096735,0.489372913326067
2014-12-31,0.480505794286728,0.491529867657585,0.479067833167158,0.488893638935485
2015-01-02,0.482423007488251,0.486017838923607,0.474754071851429,0.482423007488251
2015-01-05,0.474274665117264,0.483860832532935,0.47211779530433,0.482422900278348
2015-01-06,0.459895670413971,0.475473153273784,0.459416368962846,0.474993851822659
2015-01-07,0.458697289228439,0.467324827494004,0.457259356661194,0.463250694743127
2015-01-08,0.475952357053757,0.478828222308267,0.463730015428952,0.463969680389813
2015-01-09,0.477869629859924,0.481464461720137,0.471159324669123,0.477629993448548
2015-01-12,0.471878170967102,0.479307440639495,0.467564402401485,0.479067775720147
2015-01-13,0.471159309148788,0.485059220464227,0.467804170948387,0.475473078669987
2015-01-14,0.473076432943344,0.474514365304868,0.464928225745238,0.466126493190192
2015-01-15,0.469721406698227,0.479307548526695,0.469481741724933,0.476431711691946
2015-01-16,0.478348910808563,0.478828212151163,0.467564473470823,0.469002406067576
2015-01-20,0.479786813259125,0.484340190012199,0.473795446861742,0.481704018509061
2015-01-21,0.486497104167938,0.487695400340499,0.473795461855907,0.47715062828738
2015-01-22,0.494884967803955,0.496322900244993,0.482422962832158,0.487455669237891
2015-01-23,0.496322810649872,0.497281413058219,0.491290048014741,0.495364151103633
2015-01-26,0.494166135787964,0.49656267146124,0.491050633698914,0.494166135787964
2015-01-27,0.470440417528152,0.486976530887083,0.469481786113296,0.486497200895175
2015-01-28,0.462771534919739,0.478109382240968,0.462531869895594,0.476192147754694
2015-01-29,0.474035143852234,0.476671315533605,0.460854171169561,0.463011070074997
2015-01-30,0.460135191679001,0.476192000539734,0.45941625396675,0.470679963809106
2015-02-02,0.470200657844543,0.472117891719211,0.453904212763298,0.463011052241255
2015-02-03,0.481943726539612,0.482423056492318,0.471159316844935,0.473555852332641
2015-02-04,0.483141928911209,0.488653965174974,0.47906779651911,0.480505757528679
2015-02-05,0.491050571203232,0.491290207598686,0.483141998774149,0.483621271565057
2015-02-06,0.488893687725067,0.496322987598701,0.486736788683892,0.490571256822233
2015-02-09,0.488414436578751,0.489852312198721,0.4829023990988,0.486017901028247
2015-02-10,0.502074539661408,0.502314176006429,0.486736670822061,0.48889356934095
2015-02-11,0.498719364404678,0.503272740303777,0.495364170139692,0.503272740303777
2015-02-12,0.53442794084549,0.539221011936111,0.524122832286863,0.527238334209558
2015-02-13,0.534667551517487,0.535386517860257,0.525081409797762,0.533229618831946
2015-02-17,0.53634512424469,0.538981353232044,0.530353814198156,0.533708952395248
2015-02-18,0.530114054679871,0.536584751003388,0.529155452048281,0.535626091233893
2015-02-19,0.531551897525787,0.537782899286837,0.529155362782145,0.536824296816959
2015-02-20,0.535386383533478,0.535626019874973,0.527238176543654,0.53107264369707
2015-02-23,0.531072437763214,0.535146539678312,0.528436210477422,0.535146539678312
2015-02-24,0.536726295948029,0.536726295948029,0.528306153003191,0.533117679645362
2015-02-25,0.532636344432831,0.536966751527926,0.530230581832635,0.534560931569825
2015-02-26,0.534079909324646,0.537207407002034,0.529749501452302,0.53311761558343
2015-02-27,0.530711770057678,0.533839267248929,0.528787125516498,0.532636357240953
2015-03-02,0.543702960014343,0.546589898588269,0.528546647217063,0.529268381860544
2015-03-03,0.53359866142273,0.542259418635163,0.531914633264466,0.539613096866164
2015-03-04,0.53961318731308,0.540816040188638,0.529508959311976,0.53167416331748
2015-03-05,0.549957692623138,0.550919985902096,0.538169442221722,0.539612910819102
2015-03-06,0.542500376701355,0.54947705279125,0.542019200914008,0.546830729355701
2015-03-09,0.543943762779236,0.54803361337706,0.541537998675896,0.542740909406536
2015-03-10,0.553326070308685,0.556934743905607,0.545387045753378,0.546349339593251
2015-03-11,0.550439059734345,0.560543228720882,0.548995590634008,0.553325940577109
2015-03-12,0.545387089252472,0.549236322276889,0.535042300593442,0.545146530112798
2015-03-13,0.546108722686768,0.547552191972797,0.535282760399463,0.542740665924642
2015-03-16,0.552604377269745,0.555972492000221,0.546830556437098,0.550439230306206
2015-03-17,0.559340476989746,0.559581036097248,0.547552220353387,0.551401452863006
2015-03-18,0.55019873380661,0.562227553730549,0.545146646645937,0.559340671363566
2015-03-19,0.558618783950806,0.560543371670122,0.548033436778721,0.55212322870071
2015-03-20,0.564633131027222,0.568001245378655,0.557897017040194,0.563189718999943
2015-03-23,0.546349346637726,0.555010106024087,0.546108787514136,0.547792816095106
2015-03-24,0.53889125585556,0.548514304777605,0.536485493625049,0.544665073737208
2015-03-25,0.506173133850098,0.538650969054036,0.504489047815559,0.538650969054036
2015-03-26,0.504489123821259,0.506654328456508,0.492219745604045,0.495828419996128
2015-03-27,0.51435250043869,0.516277087438133,0.499196191404899,0.507375772189383
2015-03-30,0.516517996788025,0.519164319752665,0.510022382925473,0.51675855595992
2015-03-31,0.503526628017426,0.515555442241466,0.50304550986321,0.515074324087251
2015-04-01,0.505451381206513,0.507135409823575,0.496790621634531,0.505451381206513
2015-04-02,0.506654262542725,0.509781760823009,0.502323911193521,0.508338291253966
2015-04-06,0.521329343318939,0.523013371653215,0.499196301169183,0.504488945260359
2015-04-07,0.525900483131409,0.531674304656402,0.518442575360275,0.521329514801737
2015-04-08,0.529749393463135,0.531674037911144,0.521329253246543,0.526381337376498
2015-04-09,0.542019009590149,0.543703038214513,0.525419225118378,0.525659784248166
2015-04-10,0.547552406787872,0.547792965977281,0.540575674073571,0.542500319662656
2015-04-13,0.542500376701355,0.54947705279125,0.540094555122565,0.546349553568355
2015-04-14,0.537929058074951,0.542500024332977,0.532636357283663,0.54033482073319
2015-04-15,0.544424474239349,0.548514263991321,0.536726012730996,0.539372391138306
2015-04-16,0.541056513786316,0.545868038733918,0.537207282356654,0.541297072826325
2015-04-17,0.534079909324646,0.539372610938206,0.529508942356477,0.529749501452302
2015-04-20,0.531433582305908,0.539853724161449,0.530471231215634,0.536485667419233
2015-04-21,0.530711770057678,0.537929058031816,0.528065390983293,0.537929058031816
2015-04-22,0.536726295948029,0.537448030680146,0.525659773199452,0.53383941437748
2015-04-23,0.534561097621918,0.539613240802222,0.520848252276938,0.526862689324659
2015-04-24,0.529990136623383,0.534561046395065,0.523975700152023,0.534320487290744
2015-04-27,0.534079909324646,0.54346240235681,0.527103179324479,0.531674146292649
2015-04-28,0.536726295948029,0.53865094101965,0.528065536520537,0.533117679645362
2015-04-29,0.532636344432831,0.538169604149071,0.530471140885284,0.532876903485479
2015-04-30,0.534079909324646,0.536726231452469,0.528787207711086,0.529990117906042
2015-05-01,0.54731160402298,0.548995632315259,0.536004466783816,0.538410229681059
2015-05-04,0.543943762779236,0.5504393774804,0.542259733642692,0.54683070264642
2015-05-05,0.529990136623383,0.542740686879063,0.527584373506422,0.542018952208184
2015-05-06,0.531674146652222,0.537929142011228,0.524697416647337,0.532876999490076
2015-05-07,0.541056513786316,0.542740541782186,0.52782479150146,0.52950881949733
2015-05-08,0.501120984554291,0.525419235225945,0.492941400404909,0.505451393121322
2015-05-11,0.496309161186218,0.501361301495895,0.49029478491379,0.494143958196357
2015-05-12,0.501120984554291,0.505210776628982,0.492460224778153,0.492700841270493
2015-05-13,0.504007756710053,0.508578722897944,0.4991962314674,0.504729491232241
2015-05-14,0.512187600135803,0.514833980523424,0.504248573688811,0.505451484293717
2015-05-15,0.512428164482117,0.51675851603129,0.509300666057408,0.514352752424432
2015-05-18,0.511706292629242,0.514833790216406,0.508819354130963,0.511225117093558
2015-05-19,0.50851571559906,0.514074585332789,0.507548910548811,0.512382705306542
2015-05-20,0.50851571559906,0.514799660308786,0.508032313073935,0.508757388049933
2015-05-21,0.504890859127045,0.510933137589943,0.504407456105575,0.508757910428487
2015-05-22,0.504165828227997,0.508032879873228,0.502957407002049,0.506099382862334
2015-05-26,0.501023769378662,0.50513249306383,0.497156718373965,0.501748845043507
2015-05-27,0.527851402759552,0.530268302465016,0.502715599723979,0.504407423755461
2015-05-28,0.535101890563965,0.536793713927344,0.526884446335147,0.527851194310876
2015-05-29,0.534860074520111,0.538485392862597,0.534134999326935,0.535101747043371
2015-06-01,0.540902435779572,0.546219636078624,0.534860217716632,0.538243864441751
2015-06-02,0.530268490314484,0.540419495722835,0.52978508715277,0.537519191999462
2015-06-03,0.524467706680298,0.535827128493652,0.523500900787878,0.531718405132871
2015-06-04,0.533893406391144,0.535585229552957,0.521325511333787,0.521325511333787
2015-06-05,0.538002073764801,0.540418971984161,0.52664260027275,0.532201471939618
2015-06-08,0.52567595243454,0.539935671926389,0.519633734549284,0.536310352719918
2015-06-09,0.528334617614746,0.532201609667739,0.525192643354129,0.526159391367377
2015-06-10,0.518908500671387,0.525434119348371,0.516008200093442,0.522050473756363
2015-06-11,0.524467706680298,0.52809302709487,0.518908832104316,0.518908832104316
2015-06-12,0.510207772254944,0.524225760439128,0.50899929419897,0.521083786641682
2015-06-15,0.509241044521332,0.511657943105447,0.503682172015527,0.507549163651385
2015-06-16,0.515525102615356,0.516250178189043,0.503198933109536,0.508274404501916
2015-06-17,0.521567344665527,0.524467646764595,0.5140749744075,0.51528339519983
2015-06-18,0.530268490314484,0.533652139576116,0.524467940491192,0.525918092352879
2015-06-19,0.528576195240021,0.534618412454745,0.52374239841888,0.53026801836508
2015-06-22,0.526400983333588,0.532443258331841,0.518425212605,0.529542957112935
2015-06-23,0.51286643743515,0.531476553450227,0.508757715012867,0.527367831027944
2015-06-24,0.507791042327881,0.514800067558325,0.505374143037048,0.512141438002011
2015-06-25,0.511657774448395,0.514799747334401,0.507790726463819,0.507790726463819
2015-06-26,0.501265168190002,0.5080325181567,0.499090000007316,0.507549115436435
2015-06-29,0.486280471086502,0.500540189783039,0.485555395760966,0.495464662504284
2015-06-30,0.48603892326355,0.491356125104761,0.482655275557065,0.48918089831198
2015-07-01,0.493047714233398,0.505132205734531,0.488697320342351,0.498123241000255
2015-07-02,0.493531137704849,0.496673111389661,0.490389164020037,0.492806062421939
2015-07-06,0.487488865852356,0.496189711676783,0.483863547039163,0.489422419159675
2015-07-07,0.478304862976074,0.486522338605424,0.463078390285313,0.484588842044838
2015-07-08,0.474921107292175,0.47854645573725,0.471054057426079,0.475646182743532
2015-07-09,0.469120502471924,0.484588700946432,0.466220229663807,0.482413474731565
2015-07-10,0.477338045835495,0.481688470092656,0.473954369719165,0.475162819301059
2015-07-13,0.480479955673218,0.483138527107602,0.47733798142194,0.482171779097227
2015-07-14,0.480721682310104,0.481688459240866,0.47443776191285,0.48120508518134
2015-07-15,0.477338045835495,0.482655218233486,0.472987621578335,0.47951324355822
2015-07-16,0.487972289323807,0.487972289323807,0.47854636781146,0.480238191012639
2015-07-17,0.485072046518326,0.486763869923425,0.478788098086006,0.486280524735347
2015-07-20,0.476129472255707,0.487005544472019,0.474921022988528,0.485071991070489
2015-07-21,0.478304862976074,0.48507218737327,0.47516288784755,0.47516288784755
2015-07-22,0.469120502471924,0.474921076899865,0.46331995685569,0.474921076899865
2015-07-23,0.474921107292175,0.481930102761304,0.46912053249303,0.470087309365408
2015-07-24,0.469362169504166,0.478788062643176,0.467428644836452,0.478304688679174
2015-07-27,0.466703653335571,0.472020825518323,0.46138648115282,0.465253502371317
2015-07-28,0.476854562759399,0.479996507904728,0.463078217625617,0.467912014848221
2015-07-29,0.482655167579651,0.486522217360556,0.473954319978469,0.475887844868921
2015-07-30,0.483863770961762,0.488697570031941,0.481446842614957,0.481446842614957
2015-07-31,0.482171833515167,0.486038854804805,0.479271560345011,0.48579718218079
2015-08-03,0.490389287471771,0.490872632699788,0.479754914539263,0.486038834679114
2015-08-04,0.49232280254364,0.493772953530235,0.486763928843974,0.488697482700574
2015-08-05,0.497398257255554,0.504890626077627,0.496431451658877,0.504407223279289
2015-08-06,0.494256347417831,0.499815221016472,0.486038844517611,0.496189843615872
2015-08-07,0.555403888225555,0.564829753053045,0.528817944242488,0.542835991624354
2015-08-10,0.574739158153534,0.578847880853962,0.548153210476894,0.551536915309676
2015-08-11,0.571838796138763,0.57739766923757,0.566279923039957,0.566279923039957
2015-08-12,0.573288798332214,0.577397519535907,0.562654457709517,0.562654457709517
2015-08-13,0.568455040454865,0.57522239049075,0.567004889902646,0.574013912489434
2015-08-14,0.568938732147217,0.572322380072032,0.564588278280942,0.567971926205757
2015-08-17,0.565313220024109,0.56797179167483,0.558304195537569,0.56797179167483
2015-08-18,0.560167789459229,0.567448992673444,0.555799032811184,0.563565672719357
2015-08-19,0.557983458042145,0.565750098603222,0.551915759253954,0.55943971038058
2015-08-20,0.537838816642761,0.554342856371334,0.535169001259829,0.551673098854269
2015-08-21,0.521091938018799,0.542935546808338,0.5206065013438,0.53395540231478
2015-08-24,0.502646267414093,0.529829451142708,0.485414044753157,0.491967122321225
2015-08-25,0.492209792137146,0.526674174167952,0.492209792137146,0.524732485426779
2015-08-26,0.529344081878662,0.529829518668702,0.504345273441963,0.508228594164669
2015-08-27,0.549245953559876,0.549488642972977,0.531771042767664,0.53492623660142
2015-08-28,0.551673054695129,0.555070938147747,0.54536266664549,0.549245986819565
2015-08-31,0.545605301856995,0.552886562626018,0.543420981492145,0.549003242837825
2015-09-01,0.523276388645172,0.538809671721395,0.519393125741988,0.529829524992507
2015-09-02,0.539052426815033,0.539295116309561,0.528616026293902,0.537596174116107
2015-09-03,0.540508627891541,0.549731522193301,0.539537812140269,0.547061706544963
2015-09-04,0.527887940406799,0.539780594538423,0.527645250893669,0.531285825054154
2015-09-08,0.550459504127502,0.552643882624091,0.538566911777535,0.54075123240826
2015-09-09,0.539537847042084,0.556770015805958,0.538324283875087,0.552158626222647
2015-09-10,0.548032343387604,0.554828167159709,0.533955374925003,0.536382442443786
2015-09-11,0.549731433391571,0.553372006337221,0.539780414417343,0.541964792904251
2015-09-14,0.550702333450317,0.554100217484974,0.547789828354399,0.552401275467645
2015-09-15,0.556769907474518,0.55968241221592,0.549246014047049,0.550944955857579
2015-09-16,0.560653150081635,0.563808343825258,0.551673005528961,0.555799014763116
2015-09-17,0.565749943256378,0.575458212359041,0.564536380685621,0.570361330574049
2015-09-18,0.565264701843262,0.570118838070747,0.554585613715967,0.557983497502034
2015-09-21,0.571089446544647,0.572303009094157,0.563080118888594,0.56599262271474
2015-09-22,0.55555647611618,0.562594991597805,0.552643970988371,0.558711670716017
2015-09-23,0.55822616815567,0.561624051827315,0.553857468844394,0.556041789567099
2015-09-24,0.568905174732208,0.574730125012077,0.546090694515122,0.554828148867852
2015-09-25,0.573031365871429,0.584195891214334,0.567449103199977,0.57594381300488
2015-09-28,0.565507411956787,0.576671937261095,0.561866838586092,0.5730313638904
2015-09-29,0.575458288192749,0.576429103657779,0.563565639615024,0.571574968466772
2015-09-30,0.598272800445557,0.599000926618415,0.577400004465931,0.580797888028692
2015-10-01,0.586623072624207,0.599971921426623,0.569633534004234,0.598272979137802
2015-10-02,0.601913511753082,0.601913511753082,0.577400081633048,0.5834677812625
2015-10-05,0.616961300373077,0.624485193971464,0.602641581512328,0.605796775765234
2015-10-06,0.624970555305481,0.627640312479647,0.607981080998694,0.610408148756806
2015-10-07,0.631523787975311,0.637834177273477,0.6162332515474,0.626426961787966
2015-10-08,0.635164260864258,0.636863202502542,0.618174728749699,0.628853873141569
2015-10-09,0.632737159729004,0.63783398437493,0.620844511022654,0.631766286387617
2015-10-12,0.639533042907715,0.643173673939222,0.628853954991739,0.633465343810492
2015-10-13,0.640746593475342,0.644629856012654,0.632251826476773,0.634436205053411
2015-10-14,0.664046347141266,0.674482743665746,0.640746486478843,0.641474554683611
2015-10-15,0.665745556354523,0.679337152027743,0.658464350586642,0.665260119490312
2015-10-16,0.676181733608246,0.682492121428107,0.666230715174672,0.667929714704978
2015-10-19,0.674968302249908,0.68152143863099,0.667201718537672,0.678366244106501
2015-10-20,0.673997342586517,0.677152536437213,0.666958828776053,0.672055711539563
2015-10-21,0.665259718894959,0.682249246655415,0.66404621426398,0.678123180458892
2015-10-22,0.689287781715393,0.691472159746529,0.672055620445373,0.67302643583726
2015-10-23,0.693899512290955,0.698510959629635,0.684919364960703,0.695355764910104
2015-10-26,0.690744161605835,0.696083734048448,0.684433773591618,0.694384792331676
2015-10-27,0.690258800983429,0.694627500103958,0.68686085959428,0.687346296325834
2015-10-28,0.695840954780579,0.695840954780579,0.684433685222999,0.694627392073363
2015-10-29,0.671813070774078,0.691715052557153,0.670599565643798,0.684676595496614
2015-10-30,0.688559770584106,0.693413964085119,0.673997363678652,0.679094246601664
2015-11-02,0.6965691447258,0.697297270904234,0.686618183396969,0.690744193164188
2015-11-03,0.691715002059937,0.696326448523265,0.683948419341864,0.692443128231297
2015-11-04,0.680307686328888,0.694870091837655,0.67715249268207,0.689773267269343
2015-11-05,0.672540962696075,0.685647172305499,0.670599332017712,0.683705483761287
2015-11-06,0.765740513801575,0.775206094339986,0.723752240581467,0.739042771502803
2015-11-09,0.762342751026154,0.764527129463648,0.751663606131201,0.758216741443684
2015-11-10,0.747780442237854,0.756517899271686,0.731761780653474,0.752391831280426
2015-11-11,0.740499258041382,0.753605415019443,0.73782944246002,0.748265841722591
2015-11-12,0.737829506397247,0.745596148617353,0.734674311611947,0.738800322208291
2015-11-13,0.723267138004303,0.741712870958232,0.719626506167267,0.738557675988094
2015-11-16,0.737829506397247,0.738314943235708,0.726907669391841,0.732732679989859
2015-11-17,0.737829506397247,0.744139895967849,0.734674311611947,0.739771195885212
2015-11-18,0.755979657173157,0.756954217279193,0.732834929238301,0.740874672556733
2015-11-19,0.758172392845154,0.765724856733772,0.752568933158244,0.758659672938381
2015-11-20,0.764750123023987,0.769135468278102,0.759146665034116,0.763775621218266
2015-11-23,0.7532998919487,0.771084774708478,0.750619996409129,0.771084774708478
2015-11-24,0.759390532970429,0.765968494489103,0.749889007183189,0.75329979343945
2015-11-25,0.758416056632996,0.766943081301529,0.755736161147733,0.757928834591459
2015-11-27,0.764750123023987,0.767186406581079,0.755979490601338,0.759877555909802
2015-11-30,0.772789835929871,0.776200679251853,0.764750094680876,0.765480985529473
2015-12-01,0.797883987426758,0.798614878612361,0.778880932772297,0.7796118239579
2015-12-02,0.79179310798645,0.807385315010536,0.790087714881128,0.799101960474515
2015-12-03,0.790087640285492,0.806410736825809,0.786189574376105,0.798127383071856
2015-12-04,0.822246670722961,0.823708452805089,0.790087697258531,0.790087697258531
2015-12-07,0.806654572486877,0.822003170241372,0.804218288051015,0.822003170241372
2015-12-08,0.817617475986481,0.82102826113027,0.791549249408125,0.796665427123808
2015-12-09,0.796909332275391,0.822246735465723,0.788625977271905,0.817374166865367
2015-12-10,0.803487241268158,0.807872529168995,0.796665611317799,0.799345506252445
2015-12-11,0.791549384593964,0.801050908904888,0.789843991730811,0.79544745031785
2015-12-14,0.793498635292053,0.797883982377921,0.783997108024946,0.792280522047494
2015-12-15,0.803243517875671,0.808846976422218,0.798127339323185,0.802512626927375
2015-12-16,0.808116316795349,0.810796270401429,0.797883956761386,0.804949141141331
2015-12-17,0.795934736728668,0.817617681880328,0.795447514777193,0.809334327849319
2015-12-18,0.783022522926331,0.798371119930949,0.782048020816717,0.790331375876834
2015-12-21,0.801538288593292,0.80226917969074,0.784484298519239,0.79154954040417
2015-12-22,0.802269041538239,0.810308784140105,0.797396473784719,0.803974434443412
2015-12-23,0.805436432361603,0.808603608059217,0.802025645636666,0.803487427971812
2015-12-24,0.808116316795349,0.810065379243916,0.801781965487313,0.803000136778368
2015-12-28,0.8073850274086,0.8073850274086,0.788382040943002,0.799588955716426
2015-12-29,0.820541203022003,0.822977486908755,0.805679830652905,0.807872503576658
2015-12-30,0.813476145267487,0.826875738700852,0.813232534249703,0.819810496414692
2015-12-31,0.803000092506409,0.815912405434554,0.803000092506409,0.812258007934076
2016-01-04,0.788625955581665,0.793742135045645,0.780586211803641,0.786676951429367
2016-01-05,0.801294326782227,0.814693913588293,0.791792804760775,0.803486999114617
2016-01-06,0.768161296844482,0.791793251703392,0.759146991529329,0.788138795753248
2016-01-07,0.737707614898682,0.754030713833302,0.727962419652975,0.748914476164326
2016-01-08,0.721871793270111,0.747940031361811,0.720410010966994,0.747209140210253
2016-01-11,0.723089873790741,0.728206111620457,0.710177560839364,0.722602651768788
2016-01-12,0.735271275043488,0.745990972424831,0.730155095442573,0.736002166141561
2016-01-13,0.712857484817505,0.74574735144861,0.712126593729205,0.74087472483141
2016-01-14,0.698483467102051,0.706523211872645,0.677775019520677,0.698239797988732
2016-01-15,0.660477221012116,0.678505769274291,0.649026691897648,0.670466026179352
2016-01-19,0.665837109088898,0.693123515054912,0.663157155839252,0.67412046365821
2016-01-20,0.669491291046143,0.678018311950964,0.644397566329317,0.653168198147381
2016-01-21,0.677287459373474,0.687763484346989,0.662913369140069,0.676800237519476
2016-01-22,0.69312334060669,0.697752296795045,0.68873799534859,0.69019977710129
2016-01-25,0.692392647266388,0.700919671199465,0.690930865096649,0.6928799273515
2016-01-26,0.699214398860931,0.702137963948497,0.686789363410003,0.693854606981212
2016-01-27,0.690930783748627,0.70043230864765,0.677774861941112,0.698239635651201
2016-01-28,0.683378458023071,0.698970666927331,0.669978864469708,0.696534382470866
2016-01-29,0.713588416576386,0.715050198955287,0.686545674909134,0.689225570546716
2016-02-01,0.713831961154938,0.717486358379005,0.706766719613318,0.712857459100893
2016-02-02,0.683621883392334,0.71017739418183,0.678749315802642,0.706522997532355
2016-02-03,0.687032759189606,0.69312349851829,0.671196941489097,0.688981821332447
2016-02-04,0.687276303768158,0.702868507658548,0.680454674632273,0.688007136593046
2016-02-05,0.64391028881073,0.690199731462261,0.641961285326395,0.68264727035349
2016-02-08,0.614431619644165,0.637332684736821,0.605417313768586,0.634165508744992
2016-02-09,0.621009528636932,0.646834156424179,0.604199147855225,0.607122712542689
2016-02-10,0.619547665119171,0.642936005297693,0.616136878821086,0.624907513648732
2016-02-11,0.616380274295807,0.622714622683452,0.603711577520516,0.603711577520516
2016-02-12,0.626856505870819,0.628074677003019,0.602980886067181,0.626125614808618
2016-02-16,0.657553672790527,0.658528232892955,0.633921722975758,0.635870727009424
2016-02-17,0.673876821994782,0.680211172172037,0.663157125655305,0.665837078782971
2016-02-18,0.731860518455505,0.754761638261626,0.728449731915956,0.729180623043803
2016-02-19,0.741605520248413,0.748183539194512,0.722358859605838,0.727962318502861
2016-02-22,0.767917394638062,0.776444417209786,0.750863407580202,0.752325189516565
2016-02-23,0.769866347312927,0.777175197871792,0.758172151567396,0.761826605889618
2016-02-24,0.775226414203644,0.776444585443086,0.745503721371368,0.766699447869959
2016-02-25,0.776931762695313,0.780829829117035,0.763044948262474,0.77814993386455
2016-02-26,0.771815657615662,0.782535297744889,0.76401952402044,0.780586293388885
2016-02-29,0.766802966594696,0.782941035924526,0.76631396952241,0.772915896376027
2016-03-01,0.800790727138519,0.800790727138519,0.767536479515555,0.768759088725424
2016-03-02,0.805436611175537,0.808370827080842,0.794922415244492,0.796389523197145
2016-03-03,0.798345565795898,0.807881649451111,0.787586814635469,0.804458436944255
2016-03-04,0.795900225639343,0.805191808670026,0.789787297576555,0.804458254970603
2016-03-07,0.790765583515167,0.796878513385103,0.780495886984451,0.791499137431448
2016-03-08,0.776338756084442,0.787342001368985,0.773893596943121,0.782696181511316
2016-03-09,0.775849997997284,0.784408028476991,0.765824801624643,0.783185477678694
2016-03-10,0.774627685546875,0.784897384352534,0.758978667893155,0.780496059879866
2016-03-11,0.78783130645752,0.788075863275369,0.776828115165177,0.786119700218649
2016-03-14,0.789787232875824,0.792965945880516,0.780495592309126,0.784163360505769
2016-03-15,0.785875201225281,0.790765521418317,0.771937794504849,0.785630702704794
2016-03-16,0.80934864282608,0.812038359384756,0.776338956737923,0.780006725546477
2016-03-17,0.802502274513245,0.810326751352888,0.791499025620618,0.806414542081672
2016-03-18,0.826709508895874,0.837468202722929,0.80690366935131,0.81203854686883
2016-03-21,0.829154551029205,0.829399049538967,0.810571323451402,0.819373911072173
2016-03-22,0.827687501907349,0.833555874637116,0.817417805907343,0.826464950974871
2016-03-23,0.841869592666626,0.847982464844442,0.827687626610976,0.831355396555446
2016-03-24,0.84309196472168,0.844559072387873,0.831599718498518,0.834289377021731
2016-03-28,0.851650059223175,0.855317770114329,0.840646809955286,0.841624862306446
2016-03-29,0.865342915058136,0.867299019642972,0.84602613451974,0.847982239104576
2016-03-30,0.874390184879303,0.886371488301322,0.868032756194264,0.868521811592044
2016-03-31,0.871211409568787,0.880258496565443,0.864364984262307,0.878302391705654
2016-04-01,0.883926272392273,0.884415327759339,0.859230113151207,0.865832039971894
2016-04-04,0.875367999076843,0.895907387436659,0.871944787115943,0.891261566462747
2016-04-05,0.87414562702179,0.882214661605777,0.864120429276619,0.867543700234385
2016-04-06,0.875367999076843,0.875857054341489,0.846759636079422,0.863142200432766
2016-04-07,0.8663210272789,0.877568775162801,0.862653316354314,0.869744239687771
2016-04-08,0.871944785118103,0.879035765804583,0.863386696938254,0.873411892611472
2016-04-11,0.877324283123016,0.891750745006561,0.874390067723918,0.877079726308282
2016-04-12,0.876346290111542,0.881481109110537,0.859230110187122,0.880258499845699
2016-04-13,0.898352682590485,0.898597181111062,0.880258451231813,0.880258451231813
2016-04-14,0.900797963142395,0.904710231480856,0.892239872508436,0.895907642293625
2016-04-15,0.907888770103455,0.915957803771558,0.897619074990265,0.90055329025038
2016-04-18,0.903976321220398,0.906176982224118,0.895173735502717,0.906176982224118
2016-04-19,0.88783860206604,0.90911149180873,0.882214727291887,0.907399885351017
2016-04-20,0.891261875629425,0.896641252217735,0.88539350190405,0.886371554475408
2016-04-21,0.890283763408661,0.89566313963655,0.886371495088126,0.89150631446664
2016-04-22,0.886860430240631,0.899330729167849,0.883926214823773,0.893217858112347
2016-04-25,0.891261875629425,0.896152196783442,0.884659947901225,0.887105108478233
2016-04-26,0.891995072364807,0.906910586718563,0.888082805349114,0.896640893089518
2016-04-27,0.912289917469025,0.912778972715272,0.888082819575277,0.889794425491335
2016-04-28,0.885148823261261,0.912045644205171,0.882948219852767,0.906666268356945
2016-04-29,0.868766188621521,0.883437148936142,0.859230046927853,0.881481044213078
2016-05-02,0.880258500576019,0.885637876410776,0.872923019872561,0.877079786441466
2016-05-03,0.869744300842285,0.873901067387791,0.862164321647211,0.870233356205317
2016-05-04,0.849938631057739,0.859963771777065,0.841136041459129,0.859230217785745
2016-05-05,0.855073392391205,0.865098590724125,0.848715963764773,0.857029555667073
2016-05-06,0.863875925540924,0.866076587222547,0.851894623003936,0.853606229323903
2016-05-09,0.862653315067291,0.869744238390169,0.8555623334472,0.866076527471055
2016-05-10,0.879280507564545,0.880747615463829,0.859719224366681,0.868032758066328
2016-05-11,0.881725490093231,0.891506129719109,0.877079668781776,0.881970046891926
2016-05-12,0.869744300842285,0.891995299658912,0.854095287089106,0.888083031646312
2016-05-13,1.00202763080597,1.00251662787404,0.953613423234109,0.958259186866849
2016-05-16,1.03161418437958,1.04652976281224,0.991269006230671,0.994447720769507
2016-05-17,1.03381395339966,1.04114936998921,1.0137635737599,1.02696741689657
2016-05-18,1.06022274494171,1.07220410886678,1.02696848749813,1.02696848749813
2016-05-19,1.06486821174622,1.07244824863645,1.0545985746132,1.05606556569412
2016-05-20,1.08394038677216,1.08834170935902,1.06975842505519,1.07147003107324
2016-05-23,1.08565211296082,1.09274303630698,1.07905018664696,1.08858632834351
2016-05-24,1.11200535297394,1.11543757036551,1.08601934903295,1.08896118285592
2016-05-25,1.10734784603119,1.12009560076457,1.09852234248825,1.11543783249696
2016-05-26,1.11911523342133,1.12720522108876,1.10612222646749,1.10930919484851
2016-05-27,1.12524378299713,1.12695983351552,1.116663413508,1.12034076481642
2016-05-31,1.14534628391266,1.14779785179717,1.12941144335493,1.13014696047916
2016-06-01,1.14755272865295,1.15858443354035,1.13652090686837,1.13995300841963
2016-06-02,1.15564274787903,1.16544878598337,1.14240449123069,1.1536814467404
2016-06-03,1.13946306705475,1.1458370058093,1.11936071676561,1.14436620477109
2016-06-06,1.1335791349411,1.15123002739488,1.12769546515744,1.14240452271939
2016-06-07,1.13578534126282,1.14681716257657,1.13529507446133,1.1404432265685
2016-06-08,1.13210785388947,1.14019783879509,1.12279208535641,1.13603022122067
2016-06-09,1.16152679920197,1.163242850762,1.12573473306724,1.12818630209429
2016-06-10,1.13259875774384,1.1580945104312,1.13112783994285,1.14779820272156
2016-06-13,1.14706265926361,1.16937144235727,1.13382451625333,1.13382451625333
2016-06-14,1.14926838874817,1.15466167265288,1.13161750327248,1.14436537149921
2016-06-15,1.16103565692902,1.17108682518907,1.14608147120816,1.15882933998566
2016-06-16,1.1656938791275,1.16765506330117,1.14117878471362,1.15245573983373
2016-06-17,1.14534628391266,1.16740992728447,1.14068839844985,1.16716479387546
2016-06-20,1.16593873500824,1.18089292150658,1.16299690099938,1.16373241795018
2016-06-21,1.1588294506073,1.17402877111754,1.1571132832799,1.17084180361894
2016-06-22,1.15784931182861,1.16888113626692,1.15588812717001,1.16128141420547
2016-06-23,1.18873834609985,1.18996413034379,1.1681456150111,1.16888113231636
2016-06-24,1.12107646465302,1.16103613780227,1.11053502535002,1.13995314229906
2016-06-27,1.10906398296356,1.12034093821428,1.09263875846368,1.11176056739715
2016-06-28,1.12524378299713,1.13137246805014,1.10979921143443,1.13014680117785
2016-06-29,1.14363026618958,1.15245577055213,1.13210817735279,1.13505001214031
2016-06-30,1.15245580673218,1.15956514361087,1.13627583179007,1.14559148638008
2016-07-01,1.14387512207031,1.1610357429024,1.13995275457009,1.14608155607421
2016-07-05,1.16079068183899,1.16275186571124,1.12843073880674,1.13750125805234
2016-07-06,1.16814529895782,1.17500961872834,1.14681717323158,1.15270084249283
2016-07-07,1.19854485988617,1.2027124812036,1.17059764608431,1.17599093523281
2016-07-08,1.2465934753418,1.25247714346772,1.20663381593041,1.21129170038057
2016-07-11,1.27527689933777,1.28459255658015,1.26301928948068,1.26449020733942
2016-07-12,1.29439806938171,1.30616528948876,1.27331496288155,1.28949505126235
2016-07-13,1.2939076423645,1.30420406189801,1.29194645856194,1.29684947651693
2016-07-14,1.30714619159698,1.31891353191966,1.28998568178843,1.30077237145181
2016-07-15,1.2919465303421,1.29783019897386,1.27086354027453,1.29047561318416
2016-07-18,1.29856634140015,1.30984330145912,1.29366332037004,1.30788211642652
2016-07-19,1.3120493888855,1.31719754206698,1.29537902828714,1.29783059660054
2016-07-20,1.32920980453491,1.33631925861811,1.31106864452113,1.31646193076923
2016-07-21,1.30469453334808,1.33043541087519,1.30028178142702,1.32626779235576
2016-07-22,1.34024178981781,1.34024178981781,1.29979184581101,1.30935275229418
2016-07-25,1.36500203609467,1.36818900495261,1.34244812062262,1.34833179140566
2016-07-26,1.38829147815704,1.3954008163198,1.37505333570379,1.37701452034553
2016-07-27,1.37431764602661,1.40275522890526,1.36598252467175,1.40030366073766
2016-07-28,1.37725949287415,1.38755579871301,1.37309187371239,1.37750462631357
2016-07-29,1.39981377124786,1.40349100759342,1.35764776933393,1.38240800663646
2016-08-01,1.39074277877808,1.41084524064124,1.38167225695813,1.40569708767902
2016-08-02,1.37382709980011,1.39809705861771,1.36058896169909,1.39736154155811
2016-08-03,1.37750482559204,1.38020152761019,1.3645118162455,1.37211153845296
2016-08-04,1.40300035476685,1.40937429169153,1.38142709273563,1.38412367742878
2016-08-05,1.42677998542786,1.42751538570178,1.41231606129929,1.41918026477801
2016-08-08,1.44001805782318,1.44982409573089,1.4248186172382,1.44639199415291
2016-08-09,1.44369506835938,1.45766872280907,1.44001783393999,1.44712716940376
2016-08-10,1.43437957763672,1.45864953993877,1.42972169191444,1.45644322223757
2016-08-11,1.46355259418488,1.46968139748735,1.43903749787219,1.44197933280916
2016-08-12,1.54543352127075,1.55376864448575,1.48635214139249,1.51748631592701
2016-08-15,1.54396224021912,1.55671011398343,1.52312437863492,1.5471492086602
2016-08-16,1.53464674949646,1.54420753894588,1.52998886305344,1.54175608744268
2016-08-17,1.49909913539886,1.53807826314791,1.48708678214591,1.53464616221849
2016-08-18,1.52238893508911,1.52484038626028,1.49100951843836,1.49689318828467
2016-08-19,1.52631092071533,1.53783300719206,1.51503396760449,1.52165303607203
2016-08-22,1.53268527984619,1.53489171454391,1.51282806894991,1.53096922891308
2016-08-23,1.54508817195892,1.55515786600391,1.5406672878248,1.54828101320369
2016-08-24,1.52126455307007,1.55122816515068,1.51414211559266,1.5504914097341
2016-08-25,1.51119470596313,1.52249244098965,1.49228336395604,1.52175568564802
2016-08-26,1.52347505092621,1.53207111633461,1.50308996197187,1.51512457065624
2016-08-29,1.52249252796173,1.53575506176948,1.52003655957007,1.52961508223402
2016-08-30,1.51365089416504,1.52863264114277,1.50947559560767,1.5205277462712
2016-08-31,1.50652885437012,1.52077385082154,1.50210808628488,1.51659866795074
2016-09-01,1.55098271369934,1.55663152371787,1.5065285205807,1.50775656349347
2016-09-02,1.53575503826141,1.55589454090527,1.51831732332097,1.55417532792364
2016-09-06,1.55024588108063,1.55024588108063,1.53329933347544,1.54115864436213
2016-09-07,1.52740466594696,1.55294739445706,1.51856301529256,1.54533366950979
2016-09-08,1.53845679759979,1.54091288320815,1.50849330269858,1.52593101864493
2016-09-09,1.46182894706726,1.53010654437939,1.449057581079,1.52151047769985
2016-09-12,1.49203789234161,1.49498514838886,1.40779609540621,1.44242617829248
2016-09-13,1.47042489051819,1.50554614404257,1.4620744097132,1.48835389501164
2016-09-14,1.48344171047211,1.48835376446257,1.46158311120394,1.47386318762381
2016-09-15,1.53968489170074,1.54140410483883,1.48245933651322,1.48589787990199
2016-09-16,1.54336905479431,1.55343874946588,1.52568563427009,1.54508826810135
2016-09-19,1.56375396251678,1.60280481075738,1.5524562262081,1.55957866376924
2016-09-20,1.54950940608978,1.5816834109601,1.54091333814786,1.5816834109601
2016-09-21,1.59298038482666,1.59592764016528,1.55392954437145,1.55417512946424
2016-09-22,1.59691047668457,1.60722587357465,1.58782323986518,1.60231381885501
2016-09-23,1.5951908826828,1.60354136200201,1.58806844602857,1.59887501067775
2016-09-26,1.58020949363709,1.58659517640135,1.56031568984656,1.57701665225495
2016-09-27,1.63424217700958,1.63669826301744,1.57333271963384,1.57406947516862
2016-09-28,1.64013707637787,1.64136511967129,1.61926080884031,1.63669864884641
2016-09-29,1.65536415576935,1.66052191337138,1.62220781182849,1.63743514809899
2016-09-30,1.68287193775177,1.69932731841225,1.65462752977769,1.66445164113059
2016-10-03,1.68115210533142,1.70718612147165,1.67820496649513,1.68287143556212
2016-10-04,1.67746829986572,1.71185268356094,1.66494251910162,1.68360839766088
2016-10-05,1.67574894428253,1.70890539929417,1.67059130473297,1.6917131503497
2016-10-06,1.65389001369476,1.66592450357938,1.62736483154766,1.65560922653542
2016-10-07,1.64185619354248,1.66936372928836,1.63718972299216,1.66494284395974
2016-10-10,1.64799606800079,1.65929380644843,1.63252303001511,1.65045203699586
2016-10-11,1.62417232990265,1.64504859056362,1.61164655008354,1.64259262189842
2016-10-12,1.6315404176712,1.64013648339197,1.60403289025213,1.617541010258
2016-10-13,1.60501539707184,1.61606754963613,1.56449091574454,1.6123835378189
2016-10-14,1.6207332611084,1.63571500365453,1.61115474117418,1.62466285626023
2016-10-17,1.61140096187592,1.63571564888968,1.60919057837016,1.62048831527896
2016-10-18,1.63596153259277,1.64529447285379,1.62711987984362,1.63375114868364
2016-10-19,1.6325227022171,1.64013642708704,1.61655849706042,1.62490909445977
2016-10-20,1.66346907615662,1.66887241903202,1.62834793302966,1.65168016671392
2016-10-21,1.65880262851715,1.66174976787529,1.64308400541481,1.65757458546889
2016-10-24,1.73665845394135,1.73862325221123,1.66985437586441,1.67010007812168
2016-10-25,1.76514828205109,1.77570926282287,1.72536067880592,1.73371115910012
2016-10-26,1.77227091789246,1.79167355012617,1.74869298676394,1.75041219992942
2016-10-27,1.7359219789505,1.78921783226335,1.72879953967378,1.78577940522544
2016-10-28,1.73297464847565,1.77079745883769,1.72978180699045,1.74427238626075
2016-10-31,1.74771130084991,1.75925462703156,1.7376414861227,1.73862394420498
2016-11-01,1.69588851928711,1.76367494302598,1.67722264154193,1.75409641899032
2016-11-02,1.68876600265503,1.73199215438661,1.68581874640541,1.70890550895232
2016-11-03,1.66911768913269,1.69809884542235,1.63669810645105,1.69662521738113
2016-11-04,1.65953922271729,1.68802920968104,1.63522453486658,1.65806559462519
2016-11-07,1.75041246414185,1.76146461736682,1.70694072391703,1.70816876696706
2016-11-08,1.74771130084991,1.76269305465054,1.7315015037246,1.7570441256246
2016-11-09,1.71823799610138,1.74132475414949,1.68778333309022,1.70030899404135
2016-11-10,1.6644514799118,1.75606143237256,1.63964561871532,1.75581584717942
2016-11-11,2.160569190979,2.18021740875655,1.92798318466765,1.95278915915753
2016-11-14,2.05422282218933,2.1659721277325,2.05373165197054,2.16351604241337
2016-11-15,2.11685085296631,2.14779667396588,2.06134442158078,2.0701861851057
2016-11-16,2.25045967102051,2.27330061044214,2.12078135412284,2.14509603854115
2016-11-17,2.26912617683411,2.32807084012997,2.2263910734306,2.26716126103414
2016-11-18,2.29294848442078,2.31677175837341,2.25463440328281,2.269124976243
2016-11-21,2.283616065979,2.31726368712253,2.26937095774952,2.31087800548781
2016-11-22,2.30007147789001,2.30228186125354,2.26887994009863,2.2914754124623
2016-11-23,2.31138682365418,2.34287090355643,2.28187036679684,2.30523741519893
2016-11-25,2.31605958938599,2.33918079529855,2.2976116040991,2.32245483152622
2016-11-28,2.31483030319214,2.33032638962424,2.30228565120582,2.30892696514869
2016-11-29,2.29367709159851,2.32294771647219,2.27596730913092,2.31212485008691
2016-11-30,2.26784920692444,2.31605947336845,2.26538944439929,2.30228494397311
2016-12-01,2.155686378479,2.26711108001609,2.08509288766254,2.26538929327852
2016-12-02,2.17561101913452,2.18421995654537,2.09370272678108,2.12149739666866
2016-12-05,2.25997853279114,2.27793438111198,2.18913895091344,2.21349004252291
2016-12-06,2.2971203327179,2.30548343420104,2.25235362537622,2.26809578226594
2016-12-07,2.33844351768494,2.34410078580435,2.26539023416609,2.28359215479161
2016-12-08,2.2993335723877,2.37656838977654,2.28875701440211,2.34139467251903
2016-12-09,2.25850319862366,2.31876599709267,2.23120043359197,2.31704420955287
2016-12-12,2.2036509513855,2.21250595666577,2.15322698717358,2.21004619388082
2016-12-13,2.24251389503479,2.27006271703689,2.21496530760853,2.21594911870923
2016-12-14,2.37238740921021,2.38862147093926,2.2523534989838,2.27621268585468
2016-12-15,2.42797613143921,2.45823055422834,2.37607622027739,2.38345527340922
2016-12-16,2.46979188919067,2.47692487435041,2.40387159332764,2.45552544971933
2016-12-19,2.49979996681213,2.51996950750262,2.43510955994729,2.45232766650583
2016-12-20,2.58687329292297,2.61048640514075,2.56104625351138,2.57236102127932
2016-12-21,2.60310792922974,2.60605959823397,2.55096216778151,2.59843447285436
2016-12-22,2.63459181785584,2.67788256531828,2.62032538087069,2.62745859936326
2016-12-23,2.70026564598084,2.70174159745034,2.61392999144313,2.61663558970271
2016-12-27,2.88572835922241,2.88671217071831,2.735686081028,2.75634776447355
2016-12-28,2.68722915649414,2.94992574766025,2.67345486138434,2.94180871881685
2016-12-29,2.74085116386414,2.74232711553348,2.5285784905364,2.58023234202116
2016-12-30,2.62549018859863,2.75290311040429,2.61466756265882,2.73888274649253
2017-01-03,2.50914740562439,2.61639060928157,2.44445698517252,2.56793425284468
2017-01-04,2.56768798828125,2.59499074907034,2.49734031110995,2.54333689632687
2017-01-05,2.50250577926636,2.60286182018305,2.48553374138958,2.57113167208155
2017-01-06,2.53595757484436,2.5642441440784,2.48922301868943,2.52980816767877
2017-01-09,2.63877439498901,2.65648441462991,2.54579761289034,2.54579761289034
2017-01-10,2.61884951591492,2.68575337325136,2.59818783738087,2.65180953895212
2017-01-11,2.58662724494934,2.6122082144774,2.56178425115887,2.60728892357056
2017-01-12,2.54432082176209,2.57531322862736,2.49955411610154,2.56375262291335
2017-01-13,2.54407429695129,2.58269158406192,2.53497322236212,2.54825561182712
2017-01-17,2.48700952529907,2.53841730661445,2.47372713316293,2.53349801506354
2017-01-18,2.53226852416992,2.53915567414918,2.43781581297783,2.46561048306955
2017-01-19,2.58662724494934,2.61860345685941,2.53300577772775,2.53521947036462
2017-01-20,2.55834197998047,2.62696789412642,2.53645064341635,2.60925787486088
2017-01-23,2.58490610122681,2.60482980906866,2.55071618817134,2.55317595152484
2017-01-24,2.64000296592712,2.64615237298851,2.58023208983067,2.5949904322021
2017-01-25,2.65131711959839,2.68845868516649,2.61540543515748,2.68230927953054
2017-01-26,2.69706869125366,2.70444774637602,2.6245073179187,2.65402377298405
2017-01-27,2.74921417236328,2.75216584102719,2.67739078221869,2.70395556561793
2017-01-30,2.70616912841797,2.73052021779299,2.65426944560498,2.72830652504542
2017-01-31,2.68550825119019,2.70690767656806,2.66140299225901,2.67985098306664
2017-02-01,2.80283617973328,2.80701749576057,2.70223406798041,2.71994384728548
2017-02-02,2.83825588226318,2.84686505406118,2.75634782628201,2.7868480945224
2017-02-03,2.81341290473938,2.85080055763402,2.80160646270103,2.8397318569521
2017-02-06,2.8854820728302,2.88597397854129,2.80406569595887,2.80406569595887
2017-02-07,2.93024873733521,2.97427746466266,2.89999430803737,2.91967194367279
2017-02-08,2.91745853424072,2.93467640845101,2.86260693778003,2.91229317197764
2017-02-09,2.86260628700256,2.92852656891971,2.84342079414464,2.9236070433632
2017-02-10,2.79471921920776,2.9688662859767,2.76963014953118,2.94992662457062
2017-02-13,2.66583037376404,2.80357382685647,2.66140275315457,2.78906155259818
2017-02-14,2.67566895484924,2.70936695656134,2.6144221242132,2.65623715598511
2017-02-15,2.68108034133911,2.70075797714309,2.65058007621572,2.67862081279556
2017-02-16,2.63803601264954,2.69190356546467,2.59892657137435,2.69067368374035
2017-02-17,2.63754343986511,2.64197106026194,2.57752672284426,2.62450711796137
2017-02-21,2.73199582099915,2.73593130033479,2.66189399575856,2.66214006584398
2017-02-22,2.72781014442444,2.75342340727087,2.70884634316006,2.7440646970099
2017-02-23,2.47487878799438,2.62018467849035,2.45493017243271,2.59826572200576
2017-02-24,2.4987678527832,2.51206700687691,2.3569098959544,2.39065042509153
2017-02-27,2.57142090797424,2.58644402281986,2.5012308335105,2.51699285552595
2017-02-28,2.49926066398621,2.59087740855117,2.48202106132139,2.5810259386033
2017-03-01,2.53152298927307,2.57043539339864,2.49014771827163,2.55615095341609
2017-03-02,2.43818211555481,2.53275422321526,2.43547310312787,2.51871616497479
2017-03-03,2.42414522171021,2.4325186428187,2.36971692758107,2.42759314243817
2017-03-06,2.40542721748352,2.41601735779864,2.3438569510601,2.38794123739259
2017-03-07,2.43178009986877,2.45123642821023,2.39262153218157,2.40542816391032
2017-03-08,2.42734622955322,2.49482728453734,2.42512974312433,2.4800503168915
2017-03-09,2.42685389518738,2.44926537677943,2.39877777187412,2.41133825408519
2017-03-10,2.44113802909851,2.4650273242883,2.42291337545925,2.45320598446412
2017-03-13,2.50837278366089,2.51822401699676,2.45074296295366,2.45148187004364
2017-03-14,2.50664925575256,2.5305383186839,2.47438630247809,2.52117984504291
2017-03-15,2.52561259269714,2.53644887980354,2.47069178027003,2.5182242258006
2017-03-16,2.55664396286011,2.55713672422591,2.52216475957112,2.53620282156962
2017-03-17,2.61230421066284,2.61353564458154,2.5566444779489,2.57413046379921
2017-03-20,2.69554686546326,2.69948754764309,2.61378158561947,2.62978999043608
2017-03-21,2.60836338996887,2.7081074182504,2.60048249515318,2.67830732966409
2017-03-22,2.66156005859375,2.66623941294798,2.59334008427696,2.59728053139842
2017-03-23,2.63742470741272,2.6736281129826,2.62781985168079,2.65367925932213
2017-03-24,2.64678311347961,2.69160631645168,2.62092370880649,2.68372542213377
2017-03-27,2.66599202156067,2.6699324671883,2.55097878217538,2.60023493970049
2017-03-28,2.65220141410828,2.68175512054288,2.64185765208696,2.66722453059714
2017-03-29,2.64358162879944,2.67190390161572,2.64136514190571,2.65958979847369
2017-03-30,2.69431591033936,2.70909288395919,2.64505972305996,2.65072413175088
2017-03-31,2.6827404499054,2.70638360538551,2.66968767311676,2.68471079115274
2017-04-03,2.66919565200806,2.7004733279239,2.64555249205047,2.68323371951486
2017-04-04,2.48202037811279,2.57166675703745,2.47118409297373,2.54654603230354
2017-04-05,2.46355056762695,2.52118041120901,2.45049755496807,2.46330418687519
2017-04-06,2.48152852058411,2.49359624238035,2.42365230933179,2.46872189157161
2017-04-07,2.47093772888184,2.5054171598233,2.45591461704126,2.48793118115721
2017-04-10,2.40789079666138,2.47832702941607,2.40370396845294,2.47167756832502
2017-04-11,2.4165096282959,2.43571956629625,2.37291787301109,2.3778433716699
2017-04-12,2.39656186103821,2.43079492590698,2.39138997942828,2.41651071501365
2017-04-13,2.3517382144928,2.39409854756022,2.3517382144928,2.37242597195398
2017-04-17,2.44384694099426,2.44409308675796,2.35937243940831,2.36454431890885
2017-04-18,2.44532561302185,2.45148278294458,2.40370417778108,2.42956358684049
2017-04-19,2.45493078231812,2.48694712744764,2.44828108556424,2.46281167822372
2017-04-20,2.4938428401947,2.49852219485174,2.44828072746799,2.46946101378341
2017-04-21,2.50418615341187,2.50689516645871,2.47167705736191,2.48349839737065
2017-04-24,2.53546404838562,2.54851682321427,2.51477652531895,2.53571019420957
2017-04-25,2.57954835891724,2.59407894826892,2.52856822327361,2.5499946536909
2017-04-26,2.56181621551514,2.59555651343554,2.55984587456219,2.59309388083432
2017-04-27,2.60171341896057,2.6100868387017,2.55122581522679,2.56920432319302
2017-04-28,2.56871199607849,2.6017136208777,2.5630473540491,2.59481778001267
2017-05-01,2.62634181976318,2.63151393573558,2.57240628696857,2.57954850914762
2017-05-02,2.54851651191711,2.60072830947003,2.52585865066658,2.59949687588476
2017-05-03,2.56748056411743,2.57708541822256,2.52684419122659,2.54162092598401
2017-05-04,2.55762910842896,2.58471994305913,2.54974798034996,2.57363727551225
2017-05-05,2.55787563323975,2.5650178552414,2.53053841388968,2.54605429167754
2017-05-08,2.53103089332581,2.57117450284464,2.51970184469319,2.56969692339097
2017-05-09,2.53521728515625,2.58422730700457,2.52832144517452,2.53669509936487
2017-05-10,2.98714447021484,3.00019748409248,2.80809822242154,2.81474768487569
2017-05-11,3.11545538902283,3.21224399633998,2.95315630379449,2.95660422368456
2017-05-12,3.14968872070313,3.1918029050631,3.09772353710483,3.11865743894815
2017-05-15,3.30780124664307,3.31026411390264,3.18638466223507,3.19081787027669
2017-05-16,3.36937165260315,3.3848875290566,3.28440484262376,3.35878151086431
2017-05-17,3.14550256729126,3.32134722639693,3.1413157393638,3.30262980851319
2017-05-18,3.27726197242737,3.28612815223523,3.12900072205114,3.1893395511279
2017-05-19,3.35295057296753,3.40768235370232,3.33372039888043,3.37834416491668
2017-05-22,3.42444729804993,3.43874654973662,3.38574030975018,3.39658824493805
2017-05-23,3.37834453582764,3.44638972042519,3.34580119689486,3.44417089915602
2017-05-24,3.41631102561951,3.47794613673836,3.40423036138764,3.47523403572992
2017-05-25,3.40866899490356,3.4523066745515,3.3637985845452,3.45156698910138
2017-05-26,3.49693036079407,3.58174025663366,3.38031681279446,3.40053307869775
2017-05-30,3.57163214683533,3.60664070974471,3.52676173873987,3.54278676692858
2017-05-31,3.55881214141846,3.62414522198198,3.50210770542366,3.6165024327956
2017-06-01,3.55905795097351,3.57557625726916,3.51369450381573,3.57458993181317
2017-06-02,3.54130744934082,3.58223302321218,3.53539043658081,3.55609974612154
2017-06-05,3.64904594421387,3.66186606182323,3.51344885388625,3.52503624075017
2017-06-06,3.63252711296082,3.69046403521424,3.6192139528498,3.64436090243766
2017-06-07,3.67641115188599,3.69514827893029,3.64140259386867,3.65693457465152
2017-06-08,3.94316864013672,3.94464777583824,3.74223801238813,3.78341022840553
2017-06-09,3.68824577331543,4.15420738829202,3.51936543267851,4.06150829863851
2017-06-12,3.69736695289612,3.74001853221841,3.50358633810348,3.59653204920484
2017-06-13,3.7326226234436,3.81570673156043,3.5908616718204,3.80658457284091
2017-06-14,3.74051213264465,3.79820265555013,3.6611262093366,3.73558144532382
2017-06-15,3.75653743743897,3.7868617173314,3.61181796577807,3.62315894644558
2017-06-16,3.73804640769959,3.81398100910928,3.70402393871628,3.7661520993392
2017-06-19,3.87857532501221,3.88375265306421,3.77847984576815,3.78217780287995
2017-06-20,3.87290477752686,3.98754615218414,3.86871377507547,3.92073369661076
2017-06-21,3.93158054351807,3.93527873500352,3.83863482728126,3.90051658146975
2017-06-22,3.90446162223816,3.95303022177225,3.88054716517367,3.93971682495752
2017-06-23,3.79253220558167,3.92788287320778,3.77749303351715,3.91210425088776
2017-06-26,3.75111389160156,3.86082434314761,3.65693542444768,3.82532249659457
2017-06-27,3.61378979682922,3.7422373445353,3.608119424973,3.73360846668469
2017-06-28,3.74125123023987,3.74593551177433,3.59332687194638,3.68134189569651
2017-06-29,3.61625647544861,3.71585868203011,3.5521558825164,3.71290041015881
2017-06-30,3.56398963928223,3.6470737635563,3.53785635878603,3.63351396047417
2017-07-03,3.43504881858826,3.59086241287128,3.41655832742302,3.57607011398683
2017-07-05,3.52676177024841,3.55560691529353,3.47942590043353,3.4984094353238
2017-07-06,3.53736257553101,3.58420539672697,3.44564958419481,3.49766973271465
2017-07-07,3.61822819709778,3.63647228203625,3.57113896656349,3.5940673340489
2017-07-10,3.78932666778564,3.79672281541223,3.66556339829333,3.69169667268527
2017-07-11,3.84307265281677,3.85071544071316,3.75111302815521,3.79302492395398
2017-07-12,4.00652885437012,4.01860928416602,3.85983745089555,3.90273543799407
2017-07-13,3.96018004417419,4.09996837061517,3.91383049718178,4.01861002318409
2017-07-14,4.06668567657471,4.06816457721264,3.96954847314774,3.97645157692035
2017-07-17,4.04942846298218,4.12955433214925,3.98779332369637,4.1007089440109
2017-07-18,4.0915846824646,4.10613056996352,3.97669648255352,3.98853050462697
2017-07-19,4.07038354873657,4.12708774861284,4.05830311738616,4.10070782964332
2017-07-20,4.12955474853516,4.12980115368837,4.04104686393003,4.09084797873242
2017-07-21,4.14434480667114,4.17392986738936,4.09479012386725,4.1090896090676
2017-07-24,4.09627151489258,4.16111180519592,4.08567045095229,4.15149683205952
2017-07-25,4.07654762268066,4.09084711259993,4.03290993761973,4.0733424754121
2017-07-26,4.12363767623901,4.18946405962936,4.08887527032316,4.13399233539718
2017-07-27,3.98754596710205,4.16012450401898,3.88449198425813,4.14853688240736
2017-07-28,4.05287981033325,4.07728755372997,3.92689790613738,3.95179822464648
2017-07-31,4.00652885437012,4.10243307764823,3.95993291087164,4.06643819329023
2017-08-01,4.05534505844116,4.05707083463891,3.9693026536566,3.99716147792348
2017-08-02,4.05287981033325,4.09035407845331,3.97595956292731,4.0864097156441
2017-08-03,4.10440540313721,4.10810335924393,4.03537391096739,4.05238526144004
2017-08-04,4.12240219116211,4.1929125724671,4.10440475325989,4.1270862368064
2017-08-07,4.24912548065186,4.24961829077265,4.14188002930796,4.15149546952737
2017-08-08,4.19858551025391,4.30361145538803,4.15938546709992,4.287093378616
2017-08-09,4.24320983886719,4.24567530098394,4.13374576612542,4.15248290202165
2017-08-10,4.06150770187378,4.25676769789505,4.05139945289134,4.24444039295112
2017-08-11,3.84504556655884,3.91999385407045,3.76985087397609,3.87413735306869
2017-08-14,4.15174198150635,4.15543993846218,3.92492470685498,3.93651209321396
2017-08-15,4.11673307418823,4.18305224377903,4.0824639612636,4.15691920023008
2017-08-16,4.07161569595337,4.15519308801055,4.03931923684099,4.13177191273631
2017-08-17,3.98088908195496,4.08024486802999,3.97867049595527,4.06323398449063
2017-08-18,3.98162817955017,4.05213904554895,3.93577168775617,4.03512769428236
2017-08-21,3.92369198799133,4.01737740477056,3.87980790380657,4.00603665856348
2017-08-22,4.0110445022583,4.01696672595961,3.94096548266312,3.9602125920292
2017-08-23,4.09124040603638,4.10234451527978,3.9690952043589,3.9777321521284
2017-08-24,4.07618713378906,4.12775983427679,4.04978446395907,4.1233178149917
2017-08-25,4.04213571548462,4.1104876649819,4.03571977795503,4.10037051466383
2017-08-28,4.07076025009155,4.07396821952595,4.00561625576149,4.06113681244116
2017-08-29,4.06409645080566,4.0858114227342,4.00388774000481,4.01203097214117
2017-08-30,4.08827972412109,4.09938383389209,4.05348672133126,4.08383770369052
2017-08-31,4.18106079101563,4.18500862641755,4.10111147629353,4.10851390299852
2017-09-01,4.20622730255127,4.24176062323549,4.18500605303035,4.19364299662986
2017-09-05,4.09395551681519,4.15983984935827,4.03596779699066,4.15490458407237
2017-09-06,4.09148740768433,4.14059249145057,4.05669487397206,4.12677412678156
2017-09-07,4.11048793792725,4.14281283777539,4.07026642664869,4.10826692771506
2017-09-08,4.03917264938355,4.11369341202474,4.01499052424062,4.09888809652025
2017-09-11,4.17020225524902,4.1808131191961,4.079395474667,4.08482445296062
2017-09-12,4.1852560043335,4.19487944209745,4.12011200923476,4.19487944209745
2017-09-13,4.20400905609131,4.2328793654026,4.12776096003849,4.16008586041196
2017-09-14,4.18007230758667,4.25804767616821,4.14059114405065,4.16501989631174
2017-09-15,4.44435024261475,4.44435024261475,4.26026903510438,4.26545092116639
2017-09-18,4.62793731689453,4.71800423046919,4.56155976277219,4.56846894356333
2017-09-19,4.62300300598145,4.68469239556475,4.55563801559107,4.57759961148291
2017-09-20,4.58574104309082,4.67408017439356,4.54551954639671,4.62670287625388
2017-09-21,4.46038913726807,4.50826015803405,4.38266038401848,4.48210363786859
2017-09-22,4.41696071624756,4.49863779388012,4.40709065750011,4.44903946614545
2017-09-25,4.21955490112305,4.38735013834298,4.19882735383999,4.38611608682218
2017-09-26,4.24324226379395,4.40906354189777,4.20351447476929,4.35403671827964
2017-09-27,4.33627080917358,4.3495959289377,4.26273696975191,4.33355655494641
2017-09-28,4.335036277771,4.34737396542633,4.28765850291265,4.34342566063726
2017-09-29,4.41128492355347,4.43497334338475,4.37377767050476,4.41893444149505
2017-10-02,4.41696071624756,4.49049456005969,4.36760948120481,4.46137715724295
2017-10-03,4.42609024047852,4.45594797555662,4.38192042819254,4.42312889384456
2017-10-04,4.46310424804688,4.48531246752562,4.39573925287433,4.43225955106559
2017-10-05,4.46063613891602,4.49098758859664,4.43077840389106,4.48753299796496
2017-10-06,4.47371578216553,4.48704090550668,4.41696163822601,4.43300101652295
2017-10-09,4.5746374130249,4.60770311171156,4.49172677967013,4.51048040332494
2017-10-10,4.66198968887329,4.761186316278,4.6207812286569,4.72367906821317
2017-10-11,4.71158885955811,4.71306953294909,4.63262651494516,4.6785231541914
2017-10-12,4.71380853652954,4.76464042560147,4.68666506175054,4.71504211690469
2017-10-13,4.80165481567383,4.81177196504256,4.72910841617177,4.77599200926894
2017-10-16,4.88407230377197,4.88703365058732,4.76834303966312,4.83151310432658
2017-10-17,4.87963056564331,4.9080076280461,4.84508465848386,4.86334457074633
2017-10-18,4.8754358291626,4.88925419256747,4.7703174302176,4.88851432651596
2017-10-19,4.88086366653442,4.88579845898719,4.74884843770796,4.79795303484426
2017-10-20,4.85865640640259,4.92503396677726,4.84977283693961,4.89789095567796
2017-10-23,4.85174703598023,4.90677386336447,4.83151273645832,4.88037071931721
2017-10-24,4.90257978439331,4.90430707998538,4.83496816360903,4.86087759749003
2017-10-25,4.77870655059814,4.91590415964919,4.71726425537581,4.86309787042496
2017-10-26,4.82879829406738,4.840395646018,4.78240794495962,4.80634345613208
2017-10-27,4.98104858398438,4.98129520600999,4.8549550722924,4.88086497521633
2017-10-30,5.02990531921387,5.08542538292026,4.9652545950017,4.98104734310847
2017-10-31,5.1031928062439,5.12984257256514,5.05606211819058,5.06173771877812
2017-11-01,5.11281633377075,5.18116828144541,5.04865931344912,5.16586924537032
2017-11-02,5.08172369003296,5.12786740820865,5.02521620251119,5.08320436298313
2017-11-03,5.14958190917969,5.14958190917969,5.06691837628986,5.11281500190657
2017-11-06,5.17277812957764,5.1814146057928,5.10047835136134,5.11281604005367
2017-11-07,5.23199892044067,5.2534672666882,5.18338804058297,5.19547910506096
2017-11-08,5.16118097305298,5.23126021469913,5.11380366307013,5.22755853142906
2017-11-09,5.0664267539978,5.09134922925782,4.94428201008472,5.06519317313069
2017-11-10,5.3334174156189,5.39584713569072,5.22212971514122,5.25790967050553
2017-11-13,5.24680757522583,5.35883518463269,5.23150853448499,5.33341946141094
2017-11-14,5.28505373001099,5.30035276792533,5.21226022422677,5.2559363276973
2017-11-15,5.1814136505127,5.23125905203238,5.12762088590515,5.23002500099908
2017-11-16,5.2216362953186,5.28554669221926,5.2127531967988,5.25544233539917
2017-11-17,5.21546649932861,5.31392278434847,5.20041455899074,5.27863654805344
2017-11-20,5.28258609771729,5.29467716548949,5.19424646920147,5.23101338719667
2017-11-21,5.33119583129883,5.34279365252264,5.29048108734102,5.32231273423778
2017-11-22,5.30724382400513,5.35835829649155,5.27464921079107,5.35835829649155
2017-11-24,5.35737276077271,5.35836087641944,5.29909748660575,5.32354369377638
2017-11-27,5.28773736953735,5.36724862996337,5.28452717204377,5.36601419222412
2017-11-28,5.20303916931152,5.30230470269214,5.14204778887057,5.29292137716434
2017-11-29,4.85017967224121,5.1884721528091,4.72202326714036,5.18575601281874
2017-11-30,4.95611095428467,5.00475608383284,4.8558582334092,4.91882491109408
2017-12-01,4.88129186630249,4.94178967210071,4.75264189358912,4.92154131539755
2017-12-04,4.60917663574219,4.94598785854021,4.55584007165797,4.9398142569824
2017-12-05,4.63584327697754,4.75832008473472,4.45904227998866,4.50398314451003
2017-12-06,4.67337894439697,4.69510853690682,4.56423598213541,4.58547198787216
2017-12-07,4.74078989028931,4.7805457583425,4.69461409784909,4.74004903921009
2017-12-08,4.7284426689148,4.80968241308403,4.72004698635999,4.7906684951877
2017-12-11,4.80672025680542,4.80968366129011,4.72671540041476,4.74251865440066
2017-12-12,4.71239137649536,4.78647033441724,4.68893329885884,4.7632590500564
2017-12-13,4.59732294082642,4.754616458389,4.58991490318919,4.75338202093924
2017-12-14,4.60448551177979,4.67535430613973,4.55830971487116,4.59090433963257
2017-12-15,4.7301721572876,4.75042051699727,4.58349635901574,4.64843880932387
2017-12-18,4.88672399520874,4.88968692775027,4.74103588154292,4.77066709087655
2017-12-19,4.8425235748291,4.88252622609603,4.81412680255811,4.87734074083732
2017-12-20,4.85956239700317,4.89092210614822,4.80400328236159,4.88178604285981
2017-12-21,4.83709192276001,4.88795913774035,4.82869623954529,4.86301935241167
2017-12-22,4.82178211212158,4.8311654393748,4.72251656048797,4.80029931806442
2017-12-26,4.87536716461182,4.88302199927572,4.73659296700407,4.76647145443675
2017-12-27,4.8686990737915,4.93783936638885,4.84746354056878,4.86203235597817
2017-12-28,4.87437629699707,4.92326820656468,4.86820316886076,4.89240209490362
2017-12-29,4.77807474136353,4.9005515584302,4.77807474136353,4.9005515584302
2018-01-02,4.92252731323242,4.92623156686574,4.80276712128996,4.83437361243109
2018-01-03,5.24650001525879,5.27687255132188,5.031178007059,5.03982048374858
2018-01-04,5.27415657043457,5.38428716951159,5.25193292172781,5.3277404032879
2018-01-05,5.31885004043579,5.35613608366966,5.21217645434349,5.2889715645972
2018-01-08,5.48182249069214,5.55590098206113,5.39737255839111,5.44231389916474
2018-01-09,5.48034238815308,5.5267649731949,5.39885583547761,5.48725637013889
2018-01-10,5.52330780029297,5.52676479117202,5.33366641767401,5.38799062734193
2018-01-11,5.53318357467651,5.58726097524003,5.51170031363693,5.55590080212825
2018-01-12,5.50602197647095,5.55565474967134,5.46552573671378,5.52133163965491
2018-01-16,5.43515396118164,5.61788135865648,5.35070447956405,5.53244423266027
2018-01-17,5.54898929595947,5.55886621243451,5.35589089262396,5.4497237185457
2018-01-18,5.54207515716553,5.5963993736988,5.49861550135107,5.52972842319451
2018-01-19,5.68208265304565,5.70628158747289,5.60528800814173,5.63220308221167
2018-01-22,5.77048206329346,5.77221055827564,5.63244878702819,5.68998317899784
2018-01-23,5.89938068389893,5.92209791736987,5.80530061061545,5.82382000227509
2018-01-24,5.82258462905884,5.93839427283551,5.7670255210471,5.90258946200799
2018-01-25,5.83616590499878,5.9201217873348,5.82135029958054,5.87690893764383
2018-01-26,6.00852251052856,6.00876930384979,5.86703222582972,5.87987254322769
2018-01-29,6.09544134140015,6.12655472618599,5.94135800327913,5.99395371056769
2018-01-30,5.99345970153809,6.08482362614393,5.88703337753012,5.95370431135225
2018-01-31,6.06951475143433,6.15519914387503,6.03617928018988,6.06877390038716
2018-02-01,5.93864107131958,6.09667591991067,5.87839053550214,5.88974915042256
2018-02-02,5.76628541946411,5.8761692122464,5.70825742887083,5.85221707081278
2018-02-05,5.27687215805054,5.75912420530684,5.06204375254094,5.60528766071767
2018-02-06,5.57022428512573,5.57318721823331,5.03735129212383,5.04722867777509
2018-02-07,5.64973402023315,5.80208932155541,5.59787916816666,5.66899473027184
2018-02-08,5.37119865417481,5.80826253236624,5.37095138989037,5.77517433229225
2018-02-09,5.73072814941406,5.89888673437859,5.37119968791318,5.88308348219424
2018-02-12,5.63072204589844,5.81468436411607,5.55664353187962,5.81172095980668
2018-02-13,5.744309425354,5.79048521599649,5.56207560929208,5.59442343627344
2018-02-14,5.96135950088501,5.99025033480397,5.69294772524601,5.7040595482164
2018-02-15,6.08679962158203,6.13297541138487,5.96382918198908,6.04457488031611
2018-02-16,6.02111625671387,6.1732243115918,6.01197972271572,6.05963721032873
2018-02-20,6.1505069732666,6.21939998960661,6.03988233584165,6.04358659063064
2018-02-21,5.96358060836792,6.22186863414257,5.95987682497625,6.21495465395568
2018-02-22,5.98310279846191,6.06908740323116,5.91762608651455,5.99743372301428
2018-02-23,6.07649803161621,6.07649803161621,5.9922430247708,6.04289490180953
2018-02-26,6.09255838394165,6.12714977101377,6.03029341593953,6.12270237428625
2018-02-27,6.07971096038818,6.15012942062653,6.05673219084446,6.06587393229956
2018-02-28,5.97939443588257,6.13011438363633,5.96778134408716,6.09058123623151
2018-03-01,5.73750162124634,6.03103549804381,5.63644480321645,5.97717142323885
2018-03-02,5.84448719024658,5.85091157423097,5.48152316202542,5.63001964972556
2018-03-05,5.82249736785889,5.86203051741551,5.67103562927493,5.79432989276352
2018-03-06,5.98334932327271,6.00262200959051,5.86474984428102,5.90774214363369
2018-03-07,5.97544240951538,6.02757691959538,5.87932734455,5.88056254953006
2018-03-08,5.95913457870483,6.00286818397408,5.91490660871261,6.00286818397408
2018-03-09,6.06167411804199,6.07452194577359,5.99051434442554,6.00657436472622
2018-03-12,6.17113208770752,6.25118666560062,6.09478359627252,6.10293755200727
2018-03-13,6.12047815322876,6.28824731520457,6.07921543736449,6.21387536521534
2018-03-14,6.14592695236206,6.19064880061086,6.08366199585726,6.16346958934585
2018-03-15,6.16075420379639,6.24179703387904,6.1187501657747,6.15951899882769
2018-03-16,6.18892097473145,6.20794623946667,6.13950429874416,6.17706093479271
2018-03-19,5.95468664169312,6.16100024399324,5.85585376420586,6.13209192776433
2018-03-20,6.16668272018433,6.20547455604341,5.95765083929524,5.95765083929524
2018-03-21,6.14148092269898,6.22647724219869,6.11108951324597,6.16025876833933
2018-03-22,5.97568893432617,6.12467981034862,5.93837971427572,6.07822837751054
2018-03-23,5.75627994537354,5.99174929701471,5.74516121648694,5.98927841600964
2018-03-26,6.04067087173462,6.04190607645004,5.82867420863745,5.88056128958641
2018-03-27,5.57220363616943,6.17706148552113,5.43210802117444,6.12146783789696
2018-03-28,5.46917009353638,5.66782412342045,5.36168935962014,5.53785898455324
2018-03-29,5.72218227386475,5.8187912204912,5.45310932572734,5.53736433897527
2018-04-02,5.46175622940064,5.79778843747119,5.37404209226442,5.65176284002326
2018-04-03,5.56800127029419,5.69154245751398,5.4691684147728,5.62853665939167
2018-04-04,5.5899920463562,5.60036946134419,5.28756297538299,5.31251825494063
2018-04-05,5.46991205215454,5.66140087952438,5.39850532490984,5.64830563252599
2018-04-06,5.29374170303345,5.47534746832294,5.26458596418844,5.36737236164505
2018-04-09,5.3224024772644,5.48448857803264,5.30238848463379,5.35674691841889
2018-04-10,5.63125610351563,5.65818790532508,5.49536047578414,5.55243674311128
2018-04-11,5.5899920463562,5.65769266171043,5.55737717888758,5.61642994841848
2018-04-12,5.79655361175537,5.81434367122385,5.63866795324443,5.6828959195746
2018-04-13,5.71995878219605,5.86845529730061,5.67177777851074,5.8600543957425
2018-04-16,5.7197117805481,5.75306796845744,5.62557323719988,5.72663005911249
2018-04-17,5.86919450759888,5.89044370061737,5.71625064973858,5.77184427688547
2018-04-18,5.84028673171997,5.91144649245257,5.75133738425844,5.81879058836227
2018-04-19,5.65917587280273,5.75949137441284,5.6038296491681,5.7261351894449
2018-04-20,5.65102434158325,5.73478501735247,5.61989208003748,5.65052997672764
2018-04-23,5.53168106079102,5.71995764044109,5.50573752110401,5.66881187238275
2018-04-24,5.46546459197998,5.6532468595528,5.40023483321171,5.5573792092196
2018-04-25,5.35328769683838,5.47485238835247,5.19614335998512,5.43581313300979
2018-04-26,5.56479024887085,5.57294420269289,5.44890862482424,5.51487968168344
2018-04-27,5.59221696853638,5.69030901447877,5.54996598630362,5.6705424372556
2018-04-30,5.55688285827637,5.65818659981336,5.53761065065249,5.60852298696503
2018-05-01,5.612229347229,5.61494717423259,5.49017030854285,5.54872918317181
2018-05-02,5.59172296524048,5.65324615876647,5.5655320035163,5.60877171434231
2018-05-03,5.75677394866943,5.782964910805,5.57838038964203,5.62359661748003
2018-05-04,5.90675354003906,5.90996573278299,5.71081732301791,5.72811302045075
2018-05-07,6.14444637298584,6.20152264136568,6.00138551758717,6.01126904179605
2018-05-08,6.18694496154785,6.18966278940639,6.09577119165088,6.14469350692168
2018-05-09,6.31987524032593,6.32209917484962,6.17977961841624,6.20695884110118
2018-05-10,6.42735433578491,6.4364960750661,6.35495890516537,6.37274896167251
2018-05-11,6.28899002075195,6.41895564396054,6.1904045429765,6.2457507761136
2018-05-14,6.3094973564148,6.38683456773595,6.28577774627357,6.32704047074805
2018-05-15,6.06735515594482,6.24871391815601,5.96703967088907,6.24599561974625
2018-05-16,6.07847404479981,6.14049159110478,5.99199511105935,6.02881042991249
2018-05-17,6.12047815322876,6.21412231189076,6.06414320726294,6.08020369533844
2018-05-18,6.07674551010132,6.23561943269082,6.07180374818402,6.17236667098437
2018-05-21,6.03474187850952,6.1778027380242,5.94208595711112,6.17409665197543
2018-05-22,5.99668979644775,6.07328520638835,5.93615440275014,6.04808297947873
2018-05-23,6.12006044387817,6.12129688402957,5.93982594940663,5.94056771918472
2018-05-24,6.1237678527832,6.16604542250211,6.0631954987288,6.11635109930272
2018-05-25,6.16307926177979,6.1793967820563,6.10077625975879,6.13637790783311
2018-05-29,6.14602088928223,6.21401096022117,6.09929363079048,6.14503201996083
2018-05-30,6.2548041343689,6.26345732983686,6.15492126578793,6.17964488350945
2018-05-31,6.23502588272095,6.30944384185246,6.21228047308062,6.22291140800063
2018-06-01,6.36927366256714,6.37545492045398,6.27112143651574,6.27977463168078
2018-06-04,6.5480260848999,6.57002972525653,6.37125283430677,6.4033932109765
2018-06-05,6.55346584320068,6.59104571301832,6.50649100592864,6.55124053318626
2018-06-06,6.55544185638428,6.55865603503765,6.44715289546839,6.46347041658673
2018-06-07,6.49981451034546,6.56360105718675,6.40957323520736,6.55173368299214
2018-06-08,6.48448657989502,6.52701079200219,6.40833797997178,6.42712791261117
2018-06-11,6.44344425201416,6.51341158030808,6.43058800949512,6.47187624519907
2018-06-12,6.49190282821655,6.5040173022354,6.41971018296573,6.46989918975048
2018-06-13,6.48745250701904,6.56829834583401,6.47830464111004,6.4933861941541
2018-06-14,6.59895467758179,6.65557156065782,6.51761418034979,6.5324486317816
2018-06-15,6.55816125869751,6.61304750807831,6.51093933513968,6.54184373784278
2018-06-18,6.55395984649658,6.57151333908905,6.48695911217134,6.51415467071691
2018-06-19,6.43231821060181,6.51810885469052,6.30499223423145,6.45086056755737
2018-06-20,6.48522758483887,6.53813562639059,6.43503858004916,6.47336021072289
2018-06-21,6.35666418075562,6.53541512034288,6.34899985579093,6.51711986311931
2018-06-22,6.20436716079712,6.39078290107934,6.18903898208887,6.37743198904771
2018-06-25,5.91188812255859,6.10176466482824,5.82337797212807,6.09805628781774
2018-06-26,5.98284435272217,6.07333271350056,5.93141938675414,6.02512192579646
2018-06-27,5.82783079147339,6.09261959448121,5.82239130159126,6.026360618855
2018-06-28,5.95490884780884,5.96677622381427,5.81027596903392,5.81794029638893
2018-06-29,5.85700225830078,6.03253903109103,5.8557658181748,6.01993035981395
2018-07-02,5.98902606964111,5.99273444696036,5.76700866958351,5.78752923766902
2018-07-03,5.8555212020874,6.0295749807315,5.84711510329518,6.02364129167604
2018-07-05,6.00114011764526,6.00608446319977,5.87183593222968,5.91065175632392
2018-07-06,6.11486911773682,6.1232752139489,5.95540227539106,5.97666461534992
2018-07-09,6.16233682632446,6.19868071180776,6.0837163125199,6.18903864895043
2018-07-10,6.26123332977295,6.28323697052296,6.13440151699303,6.17470089194975
2018-07-11,6.1198148727417,6.20313313464266,6.10918346535252,6.16852034677991
2018-07-12,6.21129035949707,6.25925405352086,6.1551681407141,6.16505777606752
2018-07-13,6.16406869888306,6.22983345641712,6.12203868996118,6.22983345641712
2018-07-16,6.13637828826904,6.18928680063755,6.12401671548497,6.13637828826904
2018-07-17,6.27210998535156,6.28719153704813,6.06171286075323,6.08717824611743
2018-07-18,6.22291088104248,6.27853890320548,6.17198057732807,6.2646937904118
2018-07-19,6.23106908798218,6.2646934705515,6.18903955289805,6.2041206336081
2018-07-20,6.20288610458374,6.26741443334872,6.19200759760635,6.22859859630203
2018-07-23,6.16629409790039,6.17816147237873,6.01473868121839,6.17643083324913
2018-07-24,6.14898920059204,6.30079175358557,6.13143523403839,6.21425930451745
2018-07-25,6.2271146774292,6.23972382305181,6.10052996542238,6.15838330405
2018-07-26,6.3005428314209,6.33738092461467,6.1902761228393,6.20708831575709
2018-07-27,6.23082208633423,6.34405586517918,6.17692470517664,6.33713330902718
2018-07-30,6.03575325012207,6.25084809180631,6.0008929004166,6.24491440522743
2018-07-31,6.05380201339722,6.12846706610529,5.98655418754389,6.02537001779973
2018-08-01,6.09360647201538,6.14033419769446,6.02981992690325,6.08520084778887
2018-08-02,6.19620990753174,6.20016538482357,5.96356154089931,6.02240327390778
2018-08-03,6.23280096054077,6.25653571256622,6.2038747620191,6.22068648506724
2018-08-06,6.28051710128784,6.28397837973953,6.17371166817074,6.22019182782592
2018-08-07,6.3527102470398,6.37125308109,6.30252170556267,6.32922306593154
2018-08-08,6.38905334472656,6.43405043736732,6.31908600392751,6.35394636038434
2018-08-09,6.34059524536133,6.40957371462669,6.33293091860253,6.40685420607947
2018-08-10,6.29930734634399,6.33169529435919,6.24763526644369,6.2587608722432
2018-08-13,6.33218955993652,6.45284058568964,6.30622996998562,6.30796060931568
2018-08-14,6.46346998214722,6.4775626644535,6.35443925875026,6.4375103983774
2018-08-15,6.40537071228027,6.51810982494344,6.32674971125694,6.48423834116484
2018-08-16,6.36482429504395,6.47756388854411,6.30474612035846,6.47509147939923
2018-08-17,6.05281352996826,6.25431039251052,6.02586460077282,6.25356862262138
2018-08-20,6.12747812271118,6.25999603427898,5.90199942763096,6.01226660203129
2018-08-21,6.26296329498291,6.26741344254528,6.12401702188219,6.14379582226456
2018-08-22,6.49783706665039,6.50278188507532,6.22686752454531,6.23032880312999
2018-08-23,6.59722423553467,6.66249431477776,6.44542173994628,6.45926685111133
2018-08-24,6.73023700714111,6.74482388849943,6.60118038423418,6.60563053130619
2018-08-27,6.82122039794922,6.89539078228735,6.72850718174465,6.75990578601185
2018-08-28,6.78363943099976,6.83803147745245,6.6637302066622,6.81528560111172
2018-08-29,6.88901901245117,6.91400338318992,6.75519152550351,6.7759705500599
2018-08-30,6.87219905853272,6.96892109722153,6.83534081699586,6.85785143161872
2018-08-31,6.9431939125061,6.95605718709204,6.84226653596363,6.85216158033205
2018-09-04,7.01790046691895,7.05550041236146,6.90163604363195,6.93008359116638
2018-09-05,6.88728809356689,7.03571046350606,6.80639803641924,7.00033657464259
2018-09-06,6.74628734588623,6.87343575324581,6.71338721658288,6.87096199191012
2018-09-07,6.72501373291016,6.85043055237657,6.60949148679589,6.65426548101774
2018-09-10,6.7960090637207,6.82569372880158,6.70374007510827,6.74752466121397
2018-09-11,6.74826669692993,6.83731974668304,6.72897154707191,6.74975057628691
2018-09-12,6.63447523117065,6.72798132315042,6.47912652820411,6.70843894106682
2018-09-13,6.71215057373047,6.80268797389799,6.6829608505115,6.7002767080445
2018-09-14,6.8380618095398,6.9041097740427,6.7655824430714,6.80244068459015
2018-09-17,6.77621936798096,6.86156248423901,6.75692468976193,6.81258314127333
2018-09-18,6.70423364639282,6.882835138503,6.69755501048813,6.78017664881684
2018-09-19,6.72798156738281,6.74579236455448,6.63571258849347,6.68568133694409
2018-09-20,6.58698081970215,6.64832849509561,6.53305395630802,6.60602826250561
2018-09-21,6.51697397232056,6.64437006781181,6.4838266131857,6.59885390377304
2018-09-24,6.57263326644898,6.57609643790646,6.39897928076389,6.48605350819004
2018-09-25,6.63967084884644,6.66465522540464,6.55309108787336,6.63868143865924
2018-09-26,6.60281085968018,6.68493801717395,6.58697935722966,6.64461661382656
2018-09-27,6.61468648910523,6.6592132503944,6.58327071033951,6.63793927993952
2018-09-28,6.95160341262817,6.97386678832505,6.71858061506543,6.74653368786586
2018-10-01,7.15791320800781,7.22470288644041,6.99069059774902,7.02928043088566
2018-10-02,7.086669921875,7.24201818077808,7.06440654019592,7.13045450960096
2018-10-03,7.09285402297974,7.16434398391929,6.98895840006214,7.15692269948884
2018-10-04,6.90881013870239,7.08097977620803,6.83187771791817,7.05673757558803
2018-10-05,6.67554140090942,6.94616473742952,6.61815134887119,6.88407486783587
2018-10-08,6.57436513900757,6.7076977177597,6.43361127602773,6.59242317265542
2018-10-09,6.56867456436157,6.64832749501232,6.50089502548802,6.5538319989522
2018-10-10,6.07764434814453,6.50856379432824,6.07541782170056,6.46279992361277
2018-10-11,5.81642198562622,6.12390348758254,5.79490078114444,5.99057044180796
2018-10-12,6.09867143630981,6.17288286082888,5.92823338532836,6.07319259104317
2018-10-15,5.82260704040527,6.08531458769379,5.82161763009075,6.08531458769379
2018-10-16,6.08110857009888,6.09224026059914,5.88593337036125,5.935159948794
2018-10-17,6.01258516311646,6.18129205934791,5.96360583295022,6.14319671022643
2018-10-18,5.92526388168335,6.12019181322287,5.86490562315505,6.08184969730395
2018-10-19,5.66898918151856,5.99997071775341,5.63262587989699,5.98042880486173
2018-10-22,5.71969985961914,5.82112171309184,5.61704136141607,5.72118421075297
2018-10-23,5.46837091445923,5.54579779062804,5.36076443836316,5.45278617358628
2018-10-24,4.93281555175781,5.4765359451811,4.91896286298548,5.4300303552106
2018-10-25,5.14134740829468,5.18859515934303,4.79107076886059,4.83535028973044
2018-10-26,4.90510892868042,5.06713627670409,4.77721835282531,4.90560339782712
2018-10-29,4.59169006347656,5.04957269525299,4.35396696695929,5.04610952427556
2018-10-30,5.02161979675293,5.03151484093272,4.59169022412505,4.61469577720355
2018-10-31,5.21531343460083,5.25885079930762,5.04660644125072,5.18612370168346
2018-11-01,5.39539813995361,5.40479824530704,5.12526931812672,5.2516755634382
2018-11-02,5.31648635864258,5.49162469913418,5.19997469957029,5.38599749565086
2018-11-05,5.23856353759766,5.32662763220348,5.07802008914758,5.30337437424298
2018-11-06,5.22100257873535,5.31475593698799,5.18389662213426,5.23064991985003
2018-11-07,5.28853368759155,5.37808168509274,5.22397006831327,5.28754427733843
2018-11-08,5.09558391571045,5.23015311779241,5.04215152707261,5.22941094230585
2018-11-09,5.08766794204712,5.17795810032728,4.97313558518083,5.00677788735652
2018-11-12,4.68866109848023,5.01840605716002,4.66689218253009,4.9963899065669
2018-11-13,4.93033933639526,5.05155077465532,4.7801854181692,4.78637005556926
2018-11-14,4.87789964675903,5.11760166616925,4.77004635925923,5.10325403518271
2018-11-15,5.00653123855591,5.07851613903517,4.83609270934515,4.87196154228676
2018-11-16,4.06751394271851,4.22162558746519,3.99775508126384,4.04005579796899
2018-11-19,3.57945084571838,4.00294883734428,3.57771925993943,4.00220713357194
2018-11-20,3.68779873847961,3.81593654725807,3.29769561427858,3.31624835120746
2018-11-21,3.57969832420349,3.84166367932082,3.55248765497872,3.82484252547764
2018-11-23,3.58687090873718,3.70041383518953,3.53220211850948,3.54506539102315
2018-11-26,3.78600454330444,3.79639405617018,3.62546109115946,3.70783549044204
2018-11-27,3.80282592773438,3.88396345155241,3.72416216501154,3.76003075724859
2018-11-28,3.95965909957886,3.96485385679333,3.78798393327284,3.92032709677115
2018-11-29,3.89651608467102,3.99902980661875,3.86630675893818,3.96188720849783
2018-11-30,4.04682111740112,4.05746851014917,3.85590742397188,3.90617389548852
2018-12-03,4.21049690246582,4.32539184197535,4.14363992114018,4.27388724649135
2018-12-04,3.89032602310181,4.17087703858688,3.87522112295191,4.16592456585309
2018-12-06,3.91954517364502,3.92449741051319,3.73432688629614,3.74992675122919
2018-12-07,3.65508937835693,3.93390735866566,3.6058135415596,3.92375492954165
2018-12-10,3.76032662391663,3.78508851645278,3.60655578606737,3.61027014079186
2018-12-11,3.66945123672485,3.8601169757092,3.5904610335335,3.85194558352205
2018-12-12,3.68703174591064,3.78310740531356,3.58600361363956,3.67514599994455
2018-12-13,3.6867835521698,3.79796409778889,3.65087907309526,3.73383109376015
2018-12-14,3.62636542320251,3.72887915714546,3.6028416490284,3.6451842063949
2018-12-17,3.55529808998108,3.6684594260272,3.49735544498051,3.59640275588717
2018-12-18,3.63849854469299,3.72244097494291,3.57188929693356,3.59912718886816
2018-12-19,3.42975687980652,3.6583083771547,3.37825229041573,3.60482275119236
2018-12-20,3.34531855583191,3.51122260095867,3.2856425865262,3.42133730603316
2018-12-21,3.20838618278503,3.40474730003881,3.18090057128586,3.37181401540339
2018-12-24,3.1467297077179,3.21853892097343,3.08284416874497,3.13212024138995
2018-12-26,3.29579544067383,3.29678584081207,3.08185342511745,3.19278626959552
2018-12-27,3.24800491333008,3.27796676035041,3.09968175070196,3.24354787664396
2018-12-28,3.30941390991211,3.40202316104709,3.22670960367219,3.26855695680752
2018-12-31,3.30570030212402,3.3851854663162,3.27499553496104,3.35274761690525
2019-01-02,3.37305188179016,3.42901350076281,3.22027168874121,3.23488115257061
2019-01-03,3.16926217079163,3.34680424740419,3.1618336982214,3.31288056659941
2019-01-04,3.37230920791626,3.41044220867347,3.21160510540636,3.24230963325783
2019-01-07,3.55084180831909,3.58773692824983,3.37825195461935,3.4295090569356
2019-01-08,3.46244192123413,3.63453656578706,3.38988980342057,3.63230781142824
2019-01-09,3.53053784370422,3.57783288204024,3.46318566438882,3.51369962176516
2019-01-10,3.59615635871887,3.60482295142527,3.45080461095089,3.51122351404925
2019-01-11,3.68529868125916,3.70807953849735,3.54613730122549,3.57387039552577
2019-01-14,3.72516465187073,3.7504217433238,3.60952705822669,3.63305083144999
2019-01-15,3.71105122566223,3.79722218722191,3.69272740415788,3.75785082545258
2019-01-16,3.6855456829071,3.77122142739354,3.68009824646345,3.73828838220401
2019-01-17,3.75686025619507,3.79672681629589,3.62537506498796,3.65261319595667
2019-01-18,3.88586902618408,3.91186903758782,3.75512675941399,3.8066313459954
2019-01-22,3.68381309509277,3.86729808376539,3.65360376213576,3.85566005430992
2019-01-23,3.69668841362,3.8276783812887,3.66548868741201,3.73903120280539
2019-01-24,3.90840244293213,3.92598310859192,3.77642205647092,3.78112681149376
2019-01-25,3.96560215950012,3.98367826235029,3.74646040672632,3.84897415020457
2019-01-28,3.4173755645752,3.50726086820351,3.24379554834618,3.38122336310274
2019-01-29,3.2586522102356,3.41960402070886,3.24404274729059,3.37131835949344
2019-01-30,3.40202403068543,3.41638577939008,3.25518644390798,3.33467185229288
2019-01-31,3.55950856208801,3.59516556542985,3.37701399048248,3.39880444700997
2019-02-01,3.58377456665039,3.6347839467534,3.53053690454424,3.57807941223436
2019-02-04,3.6939651966095,3.73110780031895,3.57758467622794,3.5996226147983
2019-02-05,3.71303200721741,3.74967941389219,3.67217504528172,3.70585101507509
2019-02-06,3.78855490684509,3.85293563433735,3.74076467933438,3.74621211586665
2019-02-07,3.65038371086121,3.74447855980009,3.60754595871592,3.74225004171056
2019-02-08,3.66895604133606,3.67960343408836,3.56891829837352,3.58328004617819
2019-02-11,3.62636542320251,3.67910789036803,3.57807975661913,3.62487958686157
2019-02-12,3.74324059486389,3.7588406944226,3.65038386020837,3.66474584163405
2019-02-13,3.78558373451233,3.85863105807957,3.75908852354153,3.77270758811584
2019-02-14,3.82644057273865,3.85466910114593,3.74150750556319,3.78459321632875
2019-02-15,3.89602136611938,4.05771564142407,3.87324050996618,4.03493502141777
2019-02-19,3.87868785858154,3.95916388953494,3.86630714872432,3.88537364971372
2019-02-20,3.92598271369934,3.99308715940707,3.89676402247926,3.90790661362634
2019-02-21,3.85714530944824,3.96312568344796,3.84253584440253,3.93861174449174
2019-02-22,3.9418306350708,3.96064965489021,3.89527852174652,3.90889758653376
2019-02-25,3.92945003509522,4.09263015442687,3.92078320698453,4.02527821908167
2019-02-26,3.8900785446167,3.98070677036388,3.85665006004532,3.92474514744779
2019-02-27,3.84823155403137,3.90221214565826,3.79127928937983,3.87571716804008
2019-02-28,3.82369184494019,3.86434317592044,3.80138345579612,3.84203455038607
2019-03-01,3.87797594070435,3.92011416302269,3.81526396306065,3.87351407415067
2019-03-04,3.88615560531616,3.9392004003948,3.82964036465474,3.91639606724816
2019-03-05,3.87971115112305,3.91788345473776,3.81625548792563,3.87053968075121
2019-03-06,3.76891160011292,3.87921508714252,3.76618507462001,3.87078753725977
2019-03-07,3.6997549533844,3.75503080237817,3.653650574582,3.7453636217638
2019-03-08,3.73396062850952,3.74461922727422,3.58920258404327,3.61051978157266
2019-03-11,3.99422883987427,4.01703293986442,3.7104139112951,3.75750995185816
2019-03-12,4.0284366607666,4.07478855843383,3.94589457851657,4.02199171356084
2019-03-13,4.17963838577271,4.2088874351948,4.05842829390175,4.06586466118523
2019-03-14,4.10378789901733,4.20070648807873,4.09610379716211,4.18880849341383
2019-03-15,4.20913505554199,4.25176899276647,4.14344833568929,4.14691854537943
2019-03-18,4.18781709671021,4.29440262975636,4.16079863517421,4.24061391646084
2019-03-19,4.35538005828857,4.39974957567434,4.26540233824351,4.28225744079572
2019-03-20,4.32290697097778,4.43767205296698,4.28820441569101,4.38437929895768
2019-03-21,4.55937957763672,4.58565436091115,4.34100362495816,4.34596120259947
2019-03-22,4.39975023269653,4.58069759358795,4.38586939106987,4.53211464789464
2019-03-25,4.30753946304321,4.42329598416694,4.24135728592693,4.35909712121291
2019-03-26,4.38413286209106,4.5050947128578,4.32786535702113,4.44907541757967
2019-03-27,4.37496185302734,4.45601630561738,4.30555766012119,4.40966442226103
2019-03-28,4.39355325698853,4.45923951405101,4.34050820984526,4.40098915158085
2019-03-29,4.45081043243408,4.47510236968245,4.40991160571712,4.4602296392576
2019-04-01,4.51823329925537,4.54847376837441,4.47088951711395,4.54252476937617
2019-04-02,4.53607988357544,4.58044940319599,4.49939494084425,4.54227709250036
2019-04-03,4.67538452148438,4.73437856301439,4.5806969596797,4.58565453751193
2019-04-04,4.66646099090576,4.70884719153518,4.60374900600298,4.66001604553885
2019-04-05,4.7331395149231,4.75049103947228,4.67315451777789,4.70959172649169
2019-04-08,4.75395965576172,4.77899480388744,4.67860600159915,4.70264972892493
2019-04-09,4.69124841690064,4.73165177571869,4.64910995321519,4.72049746260252
2019-04-10,4.761643409729,4.78742224232424,4.68604248936429,4.69050411947105
2019-04-11,4.74776172637939,4.79560143675086,4.6984351214244,4.764121349042
2019-04-12,4.70983934402466,4.79039833693991,4.70116381836064,4.78643217973035
2019-04-15,4.57821655273438,4.7071106941349,4.53855688965429,4.70215311805477
2019-04-16,4.66521978378296,4.6840581938708,4.58466130338098,4.61738054768502
2019-04-17,4.64241552352905,4.72099115985626,4.62010690569299,4.70016990928405
2019-04-18,4.6178765296936,4.68306728851498,4.59011485820666,4.64910888289692
2019-04-22,4.67166471481323,4.68728065326582,4.56284861956271,4.59432823342668
2019-04-23,4.72619724273682,4.75742959646556,4.6751355285671,4.68480247179671
2019-04-24,4.73859262466431,4.77924372421045,4.67588063393011,4.73660930979281
2019-04-25,4.63299703598023,4.72074415364324,4.55342996675418,4.69843553235397
2019-04-26,4.41437196731567,4.4837766043474,4.29564073172242,4.47931450283375
2019-04-29,4.44510984420776,4.47287151913187,4.35017408791034,4.42230527353399
2019-04-30,4.48650455474854,4.51203517780566,4.39379985128873,4.41288600252326
2019-05-01,4.47336769104004,4.58094465956461,4.47311948122961,4.5388061982428
2019-05-02,4.54078912734985,4.58243164263207,4.43990483893597,4.483034721987
2019-05-03,4.53632783889771,4.55913194009644,4.47485500947728,4.54921725737806
2019-05-06,4.45799875259399,4.47014448398864,4.31299271404515,4.35017359197699
2019-05-07,4.29093217849731,4.4096634365711,4.24284472828667,4.4096634365711
2019-05-08,4.31101179122925,4.3910748429394,4.2515222655058,4.26342026520664
2019-05-09,4.21855354309082,4.25176874301724,4.09982273669809,4.24210179841692
2019-05-10,4.18459510803223,4.25325608628553,4.06512014568711,4.187817580474
2019-05-13,3.92755126953125,4.07577958680309,3.91168735117113,4.05272727503206
2019-05-14,4.01653671264648,4.0517347497536,3.9285416198787,3.96720962962947
2019-05-15,3.95556044578552,3.99199764617793,3.90177196119691,3.96101349715864
2019-05-16,3.97067952156067,4.01331392009872,3.90772005360048,3.95010624238412
2019-05-17,3.87995958328247,4.05793266199046,3.8405478783297,3.92879073370619
2019-05-20,3.7614758014679,3.83633351810394,3.73668838727955,3.78130563826245
2019-05-21,3.84352087974548,3.85938479317938,3.78353567130221,3.82220391597417
2019-05-22,3.772629737854,3.83087984807816,3.76172316323183,3.80485327852809
2019-05-23,3.65166759490967,3.71041341464465,3.59193011797588,3.71041341464465
2019-05-24,3.59787893295288,3.70570362309006,3.59118625185941,3.67050558588127
2019-05-28,3.55276656150818,3.64819779864419,3.55078348327638,3.61547854435645
2019-05-29,3.47865200042725,3.54012434320031,3.44394967317965,3.50517427895531
2019-05-30,3.45209956169128,3.51761275679536,3.41388345232721,3.48187826522404
2019-05-31,3.36152291297913,3.47046348926125,3.35978582759399,3.40321319888243
2019-06-03,3.31983232498169,3.41140179589214,3.29054989800716,3.37268941074005
2019-06-04,3.54863262176514,3.55384387765158,3.36177099595665,3.38385682852205
2019-06-05,3.5059494972229,3.62779418767734,3.46971872880437,3.62233467577177
2019-06-06,3.56798958778381,3.59255704369931,3.50768762902212,3.51016924759787
2019-06-07,3.61067152023315,3.64491694860971,3.5548362996995,3.57394447390841
2019-06-10,3.68338084220886,3.75187192679676,3.66675428809054,3.66675428809054
2019-06-11,3.74095296859741,3.78090616112971,3.70149628892745,3.74318632983759
2019-06-12,3.62804198265076,3.70372966531565,3.61290449344979,3.69752562111192
2019-06-13,3.67916297912598,3.69752638578247,3.63250945637403,3.65012856690022
2019-06-14,3.58932971954346,3.61042299722556,3.54466178307438,3.58610380577707
2019-06-17,3.59900784492493,3.63598314406193,3.56476218326566,3.58759254548514
2019-06-18,3.79381036758423,3.84914907017252,3.64938357669479,3.66030236335066
2019-06-19,3.79976606369019,3.84046355205567,3.773709551551,3.82904848946294
2019-06-20,3.82408618927002,3.90424061343044,3.80969322929434,3.89034392977665
2019-06-21,3.76601672172546,3.85833095922118,3.75956465772469,3.80919606490608
2019-06-24,3.78835105895996,3.81788174345887,3.7402087138633,3.78735850648171
2019-06-25,3.75906848907471,3.86825730400581,3.75633885153246,3.79331415154331
2019-06-26,3.95213413238525,4.01318084425871,3.87346878534914,3.88637291447293
2019-06-27,4.05065250396729,4.0697604426981,4.00176562133633,4.0377483738306
2019-06-28,4.07546758651733,4.10375746055295,4.02881430933025,4.09457552231713
2019-07-01,4.123610496521,4.31667593257907,4.08613867909242,4.28243026596387
2019-07-02,4.02583456039429,4.12807499212866,4.01268241774797,4.10698148663929
2019-07-03,4.03873920440674,4.05486947853018,3.97893379561189,4.04916171199787
2019-07-05,3.97620534896851,3.98489077456073,3.91292527871635,3.98042405187333
2019-07-08,3.9012622833252,3.93550794897491,3.87123555759101,3.91664803088725
2019-07-09,3.90374374389648,3.93178536343387,3.84641969587544,3.85907556847121
2019-07-10,3.97198677062988,4.02931058133632,3.93327438392467,3.94717106530805
2019-07-11,4.12634086608887,4.16703836822717,4.00772205759324,4.04494538849193
2019-07-12,4.1593451499939,4.23031810802143,4.15413389356407,4.15413389356407
2019-07-15,4.15090751647949,4.19656824937339,4.12261811072632,4.18043844129454
2019-07-16,4.14619159698486,4.17324042264271,4.09060440720967,4.13601710739939
2019-07-17,4.21145820617676,4.21840654811382,4.11864766936564,4.14793010276335
2019-07-18,4.22312021255493,4.2859037671022,4.16529989335753,4.22187964037755
2019-07-19,4.17994117736816,4.26778845660928,4.17398538951112,4.26133662920093
2019-07-22,4.25141096115112,4.26431509172478,4.19383864987481,4.20128350443201
2019-07-23,4.35910892486572,4.36109402926455,4.2749838544746,4.29061808990558
2019-07-24,4.43355703353882,4.43926480225015,4.32635378692082,4.40228949882861
2019-07-25,4.30253124237061,4.40477174081047,4.27920459793495,4.39211562925954
2019-07-26,4.34446954727173,4.39112283356102,4.32958031136074,4.32958031136074
2019-07-29,4.33826684951782,4.35439713532277,4.25017151061148,4.33727429664559
2019-07-30,4.35389995574951,4.36605955488378,4.27746771644239,4.29186091418758
2019-07-31,4.18689012527466,4.3233762796026,4.1447035646017,4.32238325371549
2019-08-01,4.09259223937988,4.28764284054697,4.04047919067912,4.19731390323393
2019-08-02,4.00002861022949,4.06926447858712,3.95263102890413,4.00002861022949
2019-08-05,3.74194598197937,3.81788168865789,3.69504444648379,3.81664087974783
2019-08-06,3.78065872192383,3.86205395318954,3.7330128829674,3.81664147595605
2019-08-07,3.81887412071228,3.83078569654514,3.70248894654404,3.71985979741688
2019-08-08,3.92731857299805,3.92855938192297,3.81912254334166,3.87644659037663
2019-08-09,3.8260715007782,3.8898476225078,3.77569578627387,3.88637345162199
2019-08-12,3.75832486152649,3.8260714291923,3.73648704732419,3.77395863022011
2019-08-13,3.87247610092163,3.91838508680062,3.71787504036974,3.75683544858944
2019-08-14,3.72407841682434,3.79554739690037,3.68040303418236,3.78438035397223
2019-08-15,3.69181847572327,3.762791186877,3.65757304744692,3.74293871666982
2019-08-16,3.95957922935486,4.00871389430151,3.89307323799267,3.95436797342627
2019-08-19,4.23800992965698,4.25389218992773,4.05660805876424,4.07273833883478
2019-08-20,4.16579675674439,4.23304703943711,4.14470324139268,4.23255052653228
2019-08-21,4.24917697906494,4.30426766718055,4.21021657103982,4.23180612665376
2019-08-22,4.25537967681885,4.30128840872167,4.21617079026657,4.25885384600803
2019-08-23,4.03104686737061,4.23329418666659,4.01119440171285,4.17894804417898
2019-08-26,4.10574293136597,4.13378478812504,4.06752705636002,4.10971361473759
2019-08-27,4.01516628265381,4.14668872939936,3.98588385156914,4.14395909147117
2019-08-28,4.00473356246948,4.05739471500342,3.94958833520041,3.9888360527112
2019-08-29,4.14831018447876,4.1806022095054,4.09266795094216,4.0961455609264
2019-08-30,4.16097784042358,4.24419267829593,4.14284452290001,4.19451213564479
2019-09-03,4.07801151275635,4.12123336449397,4.05515878659591,4.08819607554494
2019-09-04,4.19202756881714,4.19947979147624,4.13862115756534,4.13862115756534
2019-09-05,4.46477365493774,4.47098360444355,4.29238276553637,4.29412157034954
2019-09-06,4.43769645690918,4.49830634479536,4.39969102590471,4.4414223309171
2019-09-09,4.48365163803101,4.57009581931913,4.46725712544358,4.46874766489392
2019-09-10,4.55022239685059,4.57680099131635,4.44117378481408,4.45086134089525
2019-09-11,4.57879018783569,4.62698019418854,4.53581659616298,4.5648797486887
2019-09-12,4.57729816436768,4.67988809360715,4.56934941225897,4.62523988984756
2019-09-13,4.51942110061646,4.54773897720959,4.47570224865923,4.51072707803813
2019-09-16,4.47644901275635,4.51097684932,4.43397242058004,4.44440525115707
2019-09-17,4.49781036376953,4.50203324259578,4.43670346411562,4.48315465741563
2019-09-18,4.47073554992676,4.50650566052271,4.38429182666981,4.4908564148078
2019-09-19,4.3952202796936,4.49507788147377,4.38453871342928,4.47669582745189
2019-09-20,4.28964996337891,4.41782546304792,4.27946587358067,4.39422746534703
2019-09-23,4.34305620193481,4.38851386442187,4.28617217594575,4.28989852453568
2019-09-24,4.28567457199097,4.40391373887558,4.25015321625493,4.37435406560159
2019-09-25,4.42726469039917,4.44688854752959,4.24046636036887,4.28517875432121
2019-09-26,4.40515613555908,4.42627052917795,4.35423379938132,4.41757650644921
2019-09-27,4.2665491104126,4.41409973325013,4.20593873132621,4.36342565275747
2019-09-30,4.32392978668213,4.33411435087586,4.26108407038713,4.29238303276162
2019-10-01,4.32218980789185,4.49607120038747,4.31747039886778,4.34703007450389
2019-10-02,4.29834413528442,4.31225457277224,4.22605913437704,4.30033120527161
2019-10-03,4.5037727355957,4.50998268524631,4.27251074247303,4.30281569475059
2019-10-04,4.52016687393189,4.54947828868756,4.44092665321199,4.50600769716317
2019-10-07,4.57879018783569,4.6783990712085,4.57630611316104,4.58500013762792
2019-10-08,4.40242433547974,4.48712923803693,4.38429101816831,4.48712923803693
2019-10-09,4.48886823654175,4.53830051543362,4.45036626487509,4.4791806772945
2019-10-10,4.5464973449707,4.59741968745501,4.48141629908573,4.486632713369
2019-10-11,4.62002420425415,4.70323855992983,4.61157844652638,4.63045703187479
2019-10-14,4.63343858718872,4.65430424671025,4.58028042944584,4.61133065338778
2019-10-15,4.87786483764648,4.95039857530011,4.70969684535429,4.72360775618135
2019-10-16,4.82421064376831,4.94866026751729,4.81278427988086,4.84383450104138
2019-10-17,4.82619762420654,4.91363485864143,4.77179720340874,4.86867420429525
2019-10-18,4.73180484771729,4.85923506581548,4.6575327780805,4.82669430793543
2019-10-21,4.86892175674439,4.88233566101311,4.77428057868226,4.79315916124413
2019-10-22,4.85898637771606,5.03088023224703,4.85128589008024,4.92580621852968
2019-10-23,4.8460693359375,4.86022803684387,4.7452182037721,4.77701368828306
2019-10-24,4.89003801345825,4.92357183934565,4.85327436910926,4.88730519948048
2019-10-25,5.08080911636353,5.10167477077131,4.96281819954358,4.97051868730674
2019-10-28,5.13670015335083,5.18911256029062,5.09521663156146,5.12452804651425
2019-10-29,5.04056882858276,5.12924835041601,5.0211937097564,5.1227896616147
2019-10-30,5.04255533218384,5.07310902031615,4.97449321103498,5.06739560192533
2019-10-31,4.99337291717529,5.04255646330478,4.91363614984869,5.02169080260539
2019-11-01,5.03237009048462,5.06466210209923,4.93300903427954,4.95809756357262
2019-11-04,5.22885799407959,5.24127836905028,5.09025011544424,5.11335111269089
2019-11-05,5.20674848556519,5.2546897401211,5.1588067572206,5.22860767361747
2019-11-06,5.15756511688232,5.208238712291,5.07012741438712,5.1826536493138
2019-11-07,5.17520093917847,5.25866402049654,5.13048855726562,5.24400831637127
2019-11-08,5.161292552948,5.19283978232976,5.1208030331502,5.1583119474056
2019-11-11,5.171226978302,5.19432796580318,5.07434998955494,5.16054541295449
2019-11-12,5.20674848556519,5.26263896649345,5.17445599712278,5.20948082484814
2019-11-13,5.18091535568237,5.20302281186457,5.11459203955832,5.17545020261961
2019-11-14,5.21121978759766,5.21345559641818,5.12999250728229,5.18985712942673
2019-11-15,5.07211589813232,5.26065256112024,4.98393290968374,5.20898494746532
2019-11-18,5.27307224273682,5.29965084203719,5.06168240582198,5.06466301062427
2019-11-19,5.16650867462158,5.26562102855822,5.10838284264025,5.24202302954047
2019-11-20,5.24574851989746,5.3294598887934,5.1309869301454,5.1436555680768
2019-11-21,5.22090816497803,5.29691904377352,5.19929723813987,5.24127729146885
2019-11-22,5.23854446411133,5.28996333238739,5.21494599560954,5.24351213882706
2019-11-25,5.49489641189575,5.49986456171545,5.35355572391062,5.36647262916853
2019-11-26,5.3903169631958,5.48197705964732,5.38385827655539,5.47725717728877
2019-11-27,5.42512083053589,5.47011467092308,5.39877106146577,5.43581028142454
2019-11-29,5.38783311843872,5.42263487886797,5.36396878320814,5.39429657345468
2019-12-02,5.20164299011231,5.39429682052557,5.18647956843294,5.38087301280892
2019-12-03,5.16211748123169,5.16609455386888,4.98089895186011,5.01818661559477
2019-12-04,5.2058687210083,5.268014992393,5.17728149306795,5.24564229676343
2019-12-05,5.18896532058716,5.2434054213205,5.15838908132282,5.22774462888003
2019-12-06,5.27422904968262,5.30704274457059,5.24812773184507,5.2580713619575
2019-12-09,5.27422904968262,5.3289180670242,5.24265901976626,5.25135945904545
2019-12-10,5.31922292709351,5.37092866154218,5.25160748058613,5.30430748313754
2019-12-11,5.40274715423584,5.40821634002543,5.3271775626709,5.32966347000465
2019-12-12,5.57004451751709,5.58819121284795,5.36496215767272,5.3739110440332
2019-12-13,5.56805610656738,5.69210017259628,5.51411291630603,5.57302792094082
2019-12-16,5.59689092636108,5.66922924985056,5.58744467014169,5.61553499036044
2019-12-17,5.67494821548462,5.69756935637975,5.60609005053139,5.6155363089689
2019-12-18,5.70527410507202,5.76568026466156,5.70129655940715,5.70974854760861
2019-12-19,5.85318422317505,5.86660803001703,5.73485776586744,5.73982958130066
2019-12-20,5.95037984848023,5.97573534291094,5.9004142050429,5.91955516863786
2019-12-23,5.93670701980591,6.01103388242097,5.92601804677167,5.97896648917998
2019-12-24,5.9317364692688,5.94888889877733,5.88699108344452,5.92129594246158
2019-12-26,5.94590663909912,5.97399649499553,5.91632466962993,5.93521718867065
2019-12-27,5.88823366165161,5.97449269722724,5.86188342473308,5.96106889322116
2019-12-30,5.77512788772583,5.87157900715053,5.74380630841761,5.86635874393249
2019-12-31,5.84920644760132,5.85865270613448,5.72068792633329,5.73982889189991
2020-01-02,5.96380424499512,5.96380424499512,5.8845060207937,5.93496857020718
2020-01-03,5.86834669113159,5.91209780285673,5.8193753167124,5.84423391369574
2020-01-06,5.89295816421509,5.89817842850252,5.74902774935384,5.77512907079102
2020-01-07,5.96430158615112,6.01004124277864,5.8763024487002,5.92129628563563
2020-01-08,5.97548723220825,6.01675243998044,5.9200528743641,5.96007489141587
2020-01-09,6.04111385345459,6.11345219352396,5.98741958165778,6.06174645797493
2020-01-10,6.07342910766602,6.17858065624107,6.05925995854296,6.14825334780317
2020-01-13,6.2638463973999,6.28895344700387,6.13383623135534,6.15645784757453
2020-01-14,6.14701175689697,6.24644568985296,6.13383639924978,6.22108971690577
2020-01-15,6.10450124740601,6.18205983059538,6.07864838634288,6.15968714413159
2020-01-16,6.18802785873413,6.193993941944,6.13458203249371,6.15794899417472
2020-01-17,6.19672679901123,6.21462504431135,6.1492470674658,6.2071673235684
2020-01-21,6.16341733932495,6.19697637499924,6.12936093256005,6.16018561258177
2020-01-22,6.21736001968384,6.30386750272039,6.18976706656304,6.20865958168524
2020-01-23,6.28572177886963,6.29417376970009,6.16863852050073,6.25738347594383
2020-01-24,6.22655820846558,6.45078202230453,6.17236656695661,6.40106482430508
2020-01-27,5.97101163864136,6.02197154318099,5.77288917945287,5.92228871834626
2020-01-28,6.16416358947754,6.19647943675182,5.98369041414122,6.03688778832845
2020-01-29,6.10375785827637,6.18579091022126,6.06398381193067,6.14974596224013
2020-01-30,6.11046886444092,6.1238926693482,5.95112613812067,6.00606312608307
2020-01-31,5.87729597091675,6.07666118293232,5.8355338665683,6.06472901765038
2020-02-03,5.97424554824829,5.99363496476535,5.85293581126637,5.85915034352756
2020-02-04,6.14328193664551,6.16242337543491,6.06597225843769,6.11593790463185
2020-02-05,6.23351812362671,6.27428595761952,6.15024189391857,6.26409388058674
2020-02-06,6.32027339935303,6.32027339935303,6.1867835661479,6.2678223287899
2020-02-07,6.25415277481079,6.30237834602084,6.22879679815935,6.28025409712392
2020-02-10,6.53704166412354,6.53778700966181,6.27180106638823,6.2767728814737
2020-02-11,6.65934371948242,6.77394151903386,6.58327676715104,6.6451745711612
2020-02-12,6.77493667602539,6.78140012988903,6.67326529502513,6.71204459579194
2020-02-13,6.73118448257446,6.7983025470913,6.68967083264414,6.71701533466321
2020-02-14,7.20374584197998,7.3325128044765,7.10953218460752,7.14085376285681
2020-02-18,7.37228727340698,7.39068289468149,7.0811942758068,7.10058369114779
2020-02-19,7.82297086715698,7.84062066633565,7.49459024890697,7.49459024890697
2020-02-20,7.67382001876831,7.86324159379326,7.36681735763258,7.7749940226949
2020-02-21,7.31014108657837,7.58681648703917,7.22537367591748,7.56170943657142
2020-02-24,6.79333209991455,7.00686694845146,6.66207922243904,6.71651931484021
2020-02-25,6.51417064666748,6.93030193087632,6.41249927148713,6.86840412228699
2020-02-26,6.65337896347046,6.84727548050258,6.51292874628162,6.51441991146536
2020-02-27,6.28301382064819,6.64119051008781,6.19073353846721,6.34022246235522
2020-02-28,6.71755123138428,6.77699866718428,6.01413252665132,6.03079754462624
2020-03-02,6.87574577331543,6.90459916417683,6.49194984570363,6.8874364776728
2020-03-03,6.61358022689819,6.99115787924909,6.52826446915425,6.93146185086042
2020-03-04,7.07672262191773,7.08617452917895,6.64616435902668,6.72078475441879
2020-03-05,6.79764461517334,7.04413956219387,6.7531210624056,6.87748793454722
2020-03-06,6.61731147766113,6.67576404986025,6.41732936729534,6.61830634036405
2020-03-09,6.10491991043091,6.45215212273564,5.92433929124458,5.96712123210721
2020-03-10,6.49393939971924,6.49393939971924,6.11860052673027,6.38101418209812
2020-03-11,6.13054132461548,6.38250876555117,6.03353530209823,6.3541530348896
2020-03-12,5.38035917282105,5.87310041674284,5.36767360520764,5.60795027765681
2020-03-13,5.99050331115723,5.99498043118963,5.46244178157934,5.73331252497029
2020-03-16,4.88512945175171,5.62386880439357,4.8254334239137,5.28335204214669
2020-03-17,5.40423774719238,5.49353344758374,4.7508144907275,4.99730943152358
2020-03-18,5.04481649398804,5.22191485104539,4.49412041552813,4.97716109111008
2020-03-19,5.29728221893311,5.39080596038333,4.81026155294192,5.02342596240342
2020-03-20,5.11769676208496,5.72883525371374,5.10227520227447,5.44726867467694
2020-03-23,5.29031896591187,5.38458947837971,4.93786321701368,5.11670278497548
2020-03-24,6.1979455947876,6.2845052827232,5.67237159222904,5.69600112080356
2020-03-25,6.10939788818359,6.51234626138787,6.06064581567269,6.3128618003831
2020-03-26,6.39842700958252,6.52229621192147,6.21834354888878,6.3163444192921
2020-03-27,6.28624820709229,6.54468246183584,6.1855108681119,6.21834371533813
2020-03-30,6.60611963272095,6.61532294462011,6.30763894463857,6.35166482952595
2020-03-31,6.55662155151367,6.8501274412165,6.41111206661912,6.64616537548836
2020-04-01,6.04596948623657,6.50513203591782,6.00144641848549,6.35887679228327
2020-04-02,6.35439920425415,6.36758196334383,6.02706570262403,6.07507102324187
2020-04-03,6.06686449050903,6.3583801627867,5.92956346251417,6.31684167613255
2020-04-06,6.6760139465332,6.71282672023889,6.29122261177501,6.34868033245635
2020-04-07,6.44294881820679,6.92101519619481,6.39991780582761,6.89738519173425
2020-04-08,6.63994741439819,6.66482088441016,6.48200142540746,6.55189564367433
2020-04-09,6.54045248031616,6.78843990786382,6.47752279142822,6.76555664340741
2020-04-13,6.7120795249939,6.720785167161,6.39245673565342,6.4807570915894
2020-04-14,7.06279420852661,7.09687051238634,6.81256795308014,6.84017741163223
2020-04-15,6.98543930053711,7.06826769380316,6.84963077598369,6.89490012602749
2020-04-16,7.33018207550049,7.43713764397351,7.12746444861705,7.14064720966263
2020-04-17,7.27098417282105,7.43365585831272,7.13716540521573,7.41226464837836
2020-04-20,7.13990116119385,7.30033451878303,7.09562668584655,7.14462735220153
2020-04-21,6.70362234115601,7.08318975505089,6.64392630706497,7.02200166406346
2020-04-22,7.11751556396484,7.16029798527761,6.85012709123682,6.89564502943053
2020-04-23,7.06428575515747,7.29137965538569,7.03916369259146,7.15955109478776
2020-04-24,7.20308017730713,7.20506990297295,6.97946850665893,7.05408891219054
2020-04-27,7.38938140869141,7.54906850647414,7.3127712824052,7.33739615223438
2020-04-28,7.24710559844971,7.56647979414855,7.24163361600624,7.53663153895252
2020-04-29,7.42370748519898,7.47643901232226,7.30655372486084,7.38167132688214
2020-04-30,7.26998853683472,7.42370596666616,7.25605951075573,7.36973051618824
2020-05-01,7.03369283676148,7.18591776781246,6.98543842932699,7.07274393239576
2020-05-04,7.24536466598511,7.25904509688576,6.98643276493492,6.98643276493492
2020-05-05,7.30630493164063,7.46872803163575,7.24536495729352,7.34933595166562
2020-05-06,7.40704250335693,7.51175977352497,7.34784412631224,7.3856517642626
2020-05-07,7.58314561843872,7.64632391802377,7.49484525217203,7.54608424841053
2020-05-08,7.77292919158936,7.77914744005824,7.6209528648539,7.65478057299281
2020-05-11,8.02464866638184,8.07141054403121,7.73935073422114,7.76795505913149
2020-05-12,7.76297998428345,8.13110581447116,7.75327947825616,8.08235421280031
2020-05-13,7.74059438705444,8.03758206618948,7.55628240034423,7.87739775763494
2020-05-14,7.98982524871826,7.99529723134767,7.64856216280569,7.80203101774382
2020-05-15,8.44774436950684,8.45744440093257,7.83411799042845,7.84978814781825
2020-05-18,8.70593070983887,8.8713388977027,8.63653415370849,8.71612888568849
2020-05-19,8.76090145111084,9.04147275214664,8.71836761688967,8.74572848519675
2020-05-20,8.92456722259522,8.99719743210701,8.84372856401375,8.94546076652239
2020-05-21,8.73080253601074,9.00664756470128,8.69324350225735,9.00565317637838
2020-05-22,8.9805326461792,9.04694508648814,8.66911823960774,8.7805504826875
2020-05-26,8.6735954284668,9.13524603252341,8.62807747973123,9.11037208467669
2020-05-27,8.48206996917725,8.58902460782983,7.95624627203105,8.58131430190909
2020-05-28,8.44401454925537,8.71612878706132,8.33680940547691,8.36964225576824
2020-05-29,8.83054447174072,8.83054447174072,8.44202232321152,8.51117026871219
2020-06-01,8.76164627075195,8.79597165090491,8.64548784075127,8.78850994177391
2020-06-02,8.78054904937744,8.79248835187906,8.61414650332973,8.75169660477209
2020-06-03,8.72508144378662,8.82134165409111,8.65593349813704,8.77756484460054
2020-06-04,8.72607517242432,8.9020093513399,8.63748488287772,8.68775192675026
2020-06-05,8.87887096405029,8.95551559160706,8.6678485784098,8.75394990375849
2020-06-08,8.7643985748291,8.84875699993223,8.64569816578435,8.83631482994791
2020-06-09,9.00428676605225,9.06774306892159,8.71089664893527,8.75942177781278
2020-06-10,9.32355976104736,9.45619558186633,9.11129289548116,9.12547794068128
2020-06-11,8.75569152832031,9.2185466526852,8.74548869912947,9.10780969358321
2020-06-12,8.89131259918213,9.14488821096237,8.66311970441973,9.12025257492336
2020-06-15,9.13144874572754,9.13990965000995,8.70343121963243,8.77460229981521
2020-06-16,9.02668380737305,9.22402042382669,8.79799352654003,9.18246298281425
2020-06-17,9.1934118270874,9.25612105361762,9.02842561774129,9.07172593047137
2020-06-18,9.17549514770508,9.23969758646733,9.0724720336337,9.18445347299893
2020-06-19,9.21854496002197,9.40144782159775,9.18470229192611,9.19988217763818
2020-06-22,9.48282051086426,9.48730014807517,9.23048944801601,9.25711666220674
2020-06-23,9.40642738342285,9.59803991086584,9.36412379972513,9.50696152163063
2020-06-24,9.19291400909424,9.51243392695806,9.10233306985164,9.43255323553452
2020-06-25,9.44623947143555,9.46117064515504,9.13990881925768,9.31260883657851
2020-06-26,9.11278533935547,9.45619478415657,9.08292393741355,9.45619478415657
2020-06-29,9.15757751464844,9.16205715191754,8.85896066051578,9.12746740349384
2020-06-30,9.45395565032959,9.48232384041383,9.22377214624053,9.27105277947323
2020-07-01,9.48605728149414,9.53159694518685,9.36959713597869,9.47685024424078
2020-07-02,9.56792831420898,9.6926006507066,9.53408469305366,9.5945545828555
2020-07-06,9.79387855529785,9.86305804434686,9.66771303645713,9.69682830223218
2020-07-07,9.82622909545898,10.0235647393952,9.80532602214998,9.90038564331666
2020-07-08,10.1688947677612,10.1778540443744,9.91955006873265,9.947669552928
2020-07-09,10.4605417251587,10.5212603186652,10.1863117883523,10.3323855567839
2020-07-10,10.4309301376343,10.6061182447893,10.3308934367678,10.5399251648381
2020-07-13,10.0059003829956,10.7424881181479,9.97877574037326,10.5461481952031
2020-07-14,10.3291530609131,10.3547844909933,9.74038009794985,10.0285454921743
2020-07-15,10.1800918579102,10.384892650763,10.0093824459241,10.3662298671515
2020-07-16,10.0880184173584,10.1596859729312,9.84987143136345,9.96882056909144
2020-07-17,10.1544628143311,10.2012460381587,10.0412377869983,10.1783523220892
2020-07-20,10.4622850418091,10.4826906991404,10.1099172348332,10.2268757493697
2020-07-21,10.2808723449707,10.5113054598614,10.2393149108474,10.4645213083851
2020-07-22,10.3906145095825,10.5536091125241,10.2440433424695,10.3196930995958
2020-07-23,10.0830411911011,10.4983669001724,9.98499513159853,10.4018140531557
2020-07-24,10.1474924087524,10.3169573132017,9.73191798644796,9.82946567623737
2020-07-27,10.3734464645386,10.3936024610723,10.1706353522398,10.1850691075874
2020-07-28,10.1683979034424,10.3341302907067,10.1621772907213,10.326416465135
2020-07-29,10.4172430038452,10.4677587731607,10.2992896555024,10.3428377324985
2020-07-30,10.5650596618652,10.5740179886196,10.2477790234818,10.3271613607191
2020-07-31,10.5658054351807,10.7168562798835,10.3848931858838,10.5145425820514
2020-08-03,10.9594802856445,11.0475722225267,10.6658404960372,10.6830110146239
2020-08-04,11.1759777069092,11.1759777069092,10.8557116351233,10.9990476919298
2020-08-05,11.2347078323364,11.319315944315,11.114763832372,11.192155540405
2020-08-06,11.2832288742065,11.3056251589216,11.1272019619484,11.2974129663615
2020-08-07,11.1478586196899,11.4517012634947,10.9866059060999,11.260337487409
2020-08-10,11.1135196685791,11.3556479696598,10.8064418314569,11.2819897659241
2020-08-11,10.7999715805054,11.0853992313336,10.7459710106451,11.0226890452502
2020-08-12,11.3874969482422,11.4141232109495,10.9077192042962,10.9400696056225
2020-08-13,11.3902359008789,11.6677009958154,11.3033884556769,11.492760654116
2020-08-14,11.5106773376465,11.6507782565956,11.3877469379298,11.4768337202386
2020-08-17,12.2801113128662,12.3525259379796,11.7627583496904,11.7966010139439
2020-08-18,12.204216003418,12.4383817461784,12.0305211017757,12.3925933718521
2020-08-19,12.0825290679932,12.2582145885956,12.0422151773179,12.2398005156155
2020-08-20,12.0850191116333,12.3179403709645,11.8239783678405,11.9197851023209
2020-08-21,12.6250152587891,12.7496875804067,12.139015904822,12.1454861756136
2020-08-24,12.6615962982178,12.8529600726187,12.4498268682775,12.8243422229004
2020-08-25,12.6912088394165,12.7024065092102,12.5157710851011,12.5725084135088
2020-08-26,12.7141027450562,12.8091623816047,12.6192918190477,12.7402315909204
2020-08-27,12.5700197219849,12.7907474639176,12.5085540486716,12.7225628093578
2020-08-28,13.0871229171753,13.0873716276779,12.5842027518053,12.6165531534068
2020-08-31,13.3128299713135,13.5124049953319,12.9776327073372,13.1219636134814
2020-09-01,13.7613859176636,13.9333903157376,13.3785438818645,13.4218561999446
2020-09-02,14.2846212387085,14.6632311260583,13.840046302454,14.64032961532
2020-09-03,12.9593620300293,13.8246133704604,12.8232016354576,13.7691039359283
2020-09-04,12.5680541992188,13.1181708035072,11.6542624888157,12.7286078236768
2020-09-08,11.8616151809692,12.4958676612847,11.6537658204456,11.6838849390277
2020-09-09,12.6601572036743,12.7540004065773,12.1789909654524,12.3465153450386
2020-09-10,12.2586450576782,13.0088949047605,12.1145188280397,12.9332225095334
2020-09-11,12.1120319366455,12.5979269963423,11.8444409275722,12.4316474882397
2020-09-14,12.8167276382446,13.2575678987566,12.5767679200865,13.0245779570631
2020-09-15,12.9349641799927,13.2413864658819,12.7724183806611,13.2227171531079
2020-09-16,12.4605197906494,13.0362755065489,12.4597734358995,12.9013600159959
2020-09-17,12.409740447998,12.5354461520491,11.9828397635433,12.0799190589163
2020-09-18,12.1366748809814,12.5780127428793,11.9370401481771,12.5394301846322
2020-09-21,12.4632587432861,12.4684860753936,11.8531516971442,11.8735634557239
2020-09-22,12.5832395553589,12.5934454354262,12.1030703701119,12.5207603502353
2020-09-23,12.0714597702026,12.6721084428682,12.0271522996701,12.5212611663674
2020-09-24,12.2947406768799,12.5152857069925,11.9621816368982,12.0201808207408
2020-09-25,12.8182229995728,12.8279313107495,12.1929323646504,12.3938119841185
2020-09-28,12.9787740707397,12.9954521547534,12.6950035549701,12.9840014023553
2020-09-29,13.168704032898,13.384768065728,12.8774661136604,12.8816973569541
2020-09-30,13.4721422195435,13.5637454233602,13.0935322927376,13.1007508557518
2020-10-01,13.555778503418,13.7033887049441,13.4026912342473,13.6986598913398
2020-10-02,13.0059089660645,13.4611863607347,12.9947069967178,13.1679572224708
2020-10-05,13.5836572647095,13.585399709035,13.1657175124258,13.1789107121309
2020-10-06,13.6772527694702,14.0810042140977,13.6060613314624,13.7703496305424
2020-10-07,13.9037675857544,14.058348479064,13.803700974995,13.9393637695195
2020-10-08,13.7790575027466,14.023747904434,13.6986562978334,14.0142883805849
2020-10-09,13.7033891677856,13.7646244573466,13.6018298209351,13.7076213611483
2020-10-12,14.1646404266357,14.2851188196074,13.8524931578832,13.9291607081955
2020-10-13,14.1867942810059,14.2866121245643,13.9582843455353,14.234836366023
2020-10-14,14.0344543457031,14.2808862942952,13.8997876162955,14.2288617507133
2020-10-15,13.9097442626953,13.9453395021219,13.7083661374913,13.7511808883451
2020-10-16,13.7519273757935,14.0605906912802,13.7330092740506,13.9762060630823
2020-10-19,13.4395294189453,13.9231834448171,13.3489213815586,13.8430310209711
2020-10-20,13.5866451263428,13.7402299676543,13.4487422845877,13.5249122680222
2020-10-21,13.4664134979248,13.7320132602865,13.4193675062971,13.5662313330223
2020-10-22,13.303370475769,13.5530385133965,13.1746774416093,13.4641738600615
2020-10-23,13.5316305160522,13.534617834284,13.2339204202785,13.3919852582258
2020-10-26,13.0845708847046,13.6336925606631,12.9822642245696,13.3690888201507
2020-10-27,13.3389663696289,13.3840211324482,13.134600935707,13.248607109489
2020-10-28,12.5725374221802,13.2028075559986,12.5546154087298,13.1410746992413
2020-10-29,12.9678239822388,13.1358459259876,12.6950056543865,12.7831239517182
2020-10-30,12.4799356460571,12.8806986858718,12.2469447876296,12.7945725815047
2020-11-02,12.5264873504639,12.7813827418857,12.3415385171396,12.6031549009077
2020-11-03,12.9633436203003,13.0484746032409,12.5483912064476,12.6536851654376
2020-11-04,13.7347526550293,13.767860047508,13.2794752069356,13.3314997528865
2020-11-05,14.0989246368408,14.2771524715039,13.9306538978611,14.1014143855421
2020-11-06,14.4991893768311,14.5258236074926,13.8350665587389,14.0488896074961
2020-11-09,13.5719566345215,14.6281313437543,13.5520433936406,14.4897309486908
2020-11-10,12.7149209976196,13.5478122303138,12.5737820582994,13.5478122303138
2020-11-11,13.3601226806641,13.3770495499439,12.8923985095485,12.9974436634857
2020-11-12,13.3987102508545,13.7066263179088,13.2585673813241,13.4208644601616
2020-11-13,13.2396450042725,13.609791386132,13.0029204556454,13.5684702999742
2020-11-16,13.456955909729,13.5906265480036,13.099255366942,13.1156837201738
2020-11-17,13.3643579483032,13.5376072517924,13.2463692967436,13.4940461409383
2020-11-18,13.3708295822144,13.5470661970443,13.1281312967567,13.4071721287902
2020-11-19,13.3822784423828,13.4293244334227,13.0434960306112,13.1557597581856
2020-11-20,13.0312976837158,13.4362929332871,13.0086449628436,13.3959679375929
2020-11-23,13.0833234786987,13.3247768558808,12.9593602120335,13.1144386878332
2020-11-24,12.9018621444702,13.1052305768552,12.829425831916,13.0858149027585
2020-11-25,13.1776666641235,13.2122667678377,12.9638435686065,12.9762894646321
2020-11-27,13.2040529251099,13.3496728611759,13.1136945939425,13.3173127698766
2020-11-30,13.3436965942383,13.3546497797066,12.9162982645924,13.207785936581
2020-12-01,13.3322458267212,13.470397438237,13.1711927060533,13.4340548949176
2020-12-02,13.4860792160034,13.6145225150505,13.1771671280486,13.2929157479822
2020-12-03,13.3421602249146,13.6050991252661,13.2754300660219,13.5328902810816
2020-12-04,13.5037565231323,13.5054994818582,13.3349374352916,13.3944468903841
2020-12-07,13.5520648956299,13.6760648118039,13.4457443804406,13.5465871593446
2020-12-08,13.2963457107544,13.5440956995584,13.2281205007702,13.5304008858708
2020-12-09,12.8787822723389,13.3600897959702,12.8165334547011,13.2470463002803
2020-12-10,12.9201135635376,13.0162261181157,12.7978566236099,12.8172789811623
2020-12-11,12.9609498977661,12.9676728757946,12.7714641203064,12.9151342937531
2020-12-14,13.255259513855,13.3349379012057,13.0249391457367,13.0353968984574
2020-12-15,13.3068037033081,13.4098871456514,13.1337520907091,13.385734577425
2020-12-16,13.1892766952515,13.3832437983989,13.1593965858993,13.3685526021579
2020-12-17,13.2876310348511,13.3257272751277,13.1255348949126,13.3130278951412
2020-12-18,13.2186574935913,13.3511223625323,13.0179674231137,13.3252268389274
2020-12-21,13.2786664962769,13.3162650198253,12.915382540524,13.0222017088308
2020-12-22,13.2248830795288,13.283645967615,13.00153452308,13.2657186610211
2020-12-23,12.9569616317749,13.2216434348576,12.9527291393216,13.2027197483346
2020-12-24,12.9415273666382,13.0797198024013,12.8867490591057,12.9848524857011
2020-12-28,12.8481512069702,13.009998457672,12.7119515698197,13.009998457672
2020-12-29,12.8912315368652,13.0199626129668,12.7906376171461,12.8730553688696
2020-12-30,13.0929164886475,13.1606430329995,12.8449176373003,12.9380410421335
2020-12-31,13.0025320053101,13.0981458982918,12.8630943260871,13.0837045084178
2021-01-04,13.0607957839966,13.5976300232426,12.910402638288,13.05158327179
2021-01-05,13.3508768081665,13.3894707697814,13.034403853336,13.0471022849375
2021-01-06,12.5638008117676,13.1917665948058,12.5354157519223,13.1693569870917
2021-01-07,13.2903690338135,13.3239839212033,12.8347082645756,12.9153820946285
2021-01-08,13.2233896255493,13.3670597932964,12.9895833038488,13.3087955690967
2021-01-11,13.5667533874512,13.9048893171375,13.3087945178132,13.3648180616141
2021-01-12,13.4305553436279,13.699221826263,13.2913674621329,13.6972290586848
2021-01-13,13.4773635864258,13.5702390741943,13.3312038982805,13.4357814315523
2021-01-14,13.1471967697144,13.5450910395777,13.1275265037487,13.5204407550473
2021-01-15,12.8078184127808,13.2716963345712,12.7968629402332,13.1748371913804
2021-01-19,12.9728994369507,13.0413725475137,12.7923773458127,12.9639348346189
2021-01-20,13.312032699585,13.3765221849714,13.0042745707086,13.0590528770894
2021-01-21,13.8117666244507,13.9429872257113,13.1997362630877,13.3645708046887
2021-01-22,13.6573896408081,13.7861207146325,13.572482355871,13.6847792714023
2021-01-25,13.5983743667603,13.7729200521673,13.1832994210489,13.7263578821747
2021-01-26,13.3812494277954,13.5899067375285,13.3336908802147,13.525914987797
2021-01-27,12.8658323287964,13.1795658870673,12.742330152961,13.176826544522
2021-01-28,12.9985466003418,13.2861367362327,12.9084104488656,12.9440171542103
2021-01-29,12.9375429153442,13.2811565947414,12.8596074776406,13.0224501890126
2021-02-01,13.183798789978,13.2174127252637,12.8508917472117,13.0007871593839
2021-02-02,13.5022640228271,13.5174519864945,13.2321034886175,13.3448990521838
2021-02-03,13.4761190414429,13.8757562358196,13.4621753706015,13.5811942896139
2021-02-04,13.6093320846558,13.6185445962294,13.2841443887761,13.4766173971006
2021-02-05,13.5363750457764,13.6820379638322,13.491306974074,13.6698372518735
2021-02-08,14.3807210922241,14.4155802756434,13.6720804355436,13.6720804355436
2021-02-09,14.2059240341187,14.5246375982615,14.1653373134626,14.2831119411487
2021-02-10,14.7049121856689,14.845096442115,14.2838616993883,14.4051222637668
2021-02-11,15.1894540786743,15.2108682514043,14.8650139268934,14.9200420343647
2021-02-12,14.9011173248291,15.229790896892,14.7156152259454,14.9895105025586
2021-02-16,15.2686357498169,15.3107165729037,14.8899140410841,15.0037050395673
2021-02-17,14.8460903167725,15.1623143427451,14.7205963300682,15.1100246275443
2021-02-18,14.7694034576416,14.8134751555697,14.5164236099192,14.6698049727315
2021-02-19,14.8665103912354,15.1160033527367,14.7870808474288,14.9641161015764
2021-02-22,14.2980546951294,15.072430094686,14.2674280050308,14.7153704182062
2021-02-23,14.0851612091064,14.1815226135435,13.3356850965714,14.018678963855
2021-02-24,14.4407262802124,14.448445641096,13.700712460906,14.0659891604939
2021-02-25,13.2540140151978,14.3169747453371,13.1631313016242,13.9890477416687
2021-02-26,13.6593809127808,13.7988176353147,13.3073012886998,13.6972273447247
2021-03-01,13.7861185073853,13.8690339613415,13.4987781903174,13.8192347273108
2021-03-02,13.352370262146,13.8645532930962,13.3421613657258,13.8441355002558
2021-03-03,12.7532863616943,13.3974364815792,12.7473099598188,13.3722884815703
2021-03-04,12.3205327987671,12.9228528944443,12.0351842862718,12.7493026177937
2021-03-05,12.411416053772,12.4995603855169,11.6323095982131,12.4995603855169
2021-03-08,11.5466575622559,12.4211282312163,11.5200145069065,12.399963861901
2021-03-09,12.4742345809937,12.5703793591558,12.0149284557509,12.0856676079088
2021-03-10,12.4224271774292,12.9322956729721,12.4117168680753,12.793308695413
2021-03-11,12.945743560791,12.9983002692078,12.6876956619511,12.9024034935191
2021-03-12,12.8087520599365,12.8413818275934,12.5437298583516,12.6017652556527
2021-03-15,13.142767906189,13.1582110072859,12.720326450748,12.8174679559313
2021-03-16,13.2424001693726,13.4628365790622,13.0685410550918,13.307409797577
2021-03-17,13.292218208313,13.4038060956673,12.9417605992521,12.9918259719751
2021-03-18,12.675742149353,13.1355462129937,12.6702625225671,13.08822112693
2021-03-19,12.7985382080078,12.8740101556848,12.5661458000658,12.7031402598936
2021-03-22,13.1377849578857,13.3452696009256,12.85931222528,12.8652906897571
2021-03-23,13.0227098464966,13.2954530563937,12.9733913156995,13.2055347471085
2021-03-24,12.5965328216553,13.1108860556983,12.5903063623872,13.1029150856388
2021-03-25,12.4891796112061,12.6680204826455,12.2268977196455,12.4535615636724
2021-03-26,12.7920608520508,12.8089985687058,12.3280229055861,12.5083574236715
2021-03-29,12.9006624221802,13.0144927131275,12.6533247827293,12.7731325892055
2021-03-30,12.82444190979,12.9275618776811,12.6583048171895,12.7948013801722
2021-03-31,13.2991895675659,13.4209898485821,12.9347835516011,12.967662254163
2021-04-01,13.7609882354736,13.8190236253869,13.4615917933106,13.5223684216184
2021-04-05,13.9360914230347,13.9624937757771,13.6825264084631,13.8165325774153
2021-04-06,13.8105525970459,14.0025941320895,13.722876689981,13.9482948163446
2021-04-07,14.0915184020996,14.1911502997411,13.6611059818211,13.8297334697937
2021-04-08,14.2643814086914,14.4183135855844,14.1966305371678,14.2003675530113
2021-04-09,14.3470773696899,14.3550483409062,14.1229048499516,14.1617610779786
2021-04-12,15.1531019210815,15.2960748416694,14.0872837458568,14.237230908904
2021-04-13,15.6218719482422,15.6422967859618,15.0701571363209,15.175518551478
2021-04-14,15.2208528518677,15.6627224225845,15.171534315586,15.567573421434
2021-04-15,16.0779418945313,16.154658563081,15.5740500165032,15.6049362194742
2021-04-16,15.8540172576904,16.1063366110015,15.8069401704188,15.993999997068
2021-04-19,15.305290222168,15.7494021815649,15.1770135723253,15.4793982859329
2021-04-20,15.1154937744141,15.4400459949065,14.9080090780825,15.2669346276394
2021-04-21,15.3040447235107,15.3060372283333,15.0467436536855,15.0631825310985
2021-04-22,14.795672416687,15.381760632478,14.7291672126375,15.3184936056091
2021-04-23,15.2091445922852,15.2786380672163,14.8454863344659,14.8793608166061
2021-04-26,15.4211139678955,15.4221106955043,15.069411647384,15.1291915496795
2021-04-27,15.3252182006836,15.6129066657694,15.2980680626232,15.5212447819399
2021-04-28,15.2206029891968,15.4751647408576,15.1595783673045,15.3080309149917
2021-04-29,15.2684268951416,15.3797658307191,15.0161075432115,15.3434000019683
2021-04-30,14.9543342590332,15.3085278895475,14.9418803910475,15.1187287370533
2021-05-03,14.7822189331055,15.1907118641395,14.7331502965707,15.0694094665839
2021-05-04,14.2985038757324,14.5837019217422,13.9587575642486,14.5834529774033
2021-05-05,14.4053592681885,14.7590549984758,14.334620122131,14.6549383090973
2021-05-06,14.4696245193481,14.5176973875355,14.1657461080873,14.4419764915481
2021-05-07,14.7578115463257,14.9157287393557,14.6178278492929,14.7538265361417
2021-05-10,14.213321685791,14.7515860310663,14.1976296372357,14.7329047494044
2021-05-11,14.2536678314209,14.3019896333069,13.699462675961,13.7741868277961
2021-05-12,13.7079343795776,14.20784032287,13.6588657345583,13.9580113483226
2021-05-13,13.6150236129761,14.0289970938332,13.409531488566,13.9821689591517
2021-05-14,14.19065284729,14.2753404854818,13.6979701195264,13.8389505370007
2021-05-17,14.1134366989136,14.1171727643719,13.8025840806476,14.1049678404624
2021-05-18,13.9642381668091,14.3513105345002,13.9525311308755,14.2145650194893
2021-05-19,14.0140542984009,14.0277538390666,13.4934746036131,13.5166387804676
2021-05-20,14.5587959289551,14.6297840309927,14.2180528491408,14.2499348313893
2021-05-21,14.9366502761841,15.1660543908708,14.8148499794025,15.1080180526222
2021-05-24,15.5546207427979,15.6871313422102,15.1202223788274,15.156588205382
2021-05-25,15.5902376174927,15.7603597025542,15.4255951579118,15.7080528909177
2021-05-26,15.6422958374023,15.7357012675025,15.5289644096355,15.6764202129783
2021-05-27,15.431077003479,15.6921141607521,15.4031800332593,15.6420487909345
2021-05-28,16.1848011016846,16.2176807701258,15.4440346379293,15.4440346379293
2021-06-01,16.2047290802002,16.3280249941212,15.8448067177099,16.2102096587324
2021-06-02,16.7165851593018,16.8565698025875,16.1758305044621,16.1925192781658
2021-06-03,16.9073791503906,17.1955673689767,16.5220513338497,16.6393687249279
2021-06-04,17.5136432647705,17.5960875419055,17.0326676391279,17.0496034541249
2021-06-07,17.5542411804199,17.747030491706,17.1295592985246,17.5066681137
2021-06-08,17.3928413391113,17.5567360407634,17.1875971700902,17.4628327097015
2021-06-09,17.2984161376953,17.5144200997862,17.1962704414721,17.455374454957
2021-06-10,17.3649387359619,17.4317091384543,17.1167983427095,17.2901983864856
2021-06-11,17.7638053894043,17.8774127405189,17.383620210791,17.4192464147084
2021-06-14,17.9566383361816,17.9773168562367,17.6018664771694,17.8442778843006
2021-06-15,17.7271823883057,17.9541481033628,17.6668917393831,17.8532474189968
2021-06-16,17.7488536834717,17.8928562917221,17.5238819212317,17.7294220749165
2021-06-17,18.5929393768311,18.7700763215897,17.6950459806606,17.7132325877454
2021-06-18,18.5745010375977,19.3082130577616,18.5199393235904,18.7192506703026
2021-06-21,18.3637275695801,18.4726019822514,17.7613115819278,18.3716994141783
2021-06-22,18.8216495513916,18.8983857104875,18.3226259700939,18.4078319794519
2021-06-23,18.9915542602539,19.0867259921303,18.8425697282745,18.9422253849662
2021-06-24,19.1392974853516,19.3530585206184,19.0224512100451,19.1614719139255
2021-06-25,18.9653987884522,19.2788154882338,18.8293699076907,19.214039016111
2021-06-28,19.9161128997803,20.0095397462817,19.2524082172855,19.2945122634454
2021-06-29,19.9577217102051,20.0294721392964,19.5892452033191,19.8139680490376
2021-06-30,19.9335517883301,20.0930001152572,19.7952799844258,19.9303128694511
2021-07-01,20.1423263549805,20.3854847364752,19.9499908617524,20.0556263623666
2021-07-02,20.4163837432861,20.4345722523124,20.2178212595453,20.3697957658347
2021-07-06,20.6271533966064,20.7701581386736,20.2801043526663,20.6660185253503
2021-07-07,20.3015289306641,20.8030443612869,20.2619167995349,20.7816188362347
2021-07-08,19.8341426849365,20.063598390633,19.6328393393639,19.7880527228622
2021-07-09,19.9811325073242,20.0110297765398,19.6861533406702,19.8936855133937
2021-07-12,20.4417953491211,20.4619739670883,20.1181638465826,20.1702336525917
2021-07-13,20.1801948547363,20.3907169446904,20.0446639888691,20.3301754021363
2021-07-14,19.7731037139893,20.3473673991596,19.6846607084684,20.2875747573227
2021-07-15,18.9008769989014,19.778591902318,18.7934984501445,19.7434636901893
2021-07-16,18.0984020233154,19.0909693025921,18.0107059953027,18.9649061435254
2021-07-19,18.715015411377,18.9763604095145,17.803915586641,17.8534953714419
2021-07-20,18.5478420257568,18.7730628131305,18.1013863736785,18.6654352979733
2021-07-21,19.3430938720703,19.4596911526786,18.6773971878449,18.8169140017187
2021-07-22,19.5264549255371,19.8184441585512,19.2095503525431,19.5742897932464
2021-07-23,19.4905796051025,19.632090295882,19.1836407898362,19.588241350623
2021-07-26,19.2274951934814,19.3749838589773,18.8488039695885,19.2444367930325
2021-07-27,19.1417942047119,19.5543667919083,18.6764028985133,19.1985969468546
2021-07-28,19.4357757568359,19.5782825032459,18.9295273497381,19.2524099675595
2021-07-29,19.5942249298096,19.7845665297344,19.2613747057447,19.4517163056695
2021-07-30,19.4317855834961,19.5623326298946,19.1965990377996,19.3510635211142
2021-08-02,19.681921005249,19.892194121272,19.2942619637426,19.632094117444
2021-08-03,19.7467021942139,20.1522989361287,19.1537518235982,19.671959943889
2021-08-04,20.2041168212891,20.2479657791998,19.7596531091589,19.9210953580706
2021-08-05,20.5658645629883,20.6615343254976,20.2718813352505,20.4293376609825
2021-08-06,20.2957973480225,20.4990946286652,20.1403349452691,20.4532536626771
2021-08-09,20.2250423431397,20.4373074691647,20.0735658678664,20.3755209121046
2021-08-10,19.8672790527344,20.3595756588384,19.766625478268,20.2519481453926
2021-08-11,19.6310920715332,19.9798859149399,19.3630202783703,19.9739060814166
2021-08-12,19.8363876342773,19.959958849718,19.5523701887131,19.8015084322448
2021-08-13,20.1184139251709,20.1443252792456,19.7825756333072,19.836390352832
2021-08-16,19.881233215332,20.2170714716628,19.3859447294469,20.0655949890892
2021-08-17,19.3909282684326,19.7018530751289,19.2005866624846,19.6171450825479
2021-08-18,18.9743728637695,19.5663252972463,18.9345098254496,19.4327863998035
2021-08-19,19.72975730896,20.424355275719,18.6973271640652,19.4268043349652
2021-08-20,20.7442474365234,20.7930783211163,19.8642917067167,19.9220904431394
2021-08-23,21.8823127746582,21.9211779039079,20.8777878450283,20.89871536853
2021-08-24,21.7178783416748,21.8833065011391,21.4607682509254,21.6780172109169
2021-08-25,22.1364307403564,22.3925448263766,21.6471240015985,21.6620716880842
2021-08-26,21.9919338226318,22.2629956175715,21.7148921922934,22.1234787967605
2021-08-27,22.5579738616943,22.6436778624711,22.0905906317494,22.1075322307851
2021-08-30,22.6098003387451,22.9635762937644,22.4732734073712,22.7513111009077
2021-08-31,22.3117733001709,22.6207586804059,22.0476407897369,22.6207586804059
2021-09-01,22.3675861358643,22.6227491704417,22.2838612998304,22.4114428171191
2021-09-02,22.3227386474609,22.5190947276502,22.2220692035508,22.4443393054185
2021-09-03,22.7682781219482,22.9108100013923,22.1273818045733,22.251972914056
2021-09-07,22.5878677368164,22.8240919654547,22.4483244181334,22.7583078827257
2021-09-08,22.265926361084,22.5360397867411,21.9051091048817,22.4393569671354
2021-09-09,22.1044540405273,22.464273188352,22.0586049884526,22.2390126529916
2021-09-10,22.4044704437256,22.5519851187704,22.197150672313,22.2748946360381
2021-09-13,22.0795383453369,22.8888824612159,21.7864994341092,22.6097976933271
2021-09-14,22.1692409515381,22.3366906478571,22.0137511330522,22.2021320414111
2021-09-15,22.267915725708,22.2938316455487,21.8941424592729,22.2360208176118
2021-09-16,22.1692409515381,22.2041263049379,21.8552708698307,22.1104339413628
2021-09-17,21.8283576965332,22.2479799990451,21.7585869931594,22.2270487880329
2021-09-20,21.0439357757568,21.3628886838577,20.5944108792778,21.076826867614
2021-09-21,21.1764945983887,21.3549079555184,20.8814634255264,21.3469347052301
2021-09-22,21.8692264556885,21.8881634054524,21.1266626676112,21.2961066386491
2021-09-23,22.4084568023682,22.4612829258639,21.8183924059065,22.0675746011357
2021-09-24,22.008768081665,22.0765464311496,21.7894884293428,21.9978043842153
2021-09-27,21.5891494750977,21.7276947419712,21.2552461805616,21.63898516347
2021-09-28,20.6312828063965,21.3489285492992,20.5834395033885,21.1445992810802
2021-09-29,20.4498863220215,20.9482507545483,20.4000487381031,20.8715029665344
2021-09-30,20.6482353210449,20.9970908132946,20.6203270337537,20.70006526903
2021-10-01,20.6741504669189,20.7907664196609,20.1369121545788,20.6821237198134
2021-10-04,19.6674537658691,20.4748035917084,19.4910327160542,20.4369277894318
2021-10-05,20.3840980529785,20.58045410103,19.7890509208673,19.8847375414853
2021-10-06,20.6322822570801,20.6522153837317,20.0143097042678,20.0541797597887
2021-10-07,21.0060596466064,21.2522513949302,20.9033959442383,21.0230023323497
2021-10-08,20.7628574371338,21.1366307448368,20.7070408665255,21.0319746749462
2021-10-11,20.6273021697998,20.9940983978703,20.4439040557646,20.5076957786647
2021-10-12,20.6033840179443,20.9881210800545,20.4608521253806,20.7598700552191
2021-10-13,20.8705024719238,20.9213362313125,20.6452419417543,20.8495712594301
2021-10-14,21.674861907959,21.6838313405164,21.0529026714738,21.2183599954103
2021-10-15,21.7904758453369,21.8592503484405,21.5911313055335,21.7386459227885
2021-10-18,22.1493053436279,22.2180798674269,21.5731951347184,21.6778530933003
2021-10-19,22.2170848846436,22.30579254243,21.9649122508148,22.2031288417853
2021-10-20,22.0306987762451,22.359619226164,21.9100942944233,22.232037672694
2021-10-21,22.6177673339844,22.6367061832679,22.0107602945771,22.0247144356874
2021-10-22,22.6516571044922,23.054334844956,22.4871978515023,22.7483399136297
2021-10-25,23.090217590332,23.2785984946674,22.6955131136311,22.8978481590283
2021-10-26,24.6361446380615,25.1763733625675,23.8457394350963,23.9105273389636
2021-10-27,24.3710174560547,25.0079271338131,24.20256965593,24.3939429345458
2021-10-28,24.8594093322754,24.8683806658096,24.4427774851292,24.7966157008632
2021-10-29,25.4833641052246,25.6248997894206,24.9182194508086,24.9192156320672
2021-11-01,25.7425155639648,25.8092958339001,25.1444778763075,25.5650983313185
2021-11-02,26.3146343231201,26.5907286077046,25.7156005225465,25.7375298169848
2021-11-03,26.5109939575195,26.6963863479133,26.14918241329,26.5827589377793
2021-11-04,29.7035121917725,31.2623950368217,27.0292885620627,27.1399255071453
2021-11-05,29.6546745300293,31.2972823211869,29.3137923398995,30.0882510032956
2021-11-08,30.7032337188721,30.998264961742,29.8091667546184,30.0503756936079
2021-11-09,30.5567111968994,32.204305509438,29.8659793214008,32.1763972276445
2021-11-10,29.3626308441162,30.7490812316301,28.6838588326832,29.2599690488289
2021-11-11,30.2905826568604,30.489929144617,29.6795890368492,30.3683285095069
2021-11-12,30.2905826568604,30.5796348739966,29.5330686649377,29.9118266114536
2021-11-15,29.9267807006836,30.5437552872981,29.1513258454705,30.4520571841386
2021-11-16,30.1041946411133,30.2905831730872,29.6088207588488,29.6616487767033
2021-11-17,29.1652851104736,30.4092039190723,28.7057926293914,30.3185000801131
2021-11-18,31.5713863372803,32.6528362535096,31.2185442244771,32.2611240567703
2021-11-19,32.8771018981934,32.9797656090551,31.8006348105868,32.1375285096737
2021-11-22,31.8514614105225,34.5336583014885,31.7956448471956,33.4073538165859
2021-11-23,31.6421508789063,32.254142644844,30.7789826643396,31.4318406736431
2021-11-24,32.5671119689941,32.7475196128079,30.8268234426004,31.3580807604346
2021-11-26,31.3999500274658,32.6030006092656,31.2474506311657,32.4933598245915
2021-11-29,33.2668266296387,33.3027081741092,31.9312096146127,32.2601320104013
2021-11-30,32.5691108703613,33.24389825426,31.7597686646592,33.0604982279891
2021-12-01,31.3360061645508,33.1841696464559,31.2811790631886,33.1143903906648
2021-12-02,32.0248260498047,32.3757186936996,30.9272935618365,31.1156994300358
2021-12-03,30.5963439941406,32.0278226391209,30.0351153368654,31.8992272668633
2021-12-06,29.9424114227295,30.1457675784583,27.9497059070514,29.7859043392856
2021-12-07,32.3248863220215,32.3468202083986,30.5544798300212,30.859517901548
2021-12-08,31.7257766723633,32.1883161855169,31.322051376994,31.8982322111558
2021-12-09,30.3939781188965,32.1035791511979,30.3321731006783,31.6340598930972
2021-12-10,30.1028957366943,31.2064097507254,29.766957175753,31.0518972162437
2021-12-13,28.0723094940186,30.198593181018,28.0274511402504,30.1537348272499
2021-12-14,28.2477626800537,28.5876884274339,27.1641859029859,27.6117713453797
2021-12-15,30.3630809783936,30.4039522300556,27.7503344993903,28.3105649749309
2021-12-16,28.2976016998291,31.0618695763869,28.0045288536484,31.0538953483028
2021-12-17,27.7134494781494,28.8309195056523,27.6725782305954,27.8968700391976
2021-12-20,27.631706237793,28.0553670526825,27.0595144914947,27.2190104619007
2021-12-21,28.9834384918213,29.0282968549913,27.3147085227014,28.2846458506808
2021-12-22,29.3074131011963,29.4619256594763,28.3594077786925,28.8000171702579
2021-12-23,29.5466556549072,29.9643367432686,29.3383142129798,29.6612932631255
2021-12-27,30.8475456237793,30.9890986255833,29.5466551131974,29.5665925841764
2021-12-28,30.2265090942383,31.2313340772429,29.9174839912305,31.2133911135003
2021-12-29,29.9065227508545,30.4518010653044,29.2735222128868,30.1776674531369
2021-12-30,29.4928283691406,30.3610857096323,29.4469737036259,29.7330686374901
2021-12-31,29.3183784484863,29.9354304835328,29.2386304598073,29.5805506980388
2022-01-03,30.0261421203613,30.6142842226198,29.6911998228928,29.7211060302649
2022-01-04,29.1977558135986,30.3720453517033,28.2597193876418,30.1816468969215
2022-01-05,27.517068862915,29.3233627396003,27.4462933097464,28.8578324697618
2022-01-06,28.0892639160156,28.3484453759416,26.9797699082136,27.5529580299653
2022-01-07,27.161190032959,28.3324907147249,26.9717878726832,28.0523755386709
2022-01-10,27.3137149810791,27.3824979383171,25.5632442385663,26.4972938296437
2022-01-11,27.7294025421143,27.9766226749269,26.7544835674627,27.2369586859168
2022-01-12,27.9108276367188,28.5049495142288,27.5210582070878,27.9786123844749
2022-01-13,26.4913101196289,28.3903096301104,26.4145510432091,28.2896278691023
2022-01-14,26.8571529388428,27.1113509504771,26.1274578238262,26.2171745454216
2022-01-18,25.8214282989502,26.5541143063361,25.688847709528,26.1773044140045
2022-01-19,24.9880599975586,26.4594117027057,24.9731078430565,25.9968741043378
2022-01-20,24.0739459991455,25.4984466180764,24.0021722409048,25.2243130333618
2022-01-21,23.3003902435303,24.744826403517,23.1897397481768,23.4329708167827
2022-01-24,23.298397064209,23.3063712927465,20.8222203771453,22.2596786941814
2022-01-25,22.2537021636963,22.8707543455143,21.9307230179239,22.475003217654
2022-01-26,22.7002849578857,23.9812380374579,22.2297712756141,23.1668115261056
2022-01-27,21.8748970031738,23.9194388493253,21.606743099685,23.4937834575194
2022-01-28,22.7680721282959,22.7860150926159,21.2289338894528,21.9426786575004
2022-01-31,24.4088916778564,24.4318199639116,22.9794074439576,23.1089972269133
2022-02-01,24.5604076385498,25.0658109049043,23.8147622317627,25.0249396618036
2022-02-02,25.1625137329102,25.7357019219545,24.4756823081363,25.7127755351982
2022-02-03,23.8725814819336,24.9980256786746,23.7051112876865,24.3809755876234
2022-02-04,24.2424163818359,24.5574212393484,23.5575795651287,23.8965090106724
2022-02-07,24.6501274108887,25.1026962477612,24.1257829125677,24.2952476259251
2022-02-08,25.0289287567139,25.150544291203,23.9044808375999,24.2822869877284
2022-02-09,26.6209011077881,26.6408385805369,25.2731595122432,25.5413114857498
2022-02-10,25.7426738739014,26.8402064121401,25.5193802733242,25.9131367865899
2022-02-11,23.8735771179199,26.0696402564445,23.6981327006617,25.8343834274764
2022-02-14,24.1905784606934,24.7966635468321,23.6801898188868,23.8586269631456
2022-02-15,26.411563873291,26.4614056548125,24.7059516429442,24.8704310430387
2022-02-16,26.4275131225586,26.4982905839429,25.4715335022946,26.1763077982311
2022-02-17,24.4298210144043,25.703796136334,24.088899004953,25.5492835874062
2022-02-18,23.5675487518311,24.9073162004474,23.0272557562736,24.5903168289883
2022-02-22,23.3163414001465,23.9882186781658,22.9275701666202,22.9624597952012
2022-02-23,22.3165016174316,24.0789356695969,22.2307738949377,23.727046641189
2022-02-24,23.6732120513916,23.7250483387534,20.8242126556114,20.9488190059228
2022-02-25,24.080924987793,24.1407355049643,23.3073696748389,23.6462991077131
2022-02-28,24.3082084655762,24.5873273910467,23.6323440839969,23.9164464271802
2022-03-01,23.4030666351318,24.3002339190812,23.0591537771793,24.2145043050728
2022-03-02,24.1478404998779,24.3362784910014,23.3452404394118,23.6852241001785
2022-03-03,23.6433486938477,24.2535248525617,23.3990777947659,24.189714450006
2022-03-04,22.8676624298096,23.6094451457518,22.4150146626714,23.3143275568463
2022-03-07,21.2883815765381,22.9643747406036,21.2664477639047,22.7490168006619
2022-03-08,21.4499034881592,22.3063435323594,20.5884772754773,21.2455143187323
2022-03-09,22.9454326629639,23.1508182885051,22.1807176438137,22.320299923146
2022-03-10,22.5904941558838,22.7201059997777,21.81680518095,22.4638717308111
2022-03-11,22.0341529846191,23.0760394621102,21.980313026762,22.9534048477314
2022-03-14,21.2664527893066,22.1956753489181,21.0959627105223,21.8038465391391
2022-03-15,22.9045543670654,22.9693612400859,21.2584742450063,21.4538894353459
2022-03-16,24.4230175018311,24.5237164175384,23.1029627885817,23.4299846709781
2022-03-17,24.692211151123,24.7679830226002,23.8347728881898,24.0481359810745
2022-03-18,26.3741874694824,26.489842995481,24.550638054809,24.7251159151525
2022-03-21,26.6543502807617,27.0711060990406,25.8896352166345,26.4280273000093
2022-03-22,26.444974899292,27.1568483165914,25.994321917033,26.6473692013024
2022-03-23,25.5576267242432,26.5327116040626,25.4988024938877,26.0481595337334
2022-03-24,28.0661334991455,28.2356271013049,25.8298159450361,26.0880450930219
2022-03-25,27.6094951629639,28.2735112782434,27.1897499426593,27.8029174116789
2022-03-28,28.1349258422852,28.1658336196373,27.1249434277881,27.6733059312939
2022-03-29,28.5706195831299,28.8597545392456,27.8966331318524,28.609502941441
2022-03-30,27.6075057983398,28.4111042997548,27.4210626395336,28.2196768738055
2022-03-31,27.2047023773193,28.1638360522598,27.188751204527,27.6992248655317
2022-04-01,26.6324195861816,27.4140842913665,26.1887456330643,27.2934444851369
2022-04-04,27.2784862518311,27.4758962996623,26.5337120669071,26.6483692162283
2022-04-05,25.8537425994873,27.2376077681983,25.7430732449098,27.17280089256
2022-04-06,24.3342819213867,25.2246209873284,23.9314862593032,24.8597122153912
2022-04-07,24.1358737945557,24.6483422993239,23.4080492453062,24.3681793862568
2022-04-08,23.0501232147217,23.8517287848873,22.993293820568,23.8457461428712
2022-04-11,21.8517036437988,22.253502885236,21.5954693409055,22.1478196895806
2022-04-12,21.4399280548096,22.6572907269794,21.2185893871423,22.4698511510868
2022-04-13,22.1368446350098,22.4329605972665,21.3910741290158,21.6632614326222
2022-04-14,21.1946620941162,22.7091373008068,21.0999458272689,22.4379464507997
2022-04-18,21.7181015014648,22.022191198665,21.0161985006776,21.1368382869326
2022-04-19,22.1318645477295,22.3063424024266,21.2504975090991,21.6552880336625
2022-04-20,21.4179992675781,22.6024595986257,21.1368398377839,22.4499155515211
2022-04-21,20.1228694915772,22.325287868144,19.9404141393093,21.6443221623934
2022-04-22,19.4568576812744,20.4249654169895,19.4419029798231,20.2425100722857
2022-04-25,19.8427047729492,19.8855759292998,19.0391063979491,19.1447895794177
2022-04-26,18.7320251464844,19.7290458533181,18.6143766726513,19.6592547081063
2022-04-27,18.3601360321045,19.1098944594013,18.2355084518757,18.5425894707866
2022-04-28,19.7230644226074,19.9773057833907,18.4349137728597,18.9104919641883
2022-04-29,18.4917449951172,20.0680341994964,18.4618336875928,19.344197292068
2022-05-02,19.4748020172119,19.5156783204261,18.3362044290485,18.4857571210083
2022-05-03,19.5435962677002,19.7659333278816,19.075993762803,19.3421984496278
2022-05-04,20.273416519165,20.3392198635643,18.6951327265027,19.8636417522996
2022-05-05,18.7878570556641,19.8656357582381,18.444882087816,19.807809899114
2022-05-06,18.6193599700928,19.4538661517733,17.9364013539343,18.680179051563
2022-05-09,16.8995018005371,18.2006122301011,16.7768671578085,17.9802718854007
2022-05-10,17.5425777435303,18.1437818375717,16.9742762743365,17.6362975481985
2022-05-11,16.5804500579834,17.7001051734731,16.5186364148848,17.2953147140484
2022-05-12,16.1268043518066,16.7379787295656,15.5206170918572,16.1706738735405
2022-05-13,17.6532516479492,17.8745904121678,16.5435684071594,16.7379871807749
2022-05-16,17.2125625610352,17.7350014919284,17.0550342739778,17.4568334303424
2022-05-17,18.1228446960449,18.3162669487104,17.5814632045116,18.0201509284615
2022-05-18,16.8875350952148,18.0640197385701,16.813756162185,17.6522501133958
2022-05-19,17.0729827880859,17.6343051609027,16.6841434271092,16.8865396458183
2022-05-20,16.6442604064941,17.3581266862062,15.7080580312762,17.2803599698777
2022-05-23,16.8476524353027,16.8646019808831,16.1307948620274,16.2255111210558
2022-05-24,16.1058712005615,16.5475521475532,15.7329858739041,16.4608114559355
2022-05-25,16.9244251251221,17.0600196077212,15.9523296563548,15.972270524825
2022-05-26,17.797815322876,18.0380965218517,15.9742640960325,15.9882223241749
2022-05-27,18.7549571990967,18.8247483437924,18.0460750405928,18.131819261933
2022-05-31,18.6163673400879,19.1427940333809,18.295326242537,18.9234483100651
2022-06-01,18.2654190063477,18.9962349851399,18.0680089524515,18.6682166033373
2022-06-02,19.5336265563965,19.5605465384379,18.1437807443832,18.2375005434047
2022-06-03,18.6642265319824,19.2744046058256,18.4668164820624,19.025149434664
2022-06-06,18.7300300598145,19.2793890555911,18.5086913440145,19.0819790037965
2022-06-07,18.8696136474609,18.9433925831492,18.1338115315452,18.4169657951767
2022-06-08,18.5963726043701,19.1268993194914,18.4836845843309,18.7469536235691
2022-06-09,17.9980297088623,18.8805795822831,17.991049120633,18.4298313977046
2022-06-10,16.9270057678223,17.6480036037504,16.8222950310901,17.5512720416126
2022-06-13,15.6036796569824,16.2668384841838,15.5627928053569,15.9557020208789
2022-06-14,15.7921571731567,16.0215199427486,15.369330314018,15.6874473797527
2022-06-15,16.4812431335449,16.8212986321032,15.881906301778,16.0504380746746
2022-06-16,15.5578079223633,15.8978644074257,15.3583618195152,15.8160906968791
2022-06-17,15.8360357284546,15.9507171183203,15.2855639158585,15.6046776793226
2022-06-21,16.5201320648193,16.9609076927633,16.3615719081893,16.4293844211349
2022-06-22,16.3147048950195,16.6158687973,16.1352029542862,16.1810751229874
2022-06-23,16.1800804138184,16.5390824370239,15.8091096276335,16.4732651775283
2022-06-24,17.0785846710205,17.0925458499689,16.2648438513338,16.4543183528241
2022-06-27,16.8222923278809,17.2820163450487,16.579965119702,17.2640665337146
2022-06-28,15.9377527236938,17.1543743575535,15.9008545072609,16.8532104264789
2022-06-29,15.4989719390869,15.7762021770141,15.1280020762094,15.7702192216282
2022-06-30,15.1170320510864,15.5239024779017,14.8208543768555,15.3184724706204
2022-07-01,14.4827909469605,15.0212958485818,14.3521540711952,14.8577503452232
2022-07-05,14.922571182251,14.9295517719752,14.0160883486618,14.1357560086622
2022-07-06,15.0881080627441,15.2765848875434,14.7480516705605,14.9684404337199
2022-07-07,15.8140954971313,15.900854523259,15.3463941029332,15.4132089954046
2022-07-08,15.7941513061523,15.9926007135502,15.3463940472355,15.3872809000817
2022-07-11,15.1100511550903,15.4840129438565,14.996366451758,15.4830153091814
2022-07-12,15.0402431488037,15.3882768705708,14.8358107961147,15.2257280523975
2022-07-13,15.1220149993896,15.3324312450733,14.4249509137905,14.5496048263521
2022-07-14,15.3294410705566,15.430161276207,14.6872239852906,15.0661720375561
2022-07-15,15.7183618545532,15.738305988579,15.4022391038005,15.6156473293906
2022-07-18,16.0564250946045,16.850220940421,15.9577001445496,16.2568688501279
2022-07-19,16.9449596405029,17.0626329977574,16.1272300465838,16.4403599420251
2022-07-20,17.7576999664307,17.8833524857208,16.7544864939319,16.9000821970182
2022-07-21,18.0000267028809,18.0937663211446,17.4964256633823,17.8354845046149
2022-07-22,17.271053314209,17.9172581663416,17.0895560628113,17.8434636257009
2022-07-25,16.9768619537354,17.0765854414465,16.6029003013691,16.9718747332128
2022-07-26,16.4872264862061,16.8721574591956,16.4323784588453,16.8422398346167
2022-07-27,17.740743637085,17.8863392983275,16.8661710841761,16.9848410774471
2022-07-28,17.934211730957,18.0897799921466,17.3917190374358,17.9252377728906
2022-07-29,18.1127147674561,18.1934898902901,17.6430180892675,17.7636833827299
2022-08-01,18.3899402618408,18.7938195763887,17.9401887845094,18.1316566089599
2022-08-02,18.4747085571289,18.8855685608929,18.0419101009841,18.0718277286499
2022-08-03,18.8406925201416,18.9154856360876,18.0867850631818,18.1336558216158
2022-08-04,19.1618003845215,19.2206370489032,18.708060200093,18.7968144894727
2022-08-05,18.936429977417,19.1757653180713,18.6143242365854,18.7579246801507
2022-08-08,17.7437362670898,18.1885024887773,17.194263114654,17.4535434878662
2022-08-09,17.0386962890625,17.3986968884426,16.6776990060693,17.2042370680915
2022-08-10,18.046895980835,18.0678377480228,17.269054837998,17.649000502198
2022-08-11,17.8923263549805,18.655209717959,17.8265090936065,18.0808041819553
2022-08-12,18.6572017669678,18.6661776255487,17.903294316476,18.1097219452269
2022-08-15,18.9793109893799,19.1109455272964,18.5614722362176,18.6492279608058
2022-08-16,18.8267345428467,19.0890069329917,18.4497807502663,18.8676214024614
2022-08-17,18.284236907959,18.6362602332167,18.0947643103914,18.4717180403745
2022-08-18,18.7210235595703,18.812767894027,18.1326569514207,18.2503302730506
2022-08-19,17.7995834350586,18.4687252044851,17.720801686073,18.3550405101391
2022-08-22,16.9868412017822,17.5093906577884,16.9190286707768,17.4415781267829
2022-08-23,17.133430480957,17.4166445618054,16.9230142383355,16.9419626370609
2022-08-24,17.1743202209473,17.357810823683,16.8482258702831,16.9649006265511
2022-08-25,17.8634033203125,17.8973095781247,16.7863936564912,16.797362880591
2022-08-26,16.2149848937988,17.8743777171854,16.1920478534485,17.8075637677381
2022-08-29,15.7572536468506,16.2927666341216,15.7233483332493,15.9756481465868
2022-08-30,15.4251737594605,15.994591964876,15.1399653639795,15.9158111735389
2022-08-31,15.052209854126,15.4969751349614,14.9175833936799,15.3414069074727
2022-09-01,13.8984155654907,14.3401889562785,13.2332623435192,14.1696618919776
2022-09-02,13.6092166900635,14.1317651393665,13.5533710263006,14.0609625648903
2022-09-06,13.4277200698853,13.740850838228,13.3140353782161,13.6929833994128
2022-09-07,13.6800975799561,13.8037915894178,13.3130072766653,13.5294708419067
2022-09-08,13.9554109573364,13.9733670554478,13.335946977116,13.4257236624068
2022-09-09,14.3514337539673,14.4382185733468,14.0910792958287,14.1220018459123
2022-09-12,14.469141960144,14.5110379482966,14.1629007422933,14.3334784886073
2022-09-13,13.098536491394,13.8875813093558,13.0666160142655,13.7678780931488
2022-09-14,13.0955438613892,13.2571430514482,12.8810752543822,13.2212318032184
2022-09-15,12.8970355987549,13.200283922132,12.7583793086469,12.9828234227941
2022-09-16,13.1653699874878,13.1793353138186,12.5858060908107,12.7104970480879
2022-09-19,13.348916053772,13.4297161271631,12.9778359969324,12.9798309077925
2022-09-20,13.1434240341187,13.449665184247,13.0247187606037,13.1823281225975
2022-09-21,13.2282152175903,13.9963120443052,13.0775885040022,13.1803345018825
2022-09-22,12.5299444198608,13.1164909625878,12.3972738235897,13.0376858080352
2022-09-23,12.4850587844849,12.5798241997867,12.2266992376989,12.389296389258
2022-09-26,12.1977682113647,12.6277033510697,12.1838028846691,12.4601184794049
2022-09-27,12.3823118209839,12.7045132321613,12.2276952891782,12.476079290629
2022-09-28,12.7045135498047,12.7912983579507,12.3234579777996,12.379319288548
2022-09-29,12.1897888183594,12.4690963093195,11.9164660598274,12.4172248230095
2022-09-30,12.1089897155762,12.6017688749364,12.0451478079869,12.0571182251172
2022-10-03,12.4810667037964,12.6466566678019,12.0750723883229,12.3164746708521
2022-10-04,13.134449005127,13.1873184301454,12.8471608780676,12.8471608780676
2022-10-05,13.1763439178467,13.2880674920682,12.5897982449626,12.8790812595342
2022-10-06,13.0975389480591,13.6222385464148,13.070605273696,13.1873165941807
2022-10-07,12.0461435317993,12.6386747902478,11.9922771402419,12.4740827740121
2022-10-10,11.6411485671997,12.0940256725654,11.3797962208732,12.0072408674826
2022-10-11,11.557354927063,11.8167113736007,11.2551036227721,11.5324161668945
2022-10-12,11.4715700149536,11.7059887119156,11.3169534680773,11.5503751851703
2022-10-13,11.9304313659668,12.0481396653633,10.7862667785907,10.9438761480546
2022-10-14,11.1992435455322,12.0810578432513,11.176300644724,12.0271914472458
2022-10-17,11.858606338501,11.9184584064884,11.4885243017765,11.4895212813084
2022-10-18,11.9374160766602,12.4611178300226,11.5892788714398,12.3134839405861
2022-10-19,12.0212068557739,12.3194683986448,11.8047433210434,11.8496321470123
2022-10-20,12.1638517379761,12.7374299148854,12.0750710818448,12.0830516755215
2022-10-21,12.4351787567139,12.4671001804949,11.8576107515572,12.0680885667895
2022-10-24,12.5678520202637,12.6785776607006,12.0341748295855,12.4770773913331
2022-10-25,13.2282152175903,13.2671193098769,12.6326910270692,12.6626175446178
2022-10-26,12.8641176223755,13.3549008967253,12.6765826815457,12.8371848985669
2022-10-27,13.1434240341187,13.8037879967134,13.0895576396465,13.5963020616701
2022-10-28,13.7997989654541,13.8157601557921,13.0287102261979,13.0716041415125
2022-10-31,13.4636297225952,13.8037871888584,13.2641243933897,13.7439351144385
2022-11-01,13.5095195770264,13.8905751763645,13.485578741755,13.776856684484
2022-11-02,13.1863203048706,14.1748705637228,13.1783406605966,13.815760885842
2022-11-03,13.3878192901611,13.746929884424,12.9239696914326,13.0107544980284
2022-11-04,14.1210031509399,14.1938226319805,13.663137321682,13.9514233551135
2022-11-07,14.265643119812,14.3763687541529,13.919501841347,14.1928236441929
2022-11-08,14.565899848938,14.8541849155507,14.1808535214261,14.7644072694919
2022-11-09,13.741943359375,14.1758683824401,13.7249851884523,14.1269887807246
2022-11-10,15.7110624313355,15.7340053341975,14.5110364514186,14.7634112368516
2022-11-11,16.2866344451904,16.3484814366537,15.4437242224918,15.7679205351695
2022-11-14,16.2547130584717,16.4991081687618,15.8826351021242,16.1779037646366
2022-11-15,16.6247978210449,16.9559758615097,16.3414995447362,16.6806591314213
2022-11-16,15.8706665039063,16.321548716407,15.8337582736098,16.1220443060559
2022-11-17,15.6382446289063,16.2257892507141,15.4965954719955,15.6761507949143
2022-11-18,15.3709077835083,15.9624422382789,15.0826217109403,15.9265300314691
2022-11-21,15.2791328430176,15.4387371298473,15.0427183034466,15.1095530504319
2022-11-22,15.9983510971069,16.0183021099062,15.0846152593389,15.290106315115
2022-11-23,16.4781608581543,16.4861424048006,16.0083264964624,16.0582021254938
2022-11-25,16.2297782897949,16.4462408857198,16.1320209884095,16.2776599606136
2022-11-28,15.7878723144531,16.3165627387161,15.6861251932204,15.9863797550272
2022-11-29,15.6003341674805,15.8926099767089,15.4816288998968,15.7878690834069
2022-11-30,16.8854827880859,16.8924672389438,15.5624222586297,15.6621999920909
2022-12-01,17.0970096588135,17.2267205941841,16.5981182251853,16.9613115085907
2022-12-02,16.838586807251,16.8954615545617,16.4085425408862,16.6220688215879
2022-12-05,16.5731754302979,16.9573220949275,16.435480895818,16.6420226975378
2022-12-06,15.9515562057495,16.5362564941404,15.7839284523327,16.4933525588423
2022-12-07,16.0842609405518,16.1501145957244,15.6322642736594,15.7370319713759
2022-12-08,17.1309375762939,17.1409156350324,15.9236191126191,16.2369240670231
2022-12-09,16.9633083343506,17.5440187745532,16.9373669049211,17.1219562281296
2022-12-12,17.4961204528809,17.4991140599695,16.7597578151476,16.9992254479213
2022-12-13,18.0319328308105,18.7483413545328,17.6717331478131,18.4899148104054
2022-12-14,17.6348152160645,18.2115347672041,17.3813786422052,17.9471209977662
2022-12-15,16.9144153594971,17.2815994965749,16.6629751652859,17.1079854853948
2022-12-16,16.5342597961426,17.003218983176,16.3736174475228,16.8266113619278
2022-12-19,16.2179622650147,16.5721747224269,16.1092046796473,16.5352580051722
2022-12-20,16.049337387085,16.2738389251619,15.8168551157403,16.0283840370724
2022-12-21,16.4644145965576,16.5901365932507,16.066299063789,16.0782734935311
2022-12-22,15.3049945831299,16.1022240113273,14.8490079312604,16.0583209310956
2022-12-23,15.1722869873047,15.3049915334291,14.850003158774,15.1623089300075
2022-12-27,14.0896940231323,15.0665236708483,14.0248375953008,15.0405812900277
2022-12-28,14.0048818588257,14.2303806400061,13.853218422812,13.8961233107959
2022-12-29,14.5706253051758,14.6504478716164,14.1954594332168,14.3700716541407
2022-12-30,14.581600189209,14.5965663242945,14.201444371829,14.3022202811861
2023-01-03,14.2832651138306,14.9627561345852,14.0647507449788,14.8180771237172
2023-01-04,14.7163000106812,14.8200695266069,14.2094268614932,14.5347043093711
2023-01-05,14.2333736419678,14.5317105207582,14.1166324622255,14.4588724135515
2023-01-06,14.826057434082,14.9767226861752,14.0028866698514,14.4419107602544
2023-01-09,15.5933513641357,16.0204019413815,15.1074306292161,15.2501141847906
2023-01-10,15.8737297058105,15.9266117009309,15.4376982727662,15.4726205245551
2023-01-11,15.9655237197876,15.9924642845299,15.5284950813105,15.8048813723806
2023-01-12,16.4743938446045,16.6001139472664,15.4576529728657,16.0643057555674
2023-01-13,16.861536026001,16.8844857518556,16.1291640091293,16.2419124591278
2023-01-17,17.6627540588379,17.6886973908355,16.8615348246097,16.8615348246097
2023-01-18,17.338472366333,17.8333710168294,17.2436817831903,17.6278283861042
2023-01-19,16.7278308868408,17.1588742414005,16.6939077731242,16.9982299804223
2023-01-20,17.7994518280029,17.8164143371091,16.7876999160656,16.9732864750813
2023-01-23,19.1504516601563,19.202336426571,17.7784999098238,18.023952936401
2023-01-24,19.2222862243652,19.4517777289597,18.7782731553452,18.7852576049282
2023-01-25,19.2801609039307,19.3270575880771,18.5388081029194,18.8710700253187
2023-01-26,19.7581005096436,20.1212938689034,19.2352620105298,19.6573245864778
2023-01-27,20.3198528289795,20.582270274395,19.3619819558305,19.4188548014646
2023-01-30,19.119514465332,20.0953447697028,19.107540036562,19.9057674099612
2023-01-31,19.4936828613281,19.6433498979637,18.9079844750274,19.1274960018849
2023-02-01,20.8965702056885,21.1450168182019,19.5675225160289,19.647345080076
2023-02-02,21.6608657836914,21.9003334200636,20.6541040956331,20.9534381653184
2023-02-03,21.0532188415527,21.6967892465147,20.742907548251,20.9534401743841
2023-02-06,21.0422439575195,21.5221765202525,20.7399143427343,20.7598704571787
2023-02-07,22.1238441467285,22.2096539314993,21.1031113597419,21.3345973800704
2023-02-08,22.1557712554932,22.8272795438843,21.9592075036964,22.3373669682922
2023-02-09,22.2874755859375,22.9689618410721,22.0709576497634,22.5558801795068
2023-02-10,21.2178497314453,22.0290468393279,20.7648577906391,21.6419085452987
2023-02-13,21.7396984100342,21.9991222458485,20.9155293517104,21.4902526336497
2023-02-14,22.9200763702393,22.9979025693658,21.3186330406653,21.5301629523079
2023-02-15,22.7135314941406,22.8043293486654,22.0569912583027,22.4990080030958
2023-02-16,21.9532203674316,22.5000038333105,21.87838588802,22.0839285430197
2023-02-17,21.3405857086182,21.6918046488304,20.9285011763633,21.5830470355336
2023-02-21,20.6092071533203,21.4463458308108,20.5722885301492,20.9534415798664
2023-02-22,20.7079849243164,21.0572093015076,20.3757230534544,20.6610901505638
2023-02-23,23.6115341186523,23.8350384171128,22.9739509060586,23.3880317233117
2023-02-24,23.2343730926514,23.4219579164779,22.8961258750922,23.1735094136229
2023-02-27,23.4488964080811,23.8270558544092,23.4020016298069,23.617522349763
2023-02-28,23.164529800415,23.7721808063027,23.1545517420112,23.3201840858984
2023-03-01,22.6476802825928,23.204443804026,22.4581009646997,23.1405846059946
2023-03-02,23.2623100280762,23.328163685156,22.3822655286343,22.4381430313226
2023-03-03,23.8370323181152,23.8470103752578,23.0787171033614,23.2682963828298
2023-03-06,23.5017852783203,24.1942451281588,23.4349324671589,23.8380380948783
2023-03-07,23.2403163909912,24.0756024717069,23.1934117433927,23.5516778245139
2023-03-08,24.1314868927002,24.1504489934376,23.3760369515987,23.4389076790987
2023-03-09,23.3880138397217,24.4039290574924,23.3351209602961,24.1254990976632
2023-03-10,22.9179782867432,23.5786234668931,22.6794673301636,23.3610694205082
2023-03-13,22.9189758300781,23.2502967781487,22.2513469125887,22.7054152063381
2023-03-14,24.0137310028076,24.1694117316021,23.4119649989996,23.4478924923789
2023-03-15,24.1783905029297,24.2362703999899,23.3121678209389,23.7123457898303
2023-03-16,25.4887046813965,25.5356074277555,23.845075681386,23.9778046861489
2023-03-17,25.6723232269287,26.3449428620761,25.6154388343759,25.9287969368617
2023-03-20,25.8469676971436,25.9707143473295,25.0785438650303,25.5625514053193
2023-03-21,26.1453533172607,26.3379589148051,25.3290293974081,26.126393120823
2023-03-22,26.4138031005859,27.5325079695853,26.183275210274,26.3708899771943
2023-03-23,27.1353225708008,27.4426924607065,26.6353489872723,27.0594779783522
2023-03-24,26.7241630554199,27.1113690218255,26.3010315079131,26.9756478334573
2023-03-27,26.4766750335693,26.9447145680931,26.3110145711341,26.7820482217003
2023-03-28,26.3559226989746,26.4587124356038,25.7970698886331,26.3928475925132
2023-03-29,26.9287452697754,27.0225526529431,26.5425385811132,26.77007235481
2023-03-30,27.3269290924072,27.4426926938408,27.046504340176,27.1732450978703
2023-03-31,27.7201232910156,27.7770057840335,27.0494984180048,27.0844265985322
2023-04-03,27.9077377319336,27.9426659120482,27.2800259905899,27.4526720828381
2023-04-04,27.3967895507813,27.9426704604747,27.2510885747455,27.9087396789993
2023-04-05,26.8259582519531,26.9427173547786,26.3409533378444,26.774064682883
2023-04-06,26.9816417694092,27.0245529949884,26.3728901494732,26.5295682771835
2023-04-10,27.5225315093994,27.5644453302066,26.6143949183563,26.7680789279828
2023-04-11,27.1133708953857,27.7330996597478,27.0704577672662,27.6672348128939
2023-04-12,26.4407520294189,27.4117593746922,26.3938473792456,27.3139604571569
2023-04-13,26.4088134765625,26.8319450772941,26.2750889829647,26.6792584832434
2023-04-14,26.7032089233398,26.8279529695222,26.166310441978,26.4497293108206
2023-04-17,26.9467105865479,26.9507021066874,26.3788754468058,26.5106051286273
2023-04-18,27.6103515625,28.0524453106753,27.3009868212739,27.4766270546885
2023-04-19,27.8738098144531,27.9426687775815,27.1762416413442,27.304977218889
2023-04-20,27.0485019683838,27.9726064855948,26.9447148273133,27.6143404163382
2023-04-21,27.0634727478027,27.1273427875851,26.6672862533791,26.896814866617
2023-04-24,26.9866352081299,27.3099712708134,26.6163944879948,26.9576952514748
2023-04-25,26.1872692108154,27.1912098835516,26.1713031290632,27.0225552968018
2023-04-26,26.9008045196533,27.2740392689078,26.650319013121,26.9467117618685
2023-04-27,27.1702518463135,27.438702046649,26.5704826220474,27.3069723604427
2023-04-28,27.6921844482422,27.7011648938965,27.0155712528564,27.1692571711631
2023-05-01,28.8508052825928,28.9985029614269,27.7231198474893,27.7829964617439
2023-05-02,28.1522350311279,28.7769545608364,28.0254961783801,28.6212738563519
2023-05-03,27.7450714111328,28.308915024504,27.4157472102186,27.7829937072043
2023-05-04,27.5055675506592,27.801958427995,27.184226337641,27.5943841217057
2023-05-05,28.6212730407715,28.6961183232251,27.6742168763935,27.7690216622119
2023-05-08,29.0913105010986,29.160169462748,28.2919519103069,28.4635987088654
2023-05-09,28.5124950408936,28.9136723021408,28.3917444236202,28.8398244239234
2023-05-10,28.8258571624756,29.0533909639147,28.4027255307576,28.9456103922748
2023-05-11,28.5194854736328,28.8907254457584,28.1881664183399,28.8368351583714
2023-05-12,28.2819709777832,28.7210705637897,27.98857234983,28.4705831578254
2023-05-15,28.8937187194824,28.9096867061131,28.0943600524775,28.4496301481589
2023-05-16,29.1531810760498,29.8088372562332,28.772962619924,28.7819430641526
2023-05-17,30.1162071228027,30.1371640319057,29.3697395322308,29.5234235323195
2023-05-18,31.6131343841553,31.7628268575925,30.2579152760937,30.3477311408447
2023-05-19,31.1999835968018,31.5153365381964,30.8526965899308,31.4714260085146
2023-05-22,31.1121654510498,31.4554609488129,30.6171807580454,30.8377270109318
2023-05-23,30.6251602172852,31.2239319840148,30.5682777274435,30.9365216121223
2023-05-24,30.475471496582,30.5443304580795,29.7449699656074,30.1481420784088
2023-05-25,37.9022331237793,39.3991617802013,36.5599858769839,38.4441205664819
2023-05-26,38.8662528991699,39.0897932598001,37.4731114551357,37.8124154197577
2023-05-30,40.0288734436035,41.8521323559406,39.8672063846162,40.511883618803
2023-05-31,37.756534576416,40.2124942207712,37.7445581109248,39.4071473438905
2023-06-01,39.6885719299316,39.9679974155868,38.2614995306726,38.4101927192858
2023-06-02,39.2464752197266,40.4170737652674,38.9780250087121,40.0148990543123
2023-06-05,39.0907936096191,39.4839840404543,38.62774301074,38.8293290539221
2023-06-06,38.5748519897461,39.0798164296081,38.0698875498841,38.7504941121507
2023-06-07,37.4021377563477,39.4222046681013,37.2833696397354,38.839340474852
2023-06-08,38.4351196289063,38.7884314040425,37.4320764882826,37.6506486248228
2023-06-09,38.6946220397949,39.6337905854478,38.4920176050202,38.9611012204536
2023-06-12,39.4052352905273,39.4531423012305,38.5429167124309,39.1237858858367
2023-06-13,40.9422378540039,41.0210866253636,39.6627328374268,40.1078648003573
2023-06-14,42.9134025573731,42.9163950797265,40.4731528693279,40.7446271872569
2023-06-15,42.5700721740723,43.2048372207335,42.0650554421418,42.5191726400591
2023-06-16,42.6089973449707,43.6359960398511,42.5780555760722,43.3655230234468
2023-06-20,43.7228202819824,43.9044694244308,42.5910263094233,42.9143976475602
2023-06-21,42.9613075256348,43.5302028004616,41.9981873909674,43.416422222584
2023-06-22,42.941349029541,43.3415665420762,42.1518865866977,42.1708468432871
2023-06-23,42.1269378662109,42.7257698370802,41.9333147928889,42.3814431671067
2023-06-26,40.5529937744141,42.6808482131424,40.0220267202309,42.3784359752137
2023-06-27,41.7945823669434,41.8584571130723,40.3693611509531,40.7196766507934
2023-06-28,41.0370559692383,41.76364114383,40.4392215916407,40.5809437925252
2023-06-29,40.7426338195801,41.5191211359342,40.5210653027888,41.4772029736916
2023-06-30,42.2197570800781,42.467276029552,41.4203156469015,41.5989684984537
2023-07-03,42.3305320739746,42.8145896686731,42.119943795872,42.434329951938
2023-07-05,42.2347221374512,43.0930467954142,42.0031709735295,42.0530729944036
2023-07-06,42.0211448669434,42.0969973225394,41.2656166409809,41.7626495362856
2023-07-07,42.4203605651856,43.1299805264329,42.097990517388,42.2397127237752
2023-07-10,42.0979804992676,42.7277540256599,41.5680109980779,42.5740541516448
2023-07-11,42.3225517272949,42.6748660372354,41.9852114513192,42.3984041754718
2023-07-12,43.8166389465332,43.849575726718,42.6938263563293,42.949329116868
2023-07-13,45.8876113891602,46.0652629102666,44.4054979594782,44.4314483841982
2023-07-14,45.3805999755859,47.9945075426314,44.9723947660748,46.4924325294078
2023-07-17,46.3706588745117,46.4055906675462,45.1739927307866,46.1989962386163
2023-07-18,47.4016532897949,47.8028720770695,45.6450770667089,46.6101959109385
2023-07-19,46.985466003418,47.7250263749466,46.651118270833,47.3717145796865
2023-07-20,45.4314994812012,46.9954542258262,44.9743897520294,46.416580046967
2023-07-21,44.2228469848633,45.7768226851395,44.0142537144301,45.6989714185516
2023-07-24,44.5252494812012,45.0212846871931,43.9543631618908,44.644017562583
2023-07-25,45.5901870727539,46.0932049514529,44.835656447425,44.8536230033559
2023-07-26,45.3636283874512,45.9634616131033,44.5432279842118,45.9315223375128
2023-07-27,45.8107490539551,47.3028409630564,45.6610392057784,46.428544891758
2023-07-28,46.659107208252,46.9355690827248,46.2908251472219,46.5772659041829
2023-07-31,46.6381378173828,47.0383590669962,46.4155718564819,46.6630907290073
2023-08-01,46.4165687561035,46.8088061349003,45.9375025559674,46.3696592626491
2023-08-02,44.1829338073731,45.7508786373526,43.3026486104355,45.7418972619874
2023-08-03,44.4284477233887,45.0302759344939,43.7148377641161,43.7148377641161
2023-08-04,44.593132019043,45.5532596576196,44.3066912624136,44.8975393328669
2023-08-07,45.3286933898926,45.451455331655,44.4763537712255,45.023288603873
2023-08-08,44.5771598815918,45.1540351752356,43.9703403289144,44.7657915807423
2023-08-09,42.4712524414063,44.2258333425305,42.0520671729242,44.1879052252144
2023-08-10,42.3055763244629,43.4892709503371,41.7536502409755,42.0780190345883
2023-08-11,40.775562286377,41.9363029937301,40.5599826663619,41.6698200390348
2023-08-14,43.6679344177246,43.7148439243067,40.2326287704956,40.4072877766196
2023-08-15,43.8545608520508,45.1799815874143,43.6250085253282,44.473358053421
2023-08-16,43.4014472961426,44.5881346208216,43.3216010180475,44.4334372161126
2023-08-17,43.2597236633301,43.9763260911852,42.9173882779385,43.8845059202536
2023-08-18,43.2148094177246,43.4932662613741,41.5789963424232,42.5520990341619
2023-08-21,46.8756866455078,46.9734956892265,44.1360244919718,44.4074950347618
2023-08-22,45.5792045593262,48.0933077394137,45.2448568313055,48.0414068964387
2023-08-23,47.0243835449219,47.1082198404959,45.1200927277757,45.7768141837185
2023-08-24,47.0712966918945,50.1682640047816,47.0673066622991,50.1183619838776
2023-08-25,45.9285278320313,47.7120520832643,44.9364571966984,46.9205946600838
2023-08-28,46.7439346313477,46.8886531549244,44.8007217160757,46.391620353475
2023-08-29,48.6891441345215,48.985567527042,46.3007955623258,46.5752623715633
2023-08-30,49.1682090759277,49.829918115562,48.3308397600543,48.9486356342687
2023-08-31,49.2590370178223,49.6472806116045,48.8628095574058,49.2839899324245
2023-09-01,48.414680480957,49.7031706927899,48.0483934780796,49.6652463750619
2023-09-05,48.4536056518555,48.7560179125167,47.7669436441561,48.1292368066892
2023-09-06,46.9733581542969,48.4585859856298,46.4932549356936,48.3507892180422
2023-09-07,46.1548919677734,46.2577008027,45.0679191834075,45.440225686097
2023-09-08,45.4871292114258,46.519203974427,45.1866910778428,45.856442896601
2023-09-11,45.093879699707,46.0770424255395,44.2294910697482,46.0620709648427
2023-09-12,44.7864494323731,45.5879556196229,44.4480799615731,44.6546952514275
2023-09-13,45.4003028869629,45.8444739468403,44.4201292173073,44.516948715229
2023-09-14,45.4961242675781,45.9013664826281,45.0469614572956,45.8644366297317
2023-09-15,43.8182525634766,45.5140862506087,43.7264210191702,45.2565672674396
2023-09-18,43.8841285705566,44.1596155934917,41.9217899421132,42.6683981548121
2023-09-19,43.4389724731445,43.8841412323582,42.9219353611806,43.7513894379931
2023-09-20,42.1603393554688,43.8212420539588,42.1443703087812,43.5188049108044
2023-09-21,40.940616607666,42.0216000323421,40.9036867578026,41.5055644933903
2023-09-22,41.5325241088867,42.0365848810294,41.1542281804466,41.4945928532717
2023-09-25,42.1433792114258,42.4567936946112,41.1003231092512,41.5135536685936
2023-09-26,41.8329544067383,42.7402621013505,41.5774306012847,41.9227869648462
2023-09-27,42.3889198303223,42.7921706887567,41.5514852197455,42.2511801171412
2023-09-28,43.0087623596191,43.3650960172484,42.0365770720714,42.3809320398796
2023-09-29,43.4179992675781,44.0617986434056,43.2263554584184,43.7453876018978
2023-10-02,44.6986122131348,45.0908781474448,43.7793257903305,43.9480098133722
2023-10-03,43.4359703063965,45.0459696970185,43.16547499563,44.7245668496894
2023-10-04,43.9589920043945,44.0608032590554,43.2113861624539,43.6605489829062
2023-10-05,44.6047897338867,44.816396782631,43.8062801121611,43.9679772158772
2023-10-06,45.6767883300781,45.7037384802503,43.9440208476475,44.1107096967908
2023-10-09,45.1886978149414,45.5200803424116,44.2853841967662,44.7585006060563
2023-10-10,45.7127227783203,46.1728629172858,45.0040457381993,45.2256324878951
2023-10-11,46.7188453674316,46.7717480807955,45.9642525477144,46.1099805992886
2023-10-12,46.8575820922852,47.5203471013505,46.243729433312,46.689895660862
2023-10-13,45.3763465881348,47.0282674374154,45.1956838680255,46.8725558807878
2023-10-16,46.0091705322266,46.138925725693,44.828370857004,44.979090663864
2023-10-17,43.8561820983887,44.6706645007699,42.4008968799112,43.9180669213792
2023-10-18,42.1174240112305,43.1385216549332,41.7471164820207,42.5116889202541
2023-10-19,42.0226135253906,43.2163858298918,41.804019516634,42.7312906565141
2023-10-20,41.3099403381348,42.3909240245254,41.0015137629479,41.8120021303028
2023-10-23,42.8949775695801,43.1674718539468,40.8687587168522,41.1522302952109
2023-10-24,43.5816879272461,43.6156250076283,42.611501694481,42.9967806524791
2023-10-25,41.7012023925781,43.5687205849465,41.4776204791236,43.3171871247163
2023-10-26,40.2509117126465,42.1773182860107,39.8057430340111,41.7750688087299
2023-10-27,40.4245834350586,41.1292700454015,39.9404859624855,41.0534113546191
2023-10-30,41.0843544006348,41.6882273879121,40.4056203075178,41.0104946920198
2023-10-31,40.7040634155273,40.8028819030796,39.1569503913023,40.3746798798017
2023-11-01,42.2461853027344,42.3020807787013,40.7928953124081,40.8078667709572
2023-11-02,43.424991607666,43.8022861203718,42.8141316494219,43.2473216454915
2023-11-03,44.9211959838867,45.2246269422036,43.6415817397364,43.9380295710056
2023-11-06,45.6658096313477,45.8494689365099,44.8153948945366,45.2006777341917
2023-11-07,45.8694267272949,46.1319336616398,45.0739099774329,45.6338661337585
2023-11-08,46.4872741699219,46.7797278329037,45.8823998221808,46.0141539897175
2023-11-09,46.8625755310059,48.1401908345128,46.6629471879344,47.3786111235174
2023-11-10,48.2449951171875,48.3817410469515,47.1949558906834,47.4115508735487
2023-11-13,48.5294647216797,49.0245433243716,48.0094349554839,48.2300241064741
2023-11-14,49.5635261535645,49.7411960735644,48.9486759825132,49.5874835308016
2023-11-15,48.7969665527344,49.8669689893337,48.1102479459089,49.8420178261803
2023-11-16,49.3878593444824,49.4327775267566,48.2400031251663,48.5883522529018
2023-11-17,49.2062072753906,49.6244258164778,48.9157487529458,49.4317843912173
2023-11-20,50.3151359558106,50.4538770689416,49.0894219223467,49.2201785106895
2023-11-21,49.8509979248047,50.4229289737005,49.1303422622407,50.0326582248075
2023-11-22,48.6252861022949,50.2412708632355,47.6011956303171,49.7591723537565
2023-11-24,47.6870346069336,48.8299028951588,47.6560902929012,48.3797425143156
2023-11-27,48.1521720886231,48.4396340241786,47.5632705393867,47.7109937696309
2023-11-28,47.7319488525391,48.233016759843,47.3845973102417,48.1461769704718
2023-11-29,48.0503578186035,48.6712012362739,47.7708804254883,48.2889149999502
2023-11-30,46.6829109191895,48.0204158826853,46.3355593498976,47.9345736761906
2023-12-01,46.6779251098633,47.1121165305877,46.1010022026633,46.438374111087
2023-12-04,45.4252548217773,45.9912003596744,44.926185864437,45.9912003596744
2023-12-05,46.4833717346191,46.5173079906011,45.1906676982661,45.385321371211
2023-12-06,45.4222602844238,47.3029200971548,45.3314221459434,47.1312244012444
2023-12-07,46.5133247375488,46.5462671295549,45.5230842781785,45.6189146142351
2023-12-08,47.4217109680176,47.6562946184975,46.4674059123919,46.5123280493426
2023-12-11,46.5442695617676,47.446664942685,45.7486865872117,47.4067388079006
2023-12-12,47.5724449157715,47.5814278201583,45.9643032102897,45.9643032102897
2023-12-13,48.0026779174805,48.5077806312133,47.5235300463486,47.544492694312
2023-12-14,48.2642097473145,48.583641657914,47.3378587297473,48.3041396881216
2023-12-15,48.8032493591309,49.3163372606454,48.0346151841253,48.1084851890345
2023-12-18,49.9881477355957,50.3435150773114,49.0627943756703,49.3123507991317
2023-12-19,49.515983581543,49.6118139109404,48.8082419848729,49.336302665905
2023-12-20,48.025634765625,49.9102852981952,48.0126573446365,49.5668939044448
2023-12-21,48.903076171875,49.0078894079654,48.3330863719043,48.7243929279038
2023-12-22,48.7433547973633,49.2953711126893,48.3809961552765,49.1077049859124
2023-12-26,49.1915664672852,49.5119960826857,48.8731322067174,48.8811174339777
2023-12-27,49.3293228149414,49.5918566805137,48.9979111273618,49.4231578044319
2023-12-28,49.4341278076172,49.7954849894794,49.3243223817175,49.5549152992783
2023-12-29,49.4341278076172,49.9082872550998,48.6644959569836,49.724611824448
2024-01-02,48.0825347900391,49.2075340573389,47.5105534135563,49.1566258565626
2024-01-03,47.4845962524414,48.0985028955773,47.2360375169153,47.4007456632898
2024-01-04,47.9128341674805,48.4139423295483,47.4237019406212,47.6822412477703
2024-01-05,49.0098838806152,49.4590861757253,48.2202870416814,48.3760122810195
2024-01-08,52.160285949707,52.1822500833428,49.3912095894049,49.4241519819298
2024-01-09,53.0457153320313,54.2286142074104,51.5982872442338,52.3080280926329
2024-01-10,54.2535705566406,54.5031270059498,53.394098084293,53.5208754717877
2024-01-11,54.7247276306152,55.2477999661235,53.464969576143,54.9014155282273
2024-01-12,54.612922668457,54.8724634616796,54.2335996751757,54.5230822104844
2024-01-16,56.2819633483887,56.7341587228084,54.802594363067,54.9203850302354
2024-01-17,55.9535484313965,56.3708060568041,54.6428783177114,56.24702551753
2024-01-18,57.005672454834,57.4977977464068,56.0074467730705,57.1584008622901
2024-01-19,59.385440826416,59.3944237297493,57.1234589463228,57.8861032505981
2024-01-22,59.5481491088867,60.2239497878926,58.9651857256467,59.9424486767567
2024-01-23,59.7667694091797,59.8037025116824,58.4810526759888,59.4643056158206
2024-01-24,61.2531204223633,62.7374814419534,59.8316473430887,60.1969990496329
2024-01-25,61.5076713562012,62.6077172266952,60.7420301694547,62.239368666397
2024-01-26,60.9227066040039,61.673374988348,60.4655228910145,60.8518334373123
2024-01-29,62.3541679382324,62.3781236184,60.7989336521052,61.1233539553247
2024-01-30,62.6626205444336,63.3803466146855,62.1495325776363,62.7884002466147
2024-01-31,61.4178276062012,62.1585115885096,60.5922953608444,61.3309801806854
2024-02-01,62.915168762207,63.0788792318145,61.5406131324354,61.9898116306856
2024-02-02,66.042610168457,66.4818242591067,63.5769878794955,63.8604843494265
2024-02-05,69.208984375,69.3736925280023,67.0857594258385,68.1039462802029
2024-02-06,68.1019439697266,69.6302255804566,66.1823596338429,69.5064450590101
2024-02-07,69.9746246337891,70.0954121407647,67.4800579804253,68.1977840488293
2024-02-08,69.5174255371094,70.6683794937297,69.3317585671079,69.9496558671256
2024-02-09,72.0050201416016,72.0569222136014,70.0874232657626,70.4078528735868
2024-02-12,72.1197967529297,74.4786025649159,71.123566610945,72.4711695077707
2024-02-13,72.0000381469727,73.3196914235192,69.4964919042943,70.2751069102155
2024-02-14,73.7688827514648,74.1042851335057,71.8103658855979,73.0721231436502
2024-02-15,72.5290908813477,73.8437556650217,72.271552999011,73.7379485382384
2024-02-16,72.4841613769531,74.2699886080868,72.3723605864946,73.9685224984471
2024-02-20,69.3287811279297,71.8283363158959,67.6138269033115,71.8193496029923
2024-02-21,67.352294921875,68.7657830962581,66.1304674517911,67.8853441158395
2024-02-22,78.3986587524414,78.4355880495751,74.0883190185891,74.8918910805535
2024-02-23,78.6771545410156,82.2478036453677,77.4323654765101,80.646653375662
2024-02-26,78.9516677856445,80.5029113343283,78.3657037103731,79.5585830848706
2024-02-27,78.5613555908203,79.3389803406464,77.0250924240117,79.2401493573693
2024-02-28,77.5251998901367,78.7929431019633,76.9881524852288,77.4822769187389
2024-02-29,78.9716339111328,79.848074462006,78.2109848648127,78.9536681021851
2024-03-01,82.1330184936523,82.1539849516251,79.2940626011521,79.8580626053772
2024-03-04,85.0857620239258,87.53940093464,83.5704576919693,83.9807239389475
2024-03-05,85.8155059814453,85.9482794716302,83.2729084960246,85.1227045266652
2024-03-06,88.5467681884766,89.5690013056857,86.8796549322375,87.8699456446009
2024-03-07,92.508918762207,92.6067490467684,89.4472154743059,90.0022547750215
2024-03-08,87.3767929077148,97.2317404077203,86.3565552718138,94.9736470376575
2024-03-11,85.6258239746094,88.6435966220965,84.0206001544166,86.2796912166962
2024-03-12,91.7542190551758,91.8011349363885,86.0011743538899,87.8968958358937
2024-03-13,90.7309951782227,91.3459283824651,88.2822297109447,90.8977065097518
2024-03-14,87.7920913696289,90.4894275796175,86.4504111428148,89.4222738585312
2024-03-15,87.6852722167969,89.3913197997454,86.1080072276648,86.7798412440552
2024-03-18,88.3021926879883,92.2453658768468,86.9345566695886,90.2318520216916
2024-03-19,89.2435684204102,90.3875848167458,84.8631481614753,86.5502235234315
2024-03-20,90.2158813476563,90.2538177122153,88.0705917369764,89.6418701073994
2024-03-21,91.2770385742188,92.4879481072076,90.2488191744311,92.1405497228449
2024-03-22,94.1261138916016,94.6142675426942,90.6770806979814,90.9835495525749
2024-03-25,94.837890625,96.5988433966121,93.3484711637127,93.7787264023212
2024-03-26,92.4011001586914,96.2085145528556,92.3422039685647,95.6854176783845
2024-03-27,90.094108581543,93.0789417360807,88.969056377764,92.9511644792617
2024-03-28,90.1999282836914,91.1422979290438,89.0389351563793,89.8445404099689
2024-04-01,90.206901550293,92.0656845540553,89.0499070749777,90.1430167376452
2024-04-02,89.2974700927734,89.9383592954958,87.4686342450467,88.295199136712
2024-04-03,88.8103103637695,90.2178782252354,88.2472893121549,88.3311438354258
2024-04-04,85.756591796875,90.4774260132401,85.7316334629065,90.2498154515531
2024-04-05,87.8559646606445,88.328147101115,85.777560696826,86.7159316170809
2024-04-08,86.9824752807617,88.6765422010403,86.5821670595772,88.546761910154
2024-04-09,85.2065505981445,87.4836161094193,82.8785859216798,87.2909487172583
2024-04-10,86.8886413574219,87.2490177898877,83.5643921134213,83.7810201090387
2024-04-11,90.4594573974609,90.5822460106349,86.775837083316,87.2689793680449
2024-04-12,88.0336608886719,90.0192310402553,87.3787958570321,89.5440477576408
2024-04-15,85.8524322509766,90.4564645081648,85.7805580327562,88.9440822882971
2024-04-16,87.2639846801758,87.9657655012305,85.9153207097089,86.283678907405
2024-04-17,83.8898391723633,88.6216490270734,83.8049793015461,88.1873952795968
2024-04-18,84.5247192382813,86.0410998135889,82.2596419859714,84.8232062780297
2024-04-19,76.068359375,84.1783254917684,75.4753913754554,83.006357630153
2024-04-22,79.3806304931641,79.9346720359587,76.2680206121771,77.9690717142048
2024-04-23,82.2806167602539,82.6260197405242,80.1253496885507,80.6294745957649
2024-04-24,79.5393676757813,83.9367572477934,79.046217722566,83.8049814873219
2024-04-25,82.4892654418945,83.1790660826145,78.0878773346832,78.7317598119616
2024-04-26,87.5834350585938,88.1784061161436,83.2429468205376,83.6732020079197
2024-04-29,87.6054077148438,87.8399947565515,85.1187058641043,87.4436850031259
2024-04-30,86.2527465820313,88.6655711886902,86.1509254003859,87.0892964323986
2024-05-01,82.8975448608398,85.85143274518,81.1146271152512,84.9300307248738
2024-05-02,85.6687545776367,86.0880272100457,83.0562709940144,84.3031139255139
2024-05-03,88.6356201171875,89.1267669670686,86.8896409337709,87.6373475985774
2024-05-06,91.980827331543,92.0606909592529,88.9011575899918,89.2355779627855
2024-05-07,90.3975601196289,91.6224377392888,88.8572265315021,90.9406190278497
2024-05-08,90.2558135986328,91.0364603590121,89.2655229161653,89.3284176160347
2024-05-09,88.5936889648438,90.914669422233,88.0785815255193,90.3726081995813
2024-05-10,89.7227325439453,91.2431041548878,89.0728561829123,90.1489968437566
2024-05-13,90.2428359985352,90.8408002392288,88.3760637189447,90.321694284506
2024-05-14,91.1981887817383,91.4926773525484,88.7803680031816,89.4442201548788
2024-05-15,94.4665451049805,94.6981466312865,91.4407822463091,92.3122754308629
2024-05-16,94.1960067749023,95.6534838779042,93.9404446596189,94.7460574835267
2024-05-17,92.3192367553711,94.5763324117913,91.6474028508229,94.2059787452818
2024-05-20,94.6162567138672,95.0355292933575,93.2785753556227,93.5880373619778
2024-05-21,95.2212219238281,95.2351976778477,93.0190315172909,93.4373064137498
2024-05-22,94.7859649658203,95.8541161701045,93.0879071432018,95.2940883177995
2024-05-23,103.619697570801,106.1363388077,101.344627449144,101.851753141447
2024-05-24,106.285079956055,106.291066301041,102.82207077625,104.268565176722
2024-05-28,113.704231262207,114.740440075622,109.693174813922,110.053551229174
2024-05-29,114.626647949219,115.292495588891,110.709430298409,112.854720181818
2024-05-30,110.309097290039,115.618908289285,109.473545323961,114.451929163994
2024-05-31,109.443618774414,112.522290983163,106.75526997887,112.325625074057
2024-06-03,114.801338195801,114.801338195801,111.809513850065,113.424722603427
2024-06-04,116.235855102539,116.398575535695,113.847988915561,115.51610755402
2024-06-05,122.228492736816,122.237472254406,117.265081525691,118.166521511154
2024-06-06,120.78897857666,125.370048029579,118.115603386526,123.83370517037
2024-06-07,120.679176330566,121.48178833918,117.81812979264,119.563103745777
2024-06-10,121.579612731934,122.887347313232,116.807871241849,120.162067562686
2024-06-11,120.711051940918,122.667825939132,118.544616785002,121.569629843895
2024-06-12,124.99397277832,126.671208541349,122.368303344505,122.857494887143
2024-06-13,129.396743774414,129.586433590874,126.950777985764,129.177104537848
2024-06-14,131.662994384766,132.62140615971,128.108854854794,129.746155601197
2024-06-17,130.764465332031,133.50994014798,129.366775155566,132.771167583426
2024-06-18,135.356903076172,136.105668940872,130.474950247672,130.924206719756
2024-06-20,130.564804077148,140.528378010621,129.306882854799,139.569966193692
2024-06-21,126.36173248291,130.415057051772,124.095471052556,126.910830520823
2024-06-24,117.915641784668,124.255190862124,117.845757279569,123.037197244531
2024-06-25,125.882507324219,126.291836299534,119.12365113612,121.0005547359
2024-06-26,126.192024230957,127.909187762059,122.398273666113,125.922464220818
2024-06-27,123.785972595215,126.201996279341,122.717733582533,123.895792199804
2024-06-28,123.336723327637,127.499860017199,122.54802231076,124.375012984657
2024-07-01,124.095474243164,124.634579000087,118.634473608183,123.266838134406
2024-07-02,122.468162536621,123.206950458424,120.830861527333,120.930695468515
2024-07-03,128.068923950195,128.068923950195,121.160312103707,121.459821523617
2024-07-05,125.622955322266,128.637990339922,125.47320061584,127.170400310423
2024-07-08,127.989036560059,130.554814791019,126.830949366807,127.280205819471
2024-07-09,131.163833618164,133.599821305468,128.438314562917,130.135529587919
2024-07-10,134.688018798828,134.877708604664,132.202110433482,133.809461901771
2024-07-11,127.190361022949,135.925955020091,126.840938481758,135.526619325496
2024-07-12,129.02734375,131.702926553529,127.01066335259,128.048945351383
2024-07-15,128.228637695313,131.173780039505,126.970709056642,130.345144084525
2024-07-16,126.152069091797,128.827651709458,124.374999386949,128.228648178809
2024-07-17,117.795845031738,121.64949400158,116.527938171275,121.150316752812
2024-07-18,120.890739440918,122.198588979582,116.368194898365,121.649490972871
2024-07-19,117.735961914063,121.39992158103,117.176885758208,120.151978292539
2024-07-22,123.336723327637,123.865850026048,119.662778240042,120.151969842009
2024-07-23,122.388275146484,124.48482570105,121.899083571611,122.577964939877
2024-07-24,114.062004089355,119.752621815567,113.253339364273,118.973906507437
2024-07-25,112.095245361328,116.438086041586,106.125089539935,112.853996936516
2024-07-26,112.873954772949,116.008787222513,111.396394411887,115.998809161864
2024-07-29,111.406372070313,116.088656989615,111.116855975743,113.502922558672
2024-07-30,103.559310913086,111.805713222844,102.371266674884,111.336485410551
2024-07-31,116.827445983887,118.145273684021,110.69754966178,112.714230116386
2024-08-01,109.030288696289,119.962274506507,106.634236490156,117.3365974252
2024-08-02,107.093482971191,108.541101554233,101.203197563747,103.589264189517
2024-08-05,100.284713745117,103.239849982072,90.540778603175,91.9085194925068
2024-08-06,104.078453063965,107.532758601755,100.384544587088,103.669124076887
2024-08-07,98.7472534179688,108.620979430248,98.5276141955576,107.632602929397
2024-08-08,104.797271728516,105.326398387979,97.3595262295921,101.832157683164
2024-08-09,104.57763671875,106.424591070606,103.259809047588,105.466171638564
2024-08-12,108.840614318848,110.887244280132,106.085161127777,106.145059965935
2024-08-13,115.94889831543,116.03875418684,111.396403946404,112.254989479768
2024-08-14,117.885688781738,118.404829715694,113.882285525342,118.334945212722
2024-08-15,122.657844543457,123.037216542522,117.276713956281,118.564592280973
2024-08-16,124.375,124.794307043625,120.980593325045,121.739344844586
2024-08-19,129.786087036133,129.786087036133,123.216912495031,124.075497987849
2024-08-20,127.04061126709,129.666288500472,125.682848525536,128.188712858939
2024-08-21,128.28857421875,129.137181775927,126.451605294581,127.110515411523
2024-08-22,123.53638458252,130.534851810384,122.897438307288,129.806057285593
2024-08-23,129.157119750977,129.386752259491,125.013954574472,125.652900859772
2024-08-26,126.251907348633,131.044004309928,124.165350129586,129.356798025373
2024-08-27,128.088897705078,128.987410747946,123.67616460225,124.844245268292
2024-08-28,125.403312683105,128.118838213882,122.438198520704,127.909177060497
2024-08-29,117.396514892578,124.225264383337,116.51796557815,121.160316036387
2024-08-30,119.17357635498,121.549657262066,117.027112711584,119.333309110133
2024-09-03,107.822288513184,116.018778235211,107.113457715683,115.819110377293
2024-09-04,106.035232543945,113.083613010362,103.948675255418,105.236553498887
2024-09-05,107.033584594727,109.469572002187,104.587619126432,104.817236395066
2024-09-06,102.660797119141,107.972042860841,100.783885746772,107.862223254294
2024-09-09,106.294807434082,106.374677624078,103.519383074879,104.707419779491
2024-09-10,107.922119140625,109.219983027909,104.777300965161,107.632595423713
2024-09-11,116.717628479004,116.997166520855,107.243238771378,109.209998358913
2024-09-12,118.954139709473,120.601567215229,115.200003217007,116.657724687208
2024-09-13,118.914184570313,119.772843450414,117.416524795831,118.894219125016
2024-09-16,116.597808837891,117.995626203822,114.181586138454,116.607795369663
2024-09-17,115.409675598145,118.614674691944,114.650866685011,117.985652618632
2024-09-18,113.193130493164,117.516369329091,113.043362989577,115.709195606954
2024-09-19,117.686111450195,119.473319750289,117.067075982023,117.166918446569
2024-09-20,115.819030761719,118.434946095358,115.2099818009,116.877374639703
2024-09-23,116.078628540039,116.807485424056,114.68081111279,116.368177034201
2024-09-24,120.681434631348,121.609984052096,115.199994042336,116.338214930029
2024-09-25,123.317306518555,124.745075791528,121.420269302944,121.82962567541
2024-09-26,123.846481323242,127.470815277859,121.609978166584,126.602177473628
2024-09-27,121.210601806641,123.836495923855,119.073941093092,123.77659196922
2024-09-30,121.250549316406,121.310453275488,117.965680984395,118.125427414444
2024-10-01,116.81746673584,122.24898215671,115.609355387115,121.580021643374
2024-10-02,118.664573669434,119.193745566767,114.960362770611,116.258337611893
2024-10-03,122.658340454102,124.165986839227,120.152254166839,120.731351138276
2024-10-04,124.725105285645,124.844920810952,121.639929779522,124.745078348608
2024-10-07,127.52074432373,130.436186982429,124.755061554955,124.795000064765
2024-10-08,132.682678222656,133.271754109573,129.218090537252,130.056776400149
2024-10-09,132.44303894043,134.310131804661,131.175031310343,133.900767813067
2024-10-10,134.599685668945,134.789391694854,130.795631940932,131.704215941346
2024-10-11,134.589706420898,135.568173292391,133.451485503249,133.800930339861
2024-10-14,137.854598999023,139.382210768419,136.087356178259,136.257089126527
2024-10-15,131.39469909668,138.353826533022,128.53916032628,137.654906403531
2024-10-16,135.508255004883,136.406844758278,131.374714716298,133.770964215339
2024-10-17,136.716384887695,140.670214077863,136.656480923978,139.122628996901
2024-10-18,137.784713745117,138.683303610331,137.065835758953,138.453666686551
2024-10-21,143.485809326172,143.485809326172,137.784710611255,137.914512677606
2024-10-22,143.365982055664,144.194689003585,141.558808268324,142.687050234226
2024-10-23,139.34228515625,142.207803105606,137.245570279277,141.808433196178
2024-10-24,140.190963745117,141.129499780631,138.244008796437,140.600327800605
2024-10-25,141.319198608398,143.905169928104,140.580362718471,140.710149565763
2024-10-28,140.300765991211,142.91667341121,139.831498062969,142.776892447584
2024-10-29,141.029647827148,142.038066727017,138.683307769305,140.071138738523
2024-10-30,139.122619628906,140.111080668635,136.596567762361,139.322304572846
2024-10-31,132.552886962891,137.395326985555,131.903907066444,137.385348070297
2024-11-01,135.188735961914,137.095759539482,134.360044376775,134.489831184397
2024-11-04,135.837768554688,138.743232686111,135.358521608108,136.995962640992
2024-11-05,139.69172668457,140.151000495864,137.115749976716,137.235557886622
2024-11-06,145.382827758789,146.261459705555,141.738528385471,142.736968239529
2024-11-07,148.647750854492,148.697660666094,145.941971773319,146.161629790314
2024-11-08,147.399658203125,149.536318557769,146.031785450469,148.537878854945
2024-11-11,145.03337097168,148.6177817068,143.346020377829,148.448033521015
2024-11-12,148.058654785156,149.416533738506,145.78221289792,146.551015931982
2024-11-13,146.041793823242,149.097017173885,145.672360737425,148.837428310458
2024-11-14,146.531036376953,148.767547270173,145.322932611921,147.409668376965
2024-11-15,141.758483886719,145.013407507915,139.861454289137,144.643974408188
2024-11-18,139.931365966797,141.329191168332,136.936045837062,139.282386032682
2024-11-19,146.780639648438,146.900462792499,140.7700426066,141.099529591549
2024-11-20,145.662399291992,147.32979212988,142.50732548899,147.180032235902
2024-11-21,146.441192626953,152.651490631128,140.480504622191,149.117019742844
2024-11-22,141.728546142578,146.930424922602,140.879881336326,145.702332829755
2024-11-25,135.807800292969,141.828391707929,135.608115358746,141.76848775116
2024-11-26,136.706390380859,139.082682237193,135.458340495807,137.485172290333
2024-11-27,135.128860473633,137.005932472845,131.594389720101,134.799373458772
2024-11-29,138.034332275391,139.132622387489,135.837767286179,136.566624232398
2024-12-02,138.413726806641,140.230879483996,137.604992933451,138.613411737616
2024-12-03,140.041168212891,140.320730152764,137.734774591446,138.044288508093
2024-12-04,144.913558959961,145.562538767305,140.071119602144,141.778458445977
2024-12-05,144.843673706055,146.321462358019,143.735328408073,144.893602189682
2024-12-06,142.227569580078,145.482702180503,141.099249969426,144.384351845455
2024-12-09,138.602996826172,139.741296189073,136.925509443384,138.762761882447
2024-12-10,134.868576049805,141.608509706216,133.59047090966,138.802687489501
2024-12-11,139.102264404297,139.960982618248,135.008387291863,137.155175208722
2024-12-12,137.135177612305,138.233543247972,135.597480958403,136.875570842071
2024-12-13,134.049789428711,139.391816926801,132.342332893027,138.732797545587
2024-12-16,131.803146362305,134.199561110842,130.225500812371,133.979887981356
2024-12-17,130.195541381836,131.39374870651,126.670807090103,128.897477098425
2024-12-18,128.717742919922,136.49611794643,128.088677647713,133.660357275192
2024-12-19,130.485092163086,133.830101955432,129.356787843389,131.563483243281
2024-12-20,134.499130249023,135.078267172461,128.028797590395,129.616422901386
2024-12-23,139.461685180664,139.58150132927,134.918468301634,136.076741858263
2024-12-24,140.010894775391,141.688382121736,138.44322876231,139.791221636793
2024-12-26,139.721328735352,140.639970236858,137.524612427831,139.491675977993
2024-12-27,136.805648803711,138.812660708776,134.509091363575,138.343360478758
2024-12-30,137.284957885742,140.06081067569,133.820131699002,134.628921256616
2024-12-31,134.089721679688,137.864098443802,133.630416226786,137.824149565095
