Date,Close,High,Low,Open
2000-01-01,0.0798871889710426,0.0908565666165268,0.0753562146122986,0.0901413916362057
2000-01-08,0.0838211253285408,0.0871598327655059,0.0760714048845363,0.0801252874455874
2000-01-15,0.0853714570403099,0.0920488665934427,0.0810794842757409,0.0848943642244938
2000-01-22,0.0713023468852043,0.0881140109716266,0.0684407321693611,0.0881140109716266
2000-01-29,0.0773826912045479,0.0783368695187877,0.0667713591476894,0.0716594566054163
2000-02-05,0.0953875407576561,0.0987262477546577,0.0724946054789031,0.0777407483586055
2000-02-12,0.128534659743309,0.130204006075132,0.094671431984088,0.0956256102560906
2000-02-19,0.116730153560638,0.127222452051222,0.111603059142328,0.124480793362802
2000-02-26,0.112318269908428,0.123526647525589,0.109695651565845,0.116134056789577
2000-03-04,0.225113600492477,0.276622707464263,0.110648906961908,0.113034350079371
2000-03-11,0.190536126494408,0.286161770511968,0.175482638539595,0.204129039834036
2000-03-18,0.177778303623199,0.204367076094829,0.165973794854369,0.198047713602628
2000-03-25,0.161174520850182,0.183143502717706,0.134496002346067,0.177420260155908
2000-04-01,0.19566322863102,0.200313245656949,0.108741474849246,0.159713980420796
2000-04-08,0.131247043609619,0.210567412565163,0.12495697702346,0.199001899577514
2000-04-15,0.153812199831009,0.171219987603593,0.120187950824468,0.120187950824468
2000-04-22,0.170027703046799,0.183143522693984,0.138549899636621,0.144988317957249
2000-04-29,0.175750911235809,0.185767032476682,0.15261988617319,0.176466086283493
2000-05-06,0.152142822742462,0.177420292035976,0.149042211101934,0.171219969341849
2000-05-13,0.194828033447266,0.218675145253045,0.144035013939188,0.151427602361129
2000-05-20,0.201326876878738,0.224994498064443,0.175631844166467,0.192682500641209
2000-05-27,0.250988036394119,0.25372969471057,0.20579829609701,0.206751553298675
2000-06-03,0.241210147738457,0.268992114722722,0.225113667282826,0.250630152742144
2000-06-10,0.285684525966644,0.286161618462941,0.227021852662118,0.242283190700906
2000-06-17,0.282465875148773,0.335763391704608,0.277814944865704,0.284969451792232
2000-06-24,0.242522329092026,0.319070826278757,0.219390385387284,0.288069212853105
2000-07-01,0.222013875842094,0.251822315098731,0.201267372521406,0.244191643491767
2000-07-08,0.281630754470825,0.294984654935177,0.216052551043094,0.218198076189431
2000-07-15,0.265892267227173,0.286161660337187,0.250152906511983,0.285923577992675
2000-07-22,0.206036388874054,0.268037790514204,0.190774134452495,0.266130348137133
2000-07-29,0.243237510323524,0.248006554881718,0.206036473874765,0.217482947677865
2000-08-05,0.245860978960991,0.270899447048523,0.234175510875657,0.244906820926045
2000-08-12,0.293792456388474,0.297131177905085,0.240375886788741,0.248960745736306
2000-08-19,0.286161810159683,0.309769935715619,0.260407258161519,0.304523770495908
2000-08-26,0.303331553936005,0.314778016341299,0.284254389499038,0.28759311159966
2000-09-02,0.280438452959061,0.310723981235504,0.275192290104954,0.310485871583195
2000-09-09,0.270482838153839,0.283300127154295,0.258499765514047,0.276861722351093
2000-09-16,0.269469082355499,0.272807802936641,0.238468404058386,0.27113844264607
2000-09-23,0.312393307685852,0.325747233556422,0.275669377037567,0.277814901881162
2000-09-30,0.261122435331345,0.329086084058963,0.257307548531787,0.316685436847482
2000-10-07,0.248483702540398,0.270899562338642,0.222252054984187,0.254445944255491
2000-10-14,0.265653312206268,0.2718536338094,0.200551286253541,0.248483598102103
2000-10-21,0.233698412775993,0.269469090668485,0.214621283723186,0.267799757616922
2000-10-28,0.271853685379028,0.276622729891091,0.217005852818422,0.229883604778048
2000-11-04,0.224398493766785,0.305238975609207,0.218437179969988,0.278292152876819
2000-11-11,0.241807118058205,0.270184280511751,0.206036438205698,0.213190945327121
2000-11-18,0.219390362501144,0.234652621247606,0.19840577500192,0.232864219535366
2000-11-25,0.169789627194405,0.236560100641961,0.138788926454635,0.235129750202552
2000-12-02,0.189820930361748,0.191251280575849,0.141650519252946,0.170862827048455
2000-12-09,0.142842724919319,0.193635718305772,0.142126635891686,0.183620528467495
2000-12-16,0.133780837059021,0.16311218613077,0.10492566645349,0.14880409914929
2000-12-23,0.125016525387764,0.142126723092267,0.119710867214623,0.135450221417505
2000-12-30,0.141530588269234,0.170266722564645,0.107787299482001,0.125911189614696
2001-01-06,0.179327666759491,0.197451548825459,0.137595685087629,0.137595685087629
2001-01-13,0.198643878102303,0.217482927296073,0.162397016925952,0.180281907978929
2001-01-20,0.193874835968018,0.213667157955814,0.176108998338313,0.192682568021505
2001-01-27,0.178851589560509,0.20699067685937,0.17742031115866,0.187912613971528
2001-02-03,0.169073522090912,0.183143527541521,0.161681846021005,0.17861255208561
2001-02-10,0.227021932601929,0.232745161528373,0.15643477389167,0.167166056686759
2001-02-17,0.207347735762596,0.228929369263222,0.19458996933184,0.221298697760832
2001-02-24,0.166272297501564,0.206990589912925,0.1526198678333,0.201267348109924
2001-03-03,0.19101320207119,0.207705826160028,0.158820235452515,0.159773493057055
2001-03-10,0.227499037981033,0.243177954335906,0.175989920183202,0.184574777697926
2001-03-17,0.255638211965561,0.267561767494033,0.213965724887617,0.226305938425095
2001-03-24,0.247708931565285,0.273523026354759,0.246099118875316,0.255638135088799
2001-03-31,0.239183574914932,0.253014567177604,0.20532124197206,0.247053229012985
2001-04-07,0.26803782582283,0.279484282766258,0.223778451568052,0.243809778509556
2001-04-14,0.331794649362564,0.343355590205713,0.25670583030063,0.263268760481152
2001-04-21,0.301424026489258,0.336869625027757,0.278531080760923,0.324583436771424
2001-04-28,0.34270715713501,0.356557385673216,0.303063940961798,0.309626869370802
2001-05-05,0.298142075538635,0.363539879014058,0.292037898116589,0.341409731954895
2001-05-12,0.329276472330093,0.341486656343903,0.288260580773086,0.299020246832607
2001-05-19,0.349880069494247,0.381549256094445,0.321950692057356,0.328552101879147
2001-05-26,0.344729244709015,0.347972722317545,0.319585484259624,0.347896718235595
2001-06-02,0.369148582220078,0.380022730098953,0.334847635988981,0.344958086337515
2001-06-09,0.362662672996521,0.378649293011845,0.346370235468741,0.369682584910815
2001-06-16,0.348354518413544,0.367622137014738,0.316494894741237,0.36174689956283
2001-06-23,0.353886365890503,0.359419134407192,0.337517901002417,0.352246315496005
2001-06-30,0.307910025119782,0.34606521319129,0.30180491994001,0.339884131234557
2001-07-07,0.308901786804199,0.3176395815609,0.290435442486901,0.303903802152765
2001-07-14,0.285742282867432,0.309054623470492,0.276622642177424,0.305430198821889
2001-07-21,0.309054702520371,0.312374183917679,0.256629875053799,0.286161756539137
2001-07-28,0.332672774791718,0.337823666008429,0.291122084928499,0.30943644061709
2001-08-04,0.322943300008774,0.346141156430589,0.313251350357768,0.330306578229441
2001-08-11,0.31962388753891,0.342249439611704,0.316914267384346,0.328475209673216
2001-08-18,0.325384616851807,0.331909094487241,0.306193005409888,0.317601009867241
2001-08-25,0.32320973277092,0.34320351829789,0.308100401200961,0.318097293964446
2001-09-01,0.297684282064438,0.32233266806609,0.288260648065359,0.32233266806609
2001-09-08,0.289061814546585,0.29970702362698,0.283071192912354,0.29516599199127
2001-09-15,0.205807521939278,0.277691367438046,0.198481780157405,0.271052404993525
2001-09-22,0.209623396396637,0.239536235170496,0.194666062777287,0.222137600794224
2001-09-29,0.251059532165527,0.257927407172208,0.17291768881312,0.209470392382592
2001-10-06,0.30852085351944,0.309054710524215,0.238239514905358,0.241138667915699
2001-10-13,0.338510602712631,0.345683422980936,0.291122208710622,0.299515679070852
2001-10-20,0.349422216415405,0.384906261047048,0.32851362203125,0.33599231247532
2001-10-27,0.359952867031097,0.364302508633846,0.307909912721038,0.350643668463361
2001-11-03,0.405967772006989,0.406273616721012,0.358656321069296,0.366210988430294
2001-11-10,0.40055039525032,0.427258223299466,0.390706436225576,0.404442185388334
2001-11-17,0.381167382001877,0.408257057978686,0.364760493046855,0.404518176673309
2001-11-24,0.416956335306168,0.422527555343755,0.386508728812569,0.387577370387096
2001-12-01,0.457476884126663,0.48036979893938,0.403297531546709,0.408181058635945
2001-12-08,0.500897526741028,0.503262849958808,0.451372780443921,0.455187666473631
2001-12-15,0.492809027433395,0.526155796512003,0.470602900738602,0.497081739312608
2001-12-22,0.516693472862244,0.536076442630647,0.492350945613824,0.492579912924245
2001-12-29,0.531269073486328,0.554466933412575,0.499828825083426,0.520509408524736
2002-01-05,0.481285750865936,0.53989164704215,0.479302276017678,0.533405618791103
2002-01-12,0.486856818199158,0.498913165486232,0.456027355812575,0.480217855633058
2002-01-19,0.499599754810333,0.512038873731069,0.469152126373109,0.491435201437053
2002-01-26,0.489375203847885,0.521577363551786,0.484185856715387,0.509368075725042
2002-02-02,0.44046026468277,0.500210831977921,0.422985628179931,0.488306490173867
2002-02-09,0.437636882066727,0.48884017182168,0.433058299616715,0.439773264597389
2002-02-16,0.380938589572907,0.434584074288805,0.375826120863364,0.418940877934697
2002-02-23,0.426877170801163,0.431073904046562,0.382616890452267,0.382693822374615
2002-03-02,0.444809794425964,0.461597633450504,0.419856498392619,0.428173963541459
2002-03-09,0.402686715126038,0.444809719161187,0.381701244456125,0.439926219696936
2002-03-16,0.370636790990829,0.418864923020274,0.351482722158159,0.410012670198019
2002-03-23,0.338510602712631,0.36933916764829,0.319509473462432,0.368881314701764
2002-03-30,0.32126384973526,0.341028695958393,0.309512450206836,0.319738256065814
2002-04-06,0.279904693365097,0.338052755384132,0.271128446115381,0.306383587522521
2002-04-13,0.281736075878143,0.311954777065709,0.28135422704534,0.285322049050694
2002-04-20,0.231752559542656,0.288832904042663,0.231752559542656,0.278607094466542
2002-04-27,0.249914884567261,0.280438500365324,0.24861730272747,0.259148055246262
2002-05-04,0.243275910615921,0.279522753790056,0.234347684518928,0.243427918744668
2002-05-11,0.298905789852142,0.299744590999006,0.243733819076459,0.245794170787312
2002-05-18,0.267313539981842,0.310199351561087,0.261132457331555,0.296387568842601
2002-05-25,0.255332291126251,0.269831767200552,0.248693328382731,0.269678831173854
2002-06-01,0.246480971574783,0.253729795470714,0.228547557498376,0.249151211710382
2002-06-08,0.215040743350983,0.256705909405021,0.196421448378834,0.249762001613089
2002-06-15,0.172917723655701,0.222672330319721,0.169254858976462,0.219848253260194
2002-06-22,0.1311005204916,0.181540975927626,0.125377278387126,0.168492006853451
2002-06-29,0.144912332296371,0.144988336379515,0.119196234780188,0.130489772917658
2002-07-06,0.151933118700981,0.160861373569653,0.136060069758267,0.143233803940678
2002-07-13,0.138349413871765,0.178183152000126,0.137357703568216,0.152314124423322
2002-07-20,0.112251423299313,0.14163131249827,0.109123330024701,0.137739507839776
2002-07-27,0.0713499635457993,0.129574024822214,0.0694416065066474,0.11690690329267
2002-08-03,0.0702053308486939,0.0731044908111011,0.0647870245042464,0.070281334929293
2002-08-10,0.0815748795866966,0.0843220313904427,0.067610187271121,0.0694416195327422
2002-08-17,0.0876799300312996,0.102636346766143,0.0849327793344199,0.0850857084889787
2002-08-24,0.0770731940865517,0.0903510967547902,0.0755466927709362,0.0893584591541201
2002-08-31,0.0706631317734718,0.0744780084685901,0.0686787785810454,0.0734102883748124
2002-09-07,0.0806591957807541,0.0908090130860127,0.0679920662628765,0.0701284368485347
2002-09-14,0.0702813342213631,0.0808120815494856,0.068754832531414,0.079438509074031
2002-09-21,0.0653209090232849,0.073639292194318,0.0652449049186378,0.0691367039665126
2002-09-28,0.0621158815920353,0.0728755631557744,0.061048153806905,0.0650919669202575
2002-10-05,0.067229226231575,0.0682969536240493,0.0549430439512645,0.0612770645866628
2002-10-12,0.0717308893799782,0.0750888291323949,0.0638712920900062,0.0652448641557367
2002-10-19,0.0847038477659226,0.0866882083226878,0.0691366500657596,0.0707391551093683
2002-10-26,0.107596836984158,0.108894412326522,0.0771492244459374,0.0885956924009837
2002-11-02,0.0866882130503655,0.125987137080123,0.0840170664214143,0.114082808376505
2002-11-09,0.102789312601089,0.106147246637648,0.0779889281377304,0.0825675191187215
2002-11-16,0.119958989322186,0.128811238692424,0.104849654149393,0.111030749532423
2002-11-23,0.130718648433685,0.135679093239516,0.120569760306745,0.125529277235442
2002-11-30,0.107825741171837,0.139418006933063,0.101339714734241,0.137662572144023
2002-12-07,0.101033851504326,0.112175384535913,0.098363618828216,0.104315780390611
2002-12-14,0.0978288576006889,0.112557252493617,0.0930213340624064,0.104544724634192
2002-12-21,0.0911898836493492,0.101033848360676,0.0903510895247682,0.0975999046436546
2002-12-28,0.0939370393753052,0.0972949792104385,0.0853906490193173,0.0915717439352433
2003-01-04,0.0943949371576309,0.105918330655193,0.0903511306933335,0.0962263764605728
2003-01-11,0.0820327177643776,0.0988214825999182,0.0809649903419709,0.0979817673595
2003-01-18,0.0776070728898048,0.0853146714732023,0.076233500363379,0.0835592432464122
2003-01-25,0.0787517204880714,0.0831013779016928,0.0729524797397576,0.0759285578962536
2003-02-01,0.0744780451059341,0.0828724276749082,0.0743260369818704,0.0802012806068405
2003-02-08,0.0918766558170319,0.09195358091508,0.0711970130442838,0.0744020230584115
2003-02-15,0.0981347039341927,0.1010338703789,0.0942429065745501,0.0953875524554669
2003-02-22,0.0963032394647598,0.102942186067851,0.0901981496478656,0.0972949626363166
2003-03-01,0.0953106358647347,0.0992024332943256,0.0915717608133474,0.097447919521628
2003-03-08,0.102407425642014,0.106834007107319,0.0922585299577785,0.0943188949291454
2003-03-15,0.108054667711258,0.113167114685145,0.100499999939085,0.100728926371066
2003-03-22,0.102484367787838,0.111793557239382,0.100804943775194,0.103629020567076
2003-03-29,0.102178514003754,0.106834022551035,0.0978288570232577,0.0993553516930575
2003-04-05,0.10111079365015,0.10988611230602,0.10011815586382,0.109046403725286
2003-04-12,0.104162894189358,0.104925684547256,0.0992793657193025,0.0995843031095894
2003-04-19,0.103400111198425,0.111335723243952,0.102407473165626,0.104315830904569
2003-04-26,0.121332570910454,0.122095367958543,0.103400079056471,0.104620728992679
2003-05-03,0.163073673844337,0.164295237564937,0.11942509787332,0.122477185533936
2003-05-10,0.162235006690025,0.167118536545698,0.152162115737257,0.163455657184502
2003-05-17,0.159258842468262,0.163302654604658,0.151169403376607,0.160097643559017
2003-05-24,0.199702396988869,0.203213265977814,0.154527317488254,0.157579405784354
2003-05-31,0.196574330329895,0.211759669269359,0.18421213980652,0.204891781096844
2003-06-07,0.179098814725876,0.200695094732408,0.17780216053546,0.195352799233782
2003-06-14,0.180701345205307,0.198176910745938,0.169254882934174,0.18123613021035
2003-06-21,0.172154873609543,0.181464975316653,0.16833908770199,0.180549256016727
2003-06-28,0.17940466105938,0.186043624450793,0.171010276277299,0.174444228034852
2003-07-05,0.186424508690834,0.196497393825937,0.181769921717471,0.181845925778992
2003-07-12,0.162235006690025,0.19230077075025,0.156205916212787,0.191156124361191
2003-07-19,0.160708457231522,0.168796983338614,0.152619917479173,0.163150671631192
2003-07-26,0.150482639670372,0.162386966775766,0.140104807493746,0.162006032129065
2003-08-02,0.118280462920666,0.163837399379645,0.116449024586417,0.150330565543754
2003-08-09,0.123240016400814,0.13010790538297,0.119425144139026,0.120187927557809
2003-08-16,0.13934201002121,0.148651185653875,0.123011094871602,0.12522438266684
2003-08-23,0.138655170798302,0.14262297791845,0.13262608472036,0.142012189178008
2003-08-30,0.142547070980072,0.145752083443306,0.134076679924006,0.1410965661293
2003-09-06,0.147659435868263,0.163837425760986,0.139646915744929,0.14483628750801
2003-09-13,0.151398316025734,0.155367037964651,0.144683364041417,0.148880084518678
2003-09-20,0.128658309578896,0.148728091368231,0.126902888493551,0.148422246628697
2003-09-27,0.128047466278076,0.131252475651109,0.11980600970592,0.122172218425946
2003-10-04,0.127666592597961,0.130336832631913,0.122935086634383,0.128276467289144
2003-10-11,0.127131849527359,0.135297308632768,0.126826918936913,0.129116211236562
2003-10-18,0.130565702915192,0.136441865892718,0.126444974002315,0.127208684974615
2003-10-25,0.134915471076965,0.143156935799168,0.130336885629191,0.131252605447798
2003-11-01,0.16597381234169,0.168339108116283,0.132855045755983,0.134228631695072
2003-11-08,0.153916552662849,0.168796962523765,0.153458699775854,0.166507670798279
2003-11-15,0.150788500905037,0.157961322195051,0.147888433129366,0.151017441056167
2003-11-22,0.162005975842476,0.165820847313248,0.1511693802368,0.152238021832454
2003-11-29,0.155900910496712,0.169407747758756,0.154603342289054,0.16383744093875
2003-12-06,0.159029915928841,0.163073728062618,0.148804093912147,0.155900908953347
2003-12-13,0.160784438252449,0.164829164664648,0.152162042713385,0.16368450517966
2003-12-20,0.173528447747231,0.17452017104123,0.156816602345902,0.158419100779388
2003-12-27,0.176122680306435,0.184669985019303,0.174139233596452,0.176809473188883
2004-01-03,0.194361075758934,0.196726385542695,0.177191371685979,0.178793884313052
2004-01-10,0.188179954886436,0.19749004364074,0.180396347080777,0.195047829678808
2004-01-17,0.176199525594711,0.193750165754909,0.175817676988269,0.190469152344833
2004-01-24,0.169789627194405,0.183906328017604,0.161395242361075,0.177344296545681
2004-01-31,0.173681363463402,0.176122662754893,0.167042416293939,0.171163145887468
2004-02-07,0.177802085876465,0.185661682374267,0.172383788571563,0.174978010095302
2004-02-14,0.184212133288383,0.185203856649264,0.176046677291678,0.178488891072923
2004-02-21,0.169789627194405,0.184212186457459,0.167194490310966,0.183906328017604
2004-02-28,0.169331759214401,0.173757420602211,0.164142386494815,0.169331759214401
2004-03-06,0.162081971764565,0.171697002947147,0.157808319828348,0.169407711757758
2004-03-13,0.169178828597069,0.173223541531665,0.157427425559553,0.161090289669472
2004-03-20,0.185814648866653,0.188713815154513,0.164066364660585,0.166584582733312
2004-03-27,0.200695142149925,0.205807598147769,0.188104032871639,0.188484967600939
2004-04-03,0.204052120447159,0.208707636652039,0.194894951959663,0.199626458602916
2004-04-10,0.180167436599731,0.206570323664581,0.179785587770758,0.205654604215481
2004-04-17,0.177344277501106,0.182380727742857,0.167347394737232,0.180014517593353
2004-04-24,0.156587705016136,0.178488912170027,0.155976916118012,0.177725214545922
2004-05-01,0.168492019176483,0.175283889765164,0.151856175814628,0.158266197615867
2004-05-08,0.16414238512516,0.167729245307622,0.157885284822842,0.163989462742702
2004-05-15,0.161777079105377,0.170170548369033,0.159105924919779,0.161777079105377
2004-05-22,0.178946778178215,0.179938501653441,0.158648069814132,0.161471218455835
2004-05-29,0.167194426059723,0.183983189274619,0.167042417953071,0.175893738112355
2004-06-05,0.158724054694176,0.17314659606847,0.157274464868641,0.169941585358043
2004-06-12,0.150788500905037,0.158419175206794,0.148804139152853,0.157885318103872
2004-06-19,0.154527351260185,0.159563801559298,0.147125605016763,0.15101740938134
2004-06-26,0.146972671151161,0.158724073756734,0.145828025306056,0.156740626807865
2004-07-03,0.128963232040405,0.146743705517181,0.126445000703406,0.145217211127205
2004-07-10,0.115838281810284,0.12972696986816,0.115838281810284,0.125377312332452
2004-07-17,0.111564606428146,0.121485497508686,0.10988609691135,0.116143203180565
2004-07-24,0.117669679224491,0.119806048080274,0.105612427672301,0.11301508596255
2004-07-31,0.0719598382711411,0.119806081036595,0.0709681147391834,0.117745715666847
2004-08-07,0.0801252722740173,0.0818807067535692,0.0725706053632614,0.0737912550958868
2004-08-14,0.0942429378628731,0.0955395923176288,0.0787517405303294,0.0792095935765996
2004-08-21,0.0987445563077927,0.100118135243044,0.0908849587494939,0.095768478848689
2004-08-28,0.0978288576006889,0.101644650826926,0.0921056214660632,0.0983636356127081
2004-09-04,0.107367873191834,0.107901736903299,0.0937850333127364,0.0984396270584676
2004-09-11,0.112099379301071,0.11270924704098,0.102407422500201,0.107214938345023
2004-09-18,0.107214972376823,0.11583828349387,0.105612466586555,0.109886120104675
2004-09-25,0.1153804063797,0.115991181594854,0.103400071207001,0.106376155689611
2004-10-02,0.110725827515125,0.121256574212026,0.109733189730537,0.116372145706051
2004-10-09,0.102407425642014,0.114006818538996,0.0998131969710392,0.110877811936465
2004-10-16,0.101339712738991,0.108512532019334,0.100957863925412,0.101797572445081
2004-10-23,0.110419973731041,0.115914276839511,0.100271076076661,0.100500009352713
2004-10-30,0.134610518813133,0.143233831133588,0.110496924513172,0.111946501289285
2004-11-06,0.13812044262886,0.140409734673344,0.132550134911986,0.133160923902373
2004-11-13,0.144683361053467,0.1566636885748,0.135908030574464,0.13674683157151
2004-11-20,0.151551216840744,0.152924788784211,0.143843628351159,0.145217200294626
2004-11-27,0.158190160989761,0.160250525690721,0.145141193647184,0.152695859668953
2004-12-04,0.177878141403198,0.190469259708703,0.156129842426802,0.158953004793143
2004-12-11,0.175970733165741,0.189706500057819,0.172154932311804,0.175207021726535
2004-12-18,0.176046743988991,0.180778264636162,0.169789642514844,0.178031105694518
2004-12-25,0.179785490036011,0.18070119534206,0.17261267436576,0.178488823049691
2005-01-01,0.168110176920891,0.188637811259142,0.16559194520061,0.186043589116481
2005-01-08,0.16414238512516,0.170170558969863,0.157961288897999,0.168644964783341
2005-01-15,0.163608491420746,0.167881229786713,0.159639782957797,0.16231092328791
2005-01-22,0.174597159028053,0.176199658101259,0.15612987183297,0.162692831465461
2005-01-29,0.196803316473961,0.197337173542968,0.172459876233601,0.176046736944277
2005-02-05,0.19955039024353,0.200999980049574,0.188484867848793,0.197032172449646
2005-02-12,0.215727522969246,0.215956449439795,0.192911494030316,0.199473525236139
2005-02-19,0.22007717192173,0.223511109782035,0.207867901635469,0.214277924432807
2005-02-26,0.210386157035828,0.225877345106158,0.208172855314163,0.219009468622113
2005-03-05,0.19199575483799,0.216949065058218,0.190240320042332,0.211301826080807
2005-03-12,0.184441089630127,0.200313223494263,0.181007151930801,0.195963566346065
2005-03-19,0.191766858100891,0.197108239509705,0.183219550768098,0.1843641968262
2005-03-26,0.179556638002396,0.194589983561906,0.178488910464915,0.191842825362589
2005-04-02,0.178946778178215,0.186119597409096,0.174291262847451,0.178564915722014
2005-04-09,0.162921652197838,0.180854142809649,0.161395144556088,0.180243354177564
2005-04-16,0.169712647795677,0.171925935005365,0.161013335531088,0.161929054766085
2005-04-23,0.167347371578217,0.176046684835826,0.159639781723986,0.171163171296032
2005-04-30,0.176809415221214,0.176886333488104,0.164218302924318,0.169331668839016
2005-05-07,0.193292409181595,0.194361050992459,0.169865607271199,0.177573211575778
2005-05-14,0.200695142149925,0.200771146249298,0.190927182628171,0.191003186727544
2005-05-21,0.210004240274429,0.212980324773806,0.201457849212179,0.202068638076028
2005-05-28,0.215956479310989,0.217711900883999,0.202984423263945,0.209088588727744
2005-06-04,0.213515102863312,0.216262261023962,0.205044729236463,0.212064612305775
2005-06-11,0.205349639058113,0.224274772837687,0.196650326226743,0.21366710312491
2005-06-18,0.206723257899284,0.216109365734328,0.201991751649653,0.205349685469481
2005-06-25,0.20481576025486,0.207714926141986,0.200695030417976,0.20542563482044
2005-07-02,0.214735746383667,0.215422525625876,0.203594206057173,0.205578567013605
2005-07-09,0.205196753144264,0.223588019659633,0.201610793620938,0.216643212246991
2005-07-16,0.197108134627342,0.206723164586341,0.195658558774557,0.204586796006037
2005-07-23,0.206494271755219,0.209470355864039,0.193979160181494,0.194818875363117
2005-07-30,0.21557542681694,0.216033293245386,0.206341343705941,0.207714915700773
2005-08-06,0.2285475730896,0.230531920925308,0.210386145547425,0.217025095181859
2005-08-13,0.222824320197105,0.236713021528722,0.222137540801579,0.229311261403393
2005-08-20,0.220688000321388,0.227326951177504,0.21839870786378,0.222443435650802
2005-08-27,0.230378955602646,0.2370178899615,0.216872119530811,0.218627540460859
2005-09-03,0.245641246438026,0.246175130730582,0.22770875995329,0.231218701905071
2005-09-10,0.253729701042175,0.257087633537124,0.241902297787622,0.245870091124746
2005-09-17,0.249609157443047,0.25907217324916,0.241520601488697,0.253424945524484
2005-09-24,0.261590361595154,0.263955658027394,0.247014878327287,0.251517458919019
2005-10-01,0.252280235290527,0.27433345494913,0.247854559743076,0.264642429284833
2005-10-08,0.244420513510704,0.254035558132193,0.235034408919443,0.253577705362242
2005-10-15,0.243733808398247,0.249228097580151,0.232821179523294,0.244572582217852
2005-10-22,0.247396633028984,0.252738012928859,0.234652593945669,0.245870138520421
2005-10-29,0.259910762310028,0.27089936389798,0.24838830396635,0.24838830396635
2005-11-05,0.259758859872818,0.280591426091322,0.250601692706972,0.261284454009221
2005-11-12,0.276164799928665,0.279904608974321,0.25586702228861,0.259834816219862
2005-11-19,0.290511399507523,0.291884958122475,0.274639266688824,0.276470678175427
2005-11-26,0.279217839241028,0.293792389661306,0.268763091210771,0.291274158028373
2005-12-03,0.277309447526932,0.279827678968573,0.270289565248194,0.279827678968573
2005-12-10,0.281201273202896,0.287459286614337,0.275859893334824,0.278073180729155
2005-12-17,0.286466598510742,0.286848447214979,0.272730824906504,0.281811985067541
2005-12-24,0.278988927602768,0.291808972565281,0.277844281705776,0.286161747153066
2005-12-31,0.311648935079575,0.312793581001299,0.279675726642047,0.280591432463222
2006-01-07,0.324392884969711,0.3370599906189,0.310810046466498,0.311496811993887
2006-01-14,0.334312796592712,0.348430390403972,0.311343856694487,0.319967163366082
2006-01-21,0.3529332280159,0.356825019579465,0.330879078419768,0.33690815416557
2006-01-28,0.335915386676788,0.354840507383076,0.329658301067806,0.354458658606963
2006-02-04,0.334999799728394,0.349117402407224,0.327140185463202,0.334999799728394
2006-02-11,0.362242251634598,0.387043536065802,0.331642635250018,0.333931926642286
2006-02-18,0.348430424928665,0.362090194670699,0.341104698919733,0.361479405936719
2006-02-25,0.37513929605484,0.381625350439366,0.347438852125159,0.3511017302167
2006-03-04,0.361632525920868,0.384983328685979,0.353009214007038,0.382465096296638
2006-03-11,0.37216317653656,0.383303789829723,0.361937341091747,0.36529527443221
2006-03-18,0.396429568529129,0.397116361278163,0.367965412207162,0.375444073820149
2006-03-25,0.436950266361237,0.444351999415053,0.395437110816131,0.396734692858421
2006-04-01,0.465947449207306,0.470678970122094,0.433745319780932,0.439239637974982
2006-04-08,0.451753586530685,0.467626643644715,0.443969980307064,0.464879472453729
2006-04-15,0.428402960300446,0.464268889973761,0.423214487875598,0.450990963540006
2006-04-22,0.445954382419586,0.451601634186948,0.423519321096402,0.431149992283514
2006-04-29,0.477393835783005,0.480751769795249,0.449006597832396,0.449006597832396
2006-05-06,0.401847094297409,0.486550999481331,0.392842835891614,0.476173127798196
2006-05-13,0.37132340669632,0.41115711989488,0.363234882904431,0.401084221569513
2006-05-20,0.365829169750214,0.382617008497749,0.356214122886736,0.369339111330073
2006-05-27,0.363692700862885,0.376817686204896,0.348583368468067,0.366439844764532
2006-06-03,0.325842469930649,0.368423327392931,0.313786152211523,0.361708389313172
2006-06-10,0.330574184656143,0.34034214468661,0.300202562897656,0.320196363334063
2006-06-17,0.309970408678055,0.33591544364973,0.306307558057991,0.334236940722478
2006-06-24,0.324926823377609,0.336373282247786,0.29180897002252,0.309512542587082
2006-07-01,0.295623898506165,0.332710452420287,0.292266865020461,0.332405535501184
2006-07-08,0.269678741693497,0.298523847657611,0.262048071582831,0.296387465251203
2006-07-15,0.271205335855484,0.309817508560425,0.267084632204578,0.268458190991376
2006-07-22,0.345988363027573,0.346599152004936,0.279751749317929,0.281278244177355
2006-07-29,0.366134077310562,0.381549284913667,0.318211834806487,0.342325428130838
2006-08-05,0.357129842042923,0.389179981263657,0.340646946829173,0.35972407796672
2006-08-12,0.417567104101181,0.423061419234165,0.353313961355751,0.361555420409975
2006-08-19,0.40413635969162,0.412683665227356,0.392384957370045,0.411310106620731
2006-08-26,0.425655722618103,0.450533041338684,0.410088533853189,0.410852231465316
2006-09-02,0.42275658249855,0.436644341024345,0.402000020903161,0.427029321213294
2006-09-09,0.451143860816956,0.45328024403023,0.408562992219805,0.413293584289033
2006-09-16,0.454958707094193,0.476935946154423,0.449770262547092,0.452364471175387
2006-09-23,0.45160174369812,0.474646698845269,0.440002347813775,0.461826652897364
2006-09-30,0.472052425146103,0.477241770353328,0.422298740153154,0.449464424144103
2006-10-07,0.515396177768707,0.518296231694974,0.469610279426024,0.47098386565508
2006-10-14,0.48517718911171,0.525468716799053,0.476020026209177,0.517075251196023
2006-10-21,0.494182676076889,0.527911298282174,0.480751812141329,0.484109746449351
2006-10-28,0.497539579868317,0.532184828793577,0.481056657133599,0.497539579868317
2006-11-04,0.525621891021729,0.552482630557631,0.492656045963971,0.498913159629285
2006-11-11,0.554314076900482,0.560877063019032,0.526537629833388,0.526690565863795
2006-11-18,0.564386904239655,0.565608481929059,0.543325400621559,0.547446103486353
2006-11-25,0.542409777641296,0.569118510014934,0.528673971975273,0.561029984474163
2006-12-02,0.542562484741211,0.571407618247925,0.532642550742492,0.549430412657813
2006-12-09,0.572323620319367,0.572323620319367,0.538899941851832,0.542715701920395
2006-12-16,0.565150737762451,0.594605716903373,0.56240356547099,0.572934319813555
2006-12-23,0.564844727516174,0.580259934266265,0.562708372029447,0.568202715268401
2006-12-30,0.513717651367188,0.572628541564433,0.510054772921184,0.565760664946062
2007-01-06,0.537679255008698,0.539815611104761,0.49448759394091,0.51554910348141
2007-01-13,0.486550897359848,0.54210470473624,0.475104386259443,0.541799760633177
2007-01-20,0.480293840169907,0.508376155128376,0.471594499466397,0.491129536432796
2007-01-27,0.486093133687973,0.488382425540147,0.456485221055436,0.478157544157434
2007-02-03,0.498303174972534,0.53279460748037,0.487619542570181,0.488382312191069
2007-02-10,0.499370992183685,0.526537546589013,0.496623820497228,0.501966101160168
2007-02-17,0.498303174972534,0.512190985592719,0.491282365018733,0.500134640777821
2007-02-24,0.454348772764206,0.503491660213689,0.453433039835393,0.499676774961031
2007-03-03,0.465642392635345,0.482278251979175,0.437408093067907,0.446412351821028
2007-03-10,0.432676523923874,0.469610161141803,0.427945004690286,0.460300986562587
2007-03-17,0.462284505367279,0.472205426118362,0.430998113687206,0.434965908886834
2007-03-24,0.43923956155777,0.467016010076409,0.430845163307374,0.46259036206159
2007-03-31,0.471594482660294,0.472052362789799,0.431607858436109,0.438170816055849
2007-04-07,0.466711074113846,0.476936011037137,0.44473385935433,0.471594602452585
2007-04-14,0.486703842878342,0.488382372901033,0.458316637887238,0.465489456846752
2007-04-21,0.504713177680969,0.515548871796444,0.477393637839605,0.48441444715716
2007-04-28,0.514480233192444,0.51799104722857,0.498761012683821,0.511581053907322
2007-05-05,0.536305844783783,0.54149426461904,0.491435638576609,0.521959270916211
2007-05-12,0.534474074840546,0.539204666164991,0.516617622223766,0.534168257402292
2007-05-19,0.513717651367188,0.549430675279952,0.503644776576451,0.53294774956345
2007-05-26,0.532336950302124,0.542562761471015,0.506696854939301,0.511581311608889
2007-06-02,0.557824671268463,0.564081782236522,0.525316720409007,0.527453075230671
2007-06-09,0.603610873222351,0.608189457292586,0.552940576371838,0.557824977938979
2007-06-16,0.665726661682129,0.669542475347421,0.595979214092096,0.609714964337123
2007-06-23,0.630471646785736,0.662979617106931,0.615057363483304,0.647107508123697
2007-06-30,0.668016016483307,0.670610252592663,0.637492397072076,0.639475871513777
2007-07-07,0.700066030025482,0.710749663288378,0.670305185876249,0.670458121879819
2007-07-14,0.68831467628479,0.729979806413123,0.682972340761807,0.700676840357487
2007-07-21,0.675341665744782,0.709376149617474,0.657485158813032,0.685872417845913
2007-07-28,0.649243831634522,0.731505517916383,0.648938887434445,0.67778403253718
2007-08-04,0.671373903751373,0.723416907302768,0.6316921915186,0.654738045189825
2007-08-11,0.688008844852448,0.700523945677816,0.618109386307906,0.67671532187723
2007-08-18,0.736389875411987,0.751041387206038,0.676868231555961,0.688466753765156
2007-08-25,0.780802190303803,0.783701370594066,0.705407510516711,0.736389883391028
2007-09-01,0.773018538951874,0.82414578098077,0.75806121086696,0.784312116082727
2007-09-08,0.738297164440155,0.803999931829332,0.73600787302255,0.789806303207778
2007-09-15,0.789577484130859,0.824145829234848,0.728682310071116,0.739441976296271
2007-09-22,0.82964015007019,0.851617362106158,0.788661756193637,0.794385012942419
2007-09-29,0.845436275005341,0.86878707289647,0.795529627079617,0.836736933528969
2007-10-06,0.82712185382843,0.8630637823383,0.798276767735436,0.851388411141048
2007-10-13,0.855967104434967,0.908162994207044,0.825977341359506,0.829869132258416
2007-10-20,0.787517070770264,0.908162841217564,0.76897377069218,0.850472616759873
2007-10-27,0.841086566448212,0.847038735699984,0.745394087415986,0.760503423337862
2007-11-03,0.763708353042603,0.874510158172552,0.747454400018616,0.833989650127139
2007-11-10,0.742875993251801,0.774468258023985,0.687475100769368,0.763479677413418
2007-11-17,0.691824436187744,0.736007759170985,0.666413267176427,0.732344882553218
2007-11-24,0.72204315662384,0.782938369180189,0.67442586602448,0.691366610305182
2007-12-01,0.775612831115723,0.789577495207071,0.717693686522319,0.732574111030333
2007-12-08,0.80285519361496,0.826205986010172,0.766455446657455,0.778130815564557
2007-12-15,0.8049156665802,0.821856412766729,0.760045487675747,0.794384914762299
2007-12-22,0.796445429325104,0.833303066974031,0.789577499071618,0.810867973695375
2007-12-29,0.686788141727448,0.804457829370676,0.682209558482413,0.790035286690715
2008-01-05,0.619253993034363,0.697090021892315,0.603228950744028,0.6913667652124
2008-01-12,0.568660616874695,0.661377016460469,0.515549025388696,0.628411170941699
2008-01-19,0.571178793907166,0.628640107986384,0.51119932992986,0.514404327372544
2008-01-26,0.614904522895813,0.618109521198607,0.545538851607275,0.569118622329058
2008-02-02,0.572094440460205,0.631616067010686,0.528826765265547,0.62818210287579
2008-02-09,0.509825766086578,0.620398673877976,0.501584304747672,0.576902075399361
2008-02-16,0.510970413684845,0.520127580362681,0.484414564821897,0.519211820030083
2008-02-23,0.489679753780365,0.527224166460743,0.487619430272794,0.510512338209123
2008-03-01,0.447557002305985,0.496090039622999,0.43496586958776,0.488993196538844
2008-03-08,0.419398546218872,0.45740081784535,0.41481996387914,0.442062545174846
2008-03-15,0.423977255821228,0.434965862193067,0.396276786144468,0.401084309960433
2008-03-22,0.45053306221962,0.473883832803978,0.431760847882489,0.433363346662594
2008-03-29,0.429929405450821,0.48212529009762,0.428784759575861,0.455340554791142
2008-04-05,0.42420619726181,0.46953423621314,0.421459025192298,0.440460180414209
2008-04-12,0.435423702001572,0.442291604656468,0.403144676872758,0.422603657071849
2008-04-19,0.461292743682861,0.472968115034091,0.431989749744357,0.431989749744357
2008-04-26,0.515548706054688,0.515548706054688,0.448014558049523,0.459232097273143
2008-05-03,0.515777766704559,0.536381386012845,0.480980521151497,0.512114890133552
2008-05-10,0.55881655216217,0.559961225136262,0.487161672330616,0.522416803049853
2008-05-17,0.529055953025818,0.579420381061196,0.521272315937344,0.559045664254393
2008-05-24,0.565455555915833,0.567286967314538,0.519898583336614,0.529971509772539
2008-05-31,0.550804078578949,0.580336012111136,0.533405450950795,0.565455588948564
2008-06-07,0.487848609685898,0.55515383947944,0.473426064343069,0.547599170272195
2008-06-14,0.452364504337311,0.488306409367067,0.443665189570296,0.482583206849085
2008-06-21,0.441376000642777,0.468160771519728,0.428327039092513,0.455798575874332
2008-06-28,0.285932689905167,0.440231046427428,0.283872339050952,0.436339257430301
2008-07-05,0.267160683870316,0.292113986782873,0.259148133379444,0.290282547450402
2008-07-12,0.2646424472332,0.271281384007623,0.244954522475816,0.269221031847427
2008-07-19,0.2646424472332,0.272654970308098,0.249762019946444,0.268763178844108
2008-07-26,0.248159393668175,0.273341623437168,0.244954396996204,0.261208374966704
2008-08-02,0.251822263002396,0.27242590989736,0.241520425909662,0.248159386378735
2008-08-09,0.296692490577698,0.308825742145436,0.249761955761291,0.253653773515658
2008-08-16,0.311572849750519,0.323248247046142,0.295547809621902,0.298752806731423
2008-08-23,0.289366722106934,0.317067158950459,0.288450989173049,0.309741431931913
2008-08-30,0.267160683870316,0.296692571468789,0.260750659851929,0.294174338975328
2008-09-06,0.233279094099998,0.270823500014895,0.220001181134724,0.269678853992316
2008-09-13,0.261208534240723,0.263268886601805,0.201457933702049,0.225037665867738
2008-09-20,0.267618507146835,0.269449946275822,0.243809853051037,0.259148104586586
2008-09-27,0.206723257899284,0.263726670656564,0.205349685469481,0.260521672868775
2008-10-04,0.155900910496712,0.197337128036995,0.143767659156404,0.196879275159919
2008-10-11,0.175130963325501,0.192300663204328,0.157961263446673,0.169178808160246
2008-10-18,0.151322260499001,0.18245663814021,0.136670783851873,0.181083066468682
2008-10-25,0.200542107224464,0.204433910641798,0.145599061158528,0.150406583829661
2008-11-01,0.199626490473747,0.208554747548782,0.173986392782845,0.20489186865279
2008-11-08,0.16414238512516,0.208325764545749,0.157045569422281,0.207181104967158
2008-11-15,0.146056994795799,0.166889566233236,0.131634433793124,0.162539908010741
2008-11-22,0.171010196208954,0.174673072729953,0.146514760644461,0.154985145542708
2008-11-29,0.168492019176483,0.178564904730465,0.154298403372382,0.164142362500303
2008-12-06,0.196879267692566,0.201457850870682,0.159105915537343,0.171697032922417
2008-12-13,0.195047825574875,0.216338256086618,0.184288147106064,0.198023910047052
2008-12-20,0.171925976872444,0.198481786573155,0.167118466774562,0.198023933666788
2008-12-27,0.199397519230843,0.200771091686129,0.162997746826339,0.174215280227478
2009-01-03,0.18154102563858,0.215880446732748,0.1803963796333,0.197108230413747
2009-01-10,0.182914584875107,0.18451708358885,0.164829164275693,0.181540998954464
2009-01-17,0.176504582166672,0.183143531481604,0.162082023928468,0.182456738445652
2009-01-24,0.181998863816261,0.204433941120799,0.17444419590266,0.177420266864643
2009-01-31,0.225953295826912,0.227326868070268,0.178335983722939,0.179251703100262
2009-02-07,0.190240293741226,0.228242569935432,0.179938482238592,0.225037559183339
2009-02-14,0.174215212464333,0.190011337314423,0.165973767292971,0.18314346406408
2009-02-21,0.189553543925285,0.195505699877455,0.165058099827855,0.177191351828444
2009-02-28,0.192071720957756,0.199168534932424,0.171010219080872,0.18497492062834
2009-03-07,0.224350839853287,0.271281354300414,0.189553565118032,0.190698211146242
2009-03-14,0.218169718980789,0.240146944852858,0.212217549376295,0.22664010683974
2009-03-21,0.239460170269012,0.245183400217117,0.218856515165322,0.225037611696429
2009-03-28,0.259148091077805,0.259834884126688,0.214506856741283,0.230303001348806
2009-04-04,0.275630921125412,0.276546626684747,0.249304045163225,0.254798360390748
2009-04-11,0.269221037626267,0.274715355655585,0.249762025307595,0.272197123147499
2009-04-18,0.261666297912598,0.270365612014546,0.245870168474465,0.258919153272643
2009-04-25,0.267160683870316,0.2733417677382,0.246099172482684,0.258232427358467
2009-05-02,0.211759716272354,0.283643542923362,0.208554704719185,0.271739229891884
2009-05-09,0.200084313750267,0.221145821897164,0.190698205672171,0.208325775833011
2009-05-16,0.224808603525162,0.234652560916406,0.204662822326073,0.205120688742673
2009-05-23,0.238773360848427,0.244496590404185,0.220459012624745,0.222748304447048
2009-05-30,0.247930496931076,0.255943044591124,0.234652600574879,0.241520475177342
2009-06-06,0.263497769832611,0.279293901252812,0.240375882065961,0.246099139445567
2009-06-13,0.25594300031662,0.262353020961511,0.24609904296452,0.258690144224287
2009-06-20,0.26487123966217,0.265786972542975,0.230989696172988,0.256858720230277
2009-06-27,0.24953305721283,0.269678830946752,0.246099119438542,0.265558100159505
2009-07-04,0.237399756908417,0.249533035398831,0.222290434751449,0.249304095317687
2009-07-11,0.276317805051804,0.277233510913079,0.227784766722408,0.24220731142583
2009-07-18,0.296692490577698,0.298523929410839,0.266702730854712,0.278607069624877
2009-07-25,0.296005636453629,0.302415657400154,0.287993117093097,0.293945285248551
2009-08-01,0.313862174749374,0.325766485052874,0.297379254170137,0.303102482901676
2009-08-08,0.307223170995712,0.320730005327718,0.294860982253343,0.316151422969174
2009-08-15,0.318898618221283,0.319356471072683,0.291198152289749,0.297837114151821
2009-08-22,0.337213009595871,0.344080884884092,0.306307543508367,0.317067209335144
2009-08-29,0.345912218093872,0.348201509157351,0.319356403550815,0.333321089954237
2009-09-05,0.373612731695175,0.377504549177339,0.345683352846866,0.348430497259181
2009-09-12,0.348430424928665,0.379564821870257,0.342707197220046,0.368118366453019
2009-09-19,0.33194762468338,0.352780190113343,0.329429392891887,0.344309788973143
2009-09-26,0.317067295312881,0.348201709935446,0.314549062774805,0.333092369288022
2009-10-03,0.324392884969711,0.326224296096754,0.308825672065821,0.320501068098487
2009-10-10,0.302644520998001,0.331947474292257,0.297150207021392,0.31889849565437
2009-10-17,0.301042050123215,0.321187815272295,0.299210611965935,0.30516275186397
2009-10-24,0.273799598217011,0.307910094984877,0.27242603929858,0.303331510675744
2009-10-31,0.301271080970764,0.307452190586634,0.264642385333815,0.273341699524197
2009-11-07,0.310428291559219,0.317067255001668,0.296692539004446,0.305391854413906
2009-11-14,0.295318871736527,0.318440753727715,0.289595643077002,0.313175377902851
2009-11-21,0.292800724506378,0.305162889901553,0.286848554625435,0.299668600234923
2009-11-28,0.326453268527985,0.327826854300076,0.29074028406817,0.293945308439547
2009-12-05,0.348201721906662,0.376588964812548,0.345683489282008,0.362853210039205
2009-12-12,0.385059267282486,0.400168604467684,0.349346276076332,0.353238066778425
2009-12-19,0.414133220911026,0.416880365187383,0.386890636336675,0.38734848916765
2009-12-26,0.427640199661255,0.433821283170403,0.403373664027545,0.413446566126264
2010-01-02,0.424664050340652,0.43405015790392,0.414591149759741,0.423748317220291
2010-01-09,0.391698062419891,0.428784626370265,0.386432687572706,0.426953188081178
2010-01-16,0.376817733049393,0.404289257352531,0.374528441631673,0.388722042963432
2010-01-23,0.352322340011597,0.390553533616094,0.34682802350238,0.382998865472489
2010-01-30,0.37132340669632,0.388035266318282,0.350719757233184,0.353695841449554
2010-02-06,0.397192418575287,0.405204938043752,0.363310874931456,0.370178748761569
2010-02-13,0.379564940929413,0.409783614542097,0.371094566721832,0.402457886235284
2010-02-20,0.370865732431412,0.38689080690454,0.360792829256603,0.381167548477375
2010-02-27,0.393071711063385,0.395818855292793,0.368118418360875,0.371094502647111
2010-03-06,0.394903302192688,0.407036556790878,0.385746105739842,0.393300803047384
2010-03-13,0.394903302192688,0.419856604534346,0.389180071466232,0.394445449192675
2010-03-20,0.396963566541672,0.411615050335244,0.389866751094261,0.389866751094261
2010-03-27,0.394216269254684,0.408638807370557,0.390095540180078,0.39948164377832
2010-04-03,0.388951063156128,0.400855402813298,0.383456746247316,0.396734671954317
2010-04-10,0.390553444623947,0.415048882309596,0.381854132601142,0.389408799023328
2010-04-17,0.376359909772873,0.395589975565818,0.368576301967213,0.38757742768421
2010-04-24,0.359648108482361,0.384601407440195,0.359419195658655,0.376817825623924
2010-05-01,0.319585531949997,0.363539995400231,0.298524019919084,0.361479615854328
2010-05-08,0.296692490577698,0.350033047664844,0.288451029473816,0.338815501868422
2010-05-15,0.291427195072174,0.301729010666754,0.274944268288432,0.297150425958052
2010-05-22,0.3008131980896,0.309054658562247,0.271281293514195,0.290511386144044
2010-05-29,0.277004539966583,0.300126394662301,0.275402014109855,0.296692457467323
2010-06-05,0.265786975622177,0.2799806034698,0.248846203681323,0.278149164977477
2010-06-12,0.281583100557327,0.285017037479916,0.259376953292183,0.269678764059949
2010-06-19,0.253653764724731,0.288222079396765,0.249533034315604,0.287535313737334
2010-06-26,0.234652608633041,0.257774492128735,0.226640087988345,0.255485200515965
2010-07-03,0.236941874027252,0.245183333837479,0.230073999948898,0.233736877040223
2010-07-10,0.230074048042297,0.262810954074198,0.229158342223305,0.236941923556274
2010-07-17,0.237170919775963,0.24793058850239,0.231218748672569,0.233279128188598
2010-07-24,0.210386157035828,0.242665187427045,0.204205060013033,0.236484104049508
2010-07-31,0.218627542257309,0.220916833750278,0.203060354647021,0.214048959271372
2010-08-07,0.21496470272541,0.221145798637349,0.198023927401693,0.220916858546153
2010-08-14,0.228242591023445,0.233736907373457,0.206723233077623,0.211988609345776
2010-08-21,0.231676563620567,0.234652648683225,0.217025092069093,0.228929418674466
2010-08-28,0.226640075445175,0.230760805578206,0.21290431288349,0.228929366931247
2010-09-04,0.230531886219978,0.239460140191907,0.225495449956344,0.225953302836582
2010-09-11,0.24152047932148,0.246556942615444,0.234652604601174,0.234652604601174
2010-09-18,0.280667454004288,0.281583187172963,0.239231230852466,0.241520522838383
2010-09-25,0.259834825992584,0.282956680625245,0.257774474597419,0.282727767853842
2010-10-02,0.248617365956306,0.26326885263432,0.237628757770426,0.257316681907234
2010-10-09,0.258461177349091,0.263268699156049,0.243351846490506,0.249761866469618
2010-10-16,0.270136684179306,0.272197063220632,0.249990910421463,0.25869022491809
2010-10-23,0.275173157453537,0.28020959424181,0.26716063569794,0.272197072486213
2010-10-30,0.288679897785187,0.29119810167544,0.273341625250496,0.27700450200605
2010-11-06,0.30356028676033,0.313175331310261,0.280896288266141,0.288450954430871
2010-11-13,0.314777880907059,0.3159225266551,0.287993148570476,0.304933922015798
2010-11-20,0.311344057321548,0.31683834800168,0.305391886342641,0.31271764363684
2010-11-27,0.338586509227753,0.338586509227753,0.30584960998146,0.309970339893815
2010-12-04,0.342249363660812,0.350948675724024,0.330802907601456,0.339731132411552
2010-12-11,0.328971534967423,0.346141222490356,0.323477218585778,0.343623018027965
2010-12-18,0.341562569141388,0.344538653160129,0.327368941865933,0.330116113138927
2010-12-25,0.352551281452179,0.353009161666363,0.334465858997796,0.340646968984156
2011-01-01,0.454882651567459,0.456256237381631,0.35300909809656,0.355298389593175
2011-01-08,0.540044486522675,0.548972741632822,0.443207348288924,0.446641286264247
2011-01-15,0.508681118488312,0.540273379446226,0.498837157863544,0.532718710720682
2011-01-22,0.543936192989349,0.573468125947566,0.526079740122333,0.53203185469066
2011-01-29,0.587661683559418,0.599108195935669,0.535923683408753,0.544851936863341
2011-02-05,0.537297308444977,0.582167496329968,0.512115096900825,0.579649291549861
2011-02-12,0.586745917797089,0.595445257579678,0.513946366340985,0.543707208143516
2011-02-19,0.5292848944664,0.569118624275005,0.49860833388625,0.567516125118129
2011-02-26,0.475257486104965,0.538213100538476,0.463353145388109,0.53798413312244
2011-03-05,0.413217544555664,0.480293880422215,0.404289317612006,0.47869138164906
2011-03-12,0.403373539447784,0.426953274677889,0.389408850362929,0.41642252284762
2011-03-19,0.426495492458344,0.445267707724296,0.390095707867509,0.412072920852251
2011-03-26,0.416651576757431,0.449617399783145,0.410928319145492,0.436568412817886
2011-04-02,0.401771068572998,0.417796137490522,0.396276752212288,0.416651491660021
2011-04-09,0.42832687497139,0.433592251064469,0.385288133220277,0.403373553079941
2011-04-16,0.423977255821228,0.433821216264552,0.40131325006234,0.418254026178657
2011-04-23,0.457858890295029,0.467931765359051,0.425579831106209,0.425808771249239
2011-04-30,0.442291468381882,0.467702610316875,0.417796031963798,0.467473697582899
2011-05-07,0.418025076389313,0.469763136656389,0.414820078779951,0.443665166426249
2011-05-14,0.414133220911026,0.41779609813984,0.391927072058414,0.416880365187383
2011-05-21,0.446412324905396,0.447099090593383,0.402915727365978,0.408181103813781
2011-05-28,0.422603577375412,0.459003380897546,0.420543226070851,0.455111563759255
2011-06-04,0.391927093267441,0.425808641241195,0.383227779846126,0.421916851031544
2011-06-11,0.361937433481216,0.401084368119614,0.350490972536282,0.391927199363666
2011-06-18,0.360334873199463,0.373612771098266,0.352551264704745,0.35873237439748
2011-06-25,0.369720965623856,0.371094551564879,0.340189058925422,0.360334858704719
2011-07-02,0.353238075971603,0.37269708456952,0.350261991019427,0.369263146691743
2011-07-09,0.32279035449028,0.347972584598104,0.31615142102737,0.346599026273279
2011-07-16,0.343394070863724,0.344538716674983,0.311801813724372,0.320272214560094
2011-07-23,0.316609501838684,0.339502457269831,0.311115182710621,0.338128870665184
2011-07-30,0.296463578939438,0.352093433083846,0.288451057154727,0.323935109491817
2011-08-06,0.294861078262329,0.340189091119657,0.271281338689485,0.282041032567902
2011-08-13,0.268534153699875,0.306765372250533,0.266702714975774,0.297837118704479
2011-08-20,0.29783707857132,0.303102453959668,0.270365555992569,0.27608878417762
2011-08-27,0.295776903629303,0.318669830014108,0.293487583700302,0.306307660682522
2011-09-03,0.317754060029984,0.335152691502812,0.283414650061924,0.286161795218024
2011-09-10,0.353924810886383,0.36857629313325,0.313404301459664,0.313404301459664
2011-09-17,0.315693557262421,0.352322272378087,0.303331395248176,0.347972602565293
2011-09-24,0.286390602588654,0.327140017224229,0.285932722532802,0.319585351079218
2011-10-01,0.323935151100159,0.3287426757047,0.262582059228938,0.282727863623914
2011-10-08,0.35987713932991,0.363768931219256,0.328742722343583,0.329429515568884
2011-10-15,0.331489711999893,0.361021615760465,0.316838230151723,0.355756239897693
2011-10-22,0.357129842042923,0.360334866881201,0.3250797301127,0.332863338470936
2011-10-29,0.339273393154144,0.347743795304817,0.309741510264812,0.345683416150392
2011-11-05,0.342936247587204,0.347285891129088,0.322103653818065,0.336755137840669
2011-11-12,0.318898618221283,0.346370144081864,0.315464680900024,0.342936206760605
2011-11-19,0.321416914463043,0.347057006782652,0.309054721246693,0.313862245379248
2011-11-26,0.35987713932991,0.367431810227182,0.331947748298148,0.331947748298148
2011-12-03,0.341104805469513,0.366287042544032,0.329200466284664,0.365829189642425
2011-12-10,0.309283643960953,0.341104847551316,0.307452232128585,0.333779091059787
2011-12-17,0.324392884969711,0.329658260186218,0.300126360050355,0.310657110483367
2011-12-24,0.317296117544174,0.326911136523418,0.312488594409299,0.323019346375927
2011-12-31,0.332863330841064,0.338357647313381,0.318669700422129,0.327369014368748
2012-01-07,0.314320057630539,0.339273353659233,0.312717558890653,0.333092271496523
2012-01-14,0.325537741184235,0.331947766147522,0.309054812052775,0.319127716220947
2012-01-21,0.341333717107773,0.348888384871227,0.321645771074991,0.325766501426921
2012-01-28,0.362166166305542,0.365142249905761,0.33034497942885,0.335381441194068
2012-02-04,0.363997727632523,0.38048062207733,0.353924827984217,0.360334850071228
2012-02-11,0.362853050231934,0.386890637789198,0.343394045582623,0.37315486177483
2012-02-18,0.361479461193085,0.373612711248167,0.357129791095335,0.362624106909781
2012-02-25,0.352093487977982,0.358503511863226,0.34659919738521,0.356901012714544
2012-03-03,0.339273393154144,0.350262000106209,0.331031931117467,0.349575207054734
2012-03-10,0.334236949682236,0.342936264485168,0.327826926812154,0.340646972552318
2012-03-17,0.333092242479324,0.337670825503286,0.32599542787598,0.336068326903001
2012-03-24,0.352551281452179,0.35461166054447,0.333092300226781,0.336297297982995
2012-03-31,0.334923833608627,0.354611760490063,0.333321306988344,0.351635674711634
2012-04-07,0.324163943529129,0.337899690665459,0.322561445154658,0.329658258757963
2012-04-14,0.306536316871643,0.327368873352372,0.30584952419713,0.32645316798002
2012-04-21,0.297150403261185,0.306307599269664,0.291885025790252,0.301271134642372
2012-04-28,0.280667454004288,0.306078633254689,0.280667454004288,0.295547879203264
2012-05-05,0.302415728569031,0.313175421789133,0.277462431742414,0.285703893083235
2012-05-12,0.276546716690064,0.307223272269391,0.27517315790402,0.299897516248442
2012-05-19,0.28387251496315,0.286848600378313,0.270823527165168,0.277004638139167
2012-05-26,0.274257510900497,0.293029732487398,0.273799657828005,0.288451147181427
2012-06-02,0.277462422847748,0.289366761578538,0.266244877088428,0.275630984020664
2012-06-09,0.281354159116745,0.291427057080655,0.272654846831256,0.286390621743952
2012-06-16,0.297608107328415,0.3136331718571,0.27700448802218,0.279293779056206
2012-06-23,0.316380321979523,0.317067114761593,0.285703805134569,0.297837053316137
2012-06-30,0.306765258312225,0.318211711973298,0.303331322213904,0.317982799274375
2012-07-07,0.287535309791565,0.308367874340965,0.28135420061744,0.3049339369289
2012-07-14,0.29325857758522,0.305849683094209,0.278378152874995,0.285703908821725
2012-07-21,0.308596670627594,0.309512375927936,0.282269802111568,0.28547479795326
2012-07-28,0.314090967178345,0.317295990414285,0.299897343530101,0.308596680617442
2012-08-04,0.334694743156433,0.348430492313551,0.316609323725256,0.317067176572392
2012-08-11,0.335381478071213,0.340646853128944,0.329887162984253,0.335152538041984
2012-08-18,0.334236949682236,0.338586593438446,0.326224400626749,0.334236949682236
2012-08-25,0.321187943220139,0.334923721226248,0.317982945636036,0.334007988137568
2012-09-01,0.306765258312225,0.322561380738804,0.296463422726762,0.315922421241083
2012-09-08,0.316838204860687,0.322332520349117,0.30264460427396,0.306078541220289
2012-09-15,0.312946498394012,0.318211875237703,0.304476123797038,0.317525082207567
2012-09-22,0.305391937494278,0.318211987615903,0.298066206263573,0.307910170397265
2012-09-29,0.304476141929626,0.315922602145189,0.296921472729252,0.306765433972739
2012-10-06,0.289137870073319,0.304705061783428,0.287306430938509,0.303331502900207
2012-10-13,0.277233451604843,0.302186772117775,0.275630953045175,0.28959564183051
2012-10-20,0.275859922170639,0.285246029036957,0.270823458608902,0.278378126660998
2012-10-27,0.285932689905167,0.290740211619,0.273570530198881,0.277004466482905
2012-11-03,0.279064953327179,0.299439668248742,0.278149247454743,0.285246063482914
2012-11-10,0.260521680116653,0.280667455131756,0.255256303069789,0.279522809134199
2012-11-17,0.272425919771194,0.275630916465183,0.260292643926871,0.265329106289572
2012-11-24,0.275796294212341,0.284321312049421,0.274183457453959,0.274644264032559
2012-12-01,0.275566041469574,0.279252551229233,0.269575469976774,0.279252551229233
2012-12-08,0.29008162021637,0.295150577728807,0.27487480261222,0.27556602658815
2012-12-15,0.284551799297333,0.294920073474193,0.281326097517922,0.289390338233163
2012-12-22,0.278791666030884,0.286164656011688,0.276948411669039,0.284321401649843
2012-12-29,0.302984267473221,0.303905880715767,0.277178739616524,0.277869963281718
2013-01-05,0.281326204538345,0.30367562601709,0.278561335866036,0.302754012281848
2013-01-12,0.280404537916183,0.283399823190656,0.274413967367238,0.283169406067013
2013-01-19,0.285934329032898,0.286164718711999,0.276487665525235,0.280174147590079
2013-01-26,0.285012632608414,0.292385650240487,0.280634927422624,0.287316693751793
2013-02-02,0.285012632608414,0.289159948159811,0.278100449178277,0.283399795301364
2013-02-09,0.293307334184647,0.294689782189467,0.277639709151869,0.287316762785867
2013-02-16,0.288468539714813,0.294919912280961,0.282477973589128,0.293537492959574
2013-02-23,0.292846411466599,0.296072085579419,0.281326080073424,0.289159903223457
2013-03-02,0.297193080186844,0.301365839667476,0.290238490264152,0.292556686905049
2013-03-09,0.293020308017731,0.300438530720737,0.291165745433209,0.294179406178672
2013-03-16,0.289311200380325,0.293715762604776,0.286993003917966,0.291165763077229
2013-03-23,0.297424882650375,0.297656713346475,0.285602069850903,0.29093392714547
2013-03-30,0.288847714662552,0.296729575620357,0.279111262422198,0.296729575620357
2013-04-06,0.303452283143997,0.306697747921107,0.282820313064951,0.289079439497999
2013-04-13,0.291397601366043,0.303452246535523,0.286761207880885,0.30252495125744
2013-04-20,0.310870468616486,0.312956862252648,0.288847599701421,0.291165796429322
2013-04-27,0.321534126996994,0.323852323309454,0.309943145434697,0.311334074276204
2013-05-04,0.337066024541855,0.338456953218891,0.313420402842702,0.3215340889769
2013-05-11,0.344716221094131,0.34703441810153,0.328720645162032,0.334747968435302
2013-05-18,0.337066024541855,0.347266103691607,0.328952338407657,0.343325148318364
2013-05-25,0.337147295475006,0.344370220199193,0.335050303889536,0.341341250870487
2013-06-01,0.336681246757507,0.344836147775377,0.328992306752971,0.337613224335082
2013-06-08,0.33435133099556,0.338545286695864,0.325497430689465,0.335749325487481
2013-06-15,0.335982322692871,0.360680039395218,0.330390372685973,0.336914300472957
2013-06-22,0.327128529548645,0.335516443411479,0.32223557516608,0.33108947807119
2013-06-29,0.331788390874863,0.333186357645033,0.325264462621016,0.32945841848245
2013-07-06,0.341108202934265,0.344370180207698,0.328293357687924,0.332720293117387
2013-07-13,0.331788390874863,0.34413725010974,0.328293432286244,0.341807277717328
2013-07-20,0.330856412649155,0.337380341443215,0.328293459470553,0.334351371527173
2013-07-27,0.343904137611389,0.344603134672519,0.329225310429478,0.330157315769469
2013-08-03,0.337613254785538,0.346700161976015,0.328759355898197,0.342972195778569
2013-08-10,0.353923052549362,0.358815976472735,0.305459579898691,0.323866373064104
2013-08-17,0.348564147949219,0.352991083541668,0.34530217055569,0.351826097567291
2013-08-24,0.345403969287872,0.351960789623821,0.34376477118276,0.350555746724868
2013-08-31,0.348448365926743,0.351960946827524,0.343530741499444,0.346340800636967
2013-09-07,0.369992136955261,0.372333857044209,0.3503216714588,0.351258348328177
2013-09-14,0.369757890701294,0.377017232904825,0.36882121399171,0.373036315015841
2013-09-21,0.3648402094841,0.372567888799033,0.36273267326889,0.369523648109454
2013-09-28,0.3650743663311,0.368118606801785,0.358517547143971,0.361093449368895
2013-10-05,0.357346802949905,0.369289585608034,0.353600039943099,0.363669441097825
2013-10-12,0.370226293802261,0.371397153851755,0.356410128468929,0.356410128468929
2013-10-19,0.356878310441971,0.374909540305344,0.355707450997395,0.374675385165723
2013-10-26,0.357346802949905,0.359454339694044,0.351258320042722,0.356410098240452
2013-11-02,0.364371955394745,0.365542815321617,0.340018052166509,0.358517655760386
2013-11-09,0.378656476736069,0.382169056693561,0.36226443693444,0.362966930593535
2013-11-16,0.35547348856926,0.373738912824301,0.354770966883391,0.370460515510925
2013-11-23,0.367287039756775,0.37223129506171,0.357398557213589,0.357398557213589
2013-11-30,0.364226400852203,0.376469287393439,0.363284623077222,0.365874476875058
2013-12-07,0.353631585836411,0.367993452278544,0.353160710950881,0.36422642512762
2013-12-14,0.369406014680862,0.369641466099404,0.350806222683293,0.353866950790911
2013-12-21,0.371054112911224,0.375056618869036,0.367993384618004,0.371524987710177
2013-12-28,0.368935227394104,0.379059163658393,0.367758026155621,0.371289629871069
2014-01-04,0.370347857475281,0.387064154600421,0.367051705185834,0.372702259986798
2014-01-11,0.376469314098358,0.382590771836548,0.360930246342456,0.370347856360169
2014-01-18,0.366345405578613,0.380236398251242,0.366345405578613,0.376940217654335
2014-01-25,0.369641572237015,0.37176052334558,0.361872009994429,0.3663453917644
2014-02-01,0.37364399433136,0.374114869165505,0.360694753958889,0.372231341762236
2014-02-08,0.421673744916916,0.42261549436195,0.372937579636064,0.373173031030664
2014-02-15,0.438860982656479,0.447101418475795,0.41790678610264,0.421909292321553
2014-02-22,0.432739555835724,0.448514045139621,0.42638264737095,0.437919235120583
2014-03-01,0.434220492839813,0.443917140043672,0.421212810499398,0.42499687482125
2014-03-08,0.421449393033981,0.435876138027699,0.415300322350103,0.432801588589047
2014-03-15,0.438477456569672,0.44722809976248,0.420976198377468,0.422631715562206
2014-03-22,0.423341274261475,0.44864714827556,0.416009661159436,0.438714015958235
2014-03-29,0.429253935813904,0.453613782681238,0.421212806259269,0.424050840375379
2014-04-05,0.428544402122498,0.451958246025928,0.422868305936779,0.429490404056742
2014-04-12,0.438950568437576,0.442971147437188,0.428544433622324,0.431382467827082
2014-04-19,0.442971080541611,0.460235825953985,0.436348982934936,0.439187016711107
2014-04-26,0.435875952243805,0.44888363200708,0.433274405013785,0.446518599322848
2014-05-03,0.426888853311539,0.448647179573497,0.418847752349279,0.435402983430863
2014-05-10,0.424760282039642,0.440606023801306,0.42144921931916,0.427834830211013
2014-05-17,0.437294989824295,0.440842539133655,0.427361857396771,0.429253889333779
2014-05-24,0.451426237821579,0.454514946417097,0.440496969967673,0.44192253649584
2014-05-31,0.452139109373093,0.456178177560572,0.442160198373912,0.452851892776358
2014-06-07,0.464256316423416,0.468770592177371,0.448575195717288,0.451663904744042
2014-06-14,0.449763178825378,0.467820226008721,0.446199290169977,0.462118015489386
2014-06-21,0.436695545911789,0.44738721086985,0.433131629269169,0.443823322550496
2014-06-28,0.447862446308136,0.449050409229778,0.435032429760439,0.435032429760439
2014-07-05,0.452614277601242,0.455940590625928,0.43645797693021,0.448575209514301
2014-07-12,0.438121140003204,0.465681919499645,0.437408356583968,0.454515045352567
2014-07-19,0.422677546739578,0.446436800995897,0.421964763447236,0.436457919872896
2014-07-26,0.420301735401154,0.430755798782291,0.413886712352034,0.424578379669536
2014-08-02,0.451426237821579,0.453802163153014,0.411985837667191,0.419826396925579
2014-08-09,0.452376633882523,0.455465342539043,0.443823291191124,0.451901426148239
2014-08-16,0.453327149152756,0.462593278320159,0.44976325985528,0.454277508302773
2014-08-23,0.464162200689316,0.465116763593723,0.455093710854661,0.457241520062413
2014-08-30,0.476571768522263,0.480867387909728,0.461059932900194,0.465355523839095
2014-09-06,0.456286936998367,0.477048950807682,0.455809655537494,0.476094387885934
2014-09-13,0.455332458019257,0.465832794337057,0.447457212893047,0.457718894212134
2014-09-20,0.442684262990952,0.464639494879802,0.44077510868124,0.464639494879802
2014-09-27,0.435047596693039,0.445070648576617,0.424069981986528,0.439104559811894
2014-10-04,0.402114808559418,0.440297838866924,0.401876182044738,0.4367181851097
2014-10-11,0.415717512369156,0.426217847044651,0.40020567954158,0.404739896219448
2014-10-18,0.441013723611832,0.443638785656947,0.412853749884351,0.41571746686473
2014-10-25,0.466309994459152,0.466548649416192,0.436002237343075,0.440775108895395
2014-11-01,0.472276091575623,0.493754042358709,0.467503219945728,0.477048963205518
2014-11-08,0.472276091575623,0.480867300337416,0.462491693354914,0.471798810102345
2014-11-15,0.48802661895752,0.490413054827114,0.467025949166819,0.470128321487004
2014-11-22,0.502553880214691,0.505429745294891,0.489372965252224,0.491290170547086
2014-11-29,0.504950702190399,0.507826511440603,0.488174891110181,0.500397266121828
2014-12-06,0.470440298318863,0.509264189412078,0.469960968448417,0.50423148289296
2014-12-13,0.489372968673706,0.494405675461336,0.457738652553009,0.475952331533168
2014-12-20,0.493447095155716,0.504231532632392,0.487216091914784,0.488893660919972
2014-12-27,0.482422977685928,0.496083222020587,0.474754042522866,0.492009118070805
2015-01-03,0.477869600057602,0.483860967071666,0.457259384378845,0.482423034417258
2015-01-10,0.478348940610886,0.485059216963256,0.464928330768233,0.4790678783851
2015-01-17,0.496323019266129,0.497281622077399,0.473795538942745,0.481704112127076
2015-01-24,0.460135191679001,0.496562578518739,0.45941625396675,0.494166043294027
2015-01-31,0.4888935983181,0.496322896833093,0.453904175803572,0.463011014539992
2015-02-07,0.534667432308197,0.539220865751208,0.482902267135646,0.486017768213717
2015-02-14,0.535386681556702,0.538981514369688,0.527238470031172,0.533709111956618
2015-02-21,0.52867603302002,0.535146670415246,0.526279498535199,0.535146670415246
2015-02-28,0.542499959468842,0.550920099086969,0.528546503304661,0.529268237751629
2015-03-07,0.546108782291412,0.560543362011328,0.535042259701227,0.542740725161683
2015-03-14,0.564632952213287,0.568001065498071,0.545146293758124,0.550438994041726
2015-03-21,0.514352798461914,0.555010224264263,0.492219748354616,0.5477929327977
2015-03-28,0.506654262542725,0.519164255663864,0.496790649417473,0.516758492168101
2015-04-04,0.547552168369293,0.547792727453957,0.499196293519292,0.504488937529362
2015-04-11,0.534079909324646,0.549476781257846,0.529508942356477,0.546349283580458
2015-04-18,0.529990255832672,0.53985386962343,0.520848319517202,0.536485811973701
2015-04-25,0.54731160402298,0.548995632315259,0.527103149799808,0.531674116511943
2015-05-02,0.501120805740356,0.550439024246715,0.492941224509678,0.546830351728531
2015-05-09,0.512428045272827,0.516758395814604,0.490295002295508,0.49414417728468
2015-05-16,0.501842677593231,0.514833844856339,0.500639824663231,0.511225171350498
2015-05-23,0.534860372543335,0.538485692905842,0.497156671983318,0.50174879822436
2015-05-30,0.538002252578735,0.546219697731083,0.521325632035382,0.538243925193976
2015-06-06,0.510207891464233,0.539935755581516,0.508999413125901,0.536310435813355
2015-06-13,0.528576254844666,0.534618472740737,0.503198789860298,0.507549184440533
2015-06-20,0.501265347003937,0.532443421809671,0.499090178045313,0.529543119700275
2015-06-27,0.493531197309494,0.505132287990344,0.482655124375713,0.495464693215166
2015-07-04,0.47733798623085,0.496189803116734,0.46307826565807,0.48942250935252
2015-07-11,0.485072016716003,0.487972318159933,0.472987523405314,0.482171744083779
2015-07-18,0.469362258911133,0.487005656857526,0.463320011180879,0.485072103009793
2015-07-25,0.4821717441082,0.488697393545667,0.46138640408808,0.465253424660673
2015-08-01,0.555403828620911,0.564829692436838,0.479754813354908,0.486038732169428
2015-08-08,0.568938434123993,0.578847700034084,0.548153039245384,0.551536743021168
2015-08-15,0.518908858299255,0.567971926067418,0.518425455328643,0.567971926067418
2015-08-22,0.551673114299774,0.555070998119511,0.485414090485567,0.491967168671022
2015-08-29,0.527887582778931,0.552886437403627,0.519392876915451,0.54900311849496
2015-09-05,0.549731492996216,0.556769950218514,0.533955520878919,0.540751288642758
2015-09-12,0.565264701843262,0.575458411067329,0.547789788277967,0.552401235053838
2015-09-19,0.573031306266785,0.584195830448396,0.546090811422926,0.565992791827792
2015-09-26,0.601913154125214,0.601913154125214,0.561866522389058,0.5730310414104
2015-10-03,0.632737398147583,0.637834224714018,0.602641702004946,0.605796896888704
2015-10-10,0.676181733608246,0.682492121428107,0.628853882825147,0.633465271114703
2015-10-17,0.693899571895599,0.698511019630394,0.664046622102236,0.678366344310778
2015-10-24,0.688559770584106,0.696083721324694,0.670599480307219,0.694384779638977
2015-10-31,0.765740633010864,0.775206215022863,0.670599491904352,0.690744160925191
2015-11-07,0.723266839981079,0.764527047092048,0.719626209644171,0.758216659751977
2015-11-14,0.761857330799103,0.766226087768663,0.726907506506076,0.732732515798823
2015-11-21,0.764750123023987,0.771084471889544,0.749888810751397,0.771084471889544
2015-11-28,0.822246789932251,0.823708572226308,0.764750406936704,0.765481298083732
2015-12-05,0.791549444198608,0.822246634218063,0.788625880164149,0.822003023243722
2015-12-12,0.783022403717041,0.817617658983465,0.782047901755788,0.792280317562925
2015-12-19,0.80811619758606,0.810308870735144,0.784484247264579,0.791549488687899
2015-12-26,0.803000032901764,0.82687565273032,0.788382327813683,0.799589246664998
2016-01-02,0.721871554851532,0.814694061500529,0.72040977303121,0.786676770229645
2016-01-09,0.660477101802826,0.745990754432776,0.649026574755061,0.722602420385722
2016-01-16,0.693123459815979,0.697752416800462,0.644397722164013,0.674120409933738
2016-01-23,0.713588178157806,0.715049960048309,0.669978680909484,0.692879794994316
2016-01-30,0.643910467624664,0.717486328002373,0.641961463599091,0.712857428920237
2016-02-06,0.626856505870819,0.646834059371251,0.602980886067181,0.634165358407231
2016-02-13,0.741605579853058,0.754761560717042,0.633921739221851,0.635870743305466
2016-02-20,0.771815598011017,0.782535237312403,0.745503692723323,0.752325323613732
2016-02-27,0.79301130771637,0.805436339968601,0.763532227624544,0.770110189292526
2016-03-05,0.78783130645752,0.796878451287573,0.758978440620136,0.791499075753111
2016-03-12,0.82670933008194,0.837468021581933,0.771937703723415,0.784163502768227
2016-03-19,0.843091905117035,0.847982224793804,0.8105712734368,0.819373860514426
2016-03-26,0.883926331996918,0.886371492402691,0.840646940347223,0.841624992850088
2016-04-02,0.871944785118103,0.895907385383915,0.846759634139288,0.891261564420648
2016-04-09,0.907888948917389,0.915957984174735,0.859230180521994,0.877079857509794
2016-04-16,0.886860609054565,0.909111552794721,0.882214786473561,0.906177395083476
2016-04-23,0.868766367435455,0.912779315735502,0.85923022377901,0.88710510075191
2016-04-30,0.863875806331635,0.885637746720981,0.84113581365116,0.877079658004888
2016-05-07,1.0020272731781,1.00251627007164,0.854094986196943,0.866076284546714
2016-05-14,1.08394062519073,1.0883419487457,0.991268914965872,0.994447629212049
2016-05-21,1.12232935428619,1.1242854586303,1.0790499772751,1.08858611712133
2016-05-28,1.13946270942688,1.16544884019916,1.11936036544699,1.13014705462243
2016-06-04,1.13259840011597,1.16324229698207,1.12279236247059,1.14240443776135
2016-06-11,1.14534664154053,1.17108752787935,1.13161823117167,1.13382454943889
2016-06-18,1.12107610702515,1.18996360826806,1.11053467108491,1.1637324682012
2016-06-25,1.14387547969818,1.16103610589547,1.09263885143679,1.11176066199734
2016-07-02,1.24659407138824,1.25247774232739,1.12843120394005,1.13750172692447
2016-07-09,1.2919465303421,1.31891318904143,1.26301868773125,1.26448960488919
2016-07-16,1.34024143218994,1.34024143218994,1.29366269642079,1.30788148561938
2016-07-23,1.39981329441071,1.40349052950364,1.34244786585441,1.34833153552086
2016-07-30,1.42677998542786,1.42751538570178,1.36058916798981,1.4056969912452
2016-08-06,1.54543316364288,1.55376828492905,1.42481874618574,1.44639212505286
2016-08-13,1.5263112783432,1.55671004388171,1.48708712507916,1.54714913898902
2016-08-20,1.52067303657532,1.55229747292511,1.48953886712944,1.53096934294089
2016-08-27,1.53575551509857,1.55663177959675,1.5021080003912,1.52961553375069
2016-09-03,1.46182870864868,1.55294735192868,1.44905734474338,1.54115844567479
2016-09-10,1.54336953163147,1.55343922941416,1.40779663809694,1.44242673433275
2016-09-17,1.59519112110138,1.60722573021424,1.54091293885775,1.55957869828239
2016-09-24,1.68287122249603,1.69932659616263,1.56031535077786,1.57701630955701
2016-10-01,1.64185583591461,1.7118526446975,1.62736525697656,1.68287160393402
2016-10-08,1.62073409557343,1.6592937802214,1.56449098941245,1.65045201090858
2016-10-15,1.65880215167999,1.6688718441333,1.60919032765045,1.620488062799
2016-10-22,1.73297429084778,1.79167335133699,1.66985422969126,1.67009993192702
2016-10-29,1.659539103508,1.76367481756445,1.63522441740388,1.73862325891091
2016-11-05,2.16056871414185,2.18021692758304,1.63964500439875,1.7081681663418
2016-11-12,2.29294919967651,2.32807033456266,2.05373193723557,2.16351634292754
2016-11-19,2.31259703636169,2.33936756929242,2.26887960885089,2.31087782352715
2016-11-26,2.17561054229736,2.33032601533807,2.08509333237208,2.3089265942996
2016-12-03,2.25850224494934,2.37656802852582,2.18913839770868,2.21348948316452
2016-12-10,2.46979188919067,2.47692487435041,2.15322743684943,2.21004665542269
2016-12-17,2.70026564598084,2.70174159745034,2.43510927553794,2.45232738008547
2016-12-24,2.62549138069153,2.94992681646332,2.52857890505807,2.7563479353736
2016-12-31,2.53595781326294,2.61639014302841,2.44445654955875,2.56793379522667
2017-01-07,2.54407429695129,2.68575319610324,2.49955343893016,2.54579608383424
2017-01-14,2.55834102630615,2.62696691487039,2.43781545044098,2.53349802912518
2017-01-21,2.74921441078186,2.75216607970174,2.55071602473139,2.55317578792728
2017-01-28,2.81341290473938,2.85080055763402,2.65427001349556,2.72830710877651
2017-02-04,2.79471850395203,2.97427695712921,2.76962944069651,2.80406517989439
2017-02-11,2.63754367828369,2.8035739456388,2.57752695583768,2.78906167076565
2017-02-18,2.49561882019043,2.74995263385542,2.35393963760394,2.66214100339118
2017-02-25,2.42414522171021,2.59087755508161,2.36971692758107,2.51699317039781
2017-03-04,2.44113755226135,2.49482691950164,2.34385666530587,2.38794094626377
2017-03-11,2.61230373382568,2.6135351675196,2.4507432971862,2.45148220437694
2017-03-18,2.64678287506104,2.70810700325671,2.59333987534533,2.62978965418027
2017-03-25,2.68273973464966,2.70909189680601,2.55097939361179,2.60023556294296
2017-04-01,2.47093796730042,2.70047196342941,2.42365190614999,2.6832323637312
2017-04-08,2.3517382144928,2.47832668718657,2.3517382144928,2.47167722701373
2017-04-15,2.50418615341187,2.50689516645871,2.35937280061118,2.36454468090349
2017-04-22,2.56871175765991,2.61008679900982,2.51477623458141,2.53570990105186
2017-04-29,2.55787444114685,2.63151264396385,2.52585788228552,2.57954724288495
2017-05-06,3.14968919754028,3.21224476673926,2.51970217583889,2.56969726110715
2017-05-13,3.34942364692688,3.40409785599799,3.12900191066513,3.19081857729479
2017-05-20,3.49693036079407,3.58174025663366,3.34580105908886,3.39658848159066
2017-05-27,3.54130721092224,3.62414467862747,3.50210718036577,3.542786346453
2017-06-03,3.68824505805969,4.15420658267308,3.51344797324548,3.52503535720504
2017-06-10,3.73804712295532,3.81570751493336,3.50358728142078,3.59653301754716
2017-06-17,3.79253196716309,3.98754532510032,3.77749279604401,3.78217707792453
2017-06-24,3.56398916244507,3.86082377375976,3.53785588544533,3.82532193244246
2017-07-01,3.61822748184204,3.636471563174,3.41655743736403,3.57606918237289
2017-07-08,4.06668519973755,4.099967748888,3.66556366156652,3.69169693783544
2017-07-15,4.14434432983398,4.17392938714823,3.9766967689432,4.10070666419456
2017-07-22,4.05287933349609,4.18946298982872,3.88449225724129,4.15149591594388
2017-07-29,4.12240505218506,4.19291548242556,3.95993471812698,4.06644004915302
2017-08-05,3.84504580497742,4.30361107854843,3.76985110773209,4.15149590797542
2017-08-12,3.98162841796875,4.18305183879778,3.92492422384374,3.93651160877675
2017-08-19,4.0385799407959,4.12412952189985,3.87980785025288,4.00603660326742
2017-08-26,4.2062292098999,4.241762546697,4.00388808798329,4.06113592794349
2017-09-02,4.0391731262207,4.15983761492577,4.014990998223,4.15490235229082
2017-09-09,4.44435167312622,4.44435167312622,4.07939710933796,4.08482608980705
2017-09-16,4.41696071624756,4.71800527381511,4.38266142669154,4.5684699538408
2017-09-23,4.41128587722778,4.43497430218026,4.19882756555814,4.38611630798401
2017-09-30,4.47371387481689,4.49098729750838,4.36760853077081,4.4613761864042
2017-10-07,4.80165529251099,4.81177244288442,4.49172766765946,4.51048129502175
2017-10-14,4.85865688323975,4.92503445012883,4.74884983541578,4.83151339882385
2017-10-21,4.98104906082153,4.98129568287076,4.71726512914892,4.88037172771167
2017-10-28,5.14958381652832,5.18116885082325,4.96525596800771,4.98104872048154
2017-11-04,5.33341789245606,5.39584761810944,4.94428130962468,5.11281638897006
2017-11-11,5.21546697616577,5.35883294400461,5.12762154565523,5.33341723140964
2017-11-18,5.35365295410156,5.3546403836659,5.19424755889421,5.23101448460268
2017-11-25,4.88129091262817,5.3672471397442,4.72202164264544,5.3660127023477
2017-12-02,4.7284426689148,4.94598720951275,4.45904327308941,4.93981360876506
2017-12-09,4.73017263412476,4.80968390783014,4.55830976557486,4.74251889749787
2017-12-16,4.82178211212158,4.89092192242987,4.72251656048797,4.77066763437542
2017-12-23,4.77807569503784,4.93783858142665,4.73659133768227,4.76646981483716
2017-12-30,5.31884956359863,5.38428558161521,4.80276804423807,4.83437454145302
2018-01-06,5.50602245330811,5.58726220415298,5.33366603737374,5.44231491994241
2018-01-13,5.68208265304565,5.70628158747289,5.35070419704344,5.53244394054368
2018-01-20,6.00852298736572,6.00876978070653,5.63244996924269,5.68998437328843
2018-01-27,5.7662844657898,6.15519773710956,5.70825648479365,5.99395316842562
2018-02-03,5.7307276725769,5.89888624354944,5.03735097432365,5.60528789698962
2018-02-10,6.02111482620239,6.17322284494212,5.55664141124252,5.81171874182184
2018-02-17,6.07272577285767,6.2218709304771,5.91395049227791,6.04358813960765
2018-02-24,5.84448766708374,6.15012898538542,5.48152360924925,6.12270282041632
2018-03-03,6.06167316436768,6.07452099007794,5.67103554675943,5.79432980845405
2018-03-10,6.18892002105713,6.28824725114789,6.07921537543716,6.10293545165951
2018-03-17,5.75627899169922,6.22647677692492,5.74516026465473,6.13209130602183
2018-03-24,5.72218179702759,6.17706042899407,5.36168864087578,5.88056133989343
2018-03-31,5.29374027252197,5.79778859863946,5.26458454155564,5.65176299713227
2018-04-07,5.71995973587036,5.86845627573338,5.30239018219005,5.35674863337797
2018-04-14,5.65102195739746,5.91144656138856,5.60382922013398,5.72662911569398
2018-04-21,5.59221601486206,5.71995766921846,5.19614322649757,5.6688119009028
2018-04-28,5.90675210952759,5.90996430149358,5.49017096393784,5.60852346059097
2018-05-05,6.28898906707764,6.43649731252181,6.00138521897713,6.01126874269424
2018-05-12,6.07674646377564,6.3868352393017,5.96704178261101,6.32704113602654
2018-05-19,6.15927124023438,6.17780261264692,5.93615581619654,6.17409652667336
2018-05-26,6.36927366256714,6.37545492045398,6.09929303029013,6.14503141495735
2018-06-02,6.48448514938355,6.59104346294036,6.37125137962625,6.40339174895771
2018-06-09,6.55816173553467,6.65557266892317,6.41971013339594,6.47187687835456
2018-06-16,6.20436906814575,6.57151360311849,6.18904088472531,6.5141549324418
2018-06-23,5.85700273513794,6.10176555643417,5.81027500878461,6.09805717888179
2018-06-30,6.11486959457398,6.12327569144157,5.76700968799896,5.78753025970826
2018-07-07,6.16406965255737,6.28323714134208,6.08371847148011,6.18904084528692
2018-07-14,6.20288467407227,6.28719178690346,6.06171310164796,6.13637815019942
2018-07-21,6.23082304000855,6.34405683618478,6.0147392834734,6.17643145169436
2018-07-28,6.23280048370361,6.25653523391325,5.96356159199577,6.24491542981415
2018-08-04,6.29930734634399,6.43405058477644,6.17371197494434,6.22019213690913
2018-08-11,6.05281352996826,6.51811026697448,6.02586460077282,6.30796020833198
2018-08-18,6.73023843765259,6.74482532211134,5.90200020268032,6.01226739156092
2018-08-25,6.93939924240112,6.9651117312186,6.66373152171928,6.75990601956153
2018-09-01,6.72501373291016,7.0555003151128,6.60949148679589,6.93008349564638
2018-09-08,6.83806228637695,6.90411025548557,6.47912765684074,6.74752488062431
2018-09-15,6.51697444915772,6.88283537374181,6.48382708759752,6.81258253839822
2018-09-22,6.95160436630249,6.97386774505362,6.39897895341152,6.48605317638322
2018-09-29,6.67553901672363,7.24201710509465,6.6181489851824,7.02927883772478
2018-10-06,6.0986704826355,6.70769646161385,5.79489990452311,6.59242193809696
2018-10-13,5.66898965835571,6.18129422024831,5.63262635367552,6.08531434622127
2018-10-20,4.90510940551758,5.82112208161155,4.77721881722993,5.7211845729459
2018-10-27,5.31648635864258,5.49162469913418,4.35396766152685,5.04611032925732
2018-11-03,5.08766746520996,5.37808029553394,4.97313511907812,5.30337441477518
2018-11-10,4.06751394271851,5.11760160975415,3.99775508126384,4.99639010304759
2018-11-17,3.58687257766724,4.00294960039876,3.29769651790383,4.00220789648502
2018-11-24,4.04277563095093,4.05341237981781,3.62546158653634,3.70783599707442
2018-12-01,3.65508937835693,4.32539151500537,3.6058135415596,4.27388692341477
2018-12-08,3.62636542320251,3.86011662016202,3.58600366609473,3.61027012229242
2018-12-15,3.20838570594788,3.72244062025434,3.18090009853368,3.59640312783953
2018-12-22,3.30941367149353,3.40202291595671,3.08185286861379,3.13211932682985
2018-12-29,3.372309923172,3.42901423629381,3.161834511644,3.35274798245668
2019-01-05,3.68529844284058,3.70807929860497,3.37825197200724,3.42950907458731
2019-01-12,3.88586974143982,3.91186975762927,3.60952797392572,3.63305175311675
2019-01-19,3.9656023979187,3.98367850185563,3.65360387543556,3.85566017387557
2019-01-26,3.58377456665039,3.6347839467534,3.24379531376498,3.38122311858318
2019-02-02,3.66895627975464,3.85293647522193,3.56891853029138,3.59962306448663
2019-02-09,3.89602136611938,4.05771564142407,3.57807978011035,3.62487961066005
2019-02-16,3.94183039665222,3.99308726183112,3.84253558467572,3.88537357675567
2019-02-23,3.87398362159729,4.09263016627704,3.79127906630308,4.02527823073682
2019-03-02,3.73396110534668,3.93920008735666,3.58920304239442,3.91639575602222
2019-03-09,4.20913505554199,4.25176899276647,3.71041391720172,3.75750995783976
2019-03-16,4.39974927902222,4.58565417813583,4.16079934137825,4.24061463621178
2019-03-23,4.45081043243408,4.5050946219773,4.24135777647989,4.35909762538359
2019-03-30,4.73313713073731,4.75048864654614,4.4708876984848,4.54252292160785
2019-04-06,4.70983743667603,4.79560171025762,4.64910878162125,4.70264928197417
2019-04-13,4.61787748336792,4.7209928247923,4.53855813543551,4.70215440874126
2019-04-20,4.41437339782715,4.77924274337704,4.29564212375811,4.59432928210693
2019-04-27,4.53632736206055,4.58243150649898,4.35017426121317,4.42230544971039
2019-05-04,4.18459606170654,4.47014614224514,4.06512107213294,4.35017520572878
2019-05-11,3.87995886802673,4.07577890775416,3.84054717033936,4.05272659982377
2019-05-18,3.5978786945343,3.8593846952049,3.59118601388433,3.78130476049999
2019-05-25,3.35769009590149,3.64819769234337,3.35595499114559,3.615478439009
2019-06-01,3.61067152023315,3.64491694860971,3.29055014138049,3.37268966018852
2019-06-08,3.5893292427063,3.78090580149801,3.54466131217129,3.66675400273508
2019-06-15,3.76601696014404,3.90423995037503,3.56476239119362,3.58759275474476
2019-06-22,4.07546758651733,4.10375746055295,3.74020851086394,3.7873583009233
2019-06-29,3.97620558738709,4.31667571097799,3.91292551334057,4.28243004612083
2019-07-06,4.15934324264526,4.23031616812677,3.84641856055886,3.9166467169003
2019-07-13,4.17994213104248,4.28590481780628,4.09060576612453,4.18043864402726
2019-07-20,4.34446954727173,4.43926518543749,4.19383868278942,4.20128353740505
2019-07-27,4.00003004074097,4.36606056533179,3.95263244246503,4.33727463649975
2019-08-03,3.82607054710388,3.92855903600948,3.6950441654181,3.81664058943285
2019-08-10,3.95957803726196,4.00871268741586,3.65757212083681,3.77395727485591
2019-08-17,4.03104686737061,4.30426664489605,4.01119440171285,4.07273737657598
2019-08-24,4.15686511993408,4.23999770806084,3.94568419728152,4.1097157742173
2019-08-31,4.4376974105835,4.49830731149492,4.05515894439531,4.08819623462993
2019-09-07,4.51942205429077,4.67988958172453,4.44117536078576,4.4687479735778
2019-09-14,4.28964996337891,4.51097612725127,4.27946587358067,4.44440453974441
2019-09-21,4.26654958724976,4.4468892575396,4.20593920138944,4.28989932300807
2019-09-28,4.52016687393189,4.54947828868756,4.22605919136813,4.29238250941962
2019-10-05,4.62002325057983,4.70323758907824,4.38428972146347,4.58499842666279
2019-10-12,4.73180532455444,4.95039915028902,4.58028009129221,4.61133031294177
2019-10-19,5.08080863952637,5.10167429197589,4.74521797459719,4.79315922742213
2019-10-26,5.03237009048462,5.18911121380875,4.9136339220685,5.12452671679091
2019-11-02,5.16129159927368,5.25866513583242,5.07012801178913,5.11334986379504
2019-11-09,5.07211542129517,5.26263961028904,4.98393244113679,5.16054619296035
2019-11-16,5.23854494094849,5.32945979266963,5.06168291267412,5.06466351777487
2019-11-23,5.3838586807251,5.49986251961977,5.3535537361393,5.36647063660117
2019-11-30,5.27422904968262,5.3942960600121,4.98089907344176,5.380872254188
2019-12-07,5.56805658340454,5.69210066005633,5.24265874876811,5.25135918759756
2019-12-14,5.95037984848023,5.97573534291094,5.58744546318501,5.6155357873907
2019-12-21,5.88823366165161,6.01103453725084,5.86188342473308,5.97896714051649
2019-12-28,5.86834621429443,5.96380257412597,5.72068675762587,5.8663576784216
2020-01-04,6.07342910766602,6.17858065624107,5.7490260497002,5.77512736342073
2020-01-11,6.19672775268555,6.28895287460556,6.07864976384382,6.1564572872355
2020-01-18,6.22655725479126,6.45078103428757,6.12936033250319,6.16018500950721
2020-01-25,5.87729549407959,6.19647875585293,5.77288976754079,5.92228932165361
2020-02-01,6.25414991378784,6.320273233399,5.8529336569523,5.85914818692608
2020-02-08,7.20374584197998,7.3325128044765,6.27180039757553,6.27677221213081
2020-02-15,7.31014108657837,7.86324296484223,7.08119435358279,7.10058376913675
2020-02-22,6.71353626251221,7.00686668971718,6.01053797946362,6.71651906682725
2020-02-29,6.61731243133545,7.08617558742943,6.41733029214861,6.88743738261694
2020-03-07,5.99050426483154,6.49394147716627,5.36767495198998,5.96712332367617
2020-03-14,5.1176962852478,5.72883471993426,4.49412088037848,5.28335255317075
2020-03-21,6.28624773025513,6.54468196539541,4.93786182453637,5.11670134206542
2020-03-28,6.06686401367188,6.85012649621566,5.92956299646846,6.35166374669964
2020-04-04,6.54045343399048,6.92101621079001,6.29122203595999,6.34867975138241
2020-04-11,7.27098321914673,7.43713713973549,6.39245593992696,6.4807562848714
2020-04-18,7.20307922363281,7.30033428760807,6.64392605970276,7.14462712595724
2020-04-25,7.03369235992432,7.56648005690531,6.98543795576116,7.33739641010002
2020-05-02,7.77292823791504,7.77914648562099,6.98643210388871,6.98643210388871
2020-05-09,8.44774436950684,8.45744440093257,7.55628225708938,7.76795462924955
2020-05-16,8.98052883148193,9.04694124358059,8.63653031814046,8.71612501477168
2020-05-23,8.83054447174072,9.13524385555424,7.95624557621468,9.11036991363509
2020-05-30,8.8748197555542,8.95142941206931,8.61414671733986,8.78850911900181
2020-06-06,8.89131450653076,9.45619802901967,8.64570232660028,8.83631908249973
2020-06-13,9.21854877471924,9.40145171198147,8.70343488367881,8.77460599382381
2020-06-20,9.11278438568115,9.59803662551967,9.0829229868643,9.25711622030335
2020-06-27,9.5679292678833,9.69260161680751,8.85896267034041,9.12746947423437
2020-07-04,10.43092918396,10.6061172750979,9.66771440348119,9.69682967337316
2020-07-11,10.1544589996338,10.7424846876074,9.74037688545498,10.5461448273625
2020-07-18,10.1474924087524,10.5536110842878,9.73191798644796,10.226874736613
2020-07-25,10.5658044815063,10.7168553125753,10.1621748123342,10.1850685221473
2020-08-01,11.1478586196899,11.4517012634947,10.6658414527097,10.6830119728365
2020-08-08,11.5106801986694,11.667702965351,10.7459720249894,11.2819898616266
2020-08-15,12.6250162124634,12.7496885434985,11.7627604844963,11.7966031548919
2020-08-22,13.0871238708496,13.0873725813704,12.4498259440268,12.8243412708463
2020-08-29,12.5642967224121,14.6588437554152,11.6507782087269,13.1219626815504
2020-09-05,12.1120300292969,13.0088949047399,11.6537653647975,11.6838844822021
2020-09-12,12.1366758346558,13.2575698871413,11.9370410861645,13.0245799105037
2020-09-19,12.8182220458984,12.8279303563529,11.8531529358832,11.8735646965961
2020-09-26,13.0059089660645,13.703387048484,12.6950056517007,12.9840035468173
2020-10-03,13.703387260437,14.0810019781535,13.1657164625017,13.1789096611548
2020-10-10,13.7519254684448,14.2866098413067,13.7083643683553,13.9291581365302
2020-10-17,13.5316314697266,13.9231847864244,13.1746773018154,13.8430323548551
2020-10-24,12.4799385070801,13.6336901466654,12.2469475952394,13.369086453004
2020-10-31,14.4991912841797,14.5258255183449,12.3415381963264,12.603154573294
2020-11-07,13.2396469116211,14.6281318920145,12.573781574131,14.4897314917637
2020-11-14,13.0312986373901,13.5906250844442,13.0086459148601,13.1156823077604
2020-11-21,13.2040519714355,13.349671896984,12.8294254724826,13.1144409512932
2020-11-28,13.4997692108154,13.6145217348326,12.91629638195,13.2077840114521
2020-12-05,12.9609508514404,13.6760647115126,12.7714650600382,13.5465870600028
2020-12-12,13.2186584472656,13.4098862124202,13.017968362309,13.035397951585
2020-12-19,12.9415283203125,13.3162664543562,12.8867500087434,13.0222031116829
2020-12-26,13.0025291442871,13.1606406722324,12.7119518027352,13.0099986960486
2021-01-02,13.223388671875,13.5976290245224,12.5354157119138,13.0515823131759
2021-01-09,12.8078136444092,13.9048868861067,12.7968581759404,13.3648157250055
2021-01-16,13.6573886871338,13.9429870208828,12.7923794568383,12.9639369739553
2021-01-23,12.9375438690186,13.7729228036429,12.7423314977741,13.7263606243484
2021-01-30,13.536376953125,13.8757581597607,12.8508934616142,13.0007888937835
2021-02-06,14.9011173248291,15.229790896892,13.6720768721061,13.6720768721061
2021-02-13,14.8665084838867,15.3107160419858,14.5164207058268,15.0037045192954
2021-02-20,13.6593809127808,15.0724286696052,13.1631334059824,14.715369026885
2021-02-27,12.4114141464233,13.8690319807698,11.6323078105952,13.8192327538508
2021-03-06,12.80433177948,12.9938175612946,11.5200140347229,12.3999633536499
2021-03-13,12.7985401153564,13.4628396799859,12.5661476727813,12.8174703411861
2021-03-20,12.7920608520508,13.3452702802074,12.2268963946698,12.8652913446077
2021-03-27,13.760986328125,13.8190217099942,12.6533218838655,12.7731296628938
2021-04-03,14.3470773696899,14.4183153713551,13.6611082620772,13.816535074524
2021-04-10,15.8540182113647,16.1546593917922,14.0872847432079,14.2372319168711
2021-04-17,15.2091474533081,15.7494042602212,14.7291674914274,15.4794003289532
2021-04-24,14.9543352127075,15.6129060936228,14.9418813439276,15.1291910650068
2021-05-01,14.7578115463257,15.1907143956066,13.9587590441077,15.0694119778364
2021-05-08,14.19065284729,14.7515833842785,13.4095338809013,14.7329021059685
2021-05-15,14.9366493225098,15.1660534225495,13.4934734358545,14.1049671746823
2021-05-22,16.1847972869873,16.2176769476789,15.1202246804148,15.156590512505
2021-05-29,17.5136451721191,17.5960894582329,15.8448001944262,16.2102029850128
2021-06-05,17.7597351074219,17.8733164272924,17.1128713520303,17.5066689563095
2021-06-12,18.574499130249,19.3082110750708,17.5238825948669,17.844275105125
2021-06-19,18.9653987884522,19.3530578141426,17.7613136752706,18.3717015794612
2021-06-26,20.4163780212402,20.4345665251688,19.2524050069505,19.2945090460896
2021-07-03,19.9811401367188,20.8030482952748,19.6328460361202,20.6660214683495
2021-07-10,18.0983963012695,20.4619704919673,18.0107003009831,20.1702302270179
2021-07-17,19.4905815124512,19.818445975926,17.8039147226076,17.8534945050024
2021-07-24,19.4317932128906,19.7845731699453,18.676404493653,19.2444414674674
2021-07-31,20.2957992553711,20.6615348136314,19.1537495167253,19.6320964397987
2021-08-07,20.1184120178223,20.4373086788902,19.3630254093596,20.3755221181728
2021-08-14,20.7442455291748,20.7930764092779,18.6973249837312,20.0655932352081
2021-08-21,22.5579738616943,22.6436778624711,20.8777865481017,20.8987140703033
2021-08-28,22.7642574310303,22.9635668629117,22.0437501377739,22.7513017572297
2021-09-04,22.4044723510742,22.8240947370988,21.9051098297708,22.7583106463814
2021-09-11,21.8283596038818,22.8888800911588,21.7585888944115,22.6097953521681
2021-09-18,22.0087661743164,22.4612814832643,20.5944094025799,21.076825356325
2021-09-25,20.6741485595703,21.7276900701545,20.1369102967945,21.6389805107274
2021-10-02,20.7628555297852,21.2522504611702,19.49103059935,20.4369255700044
2021-10-09,21.7904834747314,21.8592580019147,20.4439030989922,20.5076948189069
2021-10-16,22.6516551971436,23.0543329037005,21.5731940647448,21.6778520181359
2021-10-23,25.483362197876,25.6248978714784,22.6955130333757,22.8978480780575
2021-10-30,29.6546726226807,31.2972803081879,25.1444738051356,25.5650941920435
2021-11-06,30.2905883789063,32.2043096997764,28.6838619999283,30.0503775077695
2021-11-13,32.8770904541016,32.9797541292274,28.7057802781348,30.4520494307185
2021-11-20,31.3999443054199,34.5336584220112,30.7789812340233,33.4073539331777
2021-11-27,30.5925960540772,33.3026994642581,30.0314361452566,32.2601235732213
2021-12-04,30.1028957366943,32.3468078926888,27.9496984952715,29.7858964405776
2021-12-11,27.713451385498,31.0618726829498,27.164185967757,30.1537422480886
2021-12-18,29.5466575622559,29.9643386775802,27.0595158423967,27.2190118207654
2021-12-25,29.3183765411377,31.2313337431042,29.2386285576468,29.5665929240568
2022-01-01,27.1611938476563,30.614285764145,26.9717916607796,29.7211075268159
2022-01-08,26.8571548461914,28.5049491677933,25.5632421174914,26.4972916310672
2022-01-15,23.3003921508789,26.5541132414498,23.1897416464677,26.1773033642292
2022-01-22,22.7680721282959,23.9812385930683,20.8222197266133,22.2596779987401
2022-01-29,24.2424144744873,25.7356961436755,22.9794043326372,23.1089940980471
2022-02-05,23.8735790252686,26.8402068150517,23.6981345939934,24.2952472449363
2022-02-12,23.5675487518311,26.4982908775166,23.0272557562736,23.858629026869
2022-02-19,24.0809230804443,24.1407335928783,20.8242114928163,22.9624568010853
2022-02-26,22.8637752532959,24.5873307157141,22.4112044298232,23.9164496611319
2022-03-05,22.0341606140137,23.1508228731404,20.5884796570197,22.7490236023505
2022-03-12,26.3741836547852,26.4898391640556,21.0959581554122,21.8038418311804
2022-03-19,27.6094970703125,28.2735132314643,25.4988055407197,26.4280280557853
2022-03-26,26.6324214935303,28.8597653817418,26.1887475086381,27.6733119102697
2022-04-02,23.0501174926758,27.4758927778513,22.9932881126296,26.6483658004883
2022-04-09,21.1946659088135,22.7091413880852,21.0999496249187,22.1478189960047
2022-04-16,19.4568576812744,22.602458565943,19.4419029798231,21.1368388720638
2022-04-23,18.4917449951172,20.0680341994964,18.2355106891566,19.144792378571
2022-04-30,18.6193580627441,20.3392188966453,17.9363995165473,18.485758434456
2022-05-07,17.6532440185547,18.2006080498143,15.5206182206914,17.9802677557213
2022-05-14,16.6442623138428,18.3162659231649,15.7080598313407,17.4568346438053
2022-05-21,18.754955291748,18.8247464293462,15.7329847712557,16.2255133802803
2022-05-28,18.6642246246338,19.56054629588,18.0680067421175,18.9234502043508
2022-06-04,16.9234294891357,19.2793882572648,16.8187408753225,19.0819782136446
2022-06-11,15.8360385894775,16.821303368107,15.2855666774302,15.9557062723964
2022-06-18,17.0785846710205,17.0925458499689,15.8091093151712,16.4293879478546
2022-06-25,14.4827919006348,17.2820206996105,14.3521550162673,17.2640708837536
2022-07-02,15.7941522598267,15.9926016792072,14.0160885630395,14.1357562248703
2022-07-09,15.7183599472046,15.7383040788102,14.4249510102878,15.4830132978478
2022-07-16,17.2710494995117,18.0937641984604,15.9576964121852,16.2568650477906
2022-07-23,18.1127147674561,18.1934898902901,16.4323803221303,16.9718809947825
2022-07-30,18.9364280700684,19.2206388773478,17.9401933170608,18.1316611898852
2022-08-06,18.6572036743164,18.666179533815,16.6777004501946,17.4535464315539
2022-08-13,17.7995853424072,19.1109433490553,17.7208035849797,18.6492258351907
2022-08-20,16.2149829864502,17.8973126522967,16.1920459487979,17.4415771666444
2022-08-27,13.6092157363892,16.2927641734651,13.233259684345,15.9756457338239
2022-09-03,14.3471698760986,14.4339289113038,13.3090515047921,13.6929858659434
2022-09-10,13.1653709411621,14.511035826743,12.5858070025025,14.3334763930133
2022-09-17,12.4850568771362,13.9963117322476,12.22669736982,12.9798309209689
2022-09-24,12.1089878082275,12.791296720596,11.9164651359589,12.4601177690018
2022-10-01,12.0461444854736,13.6222381449064,11.9922780896517,12.3164743956225
2022-10-08,11.1992454528809,12.0940272986417,10.7862684114156,12.0072424818905
2022-10-15,12.4351806640625,12.7374320244527,11.4885274131662,11.4895243929681
2022-10-22,13.7997989654541,13.8157601557921,12.0341752866933,12.4770778652641
2022-10-29,14.1210041046143,14.1938235905727,12.9239708983567,13.743938325952
2022-11-05,16.2866344451904,16.3484814366537,13.7249834679271,14.1928238228739
2022-11-12,15.3709058761597,16.9559763076999,15.0826198393645,16.1779058611162
2022-11-19,16.2297763824463,16.4861409748028,15.0427178686568,15.1095526137104
2022-11-26,16.8342742919922,17.2223124458947,15.4816279463232,15.9863754986926
2022-12-03,16.963306427002,17.5440168019096,15.6322644122596,16.6420217359399
2022-12-10,16.5342617034912,18.7483440085983,16.3736193363401,16.999230101785
2022-12-17,15.172287940979,16.590137999612,14.8490059057743,16.5352596325882
2022-12-24,14.581600189209,15.0665227584275,13.8532181489808,15.040580379178
2022-12-31,14.8260583877563,14.9767236495409,14.0028875705759,14.8180757504297
2023-01-07,16.8615322113037,16.8844819319663,15.1074296231877,15.2501131692606
2023-01-14,17.7994499206543,17.8333730321115,16.6939066612045,16.8615334582394
2023-01-21,20.3198471069336,20.5822644784527,17.7784952587009,18.0239482210638
2023-01-28,21.0532188415527,21.9003355199198,18.9079860614659,19.9057689269128
2023-02-04,21.2178497314453,22.9689595367868,20.7399116992034,20.7598678111042
2023-02-11,21.3405838012695,22.9979007035336,20.9155276393366,21.4902508742228
2023-02-18,23.2343730926514,23.8350396165972,20.3757251669012,20.9534419674049
2023-02-25,23.8370304107666,23.8470084671107,22.3822629100756,23.6175188805549
2023-03-04,22.9140853881836,24.3997845067889,22.6756149456034,23.8380329851564
2023-03-11,25.6723251342773,26.3449448193976,22.2513449077172,22.7054131605546
2023-03-18,26.7241687774658,27.5325116563082,25.0785449713321,25.5625525329724
2023-03-25,27.7201251983643,27.7770076952961,25.7970708114774,26.7820493770078
2023-04-01,26.9816379547119,27.9426653991926,26.3409523572438,27.4526715789758
2023-04-08,26.7032089233398,27.733097260921,26.166310441978,26.7680763603188
2023-04-15,27.0634708404541,28.0524428038265,26.3788765695792,26.5106062570075
2023-04-22,27.6921844482422,27.7011648938965,26.1713046719721,26.9576913479274
2023-04-29,28.6212768554688,28.9985031441922,27.1842247801991,27.7829966368484
2023-05-06,28.2819671630859,29.1601643132039,27.9885685747066,28.4635936823323
2023-05-13,31.1999816894531,31.7628259831843,28.0943545152987,28.4496245409592
2023-05-20,38.8662528991699,39.3991598709481,29.744968670484,30.8377258514784
2023-05-27,39.2464790344238,41.852133165911,37.7445594023452,40.5118844028353
2023-06-03,38.690616607666,39.6296879362983,37.2795103937637,38.8293319361024
2023-06-10,42.6089935302734,43.6359921332087,38.5429134661769,39.1237825906593
2023-06-17,42.1269340515137,43.9044733519639,41.9333109957247,42.9144014865252
2023-06-24,42.2197532653809,42.6808568275107,40.0220347979635,42.3784445285455
2023-07-01,42.4203567504883,43.1299766479223,41.2656087026746,42.4343294683764
2023-07-08,45.3805961608887,47.9945035082088,41.5680199034289,42.5740632725262
2023-07-15,44.2228469848633,47.8028744856716,44.0142537144301,46.1990005704159
2023-07-22,46.659107208252,47.3028536362341,43.9543769875744,44.6440316051949
2023-07-29,44.593132019043,47.0383694121112,43.3026466420105,46.6631009915897
2023-08-05,40.775562286377,45.4514542812085,40.5599826663619,45.023287563322
2023-08-12,43.2148094177246,45.1799826700945,40.2326203062523,40.407279275631
2023-08-19,45.9285316467285,50.1682698163955,44.1360220651699,44.4074925930333
2023-08-26,48.414680480957,49.8299226640581,44.8007225804682,46.3916212485626
2023-09-02,45.4833946228027,48.7560225199928,45.0642130409664,48.1292413549341
2023-09-09,43.8182525634766,46.0770351681868,43.7264210191702,46.0620637098482
2023-09-16,41.5325202941895,44.1596193219083,40.9036923258393,42.6684017573246
2023-09-23,43.4179992675781,44.0617986434056,41.1003207530803,41.5135512887333
2023-09-30,45.6767845153809,45.7037346633023,43.1654670793387,43.9480075358174
2023-10-07,45.376350402832,47.5203534581251,44.2853870554717,44.7585034953024
2023-10-14,41.3099327087402,46.1389211238777,41.0015061905156,44.9790861777286
2023-10-21,40.4245872497559,43.6156328964,39.8057427826761,41.1522299116337
2023-10-28,44.9211959838867,45.2246269422036,39.1569482515376,41.0104925334586
2023-11-04,48.245002746582,48.3817486979708,44.8153995122837,45.200682391638
2023-11-11,49.2061996459961,49.8669656481872,48.0094310642093,48.2300201973202
2023-11-18,47.6870307922363,50.4538680346372,47.6011885990465,49.220169697292
2023-11-25,46.6779251098633,48.6712084325159,46.1010022026633,47.7109978351228
2023-12-02,47.4175453186035,47.6521083626307,44.9261906263191,45.991205234441
2023-12-09,48.8032493591309,49.3163372606454,45.7486814361457,47.4067334701466
2023-12-16,48.7433586120606,50.3435111048339,48.0126552075298,49.3123469080207
2023-12-23,49.4341278076172,49.9082872550998,48.6644959569836,48.8811099690624
2023-12-30,49.009880065918,49.4590823260642,47.2360328328919,49.1566185823825
2024-01-06,54.6129264831543,55.2477996048971,49.3912089138906,49.4241513059649
2024-01-13,59.3854484558106,59.3944313602979,54.6428785269628,54.9203851600362
2024-01-20,60.9227142333984,62.7374894464551,58.4810548917738,59.9424580964783
2024-01-27,66.0426177978516,66.4818319392403,60.592302430781,61.1233562026773
2024-02-03,72.005012512207,72.0569145787075,66.1823622365671,68.1039420025155
2024-02-10,72.4841613769531,74.478617412843,69.4964756483901,72.4711839554994
2024-02-17,78.6771621704102,82.2478116210113,66.1304621731913,71.8193483612636
2024-02-24,82.1330032348633,82.1539696889409,76.9881491775259,79.5585770437553
2024-03-02,87.3727035522461,97.2271898269981,83.2689974223559,83.9807298250357
2024-03-09,87.6852645874023,91.8011434370649,84.0206084065436,86.279699690701
2024-03-16,94.1261138916016,94.6142675426942,84.8631443613664,90.2318520317167
2024-03-23,90.1999130249023,96.5988358045199,88.9690413234754,93.7787190318733
2024-03-30,87.8559646606445,92.0656748130909,85.7316349243526,90.1430072001078
2024-04-06,88.0336532592773,90.5822442825176,82.8785803660701,88.5467652491249
2024-04-13,76.0683670043945,90.4564716075077,75.4753989453773,88.9440892689429
2024-04-20,87.5834426879883,88.1784137973661,76.2680242600299,77.969075443418
2024-04-27,88.6356201171875,89.1267669670686,81.1146307578282,87.4436824862481
2024-05-04,89.7227325439453,92.0606895618371,88.0785822130105,89.235576608253
2024-05-11,92.3192367553711,95.6534707915686,88.3760635146487,90.3216940757123
2024-05-18,106.285087585449,106.291073930865,93.019041495668,93.5880565749953
2024-05-25,109.44361114502,115.618921783708,106.755262536882,110.053555697448
2024-06-01,120.679176330566,125.370056693334,111.809522310608,113.424731186192
2024-06-08,131.652191162109,132.610524297373,116.807875331869,120.162071770153
2024-06-15,126.36173248291,140.528378075804,124.095471052556,132.771174350529
2024-06-22,123.336715698242,127.909173514039,117.845765954732,123.03720630186
2024-06-29,125.622947692871,128.637982527417,118.634466241279,123.266830479844
2024-07-06,129.027328491211,135.925945836386,126.830944235131,127.280200669617
2024-07-13,117.735946655273,131.173797330153,116.368198246287,130.345161265946
2024-07-20,112.873954772949,124.484822219425,106.12508399012,120.151959826925
2024-07-27,107.093475341797,119.962270830276,101.203190353979,113.502916510574
2024-08-03,104.577629089355,108.620967676062,90.5407678990943,91.9085086267264
2024-08-10,124.375,124.794307043625,106.08514666436,106.145045494352
2024-08-17,129.157135009766,130.534869288893,122.897454763154,124.07551354401
2024-08-24,119.173583984375,131.044011219116,116.517957256292,129.356804845604
2024-08-31,102.660797119141,116.018777854613,100.783885746772,115.81910999735
2024-09-07,118.904014587402,120.591236061124,103.519376329293,104.70741295649
2024-09-14,115.819030761719,119.473324526631,113.043369001918,116.607799212902
2024-09-21,121.210609436035,127.470824466642,114.68081135762,116.368177282632
2024-09-28,124.725112915039,124.844928447676,114.960371721183,118.125424437782
2024-10-05,134.589706420898,135.568173292391,124.755066957224,124.795005468764
2024-10-12,137.784698486328,140.670189026389,128.539151014521,136.257086743648
2024-10-19,141.319183349609,144.194695271241,137.245561773944,137.914514710021
2024-10-26,135.188766479492,142.916697368214,131.903905666144,142.776916381156
2024-11-02,147.399673461914,149.536334037745,135.358491836951,136.995932509691
2024-11-09,141.758499145508,149.416531696551,139.861469343731,148.448043730964
2024-11-16,141.728530883789,152.651465066387,136.936016650686,139.282356346211
2024-11-23,138.034317016602,141.828391706731,131.594382669334,141.768487749963
2024-11-30,142.217788696289,146.311383343986,137.605001009597,138.613419872948
2024-12-07,134.0498046875,141.608523520233,132.342347957457,138.762767382174
2024-12-14,134.499114990234,136.496132333032,126.670810663114,133.979886215018
2024-12-21,136.8056640625,141.688370730536,134.509106366214,136.076757017228
2024-12-28,134.089736938477,140.060830393947,133.630431433308,134.628940210152
