Date,Close,High,Low,Open
2000-01-01,0.0798871964216232,0.0908565750901529,0.0753562216403035,0.090141400043132
2000-01-08,0.083821102976799,0.0871598095234644,0.0760713845993351,0.0801252660793777
2000-01-15,0.0853714346885681,0.0920488424934382,0.0810794630477127,0.0848943419976633
2000-01-22,0.0713023319840431,0.0881139925570703,0.0684407178662361,0.0881139925570703
2000-01-29,0.0773827061057091,0.0783368846036898,0.0667713720054844,0.0716594704044855
2000-02-05,0.0953875556588173,0.0987262631773819,0.0724946168037972,0.0777407605030367
2000-02-12,0.128534689545631,0.130204036264512,0.0946714539348096,0.09562563242805
2000-02-19,0.116730146110058,0.127222443930946,0.111603052018997,0.124480785417518
2000-02-26,0.112318240106106,0.123526614749256,0.109695622459403,0.116134025974781
2000-03-04,0.225113570690155,0.276622670842757,0.110648892313329,0.113034335114988
2000-03-11,0.190536126494408,0.286161770511968,0.175482638539595,0.204129039834036
2000-03-18,0.177778333425522,0.204367110354429,0.165973822677812,0.198047746802865
2000-03-25,0.161174550652504,0.183143536582251,0.134496027215341,0.177420292962184
2000-04-01,0.195663169026375,0.200313184635775,0.108741441723467,0.159713931767326
2000-04-08,0.131246998906136,0.210567340844715,0.124956934462409,0.199001831796344
2000-04-15,0.153812170028687,0.171219954428375,0.120187927537108,0.120187927537108
2000-04-22,0.170027703046799,0.183143522693984,0.138549899636621,0.144988317957249
2000-04-29,0.175750941038132,0.185767063977451,0.152619912053153,0.176466116207089
2000-05-06,0.15214279294014,0.177420257282205,0.149042181906971,0.171219935802622
2000-05-13,0.194828063249588,0.218675178703196,0.144035035971838,0.151427625524604
2000-05-20,0.201326921582222,0.224994548023187,0.175631883164515,0.192682543425258
2000-05-27,0.250988095998764,0.253729754966304,0.205798344969995,0.206751602398039
2000-06-03,0.241210043430328,0.268991998400651,0.225113569935407,0.25063004436046
2000-06-10,0.285684645175934,0.28616173787131,0.227021947392883,0.242283291799861
2000-06-17,0.28246596455574,0.335763497981469,0.277815032800545,0.284969541991639
2000-06-24,0.242522284388542,0.319070767465296,0.219390344947649,0.288069159754088
2000-07-01,0.222013846039772,0.251822281295034,0.201267345504018,0.244191610712383
2000-07-08,0.281630843877792,0.294984748581495,0.216052619631496,0.218198145458955
2000-07-15,0.26589235663414,0.28616175655979,0.250152990626549,0.285923674135223
2000-07-22,0.206036478281021,0.26803790682592,0.190774217236594,0.266130463621138
2000-07-29,0.243237480521202,0.248006524495076,0.206036448630446,0.217482921031083
2000-08-05,0.245860978960991,0.270899447048523,0.234175510875657,0.244906820926045
2000-08-12,0.293792337179184,0.297131057341075,0.24037578925377,0.248960644717941
2000-08-19,0.28616189956665,0.309770032498591,0.260407339521862,0.304523865639794
2000-08-26,0.303331404924393,0.314777861706613,0.284254249859082,0.287592970319557
2000-09-02,0.28043857216835,0.310724113318621,0.275192407084195,0.310486003565096
2000-09-09,0.270482838153839,0.283300127154295,0.258499765514047,0.276861722351093
2000-09-16,0.269469112157822,0.272807833108214,0.238468430432144,0.271138472633018
2000-09-23,0.312393426895142,0.32574735786157,0.275669482233004,0.277815007895332
2000-09-30,0.2611223757267,0.329086008940717,0.25730748979794,0.316685364559849
2000-10-07,0.248483598232269,0.270899448620817,0.222251961687542,0.254445837444542
2000-10-14,0.265653282403946,0.271853603311495,0.200551263754691,0.248483570225965
2000-10-21,0.233698427677155,0.269469107850469,0.214621297407945,0.267799774692466
2000-10-28,0.271853685379028,0.276622729891091,0.217005852818422,0.229883604778048
2000-11-04,0.224398404359818,0.305238853993011,0.218437092938184,0.278292041997032
2000-11-11,0.241807177662849,0.270184347111271,0.20603648899299,0.213190997877975
2000-11-18,0.219390347599983,0.234652605309821,0.198405761526048,0.23286420371905
2000-11-25,0.169789642095566,0.236560121403066,0.138788938635097,0.235129770838125
2000-12-02,0.18982096016407,0.19125131060274,0.141650541492404,0.170862853874312
2000-12-09,0.142842769622803,0.193635778905226,0.142126680371065,0.183620585932636
2000-12-16,0.133780807256699,0.16311214979431,0.104925643079226,0.148804066000239
2000-12-23,0.125016540288925,0.142126740032853,0.119710881483384,0.135450237562296
2000-12-30,0.141530528664589,0.170266650857972,0.107787254088113,0.125911136588054
2001-01-06,0.179327711462975,0.197451598046933,0.137595719388006,0.137595719388006
2001-01-13,0.198643893003464,0.217482943610435,0.162397029108075,0.180281921502677
2001-01-20,0.193874835968018,0.213667157955814,0.176108998338313,0.192682568021505
2001-01-27,0.178851559758186,0.206990642368187,0.177420281594834,0.187912582659353
2001-02-03,0.169073522090912,0.183143527541521,0.161681846021005,0.17861255208561
2001-02-10,0.227021917700768,0.232745146251553,0.156434763623677,0.16716604571439
2001-02-17,0.207347735762596,0.228929369263222,0.19458996933184,0.221298697760832
2001-02-24,0.166272327303886,0.206990627013515,0.152619895188587,0.201267384184691
2001-03-03,0.191013157367706,0.207705777549912,0.158820198283264,0.159773455664709
2001-03-10,0.227499067783356,0.243177986192163,0.175989943237842,0.18457480187718
2001-03-17,0.255638122558594,0.267561673916918,0.213965650055195,0.226305859276804
2001-03-24,0.247708901762962,0.273522993446695,0.246099089266673,0.255638104332499
2001-03-31,0.239183530211449,0.253014519889103,0.205321203597457,0.24705318283866
2001-04-07,0.268037885427475,0.279484344916297,0.223778501330562,0.243809832726513
2001-04-14,0.331794738769531,0.343355682727946,0.256705899473806,0.263268831422807
2001-04-21,0.301423996686935,0.336869591720867,0.278531053222066,0.32458340467929
2001-04-28,0.342707246541977,0.356557478693492,0.303064020026467,0.309626950147636
2001-05-05,0.298142045736313,0.363539842674563,0.292037868924441,0.341409697827532
2001-05-12,0.329276353120804,0.341486532714111,0.288260476412945,0.299020138577101
2001-05-19,0.349880188703537,0.381549386093893,0.321950801750696,0.328552213821684
2001-05-26,0.344729244709015,0.347972722317545,0.319585484259624,0.347896718235595
2001-06-02,0.3691486120224,0.380022760779173,0.334847663022099,0.344958114186876
2001-06-09,0.362662613391876,0.378649230779754,0.346370178541804,0.369682524152428
2001-06-16,0.348354548215866,0.367622168465437,0.316494921817914,0.361746930510894
2001-06-23,0.353886365890503,0.359419134407192,0.337517901002417,0.352246315496005
2001-06-30,0.307910114526749,0.346065313677271,0.301805007574255,0.339884229925755
2001-07-07,0.308901727199554,0.31763952027024,0.290435386445459,0.303903743512515
2001-07-14,0.285742342472076,0.309054687937994,0.27662269987975,0.305430262533351
2001-07-21,0.309054702520371,0.312374183917679,0.256629875053799,0.286161756539137
2001-07-28,0.332672864198685,0.337823756799716,0.291122163168573,0.309436523779211
2001-08-04,0.322943300008774,0.346141156430589,0.313251350357768,0.330306578229441
2001-08-11,0.319623798131943,0.342249343875792,0.316914178735328,0.328475117790307
2001-08-18,0.325384616851807,0.331909094487241,0.306193005409888,0.317601009867241
2001-08-25,0.323209792375565,0.343203581589684,0.308100458019222,0.318097352626281
2001-09-01,0.297684162855148,0.32233253898622,0.288260532629815,0.32233253898622
2001-09-08,0.28906175494194,0.299706961827289,0.283071134542977,0.295165931127942
2001-09-15,0.205807477235794,0.277691307120661,0.198481737045147,0.27105234611819
2001-09-22,0.209623321890831,0.239536150032861,0.194665993587721,0.222137521840533
2001-09-29,0.251059621572495,0.257927499024954,0.172917750392324,0.209470466978893
2001-10-06,0.30852085351944,0.309054710524215,0.238239514905358,0.241138667915699
2001-10-13,0.338510602712631,0.345683422980936,0.291122208710622,0.299515679070852
2001-10-20,0.349422216415405,0.384906261047048,0.32851362203125,0.33599231247532
2001-10-27,0.359953016042709,0.364302659446102,0.307910040188151,0.350643813621194
2001-11-03,0.405967652797699,0.406273497421913,0.358656215752647,0.366210880895276
2001-11-10,0.400550425052643,0.427258255088942,0.390706465295474,0.404442215480218
2001-11-17,0.381167531013489,0.408257217580596,0.364760635644442,0.40451833481356
2001-11-24,0.416956424713135,0.422527645945346,0.386508811690727,0.387577453494401
2001-12-01,0.457476854324341,0.480369767645699,0.403297505273899,0.408181032044998
2001-12-08,0.500897407531738,0.503262730186592,0.451372673021094,0.455187558142894
2001-12-15,0.492808848619461,0.526155605598317,0.470602729982079,0.497081558948336
2001-12-22,0.516693532466888,0.536076504471269,0.492351002410368,0.492579969747201
2001-12-29,0.531268835067749,0.554466684583451,0.499828600774344,0.520509174934791
2002-01-05,0.481285780668259,0.539891680473485,0.479302305697179,0.533405651820807
2002-01-12,0.486856758594513,0.498913104405559,0.456027299982303,0.480217796841204
2002-01-19,0.49959996342659,0.512039087541489,0.469152322275448,0.491435406644064
2002-01-26,0.489375054836273,0.521577204734823,0.484185709283898,0.509367920625728
2002-02-02,0.440460175275803,0.500210730442466,0.422985542320059,0.488306391054818
2002-02-09,0.437636971473694,0.488840271689216,0.433058388088301,0.439773354440808
2002-02-16,0.380938589572907,0.434584074288805,0.375826120863364,0.418940877934697
2002-02-23,0.426877319812775,0.431074054523143,0.382617024013777,0.38269395596298
2002-03-02,0.444809675216675,0.461597509742064,0.419856385870828,0.428173848790582
2002-03-09,0.402686685323715,0.444809686241396,0.38170121620691,0.439926187138566
2002-03-16,0.370636701583862,0.418864821979462,0.351482637371637,0.410012571292594
2002-03-23,0.338510602712631,0.36933916764829,0.319509473462432,0.368881314701764
2002-03-30,0.321263760328293,0.341028601050916,0.309512364070256,0.319738167083416
2002-04-06,0.279904693365097,0.338052755384132,0.271128446115381,0.306383587522521
2002-04-13,0.281736046075821,0.311954744066822,0.28135419728341,0.285322018869044
2002-04-20,0.231752529740334,0.288832866900068,0.231752529740334,0.27860705863894
2002-04-27,0.249914854764938,0.280438466923063,0.248617273079884,0.259148024342885
2002-05-04,0.243275910615921,0.279522753790056,0.234347684518928,0.243427918744668
2002-05-11,0.298905849456787,0.299744650770916,0.243733867679291,0.245794219800997
2002-05-18,0.267313539981842,0.310199351561087,0.261132457331555,0.296387568842601
2002-05-25,0.255332291126251,0.269831767200552,0.248693328382731,0.269678831173854
2002-06-01,0.246480941772461,0.253729764791928,0.228547529864405,0.249151181585198
2002-06-08,0.215040698647499,0.256705856040025,0.196421407546,0.249761949691619
2002-06-15,0.172917693853378,0.222672291942206,0.169254829805433,0.219848215369408
2002-06-22,0.1311005204916,0.181540975927626,0.125377278387126,0.168492006853451
2002-06-29,0.144912287592888,0.144988291652585,0.119196198009771,0.130489732663338
2002-07-06,0.15193310379982,0.160861357792834,0.136060056413889,0.14323378989272
2002-07-13,0.13834935426712,0.178183075234037,0.137357644390826,0.152314058802304
2002-07-20,0.11225139349699,0.1416312748957,0.109123301052875,0.137739471270465
2002-07-27,0.0713499486446381,0.129573997761185,0.0694415920040391,0.11690687887712
2002-08-03,0.0702053233981133,0.0731044830528455,0.0647870176286867,0.0702813274706464
2002-08-10,0.0815748572349548,0.0843220082859737,0.0676101687457433,0.0694416005055471
2002-08-17,0.0876799300312996,0.102636346766143,0.0849327793344199,0.0850857084889787
2002-08-24,0.0770732089877129,0.0903511142230718,0.075546707376967,0.0893584764304873
2002-08-31,0.0706631764769554,0.074478055585472,0.0686788220291713,0.0734103348162244
2002-09-07,0.0806591510772705,0.0908089627572289,0.0679920285798549,0.0701283979814794
2002-09-14,0.0702813193202019,0.0808120644155785,0.0687548179539041,0.0794384922313509
2002-09-21,0.0653208866715431,0.0736392669961622,0.0652448825929034,0.0691366803090684
2002-09-28,0.0621158704161644,0.0728755500440248,0.0610481428231394,0.0650919552089302
2002-10-05,0.0672292411327362,0.0682969687618692,0.0549430561292294,0.0612770781685448
2002-10-12,0.0717309191823006,0.0750888603298541,0.0638713186268699,0.065244891263284
2002-10-19,0.0847038850188255,0.0866882464483161,0.0691366804721813,0.0707391862205746
2002-10-26,0.107596799731255,0.108894374624363,0.0771491977348123,0.0885956617267852
2002-11-02,0.0866882279515266,0.125987158736523,0.0840170808634221,0.114082827986625
2002-11-09,0.102789297699928,0.106147231249694,0.0779889168318314,0.0825675071490733
2002-11-16,0.119958981871605,0.128811230692036,0.104849647637244,0.11103074263637
2002-11-23,0.130718663334847,0.135679108706139,0.120569774050993,0.125529291545045
2002-11-30,0.107825748622417,0.139418016566617,0.101339721736648,0.13766258165628
2002-12-07,0.101033851504326,0.112175384535913,0.098363618828216,0.104315780390611
2002-12-14,0.0978288576006889,0.112557252493617,0.0930213340624064,0.104544724634192
2002-12-21,0.091189906001091,0.101033873125292,0.0903511116709114,0.09759992856657
2002-12-28,0.0939370468258858,0.0972949869273528,0.0853906557920442,0.0915717511982214
2003-01-04,0.0943948924541473,0.105918280494469,0.0903510879049128,0.0962263308897575
2003-01-11,0.0820327401161194,0.0988215095261535,0.0809650124027853,0.0979817940569352
2003-01-18,0.0776070505380631,0.0853146469015823,0.0762334784072421,0.083559219180376
2003-01-25,0.0787517055869103,0.0831013621775026,0.0729524659359111,0.0759285435292826
2003-02-01,0.0744780451059341,0.0828724276749082,0.0743260369818704,0.0802012806068405
2003-02-08,0.0918766856193543,0.0919536107423548,0.0711970361386848,0.0744020471924318
2003-02-15,0.0981346964836121,0.101033862708209,0.0942428994194424,0.0953875452134554
2003-02-22,0.0963032394647598,0.102942186067851,0.0901981496478656,0.0972949626363166
2003-03-01,0.0953106135129929,0.0992024100299003,0.0915717393384266,0.0974478966686619
2003-03-08,0.102407447993755,0.106834030425219,0.0922585500943929,0.094318915515461
2003-03-15,0.108054652810097,0.113167099078957,0.100499986079742,0.100728912480154
2003-03-22,0.102484352886677,0.111793540984671,0.10080492911822,0.103629005499483
2003-03-29,0.102178506553173,0.106834014760987,0.0978288498898423,0.0993553444483343
2003-04-05,0.101110801100731,0.10988612040323,0.100118163241256,0.10904641176062
2003-04-12,0.104162879288197,0.104925669536972,0.099279351516761,0.0995842888634246
2003-04-19,0.103400088846684,0.111335699176789,0.10240745102846,0.104315808354878
2003-04-26,0.121332570910454,0.122095367958543,0.103400079056471,0.104620728992679
2003-05-03,0.163073748350143,0.164295312628856,0.119425152436776,0.122477241491842
2003-05-10,0.162234976887703,0.167118505846279,0.152162087785309,0.163455627157948
2003-05-17,0.159258872270584,0.163302685163705,0.151169431665142,0.160097673518305
2003-05-24,0.19970241189003,0.203213281140945,0.154527329018594,0.157579417542431
2003-05-31,0.196574285626411,0.211759621112537,0.184212097914355,0.204891734501867
2003-06-07,0.179098784923553,0.20069506133643,0.177802130948903,0.195352766726771
2003-06-14,0.180701285600662,0.198176845376948,0.169254827105164,0.181236070429305
2003-06-21,0.172154873609543,0.181464975316653,0.16833908770199,0.180549256016727
2003-06-28,0.179404631257057,0.18604359354562,0.171010247869434,0.174444199056546
2003-07-05,0.186424523591995,0.196497409532237,0.181769936246585,0.181845940314181
2003-07-12,0.162234976887703,0.192300735424893,0.156205887517999,0.191156089246104
2003-07-19,0.160708501935005,0.168797030292043,0.152619959932707,0.163150717014014
2003-07-26,0.15048260986805,0.162386934615852,0.1401047797467,0.162006000044593
2003-08-02,0.118280500173569,0.163837450980887,0.116449061262502,0.150330612890965
2003-08-09,0.123239979147911,0.130107866054047,0.11942510803928,0.120187891227489
2003-08-16,0.139341920614243,0.148651090273798,0.123011015943151,0.125224302318262
2003-08-23,0.138655185699463,0.142622993246029,0.13262609897358,0.142012204439945
2003-08-30,0.142546981573105,0.145751992026123,0.134076595829754,0.141096477632104
2003-09-06,0.147659420967102,0.163837409227211,0.139646901652357,0.144836272891749
2003-09-13,0.151398316025734,0.155367037964651,0.144683364041417,0.148880084518678
2003-09-20,0.128658294677734,0.148728074142595,0.126902873795702,0.148422229438483
2003-09-27,0.128047540783882,0.131252552021785,0.119806079416346,0.122172289513175
2003-10-04,0.127666637301445,0.130336878270403,0.122935129681091,0.12827651220618
2003-10-11,0.127131819725037,0.135297276916294,0.126826889206073,0.129116180969064
2003-10-18,0.130565792322159,0.136441959323483,0.126445060587547,0.12720877208281
2003-10-25,0.134915426373482,0.143156888364921,0.130336842442796,0.131252561957985
2003-11-01,0.165973752737045,0.168339047662211,0.132854998044976,0.134228583490781
2003-11-08,0.153916522860527,0.168796929840201,0.153458670062184,0.166507638557982
2003-11-15,0.150788486003876,0.15796130658506,0.147888418514794,0.151017426132382
2003-11-22,0.162006035447121,0.165820908321446,0.151169435854484,0.152238077843309
2003-11-29,0.155900925397873,0.169407763950913,0.154603357066192,0.163837456598493
2003-12-06,0.159029886126518,0.163073697502482,0.148804066026151,0.155900879737402
2003-12-13,0.160784438252449,0.164829164664648,0.152162042713385,0.16368450517966
2003-12-20,0.173528507351875,0.174520230986518,0.156816656210257,0.158419155194179
2003-12-27,0.176122665405273,0.184669969394983,0.174139218863103,0.176809458229614
2004-01-03,0.194361060857773,0.196726370460192,0.177191358101175,0.178793870605387
2004-01-10,0.188179969787598,0.197490059279127,0.180396361365588,0.195047845123807
2004-01-17,0.17619962990284,0.193750280452818,0.175817781070348,0.190469265100419
2004-01-24,0.169789642095566,0.183906344157682,0.161395256525524,0.177344312109859
2004-01-31,0.173681408166885,0.176122708086738,0.167042459288638,0.171163189942793
2004-02-07,0.177802130579948,0.185661729053832,0.172383831912764,0.174978054088748
2004-02-14,0.184212133288383,0.185203856649264,0.176046677291678,0.178488891072923
2004-02-21,0.169789642095566,0.18421220262438,0.167194504984372,0.183906344157682
2004-02-28,0.169331789016724,0.173757451183448,0.16414241538381,0.169331789016724
2004-03-06,0.162082001566887,0.171697034517403,0.157808348844866,0.169407742907079
2004-03-13,0.169178798794746,0.173223511016831,0.157427397827342,0.161090261292017
2004-03-20,0.18581460416317,0.188713769753545,0.164066325189326,0.166584542656218
2004-03-27,0.200695067644119,0.205807521744021,0.188103963040141,0.188484897628022
2004-04-03,0.204052120447159,0.208707636652039,0.194894951959663,0.199626458602916
2004-04-10,0.180167451500893,0.206570340749453,0.179785602640337,0.205654621224617
2004-04-17,0.177344262599945,0.182380712418514,0.167347380676048,0.180014502467828
2004-04-24,0.156587690114975,0.178488895184709,0.155976901274975,0.177725197633279
2004-05-01,0.168492019176483,0.175283889765164,0.151856175814628,0.158266197615867
2004-05-08,0.164142325520515,0.167729184400489,0.157885227490323,0.163989403193588
2004-05-15,0.161777064204216,0.170170532694756,0.159105910264655,0.161777064204216
2004-05-22,0.178946748375893,0.179938471685954,0.158648043392416,0.161471191563944
2004-05-29,0.167194485664368,0.183983254864441,0.167042477503525,0.175893800818296
2004-06-05,0.158724039793015,0.173146579813307,0.157274450103568,0.169941569403769
2004-06-12,0.150788486003876,0.158419159551558,0.148804124447789,0.157885302501392
2004-06-19,0.154527351260185,0.159563801559298,0.147125605016763,0.15101740938134
2004-06-26,0.146972686052322,0.158724089849338,0.145828040091165,0.156740642699373
2004-07-03,0.128963232040405,0.146743705517181,0.126445000703406,0.145217211127205
2004-07-10,0.115838289260864,0.129726978212045,0.115838289260864,0.125377320396572
2004-07-17,0.111564606428146,0.121485497508686,0.10988609691135,0.116143203180565
2004-07-24,0.117669716477394,0.119806086009527,0.105612461108013,0.113015121741861
2004-07-31,0.0719598308205605,0.119806068632108,0.0709681073912839,0.117745703475686
2004-08-07,0.0801252946257591,0.0818807295950069,0.0725706256075537,0.0737912756806915
2004-08-14,0.0942428931593895,0.0955395469990862,0.0787517031749878,0.0792095560040786
2004-08-21,0.0987445786595345,0.100118157905708,0.0908849793221432,0.0957685005267682
2004-08-28,0.0978288576006889,0.101644650826926,0.0921056214660632,0.0983636356127081
2004-09-04,0.107367910444736,0.107901774341435,0.0937850658528682,0.0984396612135809
2004-09-11,0.112099409103394,0.11270927700544,0.102407449725856,0.107214966848786
2004-09-18,0.107214964926243,0.115838275444038,0.105612459247335,0.109886112468471
2004-09-25,0.115380384027958,0.115991159124792,0.103400051176116,0.106376135082192
2004-10-02,0.110725820064545,0.121256566052847,0.109733182346749,0.116372137875538
2004-10-09,0.102407447993755,0.114006843422455,0.0998132187565571,0.110877836136978
2004-10-16,0.10133969783783,0.108512516063469,0.100957849080398,0.101797557476595
2004-10-23,0.11041995882988,0.115914261196894,0.100271062545092,0.10049999579025
2004-10-30,0.134610429406166,0.143233735999103,0.110496851122215,0.111946426935532
2004-11-06,0.138120338320732,0.14040962863635,0.132550034810537,0.133160823339658
2004-11-13,0.144683375954628,0.156663704709834,0.135908044571841,0.136746845655276
2004-11-20,0.151551261544228,0.152924833892861,0.143843670781114,0.145217243129747
2004-11-27,0.158190160989761,0.160250525690721,0.145141193647184,0.152695859668953
2004-12-04,0.177878171205521,0.190469291620585,0.156129868585339,0.158953031424682
2004-12-11,0.175970733165741,0.189706500057819,0.172154932311804,0.175207021726535
2004-12-18,0.176046699285507,0.180778218731205,0.169789599400224,0.178031060487146
2004-12-25,0.179785624146462,0.180701330135579,0.17261280312567,0.178488956192897
2005-01-01,0.168110221624374,0.188637861421289,0.165591989234451,0.186043638588778
2005-01-08,0.164142325520515,0.170170497176221,0.157961231537882,0.168644903543685
2005-01-15,0.163608506321907,0.167881245077027,0.159639797497496,0.162310938070891
2005-01-22,0.174597069621086,0.176199567873691,0.156129791882652,0.162692748154411
2005-01-29,0.196803286671639,0.197337143659802,0.172459850117655,0.176046710285166
2005-02-05,0.199550405144691,0.200999995058981,0.188484881923651,0.197032187162762
2005-02-12,0.215727463364601,0.215956389771899,0.192911440729648,0.199473470122409
2005-02-19,0.22007717192173,0.223511109782035,0.207867901635469,0.214277924432807
2005-02-26,0.210386112332344,0.225877297111061,0.208172811080968,0.219009422086323
2005-03-05,0.191995725035667,0.216949031382546,0.190240290512494,0.211301793281722
2005-03-12,0.184441119432449,0.200313255861233,0.181007181178261,0.19596359801021
2005-03-19,0.191766858100891,0.197108239509705,0.183219550768098,0.1843641968262
2005-03-26,0.179556623101234,0.194589967413148,0.178488895652363,0.191842809441814
2005-04-02,0.178946748375893,0.186119566412192,0.174291233820472,0.178564885983289
2005-04-09,0.162921711802483,0.180854208974869,0.161395203602262,0.180243420119328
2005-04-16,0.169712677598,0.17192596519635,0.161013363805771,0.161929083201572
2005-04-23,0.167347401380539,0.17604671618738,0.15963981015369,0.171163201777897
2005-04-30,0.176809474825859,0.176886393118679,0.164218358284343,0.16933172592282
2005-05-07,0.193292409181595,0.194361050992459,0.169865607271199,0.177573211575778
2005-05-14,0.200695067644119,0.200771071715277,0.190927111748609,0.191003115819767
2005-05-21,0.210004255175591,0.21298033988614,0.201457863506918,0.202068652414107
2005-05-28,0.215956375002861,0.217711795727993,0.202984325221389,0.209088487736844
2005-06-04,0.213515073060989,0.216262230838193,0.205044700616431,0.212064582705912
2005-06-11,0.205349683761597,0.224274821661068,0.196650369036434,0.21366714963906
2005-06-18,0.206723257899284,0.216109365734328,0.201991751649653,0.205349685469481
2005-06-25,0.204815834760666,0.207715001702421,0.200695103424784,0.2054257095481
2005-07-02,0.214735820889473,0.21542260036997,0.203594276697253,0.205578638342189
2005-07-09,0.205196738243103,0.223588003422918,0.201610778980185,0.2166431965146
2005-07-16,0.197108179330826,0.206723211470482,0.195658603149281,0.204586842405657
2005-07-23,0.206494316458702,0.209470401211808,0.193979202175609,0.19481891753902
2005-07-30,0.215575441718102,0.216033308178196,0.206341357968817,0.207714930058594
2005-08-06,0.228547528386116,0.23053187583369,0.210386104396284,0.217025052732151
2005-08-13,0.222824305295944,0.236713005698768,0.222137525946346,0.229311246068424
2005-08-20,0.220687955617905,0.227326905129207,0.218398663624025,0.22244339059173
2005-08-27,0.230378985404968,0.23701792062265,0.21687214758586,0.218627568742993
2005-09-03,0.245641201734543,0.246175085929938,0.227708718513283,0.231218659826302
2005-09-10,0.253729730844498,0.257087663733859,0.241902326200733,0.245870120003902
2005-09-17,0.249608933925629,0.259071941257899,0.241520385214335,0.253424718590144
2005-09-24,0.261590242385864,0.263955537740215,0.247014765760188,0.25151734430005
2005-10-01,0.252280175685883,0.274333390134111,0.247854501184057,0.264642366759451
2005-10-08,0.2444207072258,0.254035759467677,0.235034595195596,0.253577906334855
2005-10-15,0.243733882904053,0.249228173765479,0.232821250693272,0.244572656980059
2005-10-22,0.247396662831306,0.252738043374623,0.234652622212797,0.245870168138856
2005-10-29,0.259910941123962,0.270899550271874,0.24838847485304,0.24838847485304
2005-11-05,0.259758919477463,0.280591490476238,0.2506017502104,0.261284513963931
2005-11-12,0.276164889335632,0.279904699592032,0.255867105124274,0.259834900340079
2005-11-19,0.290511310100555,0.291884868292786,0.274639182166619,0.276470593089593
2005-11-26,0.279217898845673,0.293792452377181,0.26876314858364,0.291274220206681
2005-12-03,0.277309477329254,0.279827709041529,0.270289594296093,0.279827709041529
2005-12-10,0.281201243400574,0.287459256148776,0.275859864098593,0.278073151258354
2005-12-17,0.286466658115387,0.286848506899075,0.272730881653168,0.281812043703708
2005-12-24,0.278988897800446,0.291808941393488,0.277844252025728,0.286161716584525
2005-12-31,0.311648935079575,0.312793581001299,0.279675726642047,0.280591432463222
2006-01-07,0.324392974376678,0.337060083517089,0.310810132129855,0.311496897846526
2006-01-14,0.334313035011292,0.348430638890657,0.311344078732532,0.319967391553926
2006-01-21,0.35293310880661,0.356824899055655,0.330878966659648,0.336908040369026
2006-01-28,0.335915297269821,0.354840412939014,0.32965821332622,0.354458564264534
2006-02-04,0.334999650716782,0.349117247115946,0.327140039947633,0.334999650716782
2006-02-11,0.362242430448532,0.387043727122414,0.331642798959039,0.333932091481371
2006-02-18,0.348430424928665,0.362090194670699,0.341104698919733,0.361479405936719
2006-02-25,0.37513929605484,0.381625350439366,0.347438852125159,0.3511017302167
2006-03-04,0.361632317304611,0.38498310659926,0.353009010365343,0.382464875662622
2006-03-11,0.372163265943527,0.383303881913066,0.361937428042101,0.36529536218926
2006-03-18,0.396429777145386,0.397116570255836,0.367965605844501,0.375444271393044
2006-03-25,0.436950206756592,0.444351938800733,0.395437056874321,0.396734638739606
2006-04-01,0.465947270393372,0.470678789492371,0.433745153325021,0.439239469410548
2006-04-08,0.451753705739975,0.467626767042606,0.443970097462406,0.464879595126694
2006-04-15,0.428402870893478,0.464268793081635,0.423214399551456,0.450990869418961
2006-04-22,0.445954442024231,0.451601694546384,0.423519377702458,0.431150049909457
2006-04-29,0.477393984794617,0.480751919854992,0.44900673798334,0.44900673798334
2006-05-06,0.401847004890442,0.486550891228591,0.392842748488005,0.476173021854429
2006-05-13,0.371323436498642,0.411157152894247,0.363234912057571,0.401084253760431
2006-05-20,0.365829199552536,0.382617039667695,0.356214151905767,0.369339141418334
2006-05-27,0.36369264125824,0.376817624449232,0.348583311339651,0.366439784709665
2006-06-03,0.325842529535294,0.368423394786667,0.31378620961077,0.36170845547858
2006-06-10,0.330574095249176,0.340342052637804,0.300202481704986,0.320196276733877
2006-06-17,0.309970259666443,0.3359152821656,0.306307410807216,0.334236780045252
2006-06-24,0.324926972389221,0.33637343650875,0.291809103846267,0.309512684529697
2006-07-01,0.295623958110809,0.332710519502443,0.29226692394825,0.332405602521861
2006-07-08,0.269678860902786,0.298523979617645,0.262048187419045,0.296387596266867
2006-07-15,0.271205216646194,0.309817372379015,0.267084514806559,0.268458072989604
2006-07-22,0.34598833322525,0.346599122150002,0.279751725221015,0.281278219948954
2006-07-29,0.36613404750824,0.381549253856588,0.318211808904905,0.342325400266475
2006-08-05,0.357129812240601,0.389179948786765,0.340646918402341,0.35972404794791
2006-08-12,0.417567104101181,0.423061419234165,0.353313961355751,0.361555420409975
2006-08-19,0.40413635969162,0.412683665227356,0.392384957370045,0.411310106620731
2006-08-26,0.42565581202507,0.450533135971014,0.410088619990342,0.41085231776288
2006-09-02,0.422756612300873,0.436644371805688,0.402000049242244,0.427029351316824
2006-09-09,0.451143801212311,0.453280184143328,0.408562938240899,0.413293529685126
2006-09-16,0.45495867729187,0.476935914912469,0.449770233084642,0.452364441543002
2006-09-23,0.451601624488831,0.474646573552803,0.440002231666378,0.461826530989006
2006-09-30,0.47205251455307,0.47724186074316,0.422298820136748,0.449464509272891
2006-10-07,0.515395820140839,0.518295872054789,0.469609953568498,0.470983538844437
2006-10-14,0.485177546739578,0.525469104126119,0.47602037708723,0.517075632336201
2006-10-21,0.4941825568676,0.527911170936693,0.480751696171902,0.484109629669905
2006-10-28,0.497539669275284,0.532184924426233,0.481056743578615,0.497539669275284
2006-11-04,0.525622069835663,0.552482818509454,0.49265621356309,0.498913329357042
2006-11-11,0.554314076900482,0.560877063019032,0.526537629833388,0.526690565863795
2006-11-18,0.564387023448944,0.565608601396369,0.543325515382257,0.547446219117422
2006-11-25,0.542409539222717,0.569118259856416,0.528673739594328,0.561029737870991
2006-12-02,0.542562603950501,0.571407743794932,0.532642667772221,0.549430533376092
2006-12-09,0.572323799133301,0.572323799133301,0.53890011022304,0.542715871483779
2006-12-16,0.565150678157806,0.594605654192206,0.562403506156081,0.572934259388001
2006-12-23,0.564844846725464,0.580260056728902,0.562708490787864,0.568202835186387
2006-12-30,0.513717591762543,0.572628475124588,0.510054713741528,0.565760599303071
2007-01-06,0.537679076194763,0.539815431580347,0.494487429491061,0.515548932027216
2007-01-13,0.486550986766815,0.54210480435159,0.475104473563038,0.541799860192491
2007-01-20,0.480293959379196,0.508376281307717,0.471594616516504,0.491129658331513
2007-01-27,0.486093103885651,0.488382395597468,0.456485193068372,0.478157514841642
2007-02-03,0.498303353786469,0.532794798671406,0.48761971755034,0.488382487444944
2007-02-10,0.499371081590652,0.526537640859858,0.496623909412343,0.501966191031761
2007-02-17,0.498303353786469,0.512191169390234,0.49128254131328,0.500134820248969
2007-02-24,0.454349011182785,0.503491924419896,0.453433277773443,0.499677037165386
2007-03-03,0.465642243623734,0.482278097643872,0.437407953091637,0.446412208963279
2007-03-10,0.432676553726196,0.469610193488077,0.427945034166706,0.460301018267654
2007-03-17,0.462284505367279,0.472205426118362,0.430998113687206,0.434965908886834
2007-03-24,0.43923944234848,0.467015883328612,0.430845046376318,0.462590236514911
2007-03-31,0.471594423055649,0.472052303127282,0.431607803885358,0.438170760675609
2007-04-07,0.466710895299912,0.476935828305658,0.444733688960664,0.471594421767593
2007-04-14,0.486703664064407,0.48838219347041,0.458316469502701,0.465489285826937
2007-04-21,0.504713118076325,0.515548810912146,0.47739358146129,0.484414389949716
2007-04-28,0.514480412006378,0.517991227262731,0.498761186034347,0.511581231713611
2007-05-05,0.53630542755127,0.541493843350066,0.491435256251992,0.521958864844972
2007-05-12,0.534474074840546,0.539204666164991,0.516617622223766,0.534168257402292
2007-05-19,0.513717591762543,0.549430611531665,0.503644718140522,0.532947687727612
2007-05-26,0.5323366522789,0.542562457722978,0.506696571270414,0.51158102520549
2007-06-02,0.557824909687042,0.564082023329439,0.525316944933436,0.527453300668195
2007-06-09,0.603610634803772,0.608189217065524,0.552940357967378,0.557824757605243
2007-06-16,0.665726542472839,0.669542355454847,0.595979107372232,0.609714855157648
2007-06-23,0.630471765995026,0.662979742462812,0.615057479778068,0.647107630478488
2007-06-30,0.668015956878662,0.670610192756544,0.637492340190944,0.639475814455665
2007-07-07,0.700066208839417,0.710749844831173,0.670305357088538,0.670458293131171
2007-07-14,0.688314497470856,0.729979616775206,0.682972163335732,0.700676658332046
2007-07-21,0.675341665744782,0.709376149617474,0.657485158813032,0.685872417845913
2007-07-28,0.649243652820587,0.731505316446036,0.648938708704498,0.677783845862739
2007-08-04,0.671373963356018,0.723416971527796,0.631692247600298,0.654738103317536
2007-08-11,0.688008904457092,0.700524006366688,0.618109439856912,0.676715380503477
2007-08-18,0.736389815807343,0.751041326415475,0.676868176769099,0.68846669803949
2007-08-25,0.780802428722382,0.783701609897912,0.705407725913464,0.736390108248273
2007-09-01,0.773018479347229,0.82414571743389,0.75806115241562,0.784312055607276
2007-09-08,0.7382972240448,0.803999996738332,0.736007932442375,0.78980636697089
2007-09-15,0.789577543735504,0.824145891449032,0.728682365078827,0.739442032116221
2007-09-22,0.82964026927948,0.851617484473308,0.788661869514825,0.794385127085971
2007-09-29,0.845436334609985,0.868787134147384,0.795529683165761,0.836736992520296
2007-10-06,0.827121734619141,0.863063657948865,0.798276652683457,0.851388288434331
2007-10-13,0.855966806411743,0.908162678010707,0.825977053777858,0.829868843321758
2007-10-20,0.787517070770264,0.908162841217564,0.76897377069218,0.850472616759873
2007-10-27,0.841086447238922,0.847038615647078,0.745393981769429,0.760503315549822
2007-11-03,0.763708472251892,0.874510294677193,0.747454516690782,0.833989780306825
2007-11-10,0.742875814437866,0.774468071605636,0.687474935290703,0.763479493640074
2007-11-17,0.691824913024902,0.736008266461318,0.666413726499041,0.732345387318928
2007-11-24,0.72204327583313,0.782938498443276,0.674425977372157,0.691366724449775
2007-12-01,0.775612950325012,0.789577616562686,0.717693796829616,0.732574223624705
2007-12-08,0.802855432033539,0.826206231363081,0.766455674266642,0.778131046640901
2007-12-15,0.804915726184845,0.82185647362585,0.76004554395772,0.794384973587133
2007-12-22,0.796445250511169,0.833302879885005,0.789577321799637,0.810867791643364
2007-12-29,0.686788260936737,0.804457969004488,0.682209676896974,0.790035423821133
2008-01-05,0.619253993034363,0.697090021892315,0.603228950744028,0.6913667652124
2008-01-12,0.568660497665405,0.661376877814883,0.515548917313279,0.6284110392068
2008-01-19,0.571178734302521,0.628640042385437,0.511199276584297,0.514404273692527
2008-01-26,0.614904344081879,0.618109341452661,0.545538692964844,0.569118456829641
2008-02-02,0.57209438085556,0.631616001204678,0.528826710168819,0.628182037427555
2008-02-09,0.509825766086578,0.620398673877976,0.501584304747672,0.576902075399361
2008-02-16,0.510970652103424,0.520127823053991,0.484414790849528,0.519212062294099
2008-02-23,0.489679843187332,0.527224262722664,0.487619519303582,0.510512431419756
2008-03-01,0.447557032108307,0.496090072657083,0.434965898551652,0.488993229100357
2008-03-08,0.419398695230484,0.457400980359106,0.41482011126399,0.442062702238939
2008-03-15,0.423977255821228,0.434965862193067,0.396276786144468,0.401084309960433
2008-03-22,0.450533032417297,0.473883801457025,0.43176081932193,0.433363317996032
2008-03-29,0.429929316043854,0.482125189836137,0.428784670406931,0.455340460099741
2008-04-05,0.424206137657166,0.469534170239513,0.421458965973654,0.440460118525739
2008-04-12,0.435423642396927,0.442291544111684,0.403144621686751,0.422603599222125
2008-04-19,0.461292773485184,0.472968145590713,0.431989777653527,0.431989777653527
2008-04-26,0.515548765659332,0.515548765659332,0.448014609846275,0.4592321503668
2008-05-03,0.515777945518494,0.536381571969806,0.480980687901646,0.512115067677611
2008-05-10,0.55881667137146,0.559961344589738,0.487161776254161,0.522416914494183
2008-05-17,0.529055833816528,0.579420250503565,0.521272198481899,0.559045538287686
2008-05-24,0.565455675125122,0.567287086909925,0.519898692941586,0.529971621501086
2008-05-31,0.55080384016037,0.580335760909497,0.533405220063308,0.565455344187998
2008-06-07,0.487848699092865,0.555153941221292,0.473426151106848,0.547599270629519
2008-06-14,0.452364474534988,0.488306377196849,0.443665160341095,0.482583175055918
2008-06-21,0.441375911235809,0.468160676687126,0.428326952328798,0.455798483545867
2008-06-28,0.285932689905167,0.440231046427428,0.283872339050952,0.436339257430301
2008-07-05,0.267160505056381,0.292113791267385,0.259147959928408,0.29028235316072
2008-07-12,0.264642328023911,0.271281261807797,0.244954412135034,0.269220910575695
2008-07-19,0.264642328023911,0.272654847489534,0.249761907440105,0.268763057778618
2008-07-26,0.248159527778626,0.273341771156615,0.244954529374609,0.261208516129093
2008-08-02,0.25182232260704,0.272425974378751,0.241520483075931,0.248159445116401
2008-08-09,0.296692579984665,0.308825835208705,0.24976203102595,0.253653849953099
2008-08-16,0.311572939157486,0.323248339803407,0.295547894430425,0.298752892459632
2008-08-23,0.289366751909256,0.317067191605692,0.288451018881059,0.309741463832658
2008-08-30,0.267160505056381,0.296692372888799,0.260750485328302,0.294174142080822
2008-09-06,0.233279019594193,0.270823413517975,0.220001110869682,0.269678767860978
2008-09-13,0.261208534240723,0.263268886601805,0.201457933702049,0.225037665867738
2008-09-20,0.267618447542191,0.269449886263275,0.243809798749114,0.25914804686849
2008-09-27,0.206723257899284,0.263726670656564,0.205349685469481,0.260521672868775
2008-10-04,0.155900925397873,0.19733714689867,0.143767672897858,0.196879293977832
2008-10-11,0.175130963325501,0.192300663204328,0.157961263446673,0.169178808160246
2008-10-18,0.151322305202484,0.182456692041383,0.136670824227031,0.181083119964076
2008-10-25,0.200542151927948,0.204433956212816,0.145599093614482,0.150406617357275
2008-11-01,0.199626415967941,0.208554669710718,0.173986327846592,0.204891792181808
2008-11-08,0.164142325520515,0.208325688896895,0.157045512394686,0.207181029733962
2008-11-15,0.146056890487671,0.16688944704731,0.131634339785018,0.162539791931168
2008-11-22,0.171010226011276,0.174673103170613,0.14651478617791,0.15498517255231
2008-11-29,0.168492019176483,0.178564904730465,0.154298403372382,0.164142362500303
2008-12-06,0.196879267692566,0.201457850870682,0.159105915537343,0.171697032922417
2008-12-13,0.195047840476036,0.216338272614314,0.184288161185213,0.198023925175579
2008-12-20,0.171925976872444,0.198481786573155,0.167118466774562,0.198023933666788
2008-12-27,0.199397459626198,0.20077103167089,0.162997698102449,0.174215228150402
2009-01-03,0.181541010737419,0.215880429012956,0.180396364826093,0.197108214234806
2009-01-10,0.182914599776268,0.184517098620559,0.164829177703522,0.181541013743726
2009-01-17,0.176504611968994,0.183143562404895,0.16208205129558,0.18245676925298
2009-01-24,0.181998863816261,0.204433941120799,0.17444419590266,0.177420266864643
2009-01-31,0.225953280925751,0.227326853078523,0.178335971962043,0.179251691278976
2009-02-07,0.190240323543549,0.228242605691046,0.179938510427071,0.225037594436869
2009-02-14,0.174215212464333,0.190011337314423,0.165973767292971,0.18314346406408
2009-02-21,0.189553499221802,0.19550565377024,0.16505806090127,0.177191310040406
2009-02-28,0.19207176566124,0.199168581287647,0.171010258882423,0.184974963680088
2009-03-07,0.224350839853287,0.271281354300414,0.189553565118032,0.190698211146242
2009-03-14,0.218169748783112,0.240146977657303,0.212217578365542,0.22664013779913
2009-03-21,0.239460095763206,0.245183323930581,0.218856447070152,0.225037541678068
2009-03-28,0.259148061275482,0.259834854245384,0.214506832072753,0.230302974863701
2009-04-04,0.275630950927734,0.27654665658608,0.24930407211898,0.254798387940571
2009-04-11,0.269220858812332,0.27471517319238,0.249761859418143,0.272196942356879
2009-04-18,0.261666238307953,0.270365550428295,0.245870112468001,0.258919094293767
2009-04-25,0.267160505056381,0.27334158478719,0.246099007765479,0.258232254520325
2009-05-02,0.211759656667709,0.28364346308536,0.208554646016664,0.271739153404625
2009-05-09,0.200084254145622,0.221145756018346,0.190698148863626,0.208325713773254
2009-05-16,0.224808692932129,0.234652654238341,0.204662903721011,0.205120770319705
2009-05-23,0.238773316144943,0.24449654462919,0.220458971350099,0.222748262743798
2009-05-30,0.247930482029915,0.255943029208391,0.234652586471749,0.241520460661437
2009-06-06,0.263497680425644,0.279293806486088,0.240375800504441,0.246099055942098
2009-06-13,0.255942970514298,0.262352990412798,0.24609901430844,0.258690114102083
2009-06-20,0.264871299266815,0.26578703235369,0.230989748153183,0.256858778031844
2009-06-27,0.24953305721283,0.269678830946752,0.246099119438542,0.265558100159505
2009-07-04,0.2373998016119,0.249533082387067,0.222290476609777,0.249304142262813
2009-07-11,0.276317834854126,0.277233540814165,0.227784791290188,0.242207337549157
2009-07-18,0.296692579984665,0.298524019369702,0.266702811224399,0.278607153581883
2009-07-25,0.296005636453629,0.302415657400154,0.287993117093097,0.293945285248551
2009-08-01,0.313862234354019,0.325766546918231,0.297379310644558,0.303102540462979
2009-08-08,0.307223349809647,0.320730192003072,0.294861153872079,0.316151606979643
2009-08-15,0.318898618221283,0.319356471072683,0.291198152289749,0.297837114151821
2009-08-22,0.337212979793549,0.344080854474798,0.306307516437418,0.317067181313274
2009-08-29,0.345912456512451,0.348201749153814,0.319356623665908,0.333321319694432
2009-09-05,0.373612731695175,0.377504549177339,0.345683352846866,0.348430497259181
2009-09-12,0.348430424928665,0.379564821870257,0.342707197220046,0.368118366453019
2009-09-19,0.331947505474091,0.352780063422647,0.329429274586946,0.344309665324344
2009-09-26,0.31706714630127,0.348201546291642,0.314548914946683,0.333092212745132
2009-10-03,0.324392974376678,0.326224386008482,0.308825757182258,0.320501156432818
2009-10-10,0.302644610404968,0.331947572355875,0.297150294805234,0.318898589863072
2009-10-17,0.301042288541794,0.32118806964587,0.299210848934056,0.305162993546053
2009-10-24,0.273799538612366,0.307910027954568,0.272425979992951,0.303331444642167
2009-10-31,0.301271080970764,0.307452190586634,0.264642385333815,0.273341699524197
2009-11-07,0.310428202152252,0.317067163682602,0.296692453553536,0.305391766457491
2009-11-14,0.295318841934204,0.31844072159203,0.289595613852244,0.313175346298526
2009-11-21,0.292800724506378,0.305162889901553,0.286848554625435,0.299668600234923
2009-11-28,0.326453328132629,0.327826914155513,0.29074033715225,0.293945362108808
2009-12-05,0.348201602697372,0.376588835884687,0.345683370934853,0.362853085813876
2009-12-12,0.385059237480164,0.400168573495948,0.349346249038078,0.353238039438959
2009-12-19,0.414133340120316,0.416880485187445,0.386890747704118,0.387348600666887
2009-12-26,0.427640050649643,0.433821132004987,0.403373523471629,0.413446422060437
2010-01-02,0.424664109945297,0.434050218825973,0.414591207950582,0.423748376696406
2010-01-09,0.39169830083847,0.428784887362675,0.386432922786359,0.426953447958829
2010-01-16,0.376817792654038,0.404289321302594,0.3745285008742,0.388722104451089
2010-01-23,0.352322399616241,0.390553599688557,0.346828082177515,0.38299893026688
2010-01-30,0.371323436498642,0.388035297461894,0.350719785381862,0.353695869837092
2010-02-06,0.397192448377609,0.405204968447274,0.363310902191562,0.370178776536989
2010-02-13,0.379564821720123,0.409783485842082,0.371094450172818,0.402457759836047
2010-02-20,0.370865643024445,0.386890713634306,0.360792742277975,0.381167456586883
2010-02-27,0.393071740865707,0.395818885303401,0.368118446271263,0.371094530783143
2010-03-06,0.394903182983398,0.407036433918928,0.385745989294831,0.39330068432184
2010-03-13,0.394903182983398,0.419856477792413,0.389179953984612,0.394445330121597
2010-03-20,0.396963506937027,0.411614988530658,0.389866692555213,0.389866692555213
2010-03-27,0.394216358661652,0.408638900048509,0.390095628652477,0.399481734379457
2010-04-03,0.388951063156128,0.400855402813298,0.383456746247316,0.396734671954317
2010-04-10,0.390553534030914,0.415048977324151,0.38185422001663,0.389408888168259
2010-04-17,0.376359939575195,0.395590006890887,0.368576331153185,0.387577458374799
2010-04-24,0.359648019075394,0.384601311829945,0.359419106308594,0.376817731948639
2010-05-01,0.319585412740707,0.363539859795393,0.298523908565994,0.361479481018036
2010-05-08,0.296692579984665,0.350033153145752,0.288451116397256,0.338815603968971
2010-05-15,0.29142701625824,0.30172882553183,0.274944099588094,0.297150243632457
2010-05-22,0.300813108682632,0.309054566705773,0.271281212884629,0.290511299798957
2010-05-29,0.277004599571228,0.300126459242207,0.275402073369675,0.29669252130833
2010-06-05,0.2657870054245,0.279980634863634,0.2488462315841,0.278149196165954
2010-06-12,0.281583189964294,0.285017127977211,0.259377035648356,0.269678849687106
2010-06-19,0.253653734922409,0.288222045532937,0.249533004997435,0.287535279954196
2010-06-26,0.234652578830719,0.257774459389792,0.226640059203662,0.255485168067775
2010-07-03,0.236941978335381,0.245183441773718,0.230074101233606,0.233736979937426
2010-07-10,0.230074048042297,0.262810954074198,0.229158342223305,0.236941923556274
2010-07-17,0.237170740962029,0.247930401576252,0.231218574346246,0.233278952308862
2010-07-24,0.210386112332344,0.242665135864816,0.204205016622927,0.236484053800654
2010-07-31,0.21862755715847,0.220916848807472,0.203060368487158,0.214048973860467
2010-08-07,0.214964658021927,0.221145752648461,0.198023886221167,0.220916812604875
2010-08-14,0.228242591023445,0.233736907373457,0.206723233077623,0.211988609345776
2010-08-21,0.231676578521729,0.234652663775804,0.217025106027889,0.228929433398934
2010-08-28,0.226640075445175,0.230760805578206,0.21290431288349,0.228929366931247
2010-09-04,0.230531871318817,0.23946012471364,0.225495435380729,0.225953288231372
2010-09-11,0.24152047932148,0.246556942615444,0.234652604601174,0.234652604601174
2010-09-18,0.280667334794998,0.281583067574729,0.23923112924259,0.241520420256165
2010-09-25,0.259834915399551,0.282956777988247,0.257774563295437,0.282727865138077
2010-10-02,0.248617276549339,0.263268757958433,0.237628672315146,0.257316589371847
2010-10-09,0.258461236953735,0.263268759869374,0.243351902610735,0.249761924068084
2010-10-16,0.270136624574661,0.272197003161372,0.249990855261908,0.258690167839063
2010-10-23,0.275173187255859,0.280209624589598,0.267160664632475,0.272197101966213
2010-10-30,0.288679897785187,0.29119810167544,0.273341625250496,0.27700450200605
2010-11-06,0.30356040596962,0.313175454295415,0.280896398575191,0.288451067706667
2010-11-13,0.314777910709381,0.315922556565795,0.287993175836892,0.304933950886121
2010-11-20,0.311343967914581,0.316838257016948,0.305391798644927,0.312717553835428
2010-11-27,0.338586539030075,0.338586539030075,0.305849636902286,0.309970367177348
2010-12-04,0.34224945306778,0.350948767403542,0.330802994018226,0.339731221160673
2010-12-11,0.328971594572067,0.346141285205888,0.323477277194936,0.343623080287236
2010-12-18,0.341562747955322,0.344538833532095,0.327369113249257,0.330116285960443
2010-12-25,0.352551162242889,0.353009042302249,0.334465745903788,0.340646853800109
2011-01-01,0.454882681369782,0.456256267273946,0.353009121224483,0.355298412871085
2011-01-08,0.540044486522675,0.548972741632822,0.443207348288924,0.446641286264247
2011-01-15,0.508680999279022,0.540273252833298,0.498837040961184,0.532718585878189
2011-01-22,0.543936252593994,0.573468188788326,0.526079797770264,0.532031912990825
2011-01-29,0.587661564350128,0.599108074404413,0.535923574694703,0.544851826338163
2011-02-05,0.537297248840332,0.582167431747685,0.512115040089749,0.579649227246933
2011-02-12,0.586745798587799,0.595445136602941,0.513946261922396,0.54370709767841
2011-02-19,0.529284656047821,0.569118367913157,0.498608109286055,0.567515869478133
2011-02-26,0.475257515907288,0.538213134288603,0.463353174443937,0.537984166858209
2011-03-05,0.413217633962631,0.480293984342341,0.404289405087192,0.478691485222456
2011-03-12,0.403373569250107,0.426953306222345,0.389408879133503,0.416422553614036
2011-03-19,0.426495373249054,0.445267583268005,0.390095598832283,0.412072805674199
2011-03-26,0.416651517152786,0.449617335462531,0.410928260359595,0.436568350364011
2011-04-02,0.401771128177643,0.417796199472562,0.396276811001824,0.416651553472247
2011-04-09,0.428326815366745,0.433592190727111,0.385288079604771,0.403373496947724
2011-04-16,0.423977255821228,0.433821216264552,0.40131325006234,0.418254026178657
2011-04-23,0.457858681678772,0.467931552153246,0.425579637197401,0.425808577236118
2011-04-30,0.442291557788849,0.467702704860575,0.417796116419137,0.467473792080325
2011-05-07,0.418025135993958,0.469763203638172,0.414820137927607,0.443665229686819
2011-05-14,0.414133340120316,0.417796218403498,0.391927184875608,0.416880485187445
2011-05-21,0.446412354707718,0.447099120441554,0.402915754264484,0.408181131063801
2011-05-28,0.422603696584702,0.459003510374602,0.42054334469895,0.455111692138496
2011-06-04,0.391927152872086,0.425808705998578,0.383227838127771,0.421916915197059
2011-06-11,0.361937373876572,0.401084302068166,0.350490914816665,0.391927134820241
2011-06-18,0.360334903001785,0.373612801998768,0.352551293863307,0.358732404067265
2011-06-25,0.369721084833145,0.371094671217054,0.340189168612727,0.360334974887642
2011-07-02,0.353238016366959,0.372697021681403,0.350261931916961,0.369263084383062
2011-07-09,0.322790443897247,0.347972680980084,0.316151508595475,0.346599122274809
2011-07-16,0.343394130468369,0.344538776478309,0.311801867845389,0.320272270151361
2011-07-23,0.316609293222427,0.339502233569243,0.31111497771461,0.338128647869662
2011-07-30,0.296463429927826,0.352093256110977,0.288450912170452,0.323934946672178
2011-08-06,0.29486095905304,0.34018895358472,0.27128122901324,0.282040918541625
2011-08-13,0.26853409409523,0.306765304159972,0.26670265577764,0.297837052595661
2011-08-20,0.297837138175964,0.303102514618046,0.270365610099475,0.276088839429887
2011-08-27,0.295776724815369,0.318669637360099,0.293487406270391,0.306307475502147
2011-09-03,0.317754030227661,0.335152660068663,0.283414623480313,0.286161768378757
2011-09-10,0.353924781084061,0.368576262097196,0.31340427506938,0.31340427506938
2011-09-17,0.315693557262421,0.352322272378087,0.303331395248176,0.347972602565293
2011-09-24,0.286390691995621,0.327140119352568,0.285932811796826,0.319585450849101
2011-10-01,0.323935091495514,0.328742615215462,0.262582010913371,0.282727811601483
2011-10-08,0.359876990318298,0.363768780596199,0.328742586223564,0.32942937916449
2011-10-15,0.331489741802216,0.36102164821783,0.316838258636816,0.355756271881679
2011-10-22,0.357129812240601,0.36033483681142,0.325079702984945,0.332863310693643
2011-10-29,0.339273363351822,0.347743764758441,0.309741483056618,0.345683385785003
2011-11-05,0.342936366796494,0.347286011850373,0.322103765785663,0.336755254901321
2011-11-12,0.318898618221283,0.346370144081864,0.315464680900024,0.342936206760605
2011-11-19,0.32141700387001,0.347057103321798,0.30905480721493,0.31386233268477
2011-11-26,0.359876990318298,0.367431658087464,0.331947610851048,0.331947610851048
2011-12-03,0.341104835271835,0.366287074546526,0.329200495046904,0.365829221604916
2011-12-10,0.30928373336792,0.34110494615708,0.307452321006132,0.333779187547839
2011-12-17,0.324392974376678,0.329658351044392,0.300126442769147,0.310657196104573
2011-12-24,0.317296117544174,0.326911136523418,0.312488594409299,0.323019346375927
2011-12-31,0.33286327123642,0.338357586724889,0.318669643359087,0.327368955747951
2012-01-07,0.314320176839829,0.33927348233233,0.312717677492177,0.333092397825378
2012-01-14,0.325537532567978,0.331947553423491,0.309054613999371,0.319127511712464
2012-01-21,0.341333717107773,0.348888384871227,0.321645771074991,0.325766501426921
2012-01-28,0.362166315317154,0.365142400141869,0.330345115347781,0.335381579185227
2012-02-04,0.363997727632523,0.38048062207733,0.353924827984217,0.360334850071228
2012-02-11,0.362853080034256,0.386890669565807,0.343394073786713,0.373154892423274
2012-02-18,0.36147952079773,0.373612772853474,0.357129849982759,0.362624166703167
2012-02-25,0.352093398571014,0.358503420828564,0.346599109373406,0.356900922086804
2012-03-03,0.339273363351822,0.35026196933863,0.331031902039088,0.349575176347484
2012-03-10,0.334236741065979,0.342936050439175,0.327826722196756,0.340646759935202
2012-03-17,0.333092391490936,0.337670976563166,0.325995573712773,0.336068477245989
2012-03-24,0.352551162242889,0.354611540638498,0.333092187597219,0.336297184269716
2012-03-31,0.334923654794693,0.354611571164856,0.33332112902999,0.351635486975343
2012-04-07,0.324164003133774,0.337899752795722,0.322561504464648,0.329658319372858
2012-04-14,0.306536495685577,0.327369064318704,0.305849702610433,0.326453358412188
2012-04-21,0.297150403261185,0.306307599269664,0.291885025790252,0.301271134642372
2012-04-28,0.280667334794998,0.306078503252382,0.280667334794998,0.295547753673737
2012-05-05,0.302415698766708,0.313175390926469,0.277462404399178,0.285703864927823
2012-05-12,0.276546686887741,0.30722323916118,0.27517312824972,0.299897483929698
2012-05-19,0.283872395753861,0.286848479919247,0.270823413435664,0.27700452181397
2012-05-26,0.274257391691208,0.293029605118539,0.273799538817726,0.288451021802704
2012-06-02,0.27746245265007,0.289366792659509,0.26624490568587,0.275631013626271
2012-06-09,0.281354188919067,0.291427087949945,0.272654875712107,0.28639065207976
2012-06-16,0.297608226537704,0.313633297485356,0.277004598978526,0.279293890929546
2012-06-23,0.316380321979523,0.317067114761593,0.285703805134569,0.297837053316137
2012-06-30,0.306765377521515,0.318211835630691,0.303331440088762,0.317982922842813
2012-07-07,0.287535458803177,0.308368034148796,0.281354346425769,0.304934094957135
2012-07-14,0.293258488178253,0.305849589848539,0.278378068004685,0.285703821717981
2012-07-21,0.308596819639206,0.309512525381713,0.282269938410764,0.285474935800048
2012-07-28,0.314091056585312,0.317296080733572,0.29989742889681,0.308596768460443
2012-08-04,0.334694802761078,0.348430554364349,0.316609380109131,0.317067233037804
2012-08-11,0.335381627082825,0.340647004479988,0.329887309554714,0.335152686951877
2012-08-18,0.334236741065979,0.338586382107329,0.326224197011579,0.334236741065979
2012-08-25,0.321187943220139,0.334923721226248,0.317982945636036,0.334007988137568
2012-09-01,0.306765377521515,0.322561506086483,0.296463537932748,0.315922544008856
2012-09-08,0.31683823466301,0.322332550668244,0.302644632741209,0.30607857001054
2012-09-15,0.312946557998657,0.318211935845206,0.304476181788392,0.317525142684262
2012-09-22,0.305391848087311,0.318211894455721,0.298066119001297,0.307910080253056
2012-09-29,0.304475992918015,0.315922447531643,0.29692132741492,0.30676528384074
2012-10-06,0.289137810468674,0.304704998969668,0.287306371711408,0.3033314403696
2012-10-13,0.277233451604843,0.302186772117775,0.275630953045175,0.28959564183051
2012-10-20,0.275859832763672,0.285245936587926,0.270823370834267,0.278378036437874
2012-10-27,0.285932689905167,0.290740211619,0.273570530198881,0.277004466482905
2012-11-03,0.279064923524857,0.299439636270533,0.278149217750212,0.285246033020489
2012-11-10,0.260521650314331,0.280667423024862,0.255256273869799,0.279522777158247
2012-11-17,0.272425919771194,0.275630916465183,0.260292643926871,0.265329106289572
2012-11-24,0.275796413421631,0.284321434943536,0.274183575966121,0.274644382743898
2012-12-01,0.275565981864929,0.2792524908272,0.269575411667883,0.2792524908272
2012-12-08,0.29008162021637,0.295150577728807,0.27487480261222,0.27556602658815
2012-12-15,0.284551918506622,0.294920197027137,0.281326215375845,0.289390459469496
2012-12-22,0.278791695833206,0.28616468660217,0.276948441274321,0.284321432043284
2012-12-29,0.302984476089478,0.30390608996659,0.277178930464688,0.277870154605816
2013-01-05,0.281326234340668,0.303675658187001,0.278561365375462,0.302754044354128
2013-01-12,0.280404448509216,0.283399732828643,0.274413879870364,0.283169315778468
2013-01-19,0.285934180021286,0.286164569580322,0.276487521436651,0.280174001580324
2013-01-26,0.285012632608414,0.292385650240487,0.280634927422624,0.287316693751793
2013-02-02,0.285012632608414,0.289159948159811,0.278100449178277,0.283399795301364
2013-02-09,0.293307214975357,0.294689662418307,0.277639596310393,0.287316646011333
2013-02-16,0.288468718528748,0.294920095093929,0.28247814868967,0.293537674915617
2013-02-23,0.292846471071243,0.296072145840603,0.281326137333272,0.289159962077766
2013-03-02,0.297193020582199,0.301365779225948,0.290238432054311,0.292556628230273
2013-03-09,0.293020337820053,0.300438561277547,0.291165775046909,0.294179436098883
2013-03-16,0.289311170578003,0.293715732348734,0.286992974354444,0.291165733083866
2013-03-23,0.297424912452698,0.297656743172027,0.285602098468565,0.290933956297391
2013-03-30,0.28884756565094,0.296729422542627,0.279111118433456,0.296729422542627
2013-04-06,0.303452342748642,0.306697808163232,0.282820368617027,0.289079496279503
2013-04-13,0.291397571563721,0.303452215500327,0.286761178552744,0.302524920317082
2013-04-20,0.31087052822113,0.312956922257327,0.288847655083518,0.291165852255898
2013-04-27,0.321534216403961,0.323852413361027,0.309943231618633,0.311334160846907
2013-05-04,0.337066054344177,0.338456983144195,0.313420430554353,0.321534117405938
2013-05-11,0.344716191291809,0.347034388098788,0.328720616742602,0.334747939494782
2013-05-18,0.337066054344177,0.347266134395788,0.328952367492593,0.343325178674098
2013-05-25,0.337147384881973,0.344370311521583,0.335050392740409,0.341341341389635
2013-06-01,0.33668127655983,0.344836178299555,0.328992335874684,0.337613254219901
2013-06-08,0.334351301193237,0.338545256519714,0.325497401676333,0.335749295560549
2013-06-15,0.335982352495194,0.360680071388279,0.330390401992278,0.336914330357948
2013-06-22,0.327128380537033,0.335516290579055,0.322235428383278,0.331089327255311
2013-06-29,0.331788331270218,0.333186297789248,0.325264404188373,0.329458359296377
2013-07-06,0.341108202934265,0.344370180207698,0.328293357687924,0.332720293117387
2013-07-13,0.331788331270218,0.344137188286665,0.328293373309457,0.341807216312824
2013-07-20,0.33085635304451,0.337380280663267,0.328293400327631,0.334351311292902
2013-07-27,0.343904256820679,0.344603254124106,0.329225424550569,0.330157430213626
2013-08-03,0.337613254785538,0.346700161976015,0.328759355898197,0.342972195778569
2013-08-10,0.353923141956329,0.358816067115738,0.305459657062963,0.323866454878244
2013-08-17,0.348564028739929,0.352990962818362,0.345302052462,0.351825977242412
2013-08-24,0.345404118299484,0.351960941464128,0.343764919487201,0.350555897959022
2013-08-31,0.348448187112808,0.351960766211031,0.343530565209097,0.346340622904576
2013-09-07,0.369992047548294,0.372333767071375,0.350321586805114,0.351258263448147
2013-09-14,0.369757980108261,0.377017324067092,0.36882130317219,0.373036405215526
2013-09-21,0.36484032869339,0.372568010533294,0.362732791789555,0.369523768849028
2013-09-28,0.365074515342712,0.368118757055958,0.3585176934793,0.361093596755624
2013-10-05,0.357346802949905,0.369289585608034,0.353600039943099,0.363669441097825
2013-10-12,0.370226323604584,0.371397183748329,0.356410157159084,0.356410157159084
2013-10-19,0.35687842965126,0.374909665537667,0.355707569815578,0.374675510319831
2013-10-26,0.357346802949905,0.359454339694044,0.351258320042722,0.356410098240452
2013-11-02,0.364371955394745,0.365542815321617,0.340018052166509,0.358517655760386
2013-11-09,0.378656506538391,0.382169086772342,0.36226446544662,0.362966959161005
2013-11-16,0.355473399162293,0.373738818823303,0.354770877653119,0.370460422334494
2013-11-23,0.367287039756775,0.37223129506171,0.357398557213589,0.357398557213589
2013-11-30,0.364226311445236,0.3764691949812,0.363284533901434,0.365874387063536
2013-12-07,0.353631466627121,0.367993328227866,0.353160591900324,0.364226302346807
2013-12-14,0.369406044483185,0.369641495920722,0.350806250985052,0.353866979339599
2013-12-21,0.371054083108902,0.375056588745241,0.367993355061513,0.371524957870035
2013-12-28,0.368935227394104,0.379059163658393,0.367758026155621,0.371289629871069
2014-01-04,0.370347857475281,0.387064154600421,0.367051705185834,0.372702259986798
2014-01-11,0.376469284296036,0.382590741549634,0.360930217770248,0.370347827042437
2014-01-18,0.366345345973969,0.380236336386523,0.366345345973969,0.376940156325907
2014-01-25,0.36964151263237,0.371760463399254,0.361871951642625,0.366345332691264
2014-02-01,0.373643934726715,0.374114809485745,0.36069469641994,0.372231282382941
2014-02-08,0.421673744916916,0.42261549436195,0.372937579636064,0.373173031030664
2014-02-15,0.438860952854157,0.447101388113879,0.417906757723282,0.421909263670392
2014-02-22,0.432739585638046,0.448514076028316,0.426382676735479,0.437919265279624
2014-03-01,0.434220433235168,0.443917079107986,0.421212752680294,0.424996816482715
2014-03-08,0.421449244022369,0.435875983915232,0.415300175512614,0.432801435563646
2014-03-15,0.438477545976639,0.447228190953731,0.420976284215873,0.422631801738175
2014-03-22,0.423341333866119,0.448647211443164,0.416009719731821,0.438714077727296
2014-03-29,0.429253786802292,0.453613625213326,0.421212660039062,0.424050693169975
2014-04-05,0.428544491529465,0.451958340317711,0.422868394159546,0.429490493661073
2014-04-12,0.438950508832932,0.442971087286593,0.428544375430718,0.431382409250102
2014-04-19,0.442971050739288,0.460235794990121,0.436348953578137,0.43918698716337
2014-04-26,0.435875982046127,0.448883662698782,0.43327443463823,0.446518629852844
2014-05-03,0.426888793706894,0.448647116930831,0.418847693867379,0.435402922637427
2014-05-10,0.424760401248932,0.440606147457714,0.421449337599198,0.427834950283177
2014-05-17,0.43729504942894,0.440842599221842,0.427361915647499,0.429253947842397
2014-05-24,0.451426297426224,0.454515006429564,0.440497028129258,0.441922594845651
2014-05-31,0.452139049768448,0.456178117423465,0.442160140084769,0.452851833077749
2014-06-07,0.464256405830383,0.468770682453702,0.448575282104368,0.45166399172595
2014-06-14,0.449763268232346,0.46782031900519,0.44619937886849,0.462118107352331
2014-06-21,0.436695665121079,0.447387332997754,0.433131747505579,0.443823443705529
2014-06-28,0.447862476110458,0.449050439111152,0.435032458709007,0.435032458709007
2014-07-05,0.452614337205887,0.455940650668614,0.436458034407236,0.448575268587042
2014-07-12,0.438121110200882,0.465681887822555,0.437408326830131,0.454515014435082
2014-07-19,0.42267769575119,0.446436958383645,0.421964912207562,0.436458073742669
2014-07-26,0.420301645994186,0.430755707151526,0.413886624309676,0.424578289352837
2014-08-02,0.451426297426224,0.453802223071367,0.411985892064272,0.419826452357898
2014-08-09,0.452376812696457,0.455465522573871,0.443823466624121,0.451901604774335
2014-08-16,0.453327089548111,0.462593217497179,0.449763200719224,0.454277448573173
2014-08-23,0.464162260293961,0.465116823320946,0.45509376929479,0.45724157877835
2014-08-30,0.476571708917618,0.480867327767832,0.461059875235608,0.465355465637261
2014-09-06,0.456286907196045,0.477048919649291,0.455809625766345,0.476094356789891
2014-09-13,0.455332398414612,0.465832733357881,0.4474571543193,0.457718834295097
2014-09-20,0.442684292793274,0.464639526160191,0.440775138355034,0.464639526160191
2014-09-27,0.435047626495361,0.445070679065554,0.424070011036844,0.439104589892133
2014-10-04,0.402114808559418,0.440297838866924,0.401876182044738,0.4367181851097
2014-10-11,0.415717452764511,0.426217785934491,0.400205622160987,0.404739838188749
2014-10-18,0.441013932228088,0.443638995514958,0.41285394517987,0.415717663514895
2014-10-25,0.466310113668442,0.466548768686492,0.436002348804372,0.440775221576847
2014-11-01,0.472276091575623,0.493754042358709,0.467503219945728,0.477048963205518
2014-11-08,0.472276091575623,0.480867300337416,0.462491693354914,0.471798810102345
2014-11-15,0.488026678562164,0.490413114723223,0.467026006206568,0.470128378905658
2014-11-22,0.502553939819336,0.505429805240623,0.489373023293566,0.491290228815816
2014-11-29,0.50495046377182,0.507826271664176,0.488174660612504,0.500397029853209
2014-12-06,0.470440417528152,0.509264318459318,0.469961087536245,0.504231610664916
2014-12-13,0.489373117685318,0.494405826005382,0.457738791932131,0.475952476458263
2014-12-20,0.493447065353394,0.504231502178731,0.48721606248879,0.48889363139266
2014-12-27,0.482423037290573,0.496083283312991,0.474754101179993,0.492009178859843
2015-01-03,0.477869480848312,0.483860846367771,0.457259270310977,0.482422914072069
2015-01-10,0.478348940610886,0.485059216963256,0.464928330768233,0.4790678783851
2015-01-17,0.496323019266129,0.497281622077399,0.473795538942745,0.481704112127076
2015-01-24,0.460135132074356,0.496562514195391,0.459416194455234,0.49416597928112
2015-01-31,0.488893777132034,0.49632307836431,0.453904341820046,0.463011183887313
2015-02-07,0.534667491912842,0.539220925863469,0.482902320969518,0.486017822394904
2015-02-14,0.535386502742767,0.538981334355114,0.527238293938661,0.533708933702976
2015-02-21,0.52867603302002,0.535146670415246,0.526279498535199,0.535146670415246
2015-02-28,0.542500078678131,0.550920220146505,0.528546619447809,0.529268354053371
2015-03-07,0.546108841896057,0.560543423191424,0.535042318098024,0.542740784398724
2015-03-14,0.564633190631867,0.568001305338849,0.545146523948382,0.550439226466848
2015-03-21,0.514352679252625,0.55501009563198,0.492219634275006,0.547792805838138
2015-03-28,0.506654024124146,0.519164011358401,0.496790415640459,0.516758248994729
2015-04-04,0.547552108764648,0.547792667823125,0.499196239178502,0.504488882612432
2015-04-11,0.534079849720001,0.549476719934872,0.529508883261963,0.546349222606521
2015-04-18,0.529990255832672,0.53985386962343,0.520848319517202,0.536485811973701
2015-04-25,0.547311425209045,0.54899545295113,0.527102977588243,0.531673942806983
2015-05-02,0.501120805740356,0.550439024246715,0.492941224509678,0.546830351728531
2015-05-09,0.512428045272827,0.516758395814604,0.490295002295508,0.49414417728468
2015-05-16,0.501842617988586,0.514833783708713,0.500639765201451,0.51122511063148
2015-05-23,0.53486031293869,0.538485632897193,0.49715661658036,0.501748742309657
2015-05-30,0.53800231218338,0.546219758246129,0.521325689792443,0.538243984825395
2015-06-06,0.510207951068878,0.539935818659096,0.508999472589366,0.536310498467409
2015-06-13,0.528576254844666,0.534618472740737,0.503198789860298,0.507549184440533
2015-06-20,0.501265287399292,0.532443358497692,0.499090118699314,0.529543056733167
2015-06-27,0.493531286716461,0.505132379498938,0.482655211812396,0.4954647829724
2015-07-04,0.477337926626205,0.496189741158084,0.46307820783402,0.489422448238895
2015-07-11,0.485072046518326,0.487972348140447,0.472987552465178,0.482171773707912
2015-07-18,0.469362258911133,0.487005656857526,0.463320011180879,0.485072103009793
2015-07-25,0.482171803712845,0.488697453956993,0.461386461123302,0.465253482173926
2015-08-01,0.555404007434845,0.564829874285458,0.479754967813414,0.48603888865106
2015-08-08,0.568938493728638,0.57884776067687,0.548153096672454,0.55153680080273
2015-08-15,0.518908679485321,0.567971730346545,0.518425276681287,0.567971730346545
2015-08-22,0.551673114299774,0.555070998119511,0.485414090485567,0.491967168671022
2015-08-29,0.52788770198822,0.552886562258239,0.519392994206438,0.549003242472629
2015-09-05,0.549731254577637,0.556769708747356,0.53395528930238,0.540751054118894
2015-09-12,0.565264642238617,0.575458350387803,0.547789730515974,0.552401176805589
2015-09-19,0.573031067848206,0.584195587384643,0.546090584213358,0.565992556337697
2015-09-26,0.601913452148438,0.601913452148438,0.561866800584128,0.573031325133322
2015-10-03,0.632737159729004,0.63783398437493,0.602641474926574,0.605796668621439
2015-10-10,0.676181733608246,0.682492121428107,0.628853882825147,0.633465271114703
2015-10-17,0.69389933347702,0.698510779627357,0.664046393940902,0.678366111229297
2015-10-24,0.688559710979462,0.696083661068744,0.670599422257293,0.694384719530095
2015-10-31,0.765740633010864,0.775206215022863,0.670599491904352,0.690744160925191
2015-11-07,0.723267078399658,0.764527299111693,0.719626446862648,0.758216909691459
2015-11-14,0.761857330799103,0.766226087768663,0.726907506506076,0.732732515798823
2015-11-21,0.764750182628632,0.771084531987888,0.749888869197751,0.771084531987888
2015-11-28,0.822246611118317,0.82370839309448,0.764750240626502,0.765481131614584
2015-12-05,0.791549563407898,0.822246758050425,0.788625998933143,0.822003147039395
2015-12-12,0.783022522926331,0.817617783459622,0.782048020816717,0.792280438181662
2015-12-19,0.80811619758606,0.810308870735144,0.784484247264579,0.791549488687899
2015-12-26,0.802999973297119,0.826875591353449,0.788382269294074,0.799589187313527
2016-01-02,0.721871674060822,0.814694196038453,0.720409891999102,0.786676900140816
2016-01-09,0.660477161407471,0.745990821754586,0.649026633326355,0.722602485596855
2016-01-16,0.693123698234558,0.697752656811296,0.644397943822055,0.674120641815704
2016-01-23,0.713588237762451,0.715050019775053,0.669978736871512,0.692879852869229
2016-01-30,0.643910586833954,0.717486460833007,0.641961582447555,0.712857560893907
2016-02-06,0.626856446266174,0.646833997867041,0.602980828732749,0.634165298107625
2016-02-13,0.741605639457703,0.754761621379065,0.633921790171684,0.635870794411944
2016-02-20,0.771815538406372,0.782535176879918,0.745503635150656,0.752325265514254
2016-02-27,0.793011128902435,0.805436158352981,0.763532055457766,0.770110015642501
2016-03-05,0.78783130645752,0.796878451287573,0.758978440620136,0.791499075753111
2016-03-12,0.826709508895874,0.837468202722929,0.771937870690465,0.784163672379669
2016-03-19,0.843091905117035,0.847982224793804,0.8105712734368,0.819373860514426
2016-03-26,0.883926212787628,0.886371372863639,0.840646826974738,0.8416248793457
2016-04-02,0.871944844722748,0.895907446626602,0.846759692022319,0.891261625345755
2016-04-09,0.907888770103455,0.915957803771558,0.859230011291683,0.877079684763886
2016-04-16,0.88686066865921,0.90911161389482,0.882214845765966,0.906177455986374
2016-04-23,0.8687664270401,0.912779378359804,0.859230282729395,0.887105161614746
2016-04-30,0.863875925540924,0.885637868933278,0.841135929722478,0.877079779036224
2016-05-07,1.00202763080597,1.00251662787404,0.854095291027138,0.866076593653086
2016-05-14,1.08394038677216,1.08834170935902,0.991268696930935,0.994447410477936
2016-05-21,1.12233030796051,1.12428641396677,1.07905089417373,1.08858704212308
2016-05-28,1.13946259021759,1.16544871827123,1.11936024834079,1.13014693638774
2016-06-04,1.13259828090668,1.16324217454742,1.12279224429341,1.14240431751994
2016-06-11,1.14534592628479,1.17108679654873,1.13161752448917,1.13382384137857
2016-06-18,1.1210765838623,1.18996411440575,1.11053514343838,1.16373296318176
2016-06-25,1.14387512207031,1.1610357429024,1.09263850982784,1.11176031441003
2016-07-02,1.24659419059753,1.25247786209932,1.12843131184966,1.13750183570148
2016-07-09,1.29194664955139,1.31891331073896,1.26301880427133,1.264489721565
2016-07-16,1.34024202823639,1.34024202823639,1.29366327175225,1.30788206727437
2016-07-23,1.39981341362,1.40349064902608,1.34244798017841,1.34833165034592
2016-07-30,1.42678010463715,1.42751550497251,1.36058928166877,1.40569710869298
2016-08-06,1.54543316364288,1.55376828492905,1.42481874618574,1.44639212505286
2016-08-13,1.52631139755249,1.55671016546523,1.48708724122493,1.54714925982581
2016-08-20,1.52067279815674,1.5522972295483,1.48953863359223,1.530969102908
2016-08-27,1.53575539588928,1.55663165876699,1.50210788379372,1.529615415018
2016-09-03,1.46182870864868,1.55294735192868,1.44905734474338,1.54115844567479
2016-09-10,1.54336905479431,1.55343874946588,1.40779620314618,1.44242628868273
2016-09-17,1.59519100189209,1.6072256101056,1.54091282370469,1.55957858173443
2016-09-24,1.68287146091461,1.6993268369125,1.5603155718335,1.57701653297873
2016-10-01,1.64185607433319,1.71185289328051,1.62736549329092,1.68287184830862
2016-10-08,1.62073397636414,1.65929365817594,1.56449087433999,1.65045188951346
2016-10-15,1.65880250930786,1.66887220393213,1.6091906745823,1.62048841216658
2016-10-22,1.73297464847565,1.79167372107838,1.66985457429326,1.67010027657972
2016-10-29,1.65953922271729,1.7636749442541,1.63522453486658,1.73862338380104
2016-11-05,2.16056871414185,2.18021692758304,1.63964500439875,1.7081681663418
2016-11-12,2.29294896125793,2.32807009249222,2.05373172369056,2.16351611796726
2016-11-19,2.31259751319885,2.33936805164942,2.26888007667389,2.31087830000982
2016-11-26,2.17561006546021,2.33032550459131,2.08509287537394,2.30892608824303
2016-12-03,2.25850319862366,2.37656903205455,2.18913932209344,2.21349041783176
2016-12-10,2.46979165077209,2.47692463524325,2.15322722899004,2.21004644207832
2016-12-17,2.70026564598084,2.70174159745034,2.43510927553794,2.45232738008547
2016-12-24,2.62549066543579,2.94992601282249,2.52857821620394,2.75634718446896
2016-12-31,2.53595733642578,2.61638965106753,2.44445608992661,2.56793331237705
2017-01-07,2.54407477378845,2.68575369949535,2.49955390742275,2.54579656099411
2017-01-14,2.55834126472473,2.6269671596844,2.43781567762747,2.53349826522858
2017-01-21,2.7492151260376,2.75216679572541,2.55071668834434,2.55317645218018
2017-01-28,2.81341242790222,2.85080007446014,2.65426956363107,2.72830664636369
2017-02-04,2.79471850395203,2.97427695712921,2.76962944069651,2.80406517989439
2017-02-11,2.63754320144653,2.8035734387853,2.57752648985085,2.7890611665358
2017-02-18,2.49561882019043,2.74995263385542,2.35393963760394,2.66214100339118
2017-02-25,2.42414498329163,2.59087730026464,2.3697166945156,2.51699292284749
2017-03-04,2.44113802909851,2.49482740682616,2.34385712314077,2.38794141270982
2017-03-11,2.6123034954071,2.61353492898863,2.45074307351285,2.45148198063615
2017-03-18,2.64678335189819,2.70810749114185,2.59334034255434,2.62979012795597
2017-03-25,2.68274021148682,2.70909237832707,2.55097984702952,2.60023602511561
2017-04-01,2.47093844413757,2.70047248456162,2.42365237386197,2.68323288153655
2017-04-08,2.35173773765564,2.4783261846824,2.35173773765564,2.4716767258578
2017-04-15,2.50418639183044,2.50689540513521,2.35937302524236,2.36454490602708
2017-04-22,2.56871175765991,2.61008679900982,2.51477623458141,2.53570990105186
2017-04-29,2.55787563323975,2.6315138703757,2.52585905945715,2.57954844507842
2017-05-06,3.14968872070313,3.2122442804317,2.51970179437661,2.56969687207602
2017-05-13,3.34942317008972,3.4040973713772,3.12900146520808,3.19081812303728
2017-05-20,3.49693012237549,3.58174001243279,3.34580083097419,3.39658825001333
2017-05-27,3.5413076877594,3.6241451666187,3.50210765192464,3.54278682348933
2017-06-03,3.68824505805969,4.15420658267308,3.51344797324548,3.52503535720504
2017-06-10,3.73804664611816,3.8157070281896,3.50358683449207,3.59653255876199
2017-06-17,3.7925329208374,3.98754632781291,3.77749374593656,3.78217802899499
2017-06-24,3.56398916244507,3.86082377375976,3.53785588544533,3.82532193244246
2017-07-01,3.61822819709778,3.63647228203625,3.41655811275338,3.57606988929472
2017-07-08,4.06668567657471,4.09996822962769,3.66556409137037,3.69169737070354
2017-07-15,4.1443452835083,4.1739303476305,3.97669768403936,4.10070760782721
2017-07-22,4.05287837982178,4.1894620040152,3.88449134318977,4.1514949390643
2017-07-29,4.12240505218506,4.19291548242556,3.95993471812698,4.06644004915302
2017-08-05,3.84504556655884,4.30361081169574,3.76985087397609,4.15149565055489
2017-08-12,3.98162865638733,4.18305208927752,3.92492445886689,3.93651184449375
2017-08-19,4.03857851028442,4.12412806108573,3.8798064759803,4.00603518428317
2017-08-26,4.20622825622559,4.24176158496624,4.00388718018558,4.06113500716603
2017-09-02,4.03917407989502,4.15983859708974,4.01499194618777,4.15490333328954
2017-09-09,4.44435119628906,4.44435119628906,4.079396671657,4.0848256515436
2017-09-16,4.41696119308472,4.71800578315182,4.38266189982589,4.56847044703429
2017-09-23,4.41128587722778,4.43497430218026,4.19882756555814,4.38611630798401
2017-09-30,4.47371435165405,4.49098777618665,4.36760899629858,4.46137666192632
2017-10-07,4.80165576934814,4.81177292072628,4.49172811371869,4.51048174294335
2017-10-14,4.85865592956543,4.92503348342569,4.74884890329477,4.83151245047735
2017-10-21,4.98104763031006,4.98129425228846,4.71726377439376,4.8803703261138
2017-10-28,5.14958429336548,5.1811693305851,4.96525642777662,4.98104918171282
2017-11-04,5.33341884613037,5.39584858294688,4.94428219371705,5.11281730319838
2017-11-11,5.21546697616577,5.35883294400461,5.12762154565523,5.33341723140964
2017-11-18,5.35365056991577,5.35463799904037,5.19424524569772,5.23101215503248
2017-11-25,4.88129091262817,5.3672471397442,4.72202164264544,5.3660127023477
2017-12-02,4.72844409942627,4.9459887058387,4.4590446220986,4.93981510322329
2017-12-09,4.7301721572876,4.80968342297764,4.55830930606278,4.74251841941612
2017-12-16,4.82178497314453,4.89092482447719,4.72251936261132,4.77067046506939
2017-12-23,4.77807521820068,4.93783808864565,4.73659086498512,4.76646933915824
2017-12-30,5.31885147094727,5.38428751242931,4.80276976651898,4.83437627506808
2018-01-06,5.50602245330811,5.58726220415298,5.33366603737374,5.44231491994241
2018-01-13,5.68208312988281,5.70628206634081,5.35070464607151,5.53244440482325
2018-01-20,6.00852251052856,6.00876930384979,5.63244952225073,5.68998392173054
2018-01-27,5.76628637313843,6.15519977310138,5.70825837294801,5.9939551510816
2018-02-03,5.7307276725769,5.89888624354944,5.03735097432365,5.60528789698962
2018-02-10,6.02111577987671,6.17322382270857,5.55664229134966,5.81171966233026
2018-02-17,6.07272529602051,6.2218704419289,5.91395002790796,6.04358766505841
2018-02-24,5.84448957443237,6.1501309924801,5.48152539814456,6.12270481856047
2018-03-03,6.06167316436768,6.07452099007794,5.67103554675943,5.79432980845405
2018-03-10,6.18891954421997,6.28824676665788,6.0792149070524,6.1029349814472
2018-03-17,5.75627994537354,6.22647780849948,5.74516121648694,6.13209232195903
2018-03-24,5.7221827507019,6.17706145847969,5.36168953446933,5.88056231996371
2018-03-31,5.29374122619629,5.79778964311875,5.26458548997751,5.65176401530486
2018-04-07,5.71995830535889,5.86845480808423,5.30238885610904,5.35674729370239
2018-04-14,5.65102338790894,5.91144805782447,5.60383063869898,5.72663056534481
2018-04-21,5.59221696853638,5.71995864467733,5.19614411262721,5.66881286763948
2018-04-28,5.9067530632019,5.90996525568652,5.49017185035307,5.6085243661148
2018-05-05,6.2889895439148,6.43649780054318,6.00138567400789,6.01126919847438
2018-05-12,6.07674551010132,6.38683423696258,5.96704084615356,6.3270401430714
2018-05-19,6.15927076339722,6.1778021343751,5.93615535663249,6.17409604868846
2018-05-26,6.36927366256714,6.37545492045398,6.09929303029013,6.14503141495735
2018-06-02,6.48448610305786,6.59104443228622,6.37125231664726,6.40339269070561
2018-06-09,6.55815935134888,6.65557024932414,6.41970779954351,6.47187452553718
2018-06-16,6.20436763763428,6.57151208795627,6.18903945774798,6.5141534305045
2018-06-23,5.85700225830078,6.10176505967009,5.8102745357517,6.09805668241962
2018-06-30,6.11486911773682,6.1232752139489,5.76700923828789,5.78752980839701
2018-07-07,6.16406917572022,6.28323665528643,6.08371800085872,6.18904036651805
2018-07-14,6.20288515090942,6.2871922702216,6.06171356763277,6.13637862192399
2018-07-21,6.2308235168457,6.34405732168758,6.01473974377394,6.176431924369
2018-07-28,6.2327995300293,6.2565342766073,5.96356067951742,6.24491447428614
2018-08-04,6.29930591583252,6.43404912366609,6.17371057295436,6.22019072436395
2018-08-11,6.05281257629395,6.51810923998854,6.02586365134455,6.30795921445705
2018-08-18,6.73023796081543,6.7448248442407,5.90199978452381,6.01226696559198
2018-08-25,6.93940019607544,6.96511268842656,6.66373243750887,6.75990694856829
2018-09-01,6.72501373291016,7.0555003151128,6.60949148679589,6.93008349564638
2018-09-08,6.83806228637695,6.90411025548557,6.47912765684074,6.74752488062431
2018-09-15,6.51697492599487,6.88283587734845,6.48382756200933,6.81258303686457
2018-09-22,6.95160531997681,6.9738687017822,6.39897983127245,6.48605406618966
2018-09-29,6.67553901672363,7.24201710509465,6.6181489851824,7.02927883772478
2018-10-06,6.09867191314697,6.70769803497919,5.79490126378179,6.59242348442337
2018-10-13,5.6689887046814,6.18129318039079,5.63262540611847,6.0853133225101
2018-10-20,4.90510892868042,5.82112151572665,4.77721835282531,5.72118401677617
2018-10-27,5.31648540496826,5.49162371404345,4.35396688050968,5.04610942408321
2018-11-03,5.0876669883728,5.3780797914781,4.9731346529754,5.30337391772108
2018-11-10,4.06751203536987,5.11759920999582,3.99775320662671,4.99638776012807
2018-11-17,3.58687138557434,4.00294827002315,3.29769542191826,4.00220656635592
2018-11-24,4.04277610778809,4.05341285790955,3.62546201415216,3.70783643440613
2018-12-01,3.65508961677551,4.32539179714723,3.60581377676396,4.27388720219702
2018-12-08,3.62636494636536,3.8601161125885,3.58600319456481,3.61026964757166
2018-12-15,3.20838594436646,3.72244089687289,3.18090033490977,3.5964033950921
2018-12-22,3.30941414833069,3.40202340613748,3.08185331266283,3.13211977812154
2018-12-29,3.37230968475342,3.42901399386629,3.1618342881058,3.35274774542111
2019-01-05,3.68529868125916,3.70807953849735,3.3782521905616,3.42950929645772
2019-01-12,3.88586902618408,3.91186903758782,3.60952730953505,3.63305108439616
2019-01-19,3.96560120582581,3.98367730432891,3.653602777132,3.85565901483221
2019-01-26,3.58377480506897,3.63478418856549,3.24379552956568,3.38122334352658
2019-02-02,3.66895651817322,3.85293672559603,3.56891876220924,3.59962329839975
2019-02-09,3.89602136611938,4.05771564142407,3.57807978011035,3.62487961066005
2019-02-16,3.94183039665222,3.99308726183112,3.84253558467572,3.88537357675567
2019-02-23,3.87398386001587,4.09263041815189,3.79127929963173,4.0252784784666
2019-03-02,3.73396182060242,3.93920084192678,3.58920372992115,3.91639650622407
2019-03-09,4.20913410186768,4.25176802943248,3.7104130765239,3.75750910649127
2019-03-16,4.3997483253479,4.58565318416542,4.16079843949789,4.24061371703093
2019-03-23,4.45080995559692,4.50509413932441,4.24135732208242,4.35909715837207
2019-03-30,4.73313903808594,4.75049056088705,4.47088950015276,4.54252475214322
2019-04-06,4.70983839035034,4.79560268129797,4.64910972299889,4.70265023419299
2019-04-13,4.61787557601929,4.72099087485334,4.53855626084861,4.70215246658324
2019-04-20,4.41437435150147,4.77924377587716,4.29564305178191,4.59433027465864
2019-04-27,4.53632688522339,4.58243102481558,4.35017380394354,4.42230498485867
2019-05-04,4.18459463119507,4.47014461411787,4.0651196824642,4.35017371861378
2019-05-11,3.87995886802673,4.07577890775416,3.84054717033936,4.05272659982377
2019-05-18,3.59787917137146,3.85938520670019,3.59118648983449,3.78130526164713
2019-05-25,3.35769057273865,3.64819821043651,3.35595546773633,3.61547895245557
2019-06-01,3.61067128181458,3.64491670792985,3.29054992410005,3.37268943748427
2019-06-08,3.58932971954346,3.78090630378583,3.54466178307438,3.66675448985801
2019-06-15,3.7660174369812,3.9042404447134,3.56476284254877,3.5875932089906
2019-06-22,4.07546758651733,4.10375746055295,3.74020851086394,3.7873583009233
2019-06-29,3.97620534896851,4.31667545214437,3.91292527871635,4.28242978934062
2019-07-06,4.15934419631958,4.2303171380741,3.84641944248429,3.91664761492798
2019-07-13,4.17994260787964,4.28590530673139,4.09060623277042,4.18043912092106
2019-07-20,4.34446907043457,4.43926469819582,4.1938382224851,4.2012830762836
2019-07-27,4.00002813339233,4.36605848344751,3.95263055771716,4.33727256834157
2019-08-03,3.82607054710388,3.92855903600948,3.6950441654181,3.81664058943285
2019-08-10,3.95957851409912,4.00871317017012,3.65757256130453,3.77395772933946
2019-08-17,4.03104686737061,4.30426664489605,4.01119440171285,4.07273737657598
2019-08-24,4.15686321258545,4.2399957625674,3.94568238683179,4.10971388850281
2019-08-31,4.43769645690918,4.49830634479536,4.05515807292964,4.08819535606445
2019-09-07,4.51942157745361,4.67988908795669,4.44117489220429,4.46874750208718
2019-09-14,4.28964996337891,4.51097612725127,4.27946587358067,4.44440453974441
2019-09-21,4.26654863357544,4.44688826355512,4.20593826126298,4.28989836411454
2019-09-28,4.52016544342041,4.54947684889981,4.22605785393384,4.29238115099578
2019-10-05,4.62002563476563,4.7032400162072,4.38429198399781,4.58500079277384
2019-10-12,4.73180246353149,4.95039615709623,4.58027732188697,4.61132752476242
2019-10-19,5.08081007003784,5.10167572836213,4.74521931062247,4.79316057694536
2019-10-26,5.03237247467041,5.18911367225378,4.91363625000067,5.12452914463774
2019-11-02,5.16129159927368,5.25866513583242,5.07012801178913,5.11334986379504
2019-11-09,5.07211589813232,5.26264010503766,4.98393290968374,5.16054667811102
2019-11-16,5.23854494094849,5.32945979266963,5.06168291267412,5.06466351777487
2019-11-23,5.38385915756226,5.49986300673114,5.35355421029242,5.36647111189831
2019-11-30,5.27422952651978,5.39429654770438,4.98089952375929,5.38087274066665
2019-12-07,5.56805562973023,5.69209968513624,5.24265785082663,5.2513582881659
2019-12-14,5.95037984848023,5.97573534291094,5.58744546318501,5.6155357873907
2019-12-21,5.88823318481445,6.0110340504691,5.8618829500298,5.97896665633161
2019-12-28,5.86834669113159,5.96380305871951,5.72068722246484,5.86635815509718
2020-01-04,6.07342910766602,6.17858065624107,5.7490260497002,5.77512736342073
2020-01-11,6.19672775268555,6.28895287460556,6.07864976384382,6.1564572872355
2020-01-18,6.22655725479126,6.45078103428757,6.12936033250319,6.16018500950721
2020-01-25,5.87729597091675,6.19647925858608,5.77289023590729,5.92228980214121
2020-02-01,6.25415134429932,6.32027467903486,5.85293499569359,5.85914952708882
2020-02-08,7.20374631881714,7.33251328983712,6.27180081272447,6.27677262760886
2020-02-15,7.31014060974121,7.86324245192649,7.08119389167973,7.10058330596891
2020-02-22,6.71353673934937,7.0068671873885,6.01053840636946,6.71651954387627
2020-02-29,6.61731290817261,7.08617609805241,6.41733075457525,6.88743787891904
2020-03-07,5.99050283432007,6.49393992643575,5.36767367020797,5.96712189874799
2020-03-14,5.11769723892212,5.72883578749323,4.49412171785054,5.28335353771484
2020-03-21,6.28624773025513,6.54468196539541,4.93786182453637,5.11670134206542
2020-03-28,6.06686449050903,6.85012703461488,5.92956346251417,6.3516642459212
2020-04-04,6.540452003479,6.92101469704281,6.29122065995978,6.34867836281519
2020-04-11,7.27098417282105,7.43713811520284,6.39245677837216,6.48075713489823
2020-04-18,7.20307922363281,7.30033428760807,6.64392605970276,7.14462712595724
2020-04-25,7.03369283676148,7.5664805698619,6.98543842932699,7.33739690752627
2020-05-02,7.7729287147522,7.77914696283962,6.98643253247757,6.98643253247757
2020-05-09,8.44774341583252,8.4574434461632,7.55628140405312,7.76795375231737
2020-05-16,8.98053169250488,9.04694412576126,8.63653306957214,8.71612779156068
2020-05-23,8.83054065704346,9.13523990923022,7.95624213920484,9.11036597805633
2020-05-30,8.87481880187988,8.95142845016264,8.61414579167706,8.7885081746023
2020-06-06,8.89130973815918,9.45619295770362,8.6456976899494,8.83631434362195
2020-06-13,9.21854591369629,9.40144879419368,8.70343218252405,8.77460327058074
2020-06-20,9.11278438568115,9.59803662551967,9.0829229868643,9.25711622030335
2020-06-27,9.56792736053467,9.69259968460568,8.85896090432293,9.12746765469056
2020-07-04,10.4309310913086,10.6061192144806,9.66771617127211,9.69683144648795
2020-07-11,10.1544599533081,10.7424856965072,9.74037780024002,10.5461458178227
2020-07-18,10.1474924087524,10.5536110842878,9.73191798644796,10.226874736613
2020-07-25,10.565806388855,10.7168572471917,10.1621766468192,10.1850703607652
2020-08-01,11.1478586196899,11.4517012634947,10.6658414527097,10.6830119728365
2020-08-08,11.5106773376465,11.6677000652995,10.7459693540375,11.2819870574455
2020-08-15,12.6250152587891,12.7496875804067,11.7627595959555,11.7966022637947
2020-08-22,13.0871267318726,13.0873754424477,12.4498286657278,12.8243440744214
2020-08-29,12.5643014907837,14.6588493187042,11.6507826304022,13.1219676615661
2020-09-05,12.1120319366455,13.0088969533229,11.6537671999807,11.6838863221283
2020-09-12,12.1366739273071,13.2575678036377,11.9370392101896,13.0245778636159
2020-09-19,12.8182220458984,12.8279303563529,11.8531529358832,11.8735646965961
2020-09-26,13.0059118270874,13.7033900629372,12.6950084443316,12.9840064030216
2020-10-03,13.7033882141113,14.0810029581075,13.1657173787574,13.1789105783286
2020-10-10,13.7519264221191,14.2866108320605,13.7083653190087,13.9291591024954
2020-10-17,13.5316333770752,13.9231867489644,13.1746791588497,13.8430343060972
2020-10-24,12.4799375534058,13.6336891048253,12.2469466593695,13.3690854313841
2020-10-31,14.4991912841797,14.5258255183449,12.3415381963264,12.603154573294
2020-11-07,13.2396469116211,14.6281318920145,12.573781574131,14.4897314917637
2020-11-14,13.0312995910645,13.5906260790519,13.0086468668766,13.1156832676102
2020-11-21,13.2040500640869,13.3496699686003,12.8294236192494,13.114439056889
2020-11-28,13.4997711181641,13.6145236583943,12.9162982068612,13.2077858775469
2020-12-05,12.9609489440918,13.676062698927,12.7714631805745,13.5465850664713
2020-12-12,13.2186613082886,13.4098891148321,13.017971179895,13.0354007729434
2020-12-19,12.9415264129639,13.3162644917779,12.8867481094681,13.0222011924443
2020-12-26,13.0025300979614,13.1606416375034,12.711952735097,13.0099996502707
2021-01-02,13.2233896255493,13.597630005187,12.5354166159714,13.0515832544595
2021-01-09,12.8078155517578,13.9048889568323,12.7968600816575,13.3648177153033
2021-01-16,13.6573886871338,13.9429870208828,12.7923794568383,12.9639369739553
2021-01-23,12.9375400543213,13.7729187426301,12.7423277406361,13.7263565770647
2021-01-30,13.5363759994507,13.8757571821761,12.850892556234,13.0007879778428
2021-02-06,14.9011220932007,15.2297957704394,13.6720812471836,13.6720812471836
2021-02-13,14.8665084838867,15.3107160419858,14.5164207058268,15.0037045192954
2021-02-20,13.6593837738037,15.0724318265978,13.1631361630639,14.7153721090897
2021-02-27,12.4114170074463,13.8690351777963,11.6323104920221,13.8192359393977
2021-03-06,12.80433177948,12.9938175612946,11.5200140347229,12.3999633536499
2021-03-13,12.7985391616821,13.4628386768118,12.5661467364236,12.8174693861012
2021-03-20,12.7920579910278,13.3452672954557,12.2268936600494,12.8652884672063
2021-03-27,13.7609882354736,13.8190236253869,12.6533236376858,12.7731314333201
2021-04-03,14.3470754623413,14.4183134545359,13.6611064459236,13.8165332377074
2021-04-10,15.8540182113647,16.1546593917922,14.0872847432079,14.2372319168711
2021-04-17,15.2091455459595,15.7494022851201,14.7291656442721,15.4793983877127
2021-04-24,14.9543352127075,15.6129060936228,14.9418813439276,15.1291910650068
2021-05-01,14.7578096389771,15.1907124323081,13.9587572400312,15.0694100302155
2021-05-08,14.19065284729,14.7515833842785,13.4095338809013,14.7329021059685
2021-05-15,14.9366502761841,15.1660543908708,13.493474297385,14.1049680752555
2021-05-22,16.1847953796387,16.2176750364555,15.1202228985241,15.1565887263286
2021-05-29,17.5136470794678,17.5960913745602,15.8448019200268,16.2102047504082
2021-06-05,17.7597389221191,17.8733202663863,17.1128750277847,17.5066727166495
2021-06-12,18.5745010375977,19.3082130577616,17.5238843943314,17.8442769374895
2021-06-19,18.9654006958008,19.3530597604781,17.7613154615245,18.3717034271018
2021-06-26,20.4163799285889,20.4345684342167,19.2524068055579,19.2945108486305
2021-07-03,19.9811344146729,20.8030423378572,19.6328404138161,20.6660155501725
2021-07-10,18.0983963012695,20.4619704919673,18.0107003009831,20.1702302270179
2021-07-17,19.4905815124512,19.818445975926,17.8039147226076,17.8534945050024
2021-07-24,19.4317855834961,19.7845654020408,18.6763971608425,19.2444339116318
2021-07-31,20.2957954406738,20.6615309301923,19.153745916682,19.6320927498477
2021-08-07,20.1184120178223,20.4373086788902,19.3630254093596,20.3755221181728
2021-08-14,20.7442474365234,20.7930783211163,18.6973267028738,20.0655950801575
2021-08-21,22.557975769043,22.6436797770662,20.8777883133851,20.8987158373563
2021-08-28,22.7642612457275,22.9635707110081,22.0437538317329,22.751305569756
2021-09-04,22.4044761657715,22.8240986232431,21.9051135594441,22.7583145213249
2021-09-11,21.8283596038818,22.8888800911588,21.7585888944115,22.6097953521681
2021-09-18,22.0087642669678,22.4612795366993,20.5944076178039,21.0768235297413
2021-09-25,20.6741523742676,21.7276940792464,20.136914012363,21.6389845034509
2021-10-02,20.7628536224365,21.252248508864,19.4910288088357,20.4369236925969
2021-10-09,21.7904796600342,21.8592541751776,20.4438995200307,20.5076912287778
2021-10-16,22.6516551971436,23.0543329037005,21.5731940647448,21.6778520181359
2021-10-23,25.483362197876,25.6248978714784,22.6955130333757,22.8978480780575
2021-10-30,29.6546745300293,31.2972823211869,25.1444754223943,25.565095836356
2021-11-06,30.290584564209,32.2043056440714,28.6838583875769,30.0503737233236
2021-11-13,32.8770980834961,32.9797617824458,28.7057869395431,30.4520564973626
2021-11-20,31.3999443054199,34.5336584220112,30.7789812340233,33.4073539331777
2021-11-27,30.5925960540772,33.3026994642581,30.0314361452566,32.2601235732213
2021-12-04,30.1028995513916,32.3468119917389,27.9497020371114,29.7859002151041
2021-12-11,27.7134494781494,31.0618705451496,27.1641840982109,30.1537401727895
2021-12-18,29.5466556549072,29.9643367432686,27.0595140956025,27.2190100636751
2021-12-25,29.318380355835,31.2313378067017,29.2386323619678,29.5665967710502
2022-01-01,27.1611938476563,30.614285764145,26.9717916607796,29.7211075268159
2022-01-08,26.85715675354,28.5049511921654,25.5632439329486,26.497293512859
2022-01-15,23.3003921508789,26.5541132414498,23.1897416464677,26.1773033642292
2022-01-22,22.7680702209473,23.9812365840892,20.8222179822745,22.2596761339812
2022-01-29,24.24241065979,25.7356920940009,22.9794007166826,23.1089904617007
2022-02-05,23.8735790252686,26.8402068150517,23.6981345939934,24.2952472449363
2022-02-12,23.5675430297852,26.4982844439058,23.0272501654072,23.8586232341508
2022-02-19,24.0809268951416,24.1407374170503,20.8242147916127,22.9624604386046
2022-02-26,22.8637714385986,24.5873266134509,22.411200690635,23.9164456708016
2022-03-05,22.0341548919678,23.1508168611087,20.5884743104023,22.749017694662
2022-03-12,26.3741855621338,26.4898410797683,21.095959681046,21.8038434080075
2022-03-19,27.6094970703125,28.2735132314643,25.4988055407197,26.4280280557853
2022-03-26,26.6324157714844,28.8597591811452,26.1887418819167,27.6733059645857
2022-04-02,23.0501194000244,27.4758950514235,22.9932900152757,26.6483680055844
2022-04-09,21.1946659088135,22.7091413880852,21.0999496249187,22.1478189960047
2022-04-16,19.4568538665772,22.6024541345215,19.4418991680578,21.1368347279906
2022-04-23,18.4917449951172,20.0680341994964,18.2355106891566,19.144792378571
2022-04-30,18.6193618774414,20.3392230637043,17.9364031913214,18.4857622217817
2022-05-07,17.6532497406006,18.2006139492804,15.5206232514772,17.9802735837673
2022-05-14,16.6442623138428,18.3162659231649,15.7080598313407,17.4568346438053
2022-05-21,18.7549629211426,18.8247540871313,15.7329911713322,16.2255199807143
2022-05-28,18.6642284393311,19.5605502937724,18.0680104349565,18.92345407203
2022-06-04,16.9234313964844,19.2793904301409,16.8187427708723,19.0819803642717
2022-06-11,15.8360328674316,16.8212972900548,15.2855611542867,15.9557005071109
2022-06-18,17.0785827636719,17.092543941061,15.8091075495985,16.4293861130087
2022-06-25,14.4827899932861,17.2820184236102,14.3521531261232,17.2640686101172
2022-07-02,15.794153213501,15.9926026448642,14.0160894093517,14.1357570784082
2022-07-09,15.7183618545532,15.738305988579,14.4249527606873,15.4830151766382
2022-07-16,17.2710552215576,18.0937701930786,15.957701699106,16.2568704338285
2022-07-23,18.1127147674561,18.1934898902901,16.4323803221303,16.9718809947825
2022-07-30,18.9364280700684,19.2206388773478,17.9401933170608,18.1316611898852
2022-08-06,18.6571998596191,18.6661757172825,16.6776970402314,17.4535428629593
2022-08-13,17.7995872497559,19.110945396925,17.7208054838863,18.6492278335842
2022-08-20,16.2149829864502,17.8973126522967,16.1920459487979,17.4415771666444
2022-08-27,13.6092166900635,16.2927653151908,13.233260611674,15.9756468533272
2022-09-03,14.3471689224243,14.4339279518625,13.3090506201228,13.6929849557535
2022-09-10,13.1653699874878,14.5110347755912,12.5858060908107,14.3334753547237
2022-09-17,12.4850578308105,13.9963128013596,12.2266983037595,12.9798319124367
2022-09-24,12.1089887619019,12.7912977280073,11.9164660744706,12.4601187503303
2022-10-01,12.0461444854736,13.6222381449064,11.9922780896517,12.3164743956225
2022-10-08,11.1992454528809,12.0940272986417,10.7862684114156,12.0072424818905
2022-10-15,12.4351816177368,12.7374330013071,11.4885282942401,11.4895252741185
2022-10-22,13.7997989654541,13.8157601557921,12.0341752866933,12.4770778652641
2022-10-29,14.1210021972656,14.1938216733883,12.9239691526934,13.7439364695343
2022-11-05,16.2866363525391,16.3484833512453,13.7249850752775,14.1928254850137
2022-11-12,15.3709058761597,16.9559763076999,15.0826198393645,16.1779058611162
2022-11-19,16.229772567749,16.4861370998488,15.0427143329695,15.109549062314
2022-11-26,16.8342781066895,17.2223163485225,15.4816314545067,15.9863791212534
2022-12-03,16.9633102416992,17.5440207471967,15.632267927633,16.6420254783869
2022-12-10,16.5342597961426,18.748341845839,16.3736174475228,16.9992281407989
2022-12-17,15.172287940979,16.590137999612,14.8490059057743,16.5352596325882
2022-12-24,14.5816011428833,15.066523743817,13.8532190550171,15.0405813628708
2022-12-31,14.8260564804077,14.9767217228094,14.0028857691268,14.818073844108
2023-01-07,16.8615322113037,16.8844819319663,15.1074296231877,15.2501131692606
2023-01-14,17.7994518280029,17.8333749430952,16.6939084500856,16.861535265083
2023-01-21,20.3198509216309,20.5822683424142,17.7784985963036,18.0239516047461
2023-01-28,21.0532169342041,21.9003335358253,18.907984348468,19.9057671235192
2023-02-04,21.2178573608398,22.9689677958355,20.7399191567437,20.7598752758201
2023-02-11,21.3405857086182,22.9979027590076,20.9155295086952,21.4902527949481
2023-02-18,23.2343730926514,23.8350396165972,20.3757251669012,20.9534419674049
2023-02-25,23.8370361328125,23.8470141915518,22.3822682829066,23.6175245499073
2023-03-04,22.9140815734863,24.399780444755,22.6756111706063,23.838029016642
2023-03-11,25.6723251342773,26.3449448193976,22.2513449077172,22.7054131605546
2023-03-18,26.7241687774658,27.5325116563082,25.0785449713321,25.5625525329724
2023-03-25,27.720121383667,27.777003872771,25.7970672614207,26.7820456914036
2023-04-01,26.9816379547119,27.9426653991926,26.3409523572438,27.4526715789758
2023-04-08,26.7032108306885,27.7330992418322,26.1663123109772,26.7680782723007
2023-04-15,27.0634689331055,28.0524408267782,26.3788747104786,26.5106043886231
2023-04-22,27.6921863555908,27.7011668018636,26.1713064745674,26.9576932046866
2023-04-29,28.6212749481201,28.9985012117049,27.184222968617,27.7829947853636
2023-05-06,28.2819709777832,29.1601682463532,27.98857234983,28.4635975215275
2023-05-13,31.1999855041504,31.7628298666983,28.0943579502833,28.4496280193812
2023-05-20,38.8662528991699,39.3991598709481,29.744968670484,30.8377258514784
2023-05-27,39.2464752197266,41.8521290979482,37.7445557336323,40.5118804651426
2023-06-03,38.6906204223633,39.6296918435832,37.2795140693331,38.8293357644763
2023-06-10,42.6089935302734,43.6359921332087,38.5429134661769,39.1237825906593
2023-06-17,42.1269340515137,43.9044733519639,41.9333109957247,42.9144014865252
2023-06-24,42.2197570800781,42.6808606838702,40.0220384140895,42.3784483575811
2023-07-01,42.4203605651856,43.1299805264329,41.2656124135299,42.4343332843302
2023-07-08,45.3806037902832,47.994511577054,41.5680268918524,42.5740704300859
2023-07-15,44.222843170166,47.8028703621584,44.0142499177263,46.1989965852541
2023-07-22,46.6591033935547,47.3028497689063,43.9543733940071,44.6440279552437
2023-07-29,44.593132019043,47.0383694121112,43.3026466420105,46.6631009915897
2023-08-05,40.7755661010742,45.4514585333519,40.559986460891,45.0232917754089
2023-08-12,43.2148170471191,45.1799906464322,40.2326274091537,40.4072864093678
2023-08-19,45.9285316467285,50.1682698163955,44.1360220651699,44.4074925930333
2023-08-26,48.4146842956543,49.8299265902653,44.800726110414,46.3916249038587
2023-09-02,45.4833869934082,48.756014341647,45.0642054818855,48.1292332817247
2023-09-09,43.8182487487793,46.0770311568462,43.7264172124675,46.0620596998108
2023-09-16,41.5325202941895,44.1596193219083,40.9036923258393,42.6684017573246
2023-09-23,43.4180030822754,44.061802514667,41.1003243641468,41.5135549361061
2023-09-30,45.6767883300781,45.7037384802503,43.1654706843032,43.9480112061358
2023-10-07,45.376350402832,47.5203534581251,44.2853870554717,44.7585034953024
2023-10-14,41.3099365234375,46.1389253844999,41.0015099767318,44.9790903312478
2023-10-21,40.4245834350586,43.6156287805772,39.8057390263766,41.1522260282719
2023-10-28,44.9211921691895,45.224623101739,39.1569449263389,41.0104890508573
2023-11-04,48.245002746582,48.3817486979708,44.8153995122837,45.200682391638
2023-11-11,49.2062034606934,49.8669695141102,48.0094347861274,48.2300239363395
2023-11-18,47.6870384216309,50.4538761066949,47.6011962147072,49.2201775719717
2023-11-25,46.6779289245606,48.6712124101119,46.1010059702122,47.7110017342467
2023-12-02,47.4175453186035,47.6521083626307,44.9261906263191,45.991205234441
2023-12-09,48.8032493591309,49.3163372606454,45.7486814361457,47.4067334701466
2023-12-16,48.7433586120606,50.3435111048339,48.0126552075298,49.3123469080207
2023-12-23,49.4341278076172,49.9082872550998,48.6644959569836,48.8811099690624
2023-12-30,49.0098838806152,49.4590861757253,47.2360365095213,49.1566224085012
2024-01-06,54.6129264831543,55.2477996048971,49.3912089138906,49.4241513059649
2024-01-13,59.3854484558106,59.3944313602979,54.6428785269628,54.9203851600362
2024-01-20,60.9227066040039,62.737481589795,58.48104756815,59.942450589842
2024-01-27,66.0426177978516,66.4818319392403,60.592302430781,61.1233562026773
2024-02-03,72.005012512207,72.0569145787075,66.1823622365671,68.1039420025155
2024-02-10,72.4841461181641,74.4786017341969,69.4964610185449,72.4711686994422
2024-02-17,78.6771621704102,82.2478116210113,66.1304621731913,71.8193483612636
2024-02-24,82.1330032348633,82.1539696889409,76.9881491775259,79.5585770437553
2024-03-02,87.3727035522461,97.2271898269981,83.2689974223559,83.9807298250357
2024-03-09,87.6852722167969,91.8011514245773,84.0206157170806,86.2797071977989
2024-03-16,94.126106262207,94.6142598737323,84.8631374827821,90.2318447179716
2024-03-23,90.1999130249023,96.5988358045199,88.9690413234754,93.7787190318733
2024-03-30,87.8559722900391,92.0656828080559,85.7316423692707,90.1430150281086
2024-04-06,88.0336608886719,90.5822521327845,82.8785875487027,88.546772922988
2024-04-13,76.068359375,90.456462535036,75.4753913754554,88.9440803481579
2024-04-20,87.5834503173828,88.1784214785885,76.2680309037382,77.9690822353049
2024-04-27,88.6356048583984,89.1267516237276,81.1146167937916,87.4436674326534
2024-05-04,89.7227325439453,92.0606895618371,88.0785822130105,89.235576608253
2024-05-11,92.3192443847656,95.6534786965091,88.3760708181737,90.321701540027
2024-05-18,106.28507232666,106.291058671216,93.0190281414151,93.588043139052
2024-05-25,109.44361114502,115.618921783708,106.755262536882,110.053555697448
2024-06-01,120.679161071777,125.370040841426,111.809508173306,113.424716844661
2024-06-08,131.65217590332,132.610508927511,116.80786179357,120.162057843095
2024-06-15,126.361740112305,140.528386560544,124.09547854512,132.771182366909
2024-06-22,123.336723327637,127.909181426278,117.845773244466,123.037213912727
2024-06-29,125.622940063477,128.637974714912,118.634459036313,123.266822993543
2024-07-06,129.027359008789,135.925977985627,126.83097423322,127.280230773964
2024-07-13,117.735954284668,131.173805830333,116.36820578705,130.345169712429
2024-07-20,112.873947143555,124.484813805227,106.125076816896,120.151951705595
2024-07-27,107.093482971191,119.96227937645,101.203197563747,113.502924596581
2024-08-03,104.577629089355,108.620967676062,90.5407678990943,91.9085086267264
2024-08-10,124.375007629395,124.794314698741,106.085153171821,106.145052005487
2024-08-17,129.157119750977,130.534853867337,122.897440243892,124.075498885571
2024-08-24,119.173583984375,131.044011219116,116.517957256292,129.356804845604
2024-08-31,102.660797119141,116.018777854613,100.783885746772,115.81910999735
2024-09-07,118.904029846191,120.591251536432,103.519389613792,104.707426393449
2024-09-14,115.819038391113,119.473332396747,113.04337644847,116.607806894255
2024-09-21,121.210609436035,127.470824466642,114.68081135762,116.368177282632
2024-09-28,124.725112915039,124.844928447676,114.960371721183,118.125424437782
2024-10-05,134.589691162109,135.56815792267,124.755052813414,124.794991320426
2024-10-12,137.784713745117,140.670204604728,128.539165249423,136.257101833264
2024-10-19,141.319183349609,144.194695271241,137.245561773944,137.914514710021
2024-10-26,135.188766479492,142.916697368214,131.903905666144,142.776916381156
2024-11-02,147.399658203125,149.536318557769,135.358477824663,136.995918327895
2024-11-09,141.758483886719,149.416515613457,139.861454289137,148.448027752117
2024-11-16,141.728546142578,152.651481501162,136.936031393503,139.282371341639
2024-11-23,138.034332275391,141.82840738493,131.59439721623,141.76850342154
2024-11-30,142.217803955078,146.311399041984,137.605015773473,138.613434745018
2024-12-07,134.049789428711,141.608507401041,132.342332893027,138.762751586912
2024-12-14,134.499114990234,136.496132333032,126.670810663114,133.979886215018
2024-12-21,136.8056640625,141.688370730536,134.509106366214,136.076757017228
2024-12-28,134.089736938477,140.060830393947,133.630431433308,134.628940210152
