rand,Mod 64,Mod 32,Mod 16,Mod 8
244,52,20,4,4
441,57,25,9,1
388,4,4,4,4
809,41,9,9,1
796,28,28,12,4
738,34,2,2,2
116,52,20,4,4
769,1,1,1,1
589,13,13,13,5
223,31,31,15,7
485,37,5,5,5
992,32,0,0,0
521,9,9,9,1
769,1,1,1,1
140,12,12,12,4
149,21,21,5,5
658,18,18,2,2
3,3,3,3,3
597,21,21,5,5
343,23,23,7,7
9,9,9,9,1
200,8,8,8,0
576,0,0,0,0
310,54,22,6,6
703,63,31,15,7
153,25,25,9,1
717,13,13,13,5
860,28,28,12,4
486,38,6,6,6
546,34,2,2,2
839,7,7,7,7
596,20,20,4,4
513,1,1,1,1
601,25,25,9,1
24,24,24,8,0
602,26,26,10,2
864,32,0,0,0
598,22,22,6,6
687,47,15,15,7
864,32,0,0,0
231,39,7,7,7
754,50,18,2,2
826,58,26,10,2
590,14,14,14,6
858,26,26,10,2
775,7,7,7,7
284,28,28,12,4
544,32,0,0,0
807,39,7,7,7
529,17,17,1,1
890,58,26,10,2
442,58,26,10,2
306,50,18,2,2
906,10,10,10,2
591,15,15,15,7
546,34,2,2,2
335,15,15,15,7
37,37,5,5,5
857,25,25,9,1
498,50,18,2,2
387,3,3,3,3
496,48,16,0,0
108,44,12,12,4
662,22,22,6,6
403,19,19,3,3
73,9,9,9,1
68,4,4,4,4
743,39,7,7,7
885,53,21,5,5
592,16,16,0,0
494,46,14,14,6
587,11,11,11,3
320,0,0,0,0
537,25,25,9,1
499,51,19,3,3
440,56,24,8,0
634,58,26,10,2
838,6,6,6,6
62,62,30,14,6
130,2,2,2,2
997,37,5,5,5
808,40,8,8,0
216,24,24,8,0
12,12,12,12,4
600,24,24,8,0
866,34,2,2,2
786,18,18,2,2
179,51,19,3,3
46,46,14,14,6
430,46,14,14,6
433,49,17,1,1
869,37,5,5,5
238,46,14,14,6
897,1,1,1,1
143,15,15,15,7
497,49,17,1,1
709,5,5,5,5
335,15,15,15,7
634,58,26,10,2
142,14,14,14,6
870,38,6,6,6
765,61,29,13,5
116,52,20,4,4
915,19,19,3,3
826,58,26,10,2
833,1,1,1,1
51,51,19,3,3
629,53,21,5,5
367,47,15,15,7
818,50,18,2,2
29,29,29,13,5
810,42,10,10,2
619,43,11,11,3
699,59,27,11,3
914,18,18,2,2
89,25,25,9,1
149,21,21,5,5
424,40,8,8,0
157,29,29,13,5
457,9,9,9,1
413,29,29,13,5
918,22,22,6,6
800,32,0,0,0
359,39,7,7,7
11,11,11,11,3
630,54,22,6,6
33,33,1,1,1
621,45,13,13,5
671,31,31,15,7
741,37,5,5,5
580,4,4,4,4
149,21,21,5,5
87,23,23,7,7
632,56,24,8,0
945,49,17,1,1
23,23,23,7,7
751,47,15,15,7
990,30,30,14,6
332,12,12,12,4
47,47,15,15,7
882,50,18,2,2
385,1,1,1,1
251,59,27,11,3
110,46,14,14,6
411,27,27,11,3
231,39,7,7,7
974,14,14,14,6
795,27,27,11,3
689,49,17,1,1
515,3,3,3,3
501,53,21,5,5
389,5,5,5,5
763,59,27,11,3
397,13,13,13,5
97,33,1,1,1
636,60,28,12,4
293,37,5,5,5
459,11,11,11,3
294,38,6,6,6
525,13,13,13,5
693,53,21,5,5
527,15,15,15,7
781,13,13,13,5
219,27,27,11,3
873,41,9,9,1
946,50,18,2,2
986,26,26,10,2
114,50,18,2,2
480,32,0,0,0
354,34,2,2,2
818,50,18,2,2
570,58,26,10,2
709,5,5,5,5
216,24,24,8,0
807,39,7,7,7
490,42,10,10,2
939,43,11,11,3
649,9,9,9,1
254,62,30,14,6
348,28,28,12,4
847,15,15,15,7
377,57,25,9,1
142,14,14,14,6
123,59,27,11,3
660,20,20,4,4
512,0,0,0,0
683,43,11,11,3
961,1,1,1,1
844,12,12,12,4
900,4,4,4,4
276,20,20,4,4
693,53,21,5,5
248,56,24,8,0
196,4,4,4,4
258,2,2,2,2
78,14,14,14,6
821,53,21,5,5
687,47,15,15,7
387,3,3,3,3
979,19,19,3,3
945,49,17,1,1
775,7,7,7,7
581,5,5,5,5
309,53,21,5,5
579,3,3,3,3
639,63,31,15,7
277,21,21,5,5
998,38,6,6,6
516,4,4,4,4
820,52,20,4,4
872,40,8,8,0
781,13,13,13,5
952,56,24,8,0
950,54,22,6,6
925,29,29,13,5
487,39,7,7,7
931,35,3,3,3
810,42,10,10,2
860,28,28,12,4
40,40,8,8,0
915,19,19,3,3
225,33,1,1,1
231,39,7,7,7
167,39,7,7,7
750,46,14,14,6
225,33,1,1,1
804,36,4,4,4
209,17,17,1,1
510,62,30,14,6
46,46,14,14,6
993,33,1,1,1
298,42,10,10,2
337,17,17,1,1
943,47,15,15,7
966,6,6,6,6
74,10,10,10,2
690,50,18,2,2
691,51,19,3,3
730,26,26,10,2
832,0,0,0,0
647,7,7,7,7
677,37,5,5,5
231,39,7,7,7
443,59,27,11,3
146,18,18,2,2
346,26,26,10,2
563,51,19,3,3
926,30,30,14,6
608,32,0,0,0
339,19,19,3,3
809,41,9,9,1
480,32,0,0,0
654,14,14,14,6
413,29,29,13,5
764,60,28,12,4
821,53,21,5,5
952,56,24,8,0
942,46,14,14,6
15,15,15,15,7
887,55,23,7,7
930,34,2,2,2
18,18,18,2,2
530,18,18,2,2
350,30,30,14,6
35,35,3,3,3
978,18,18,2,2
668,28,28,12,4
878,46,14,14,6
255,63,31,15,7
637,61,29,13,5
99,35,3,3,3
3,3,3,3,3
439,55,23,7,7
295,39,7,7,7
365,45,13,13,5
70,6,6,6,6
486,38,6,6,6
726,22,22,6,6
773,5,5,5,5
774,6,6,6,6
593,17,17,1,1
71,7,7,7,7
30,30,30,14,6
264,8,8,8,0
542,30,30,14,6
65,1,1,1,1
881,49,17,1,1
699,59,27,11,3
115,51,19,3,3
201,9,9,9,1
224,32,0,0,0
790,22,22,6,6
323,3,3,3,3
893,61,29,13,5
778,10,10,10,2
755,51,19,3,3
520,8,8,8,0
587,11,11,11,3
853,21,21,5,5
960,0,0,0,0
685,45,13,13,5
575,63,31,15,7
966,6,6,6,6
888,56,24,8,0
148,20,20,4,4
450,2,2,2,2
879,47,15,15,7
470,22,22,6,6
436,52,20,4,4
139,11,11,11,3
527,15,15,15,7
811,43,11,11,3
987,27,27,11,3
546,34,2,2,2
942,46,14,14,6
444,60,28,12,4
11,11,11,11,3
250,58,26,10,2
197,5,5,5,5
631,55,23,7,7
958,62,30,14,6
639,63,31,15,7
361,41,9,9,1
532,20,20,4,4
692,52,20,4,4
867,35,3,3,3
156,28,28,12,4
478,30,30,14,6
453,5,5,5,5
856,24,24,8,0
31,31,31,15,7
815,47,15,15,7
374,54,22,6,6
606,30,30,14,6
182,54,22,6,6
706,2,2,2,2
687,47,15,15,7
136,8,8,8,0
322,2,2,2,2
827,59,27,11,3
516,4,4,4,4
108,44,12,12,4
596,20,20,4,4
304,48,16,0,0
386,2,2,2,2
441,57,25,9,1
205,13,13,13,5
881,49,17,1,1
622,46,14,14,6
999,39,7,7,7
195,3,3,3,3
915,19,19,3,3
380,60,28,12,4
13,13,13,13,5
221,29,29,13,5
954,58,26,10,2
418,34,2,2,2
896,0,0,0,0
200,8,8,8,0
769,1,1,1,1
228,36,4,4,4
697,57,25,9,1
338,18,18,2,2
317,61,29,13,5
636,60,28,12,4
643,3,3,3,3
463,15,15,15,7
127,63,31,15,7
331,11,11,11,3
530,18,18,2,2
646,6,6,6,6
95,31,31,15,7
357,37,5,5,5
196,4,4,4,4
275,19,19,3,3
280,24,24,8,0
565,53,21,5,5
561,49,17,1,1
373,53,21,5,5
335,15,15,15,7
746,42,10,10,2
382,62,30,14,6
170,42,10,10,2
586,10,10,10,2
488,40,8,8,0
939,43,11,11,3
351,31,31,15,7
133,5,5,5,5
222,30,30,14,6
675,35,3,3,3
77,13,13,13,5
501,53,21,5,5
221,29,29,13,5
593,17,17,1,1
504,56,24,8,0
794,26,26,10,2
453,5,5,5,5
236,44,12,12,4
556,44,12,12,4
235,43,11,11,3
973,13,13,13,5
711,7,7,7,7
369,49,17,1,1
197,5,5,5,5
180,52,20,4,4
756,52,20,4,4
500,52,20,4,4
534,22,22,6,6
973,13,13,13,5
282,26,26,10,2
176,48,16,0,0
70,6,6,6,6
83,19,19,3,3
235,43,11,11,3
785,17,17,1,1
171,43,11,11,3
765,61,29,13,5
872,40,8,8,0
803,35,3,3,3
422,38,6,6,6
76,12,12,12,4
143,15,15,15,7
327,7,7,7,7
745,41,9,9,1
415,31,31,15,7
56,56,24,8,0
161,33,1,1,1
206,14,14,14,6
273,17,17,1,1
927,31,31,15,7
228,36,4,4,4
197,5,5,5,5
805,37,5,5,5
915,19,19,3,3
178,50,18,2,2
852,20,20,4,4
256,0,0,0,0
393,9,9,9,1
893,61,29,13,5
19,19,19,3,3
97,33,1,1,1
277,21,21,5,5
281,25,25,9,1
181,53,21,5,5
496,48,16,0,0
754,50,18,2,2
152,24,24,8,0
362,42,10,10,2
784,16,16,0,0
881,49,17,1,1
814,46,14,14,6
548,36,4,4,4
864,32,0,0,0
779,11,11,11,3
20,20,20,4,4
68,4,4,4,4
119,55,23,7,7
275,19,19,3,3
842,10,10,10,2
275,19,19,3,3
270,14,14,14,6
841,9,9,9,1
173,45,13,13,5
180,52,20,4,4
601,25,25,9,1
799,31,31,15,7
189,61,29,13,5
585,9,9,9,1
48,48,16,0,0
675,35,3,3,3
967,7,7,7,7
660,20,20,4,4
560,48,16,0,0
660,20,20,4,4
233,41,9,9,1
647,7,7,7,7
545,33,1,1,1
384,0,0,0,0
463,15,15,15,7
555,43,11,11,3
288,32,0,0,0
545,33,1,1,1
734,30,30,14,6
631,55,23,7,7
895,63,31,15,7
932,36,4,4,4
510,62,30,14,6
101,37,5,5,5
216,24,24,8,0
157,29,29,13,5
771,3,3,3,3
136,8,8,8,0
731,27,27,11,3
910,14,14,14,6
854,22,22,6,6
690,50,18,2,2
134,6,6,6,6
223,31,31,15,7
781,13,13,13,5
751,47,15,15,7
88,24,24,8,0
633,57,25,9,1
572,60,28,12,4
308,52,20,4,4
610,34,2,2,2
444,60,28,12,4
751,47,15,15,7
182,54,22,6,6
706,2,2,2,2
58,58,26,10,2
334,14,14,14,6
985,25,25,9,1
770,2,2,2,2
128,0,0,0,0
842,10,10,10,2
422,38,6,6,6
152,24,24,8,0
0,0,0,0,0
76,12,12,12,4
117,53,21,5,5
601,25,25,9,1
315,59,27,11,3
948,52,20,4,4
165,37,5,5,5
0,0,0,0,0
363,43,11,11,3
86,22,22,6,6
456,8,8,8,0
709,5,5,5,5
651,11,11,11,3
347,27,27,11,3
407,23,23,7,7
367,47,15,15,7
337,17,17,1,1
340,20,20,4,4
524,12,12,12,4
503,55,23,7,7
996,36,4,4,4
20,20,20,4,4
318,62,30,14,6
64,0,0,0,0
652,12,12,12,4
392,8,8,8,0
480,32,0,0,0
732,28,28,12,4
144,16,16,0,0
795,27,27,11,3
600,24,24,8,0
783,15,15,15,7
749,45,13,13,5
937,41,9,9,1
243,51,19,3,3
201,9,9,9,1
580,4,4,4,4
806,38,6,6,6
423,39,7,7,7
617,41,9,9,1
990,30,30,14,6
586,10,10,10,2
691,51,19,3,3
883,51,19,3,3
268,12,12,12,4
983,23,23,7,7
874,42,10,10,2
290,34,2,2,2
79,15,15,15,7
816,48,16,0,0
897,1,1,1,1
771,3,3,3,3
648,8,8,8,0
660,20,20,4,4
595,19,19,3,3
518,6,6,6,6
63,63,31,15,7
610,34,2,2,2
906,10,10,10,2
852,20,20,4,4
957,61,29,13,5
346,26,26,10,2
649,9,9,9,1
996,36,4,4,4
472,24,24,8,0
880,48,16,0,0
268,12,12,12,4
451,3,3,3,3
173,45,13,13,5
781,13,13,13,5
635,59,27,11,3
454,6,6,6,6
41,41,9,9,1
547,35,3,3,3
554,42,10,10,2
11,11,11,11,3
360,40,8,8,0
378,58,26,10,2
652,12,12,12,4
355,35,3,3,3
287,31,31,15,7
193,1,1,1,1
314,58,26,10,2
845,13,13,13,5
54,54,22,6,6
290,34,2,2,2
19,19,19,3,3
24,24,24,8,0
215,23,23,7,7
803,35,3,3,3
180,52,20,4,4
30,30,30,14,6
125,61,29,13,5
764,60,28,12,4
16,16,16,0,0
727,23,23,7,7
682,42,10,10,2
317,61,29,13,5
198,6,6,6,6
509,61,29,13,5
330,10,10,10,2
23,23,23,7,7
625,49,17,1,1
347,27,27,11,3
536,24,24,8,0
179,51,19,3,3
601,25,25,9,1
942,46,14,14,6
685,45,13,13,5
262,6,6,6,6
93,29,29,13,5
19,19,19,3,3
605,29,29,13,5
987,27,27,11,3
132,4,4,4,4
299,43,11,11,3
55,55,23,7,7
152,24,24,8,0
758,54,22,6,6
547,35,3,3,3
817,49,17,1,1
404,20,20,4,4
849,17,17,1,1
639,63,31,15,7
20,20,20,4,4
701,61,29,13,5
61,61,29,13,5
976,16,16,0,0
686,46,14,14,6
115,51,19,3,3
552,40,8,8,0
148,20,20,4,4
592,16,16,0,0
810,42,10,10,2
819,51,19,3,3
345,25,25,9,1
87,23,23,7,7
405,21,21,5,5
838,6,6,6,6
974,14,14,14,6
131,3,3,3,3
560,48,16,0,0
593,17,17,1,1
607,31,31,15,7
221,29,29,13,5
515,3,3,3,3
886,54,22,6,6
705,1,1,1,1
219,27,27,11,3
262,6,6,6,6
519,7,7,7,7
766,62,30,14,6
413,29,29,13,5
747,43,11,11,3
571,59,27,11,3
409,25,25,9,1
937,41,9,9,1
393,9,9,9,1
559,47,15,15,7
29,29,29,13,5
591,15,15,15,7
872,40,8,8,0
462,14,14,14,6
943,47,15,15,7
914,18,18,2,2
442,58,26,10,2
348,28,28,12,4
868,36,4,4,4
149,21,21,5,5
3,3,3,3,3
597,21,21,5,5
752,48,16,0,0
49,49,17,1,1
693,53,21,5,5
311,55,23,7,7
727,23,23,7,7
275,19,19,3,3
324,4,4,4,4
893,61,29,13,5
919,23,23,7,7
698,58,26,10,2
270,14,14,14,6
125,61,29,13,5
27,27,27,11,3
343,23,23,7,7
24,24,24,8,0
542,30,30,14,6
638,62,30,14,6
360,40,8,8,0
675,35,3,3,3
614,38,6,6,6
900,4,4,4,4
926,30,30,14,6
675,35,3,3,3
248,56,24,8,0
581,5,5,5,5
946,50,18,2,2
486,38,6,6,6
959,63,31,15,7
855,23,23,7,7
109,45,13,13,5
853,21,21,5,5
607,31,31,15,7
660,20,20,4,4
480,32,0,0,0
426,42,10,10,2
723,19,19,3,3
323,3,3,3,3
224,32,0,0,0
151,23,23,7,7
462,14,14,14,6
304,48,16,0,0
326,6,6,6,6
641,1,1,1,1
791,23,23,7,7
453,5,5,5,5
406,22,22,6,6
380,60,28,12,4
615,39,7,7,7
281,25,25,9,1
277,21,21,5,5
169,41,9,9,1
827,59,27,11,3
769,1,1,1,1
600,24,24,8,0
24,24,24,8,0
563,51,19,3,3
336,16,16,0,0
698,58,26,10,2
530,18,18,2,2
469,21,21,5,5
756,52,20,4,4
308,52,20,4,4
197,5,5,5,5
462,14,14,14,6
459,11,11,11,3
742,38,6,6,6
384,0,0,0,0
581,5,5,5,5
516,4,4,4,4
632,56,24,8,0
449,1,1,1,1
218,26,26,10,2
655,15,15,15,7
663,23,23,7,7
333,13,13,13,5
525,13,13,13,5
613,37,5,5,5
522,10,10,10,2
814,46,14,14,6
775,7,7,7,7
955,59,27,11,3
704,0,0,0,0
668,28,28,12,4
221,29,29,13,5
670,30,30,14,6
785,17,17,1,1
570,58,26,10,2
118,54,22,6,6
972,12,12,12,4
641,1,1,1,1
659,19,19,3,3
852,20,20,4,4
342,22,22,6,6
426,42,10,10,2
890,58,26,10,2
681,41,9,9,1
739,35,3,3,3
135,7,7,7,7
261,5,5,5,5
874,42,10,10,2
330,10,10,10,2
48,48,16,0,0
231,39,7,7,7
557,45,13,13,5
736,32,0,0,0
895,63,31,15,7
884,52,20,4,4
341,21,21,5,5
855,23,23,7,7
153,25,25,9,1
109,45,13,13,5
75,11,11,11,3
534,22,22,6,6
202,10,10,10,2
862,30,30,14,6
213,21,21,5,5
169,41,9,9,1
984,24,24,8,0
286,30,30,14,6
935,39,7,7,7
180,52,20,4,4
598,22,22,6,6
848,16,16,0,0
938,42,10,10,2
469,21,21,5,5
100,36,4,4,4
91,27,27,11,3
327,7,7,7,7
916,20,20,4,4
326,6,6,6,6
338,18,18,2,2
154,26,26,10,2
865,33,1,1,1
641,1,1,1,1
899,3,3,3,3
777,9,9,9,1
112,48,16,0,0
670,30,30,14,6
580,4,4,4,4
777,9,9,9,1
795,27,27,11,3
490,42,10,10,2
827,59,27,11,3
623,47,15,15,7
555,43,11,11,3
958,62,30,14,6
168,40,8,8,0
401,17,17,1,1
779,11,11,11,3
957,61,29,13,5
654,14,14,14,6
287,31,31,15,7
615,39,7,7,7
115,51,19,3,3
795,27,27,11,3
571,59,27,11,3
565,53,21,5,5
86,22,22,6,6
849,17,17,1,1
242,50,18,2,2
741,37,5,5,5
688,48,16,0,0
606,30,30,14,6
809,41,9,9,1
623,47,15,15,7
791,23,23,7,7
546,34,2,2,2
226,34,2,2,2
536,24,24,8,0
685,45,13,13,5
45,45,13,13,5
371,51,19,3,3
465,17,17,1,1
650,10,10,10,2
890,58,26,10,2
997,37,5,5,5
118,54,22,6,6
741,37,5,5,5
26,26,26,10,2
232,40,8,8,0
923,27,27,11,3
622,46,14,14,6
916,20,20,4,4
70,6,6,6,6
580,4,4,4,4
189,61,29,13,5
400,16,16,0,0
381,61,29,13,5
35,35,3,3,3
495,47,15,15,7
44,44,12,12,4
138,10,10,10,2
486,38,6,6,6
52,52,20,4,4
432,48,16,0,0
732,28,28,12,4
699,59,27,11,3
693,53,21,5,5
520,8,8,8,0
655,15,15,15,7
859,27,27,11,3
184,56,24,8,0
180,52,20,4,4
463,15,15,15,7
441,57,25,9,1
883,51,19,3,3
973,13,13,13,5
453,5,5,5,5
675,35,3,3,3
223,31,31,15,7
767,63,31,15,7
294,38,6,6,6
642,2,2,2,2
652,12,12,12,4
973,13,13,13,5
639,63,31,15,7
460,12,12,12,4
999,39,7,7,7
473,25,25,9,1
788,20,20,4,4
727,23,23,7,7
150,22,22,6,6
260,4,4,4,4
22,22,22,6,6
634,58,26,10,2
846,14,14,14,6
753,49,17,1,1
304,48,16,0,0
347,27,27,11,3
764,60,28,12,4
793,25,25,9,1
74,10,10,10,2
848,16,16,0,0
936,40,8,8,0
874,42,10,10,2
620,44,12,12,4
211,19,19,3,3
708,4,4,4,4
812,44,12,12,4
269,13,13,13,5
636,60,28,12,4
771,3,3,3,3
156,28,28,12,4
299,43,11,11,3
290,34,2,2,2
762,58,26,10,2
851,19,19,3,3
284,28,28,12,4
863,31,31,15,7
617,41,9,9,1
415,31,31,15,7
663,23,23,7,7
311,55,23,7,7
372,52,20,4,4
621,45,13,13,5
552,40,8,8,0
0,0,0,0,0
278,22,22,6,6
503,55,23,7,7
972,12,12,12,4
281,25,25,9,1
956,60,28,12,4
524,12,12,12,4
818,50,18,2,2
224,32,0,0,0
821,53,21,5,5
888,56,24,8,0
763,59,27,11,3
687,47,15,15,7
722,18,18,2,2
154,26,26,10,2
2,2,2,2,2
327,7,7,7,7
180,52,20,4,4
730,26,26,10,2
37,37,5,5,5
820,52,20,4,4
255,63,31,15,7
33,33,1,1,1
586,10,10,10,2
998,38,6,6,6
130,2,2,2,2
238,46,14,14,6
382,62,30,14,6
264,8,8,8,0
524,12,12,12,4
311,55,23,7,7
131,3,3,3,3
272,16,16,0,0
794,26,26,10,2
654,14,14,14,6
395,11,11,11,3
643,3,3,3,3
161,33,1,1,1
516,4,4,4,4
42,42,10,10,2
282,26,26,10,2
236,44,12,12,4
126,62,30,14,6
723,19,19,3,3
700,60,28,12,4
126,62,30,14,6
835,3,3,3,3
741,37,5,5,5
308,52,20,4,4
109,45,13,13,5
246,54,22,6,6
306,50,18,2,2
850,18,18,2,2
2,2,2,2,2
764,60,28,12,4
504,56,24,8,0
478,30,30,14,6
299,43,11,11,3
959,63,31,15,7
81,17,17,1,1
298,42,10,10,2
818,50,18,2,2
62,62,30,14,6
416,32,0,0,0
956,60,28,12,4
728,24,24,8,0
183,55,23,7,7
961,1,1,1,1
822,54,22,6,6
13,13,13,13,5
13,13,13,13,5
590,14,14,14,6
302,46,14,14,6
181,53,21,5,5
0,0,0,0,0
667,27,27,11,3
463,15,15,15,7
20,20,20,4,4
213,21,21,5,5
717,13,13,13,5
4,4,4,4,4
649,9,9,9,1
821,53,21,5,5
543,31,31,15,7
132,4,4,4,4
100,36,4,4,4
884,52,20,4,4
715,11,11,11,3
782,14,14,14,6
526,14,14,14,6
762,58,26,10,2
181,53,21,5,5
33,33,1,1,1
152,24,24,8,0
753,49,17,1,1
914,18,18,2,2
520,8,8,8,0
298,42,10,10,2
92,28,28,12,4
256,0,0,0,0
494,46,14,14,6
887,55,23,7,7
10,10,10,10,2
57,57,25,9,1
975,15,15,15,7
311,55,23,7,7
491,43,11,11,3
705,1,1,1,1
68,4,4,4,4
84,20,20,4,4
380,60,28,12,4
708,4,4,4,4
51,51,19,3,3
77,13,13,13,5
916,20,20,4,4
8,8,8,8,0
483,35,3,3,3
567,55,23,7,7
357,37,5,5,5
282,26,26,10,2
609,33,1,1,1
209,17,17,1,1
126,62,30,14,6
194,2,2,2,2
623,47,15,15,7
249,57,25,9,1
821,53,21,5,5
690,50,18,2,2
864,32,0,0,0
775,7,7,7,7
719,15,15,15,7
264,8,8,8,0
793,25,25,9,1
613,37,5,5,5
976,16,16,0,0
517,5,5,5,5
273,17,17,1,1
482,34,2,2,2
738,34,2,2,2
711,7,7,7,7
196,4,4,4,4
438,54,22,6,6
722,18,18,2,2
345,25,25,9,1
348,28,28,12,4
152,24,24,8,0
310,54,22,6,6
854,22,22,6,6
66,2,2,2,2
516,4,4,4,4
435,51,19,3,3
823,55,23,7,7
712,8,8,8,0
670,30,30,14,6
315,59,27,11,3
302,46,14,14,6
419,35,3,3,3
219,27,27,11,3
920,24,24,8,0
490,42,10,10,2
152,24,24,8,0
331,11,11,11,3
639,63,31,15,7
659,19,19,3,3
315,59,27,11,3
338,18,18,2,2
31,31,31,15,7
207,15,15,15,7
826,58,26,10,2
587,11,11,11,3
771,3,3,3,3
413,29,29,13,5
932,36,4,4,4
768,0,0,0,0
118,54,22,6,6
391,7,7,7,7
659,19,19,3,3
825,57,25,9,1
717,13,13,13,5
309,53,21,5,5
445,61,29,13,5
647,7,7,7,7
391,7,7,7,7
981,21,21,5,5
826,58,26,10,2
395,11,11,11,3
494,46,14,14,6
575,63,31,15,7
603,27,27,11,3
921,25,25,9,1
772,4,4,4,4
960,0,0,0,0
698,58,26,10,2
451,3,3,3,3
448,0,0,0,0
78,14,14,14,6
6,6,6,6,6
133,5,5,5,5
546,34,2,2,2
104,40,8,8,0
7,7,7,7,7
100,36,4,4,4
493,45,13,13,5
272,16,16,0,0
678,38,6,6,6
57,57,25,9,1
715,11,11,11,3
678,38,6,6,6
134,6,6,6,6
753,49,17,1,1
824,56,24,8,0
791,23,23,7,7
384,0,0,0,0
699,59,27,11,3
791,23,23,7,7
376,56,24,8,0
353,33,1,1,1
284,28,28,12,4
821,53,21,5,5
683,43,11,11,3
931,35,3,3,3
600,24,24,8,0
349,29,29,13,5
711,7,7,7,7
166,38,6,6,6
649,9,9,9,1
758,54,22,6,6
683,43,11,11,3
305,49,17,1,1
950,54,22,6,6
833,1,1,1,1
860,28,28,12,4
70,6,6,6,6
948,52,20,4,4
397,13,13,13,5
42,42,10,10,2
244,52,20,4,4
643,3,3,3,3
952,56,24,8,0
25,25,25,9,1
296,40,8,8,0
44,44,12,12,4
633,57,25,9,1
963,3,3,3,3
431,47,15,15,7
523,11,11,11,3
22,22,22,6,6
903,7,7,7,7
140,12,12,12,4
303,47,15,15,7
818,50,18,2,2
95,31,31,15,7
830,62,30,14,6
343,23,23,7,7
280,24,24,8,0
201,9,9,9,1
909,13,13,13,5
109,45,13,13,5
725,21,21,5,5
155,27,27,11,3
169,41,9,9,1
88,24,24,8,0
793,25,25,9,1
778,10,10,10,2
646,6,6,6,6
384,0,0,0,0
434,50,18,2,2
812,44,12,12,4
103,39,7,7,7
97,33,1,1,1
71,7,7,7,7
611,35,3,3,3
362,42,10,10,2
893,61,29,13,5
812,44,12,12,4
440,56,24,8,0
291,35,3,3,3
789,21,21,5,5
413,29,29,13,5
540,28,28,12,4
983,23,23,7,7
465,17,17,1,1
793,25,25,9,1
331,11,11,11,3
691,51,19,3,3
110,46,14,14,6
904,8,8,8,0
287,31,31,15,7
26,26,26,10,2
889,57,25,9,1
959,63,31,15,7
465,17,17,1,1
868,36,4,4,4
897,1,1,1,1
6,6,6,6,6
450,2,2,2,2
594,18,18,2,2
14,14,14,14,6
771,3,3,3,3
0,0,0,0,0
547,35,3,3,3
330,10,10,10,2
431,47,15,15,7
657,17,17,1,1
62,62,30,14,6
273,17,17,1,1
147,19,19,3,3
79,15,15,15,7
359,39,7,7,7
334,14,14,14,6
613,37,5,5,5
30,30,30,14,6
468,20,20,4,4
514,2,2,2,2
647,7,7,7,7
825,57,25,9,1
294,38,6,6,6
154,26,26,10,2
356,36,4,4,4
14,14,14,14,6
322,2,2,2,2
320,0,0,0,0
327,7,7,7,7
225,33,1,1,1
360,40,8,8,0
51,51,19,3,3
819,51,19,3,3
892,60,28,12,4
485,37,5,5,5
476,28,28,12,4
489,41,9,9,1
823,55,23,7,7
856,24,24,8,0
759,55,23,7,7
36,36,4,4,4
206,14,14,14,6
21,21,21,5,5
508,60,28,12,4
431,47,15,15,7
820,52,20,4,4
506,58,26,10,2
496,48,16,0,0
372,52,20,4,4
84,20,20,4,4
478,30,30,14,6
454,6,6,6,6
17,17,17,1,1
423,39,7,7,7
314,58,26,10,2
773,5,5,5,5
774,6,6,6,6
640,0,0,0,0
839,7,7,7,7
15,15,15,15,7
643,3,3,3,3
879,47,15,15,7
566,54,22,6,6
802,34,2,2,2
496,48,16,0,0
419,35,3,3,3
77,13,13,13,5
983,23,23,7,7
765,61,29,13,5
700,60,28,12,4
605,29,29,13,5
909,13,13,13,5
926,30,30,14,6
905,9,9,9,1
175,47,15,15,7
837,5,5,5,5
80,16,16,0,0
570,58,26,10,2
188,60,28,12,4
897,1,1,1,1
613,37,5,5,5
856,24,24,8,0
159,31,31,15,7
703,63,31,15,7
795,27,27,11,3
955,59,27,11,3
641,1,1,1,1
324,4,4,4,4
696,56,24,8,0
991,31,31,15,7
587,11,11,11,3
711,7,7,7,7
293,37,5,5,5
848,16,16,0,0
527,15,15,15,7
609,33,1,1,1
852,20,20,4,4
358,38,6,6,6
618,42,10,10,2
577,1,1,1,1
939,43,11,11,3
537,25,25,9,1
232,40,8,8,0
654,14,14,14,6
425,41,9,9,1
3,3,3,3,3
189,61,29,13,5
346,26,26,10,2
152,24,24,8,0
527,15,15,15,7
218,26,26,10,2
664,24,24,8,0
270,14,14,14,6
202,10,10,10,2
860,28,28,12,4
242,50,18,2,2
870,38,6,6,6
131,3,3,3,3
480,32,0,0,0
383,63,31,15,7
549,37,5,5,5
619,43,11,11,3
849,17,17,1,1
335,15,15,15,7
373,53,21,5,5
664,24,24,8,0
733,29,29,13,5
927,31,31,15,7
425,41,9,9,1
242,50,18,2,2
119,55,23,7,7
812,44,12,12,4
431,47,15,15,7
81,17,17,1,1
991,31,31,15,7
115,51,19,3,3
283,27,27,11,3
187,59,27,11,3
334,14,14,14,6
318,62,30,14,6
342,22,22,6,6
39,39,7,7,7
247,55,23,7,7
396,12,12,12,4
598,22,22,6,6
742,38,6,6,6
962,2,2,2,2
997,37,5,5,5
328,8,8,8,0
905,9,9,9,1
211,19,19,3,3
333,13,13,13,5
130,2,2,2,2
499,51,19,3,3
726,22,22,6,6
64,0,0,0,0
134,6,6,6,6
886,54,22,6,6
22,22,22,6,6
268,12,12,12,4
782,14,14,14,6
246,54,22,6,6
970,10,10,10,2
147,19,19,3,3
501,53,21,5,5
659,19,19,3,3
461,13,13,13,5
382,62,30,14,6
275,19,19,3,3
945,49,17,1,1
873,41,9,9,1
245,53,21,5,5
922,26,26,10,2
659,19,19,3,3
310,54,22,6,6
35,35,3,3,3
958,62,30,14,6
463,15,15,15,7
592,16,16,0,0
593,17,17,1,1
322,2,2,2,2
431,47,15,15,7
83,19,19,3,3
692,52,20,4,4
656,16,16,0,0
148,20,20,4,4
689,49,17,1,1
520,8,8,8,0
235,43,11,11,3
425,41,9,9,1
723,19,19,3,3
364,44,12,12,4
661,21,21,5,5
956,60,28,12,4
341,21,21,5,5
850,18,18,2,2
375,55,23,7,7
428,44,12,12,4
832,0,0,0,0
175,47,15,15,7
431,47,15,15,7
619,43,11,11,3
393,9,9,9,1
954,58,26,10,2
499,51,19,3,3
948,52,20,4,4
809,41,9,9,1
350,30,30,14,6
640,0,0,0,0
7,7,7,7,7
339,19,19,3,3
705,1,1,1,1
576,0,0,0,0
918,22,22,6,6
789,21,21,5,5
814,46,14,14,6
766,62,30,14,6
10,10,10,10,2
821,53,21,5,5
904,8,8,8,0
604,28,28,12,4
957,61,29,13,5
648,8,8,8,0
98,34,2,2,2
440,56,24,8,0
547,35,3,3,3
56,56,24,8,0
659,19,19,3,3
318,62,30,14,6
552,40,8,8,0
919,23,23,7,7
775,7,7,7,7
499,51,19,3,3
21,21,21,5,5
281,25,25,9,1
795,27,27,11,3
482,34,2,2,2
240,48,16,0,0
157,29,29,13,5
839,7,7,7,7
47,47,15,15,7
491,43,11,11,3
613,37,5,5,5
668,28,28,12,4
889,57,25,9,1
759,55,23,7,7
771,3,3,3,3
761,57,25,9,1
274,18,18,2,2
312,56,24,8,0
247,55,23,7,7
41,41,9,9,1
598,22,22,6,6
87,23,23,7,7
431,47,15,15,7
116,52,20,4,4
936,40,8,8,0
886,54,22,6,6
220,28,28,12,4
505,57,25,9,1
21,21,21,5,5
960,0,0,0,0
484,36,4,4,4
239,47,15,15,7
942,46,14,14,6
696,56,24,8,0
245,53,21,5,5
18,18,18,2,2
252,60,28,12,4
647,7,7,7,7
364,44,12,12,4
526,14,14,14,6
187,59,27,11,3
649,9,9,9,1
913,17,17,1,1
203,11,11,11,3
202,10,10,10,2
765,61,29,13,5
561,49,17,1,1
436,52,20,4,4
196,4,4,4,4
490,42,10,10,2
510,62,30,14,6
77,13,13,13,5
800,32,0,0,0
886,54,22,6,6
544,32,0,0,0
463,15,15,15,7
167,39,7,7,7
151,23,23,7,7
332,12,12,12,4
33,33,1,1,1
468,20,20,4,4
107,43,11,11,3
844,12,12,12,4
741,37,5,5,5
852,20,20,4,4
812,44,12,12,4
529,17,17,1,1
977,17,17,1,1
797,29,29,13,5
48,48,16,0,0
530,18,18,2,2
631,55,23,7,7
236,44,12,12,4
606,30,30,14,6
912,16,16,0,0
95,31,31,15,7
950,54,22,6,6
852,20,20,4,4
798,30,30,14,6
352,32,0,0,0
635,59,27,11,3
387,3,3,3,3
858,26,26,10,2
366,46,14,14,6
674,34,2,2,2
832,0,0,0,0
401,17,17,1,1
367,47,15,15,7
526,14,14,14,6
64,0,0,0,0
921,25,25,9,1
390,6,6,6,6
50,50,18,2,2
740,36,4,4,4
434,50,18,2,2
76,12,12,12,4
725,21,21,5,5
871,39,7,7,7
53,53,21,5,5
336,16,16,0,0
184,56,24,8,0
574,62,30,14,6
55,55,23,7,7
523,11,11,11,3
347,27,27,11,3
548,36,4,4,4
782,14,14,14,6
282,26,26,10,2
472,24,24,8,0
198,6,6,6,6
108,44,12,12,4
636,60,28,12,4
276,20,20,4,4
112,48,16,0,0
178,50,18,2,2
724,20,20,4,4
137,9,9,9,1
224,32,0,0,0
654,14,14,14,6
158,30,30,14,6
992,32,0,0,0
643,3,3,3,3
966,6,6,6,6
885,53,21,5,5
735,31,31,15,7
175,47,15,15,7
467,19,19,3,3
660,20,20,4,4
514,2,2,2,2
830,62,30,14,6
211,19,19,3,3
935,39,7,7,7
276,20,20,4,4
930,34,2,2,2
859,27,27,11,3
999,39,7,7,7
411,27,27,11,3
223,31,31,15,7
857,25,25,9,1
559,47,15,15,7
860,28,28,12,4
857,25,25,9,1
977,17,17,1,1
168,40,8,8,0
954,58,26,10,2
636,60,28,12,4
336,16,16,0,0
622,46,14,14,6
698,58,26,10,2
453,5,5,5,5
469,21,21,5,5
285,29,29,13,5
652,12,12,12,4
846,14,14,14,6
591,15,15,15,7
820,52,20,4,4
522,10,10,10,2
796,28,28,12,4
378,58,26,10,2
726,22,22,6,6
22,22,22,6,6
15,15,15,15,7
967,7,7,7,7
435,51,19,3,3
829,61,29,13,5
197,5,5,5,5
523,11,11,11,3
278,22,22,6,6
730,26,26,10,2
412,28,28,12,4
432,48,16,0,0
291,35,3,3,3
754,50,18,2,2
200,8,8,8,0
48,48,16,0,0
662,22,22,6,6
925,29,29,13,5
953,57,25,9,1
28,28,28,12,4
215,23,23,7,7
293,37,5,5,5
380,60,28,12,4
843,11,11,11,3
798,30,30,14,6
716,12,12,12,4
337,17,17,1,1
248,56,24,8,0
763,59,27,11,3
779,11,11,11,3
403,19,19,3,3
384,0,0,0,0
111,47,15,15,7
252,60,28,12,4
796,28,28,12,4
309,53,21,5,5
330,10,10,10,2
512,0,0,0,0
918,22,22,6,6
220,28,28,12,4
69,5,5,5,5
293,37,5,5,5
478,30,30,14,6
180,52,20,4,4
181,53,21,5,5
720,16,16,0,0
108,44,12,12,4
141,13,13,13,5
577,1,1,1,1
44,44,12,12,4
437,53,21,5,5
234,42,10,10,2
201,9,9,9,1
409,25,25,9,1
890,58,26,10,2
828,60,28,12,4
117,53,21,5,5
975,15,15,15,7
680,40,8,8,0
957,61,29,13,5
860,28,28,12,4
441,57,25,9,1
520,8,8,8,0
836,4,4,4,4
252,60,28,12,4
969,9,9,9,1
512,0,0,0,0
604,28,28,12,4
780,12,12,12,4
358,38,6,6,6
642,2,2,2,2
562,50,18,2,2
210,18,18,2,2
976,16,16,0,0
393,9,9,9,1
83,19,19,3,3
625,49,17,1,1
682,42,10,10,2
350,30,30,14,6
34,34,2,2,2
866,34,2,2,2
404,20,20,4,4
723,19,19,3,3
360,40,8,8,0
936,40,8,8,0
467,19,19,3,3
607,31,31,15,7
500,52,20,4,4
65,1,1,1,1
809,41,9,9,1
578,2,2,2,2
39,39,7,7,7
104,40,8,8,0
636,60,28,12,4
912,16,16,0,0
51,51,19,3,3
469,21,21,5,5
741,37,5,5,5
543,31,31,15,7
954,58,26,10,2
286,30,30,14,6
261,5,5,5,5
976,16,16,0,0
873,41,9,9,1
147,19,19,3,3
960,0,0,0,0
696,56,24,8,0
636,60,28,12,4
348,28,28,12,4
223,31,31,15,7
815,47,15,15,7
930,34,2,2,2
525,13,13,13,5
191,63,31,15,7
467,19,19,3,3
266,10,10,10,2
304,48,16,0,0
571,59,27,11,3
502,54,22,6,6
20,20,20,4,4
462,14,14,14,6
751,47,15,15,7
131,3,3,3,3
178,50,18,2,2
676,36,4,4,4
175,47,15,15,7
436,52,20,4,4
94,30,30,14,6
434,50,18,2,2
463,15,15,15,7
853,21,21,5,5
408,24,24,8,0
962,2,2,2,2
397,13,13,13,5
121,57,25,9,1
343,23,23,7,7
123,59,27,11,3
213,21,21,5,5
250,58,26,10,2
669,29,29,13,5
180,52,20,4,4
362,42,10,10,2
172,44,12,12,4
965,5,5,5,5
218,26,26,10,2
685,45,13,13,5
493,45,13,13,5
850,18,18,2,2
877,45,13,13,5
587,11,11,11,3
66,2,2,2,2
239,47,15,15,7
810,42,10,10,2
780,12,12,12,4
149,21,21,5,5
832,0,0,0,0
377,57,25,9,1
210,18,18,2,2
534,22,22,6,6
197,5,5,5,5
180,52,20,4,4
191,63,31,15,7
682,42,10,10,2
494,46,14,14,6
380,60,28,12,4
778,10,10,10,2
68,4,4,4,4
516,4,4,4,4
775,7,7,7,7
321,1,1,1,1
242,50,18,2,2
723,19,19,3,3
273,17,17,1,1
257,1,1,1,1
529,17,17,1,1
89,25,25,9,1
210,18,18,2,2
934,38,6,6,6
146,18,18,2,2
782,14,14,14,6
57,57,25,9,1
904,8,8,8,0
430,46,14,14,6
145,17,17,1,1
824,56,24,8,0
897,1,1,1,1
999,39,7,7,7
253,61,29,13,5
579,3,3,3,3
63,63,31,15,7
53,53,21,5,5
25,25,25,9,1
41,41,9,9,1
554,42,10,10,2
839,7,7,7,7
933,37,5,5,5
913,17,17,1,1
483,35,3,3,3
180,52,20,4,4
580,4,4,4,4
123,59,27,11,3
757,53,21,5,5
343,23,23,7,7
789,21,21,5,5
582,6,6,6,6
857,25,25,9,1
522,10,10,10,2
859,27,27,11,3
817,49,17,1,1
854,22,22,6,6
298,42,10,10,2
352,32,0,0,0
65,1,1,1,1
194,2,2,2,2
390,6,6,6,6
473,25,25,9,1
205,13,13,13,5
872,40,8,8,0
212,20,20,4,4
252,60,28,12,4
613,37,5,5,5
125,61,29,13,5
16,16,16,0,0
548,36,4,4,4
63,63,31,15,7
253,61,29,13,5
278,22,22,6,6
124,60,28,12,4
366,46,14,14,6
619,43,11,11,3
473,25,25,9,1
461,13,13,13,5
130,2,2,2,2
713,9,9,9,1
849,17,17,1,1
391,7,7,7,7
241,49,17,1,1
447,63,31,15,7
321,1,1,1,1
128,0,0,0,0
62,62,30,14,6
126,62,30,14,6
844,12,12,12,4
707,3,3,3,3
175,47,15,15,7
590,14,14,14,6
619,43,11,11,3
653,13,13,13,5
868,36,4,4,4
346,26,26,10,2
698,58,26,10,2
749,45,13,13,5
208,16,16,0,0
547,35,3,3,3
667,27,27,11,3
390,6,6,6,6
281,25,25,9,1
165,37,5,5,5
383,63,31,15,7
172,44,12,12,4
719,15,15,15,7
934,38,6,6,6
86,22,22,6,6
533,21,21,5,5
219,27,27,11,3
387,3,3,3,3
711,7,7,7,7
425,41,9,9,1
545,33,1,1,1
726,22,22,6,6
674,34,2,2,2
14,14,14,14,6
498,50,18,2,2
768,0,0,0,0
734,30,30,14,6
329,9,9,9,1
614,38,6,6,6
377,57,25,9,1
420,36,4,4,4
543,31,31,15,7
985,25,25,9,1
772,4,4,4,4
230,38,6,6,6
58,58,26,10,2
123,59,27,11,3
513,1,1,1,1
878,46,14,14,6
934,38,6,6,6
845,13,13,13,5
676,36,4,4,4
193,1,1,1,1
29,29,29,13,5
502,54,22,6,6
830,62,30,14,6
363,43,11,11,3
789,21,21,5,5
294,38,6,6,6
329,9,9,9,1
63,63,31,15,7
292,36,4,4,4
790,22,22,6,6
405,21,21,5,5
702,62,30,14,6
359,39,7,7,7
681,41,9,9,1
20,20,20,4,4
146,18,18,2,2
2,2,2,2,2
3,3,3,3,3
891,59,27,11,3
230,38,6,6,6
228,36,4,4,4
259,3,3,3,3
891,59,27,11,3
251,59,27,11,3
540,28,28,12,4
315,59,27,11,3
320,0,0,0,0
502,54,22,6,6
496,48,16,0,0
777,9,9,9,1
154,26,26,10,2
763,59,27,11,3
290,34,2,2,2
511,63,31,15,7
582,6,6,6,6
79,15,15,15,7
602,26,26,10,2
918,22,22,6,6
244,52,20,4,4
933,37,5,5,5
847,15,15,15,7
164,36,4,4,4
617,41,9,9,1
557,45,13,13,5
473,25,25,9,1
338,18,18,2,2
889,57,25,9,1
697,57,25,9,1
660,20,20,4,4
0,0,0,0,0
700,60,28,12,4
233,41,9,9,1
658,18,18,2,2
591,15,15,15,7
218,26,26,10,2
25,25,25,9,1
388,4,4,4,4
563,51,19,3,3
577,1,1,1,1
548,36,4,4,4
582,6,6,6,6
678,38,6,6,6
104,40,8,8,0
765,61,29,13,5
628,52,20,4,4
15,15,15,15,7
123,59,27,11,3
968,8,8,8,0
648,8,8,8,0
58,58,26,10,2
382,62,30,14,6
956,60,28,12,4
157,29,29,13,5
631,55,23,7,7
81,17,17,1,1
263,7,7,7,7
481,33,1,1,1
863,31,31,15,7
623,47,15,15,7
956,60,28,12,4
390,6,6,6,6
815,47,15,15,7
825,57,25,9,1
751,47,15,15,7
281,25,25,9,1
544,32,0,0,0
82,18,18,2,2
695,55,23,7,7
316,60,28,12,4
177,49,17,1,1
31,31,31,15,7
387,3,3,3,3
299,43,11,11,3
915,19,19,3,3
192,0,0,0,0
330,10,10,10,2
764,60,28,12,4
827,59,27,11,3
962,2,2,2,2
588,12,12,12,4
254,62,30,14,6
797,29,29,13,5
117,53,21,5,5
513,1,1,1,1
572,60,28,12,4
717,13,13,13,5
511,63,31,15,7
962,2,2,2,2
206,14,14,14,6
617,41,9,9,1
842,10,10,10,2
526,14,14,14,6
468,20,20,4,4
749,45,13,13,5
652,12,12,12,4
650,10,10,10,2
686,46,14,14,6
914,18,18,2,2
162,34,2,2,2
120,56,24,8,0
963,3,3,3,3
417,33,1,1,1
932,36,4,4,4
904,8,8,8,0
625,49,17,1,1
359,39,7,7,7
96,32,0,0,0
695,55,23,7,7
772,4,4,4,4
63,63,31,15,7
45,45,13,13,5
632,56,24,8,0
434,50,18,2,2
711,7,7,7,7
441,57,25,9,1
634,58,26,10,2
207,15,15,15,7
199,7,7,7,7
848,16,16,0,0
733,29,29,13,5
289,33,1,1,1
87,23,23,7,7
222,30,30,14,6
728,24,24,8,0
252,60,28,12,4
400,16,16,0,0
78,14,14,14,6
690,50,18,2,2
406,22,22,6,6
68,4,4,4,4
31,31,31,15,7
418,34,2,2,2
451,3,3,3,3
63,63,31,15,7
582,6,6,6,6
376,56,24,8,0
83,19,19,3,3
62,62,30,14,6
834,2,2,2,2
894,62,30,14,6
941,45,13,13,5
299,43,11,11,3
380,60,28,12,4
977,17,17,1,1
736,32,0,0,0
25,25,25,9,1
455,7,7,7,7
758,54,22,6,6
103,39,7,7,7
435,51,19,3,3
974,14,14,14,6
454,6,6,6,6
283,27,27,11,3
950,54,22,6,6
148,20,20,4,4
403,19,19,3,3
773,5,5,5,5
226,34,2,2,2
394,10,10,10,2
644,4,4,4,4
178,50,18,2,2
652,12,12,12,4
725,21,21,5,5
965,5,5,5,5
269,13,13,13,5
974,14,14,14,6
307,51,19,3,3
851,19,19,3,3
374,54,22,6,6
859,27,27,11,3
18,18,18,2,2
313,57,25,9,1
669,29,29,13,5
400,16,16,0,0
22,22,22,6,6
269,13,13,13,5
10,10,10,10,2
856,24,24,8,0
169,41,9,9,1
487,39,7,7,7
959,63,31,15,7
499,51,19,3,3
746,42,10,10,2
799,31,31,15,7
761,57,25,9,1
668,28,28,12,4
617,41,9,9,1
794,26,26,10,2
456,8,8,8,0
643,3,3,3,3
741,37,5,5,5
711,7,7,7,7
386,2,2,2,2
884,52,20,4,4
661,21,21,5,5
277,21,21,5,5
409,25,25,9,1
57,57,25,9,1
196,4,4,4,4
696,56,24,8,0
14,14,14,14,6
512,0,0,0,0
447,63,31,15,7
235,43,11,11,3
615,39,7,7,7
370,50,18,2,2
925,29,29,13,5
974,14,14,14,6
786,18,18,2,2
425,41,9,9,1
589,13,13,13,5
126,62,30,14,6
226,34,2,2,2
217,25,25,9,1
227,35,3,3,3
114,50,18,2,2
679,39,7,7,7
747,43,11,11,3
62,62,30,14,6
257,1,1,1,1
41,41,9,9,1
957,61,29,13,5
781,13,13,13,5
795,27,27,11,3
944,48,16,0,0
974,14,14,14,6
866,34,2,2,2
423,39,7,7,7
456,8,8,8,0
473,25,25,9,1
838,6,6,6,6
664,24,24,8,0
991,31,31,15,7
73,9,9,9,1
130,2,2,2,2
893,61,29,13,5
843,11,11,11,3
872,40,8,8,0
141,13,13,13,5
573,61,29,13,5
622,46,14,14,6
591,15,15,15,7
276,20,20,4,4
447,63,31,15,7
249,57,25,9,1
704,0,0,0,0
961,1,1,1,1
90,26,26,10,2
931,35,3,3,3
767,63,31,15,7
54,54,22,6,6
262,6,6,6,6
705,1,1,1,1
791,23,23,7,7
202,10,10,10,2
810,42,10,10,2
721,17,17,1,1
941,45,13,13,5
750,46,14,14,6
166,38,6,6,6
54,54,22,6,6
88,24,24,8,0
667,27,27,11,3
989,29,29,13,5
856,24,24,8,0
806,38,6,6,6
230,38,6,6,6
989,29,29,13,5
60,60,28,12,4
348,28,28,12,4
552,40,8,8,0
849,17,17,1,1
398,14,14,14,6
214,22,22,6,6
921,25,25,9,1
761,57,25,9,1
622,46,14,14,6
694,54,22,6,6
338,18,18,2,2
899,3,3,3,3
202,10,10,10,2
382,62,30,14,6
997,37,5,5,5
683,43,11,11,3
986,26,26,10,2
2,2,2,2,2
835,3,3,3,3
614,38,6,6,6
987,27,27,11,3
767,63,31,15,7
47,47,15,15,7
612,36,4,4,4
78,14,14,14,6
906,10,10,10,2
788,20,20,4,4
280,24,24,8,0
208,16,16,0,0
866,34,2,2,2
580,4,4,4,4
214,22,22,6,6
100,36,4,4,4
991,31,31,15,7
84,20,20,4,4
987,27,27,11,3
345,25,25,9,1
905,9,9,9,1
35,35,3,3,3
427,43,11,11,3
25,25,25,9,1
874,42,10,10,2
828,60,28,12,4
737,33,1,1,1
742,38,6,6,6
223,31,31,15,7
186,58,26,10,2
510,62,30,14,6
833,1,1,1,1
339,19,19,3,3
340,20,20,4,4
12,12,12,12,4
979,19,19,3,3
77,13,13,13,5
225,33,1,1,1
476,28,28,12,4
341,21,21,5,5
981,21,21,5,5
334,14,14,14,6
411,27,27,11,3
725,21,21,5,5
669,29,29,13,5
844,12,12,12,4
993,33,1,1,1
303,47,15,15,7
189,61,29,13,5
301,45,13,13,5
39,39,7,7,7
71,7,7,7,7
239,47,15,15,7
153,25,25,9,1
634,58,26,10,2
460,12,12,12,4
8,8,8,8,0
225,33,1,1,1
801,33,1,1,1
845,13,13,13,5
550,38,6,6,6
697,57,25,9,1
352,32,0,0,0
562,50,18,2,2
593,17,17,1,1
386,2,2,2,2
138,10,10,10,2
461,13,13,13,5
223,31,31,15,7
680,40,8,8,0
564,52,20,4,4
264,8,8,8,0
284,28,28,12,4
327,7,7,7,7
145,17,17,1,1
467,19,19,3,3
511,63,31,15,7
808,40,8,8,0
82,18,18,2,2
598,22,22,6,6
624,48,16,0,0
332,12,12,12,4
380,60,28,12,4
454,6,6,6,6
185,57,25,9,1
179,51,19,3,3
608,32,0,0,0
99,35,3,3,3
383,63,31,15,7
139,11,11,11,3
8,8,8,8,0
520,8,8,8,0
413,29,29,13,5
590,14,14,14,6
118,54,22,6,6
437,53,21,5,5
124,60,28,12,4
523,11,11,11,3
154,26,26,10,2
788,20,20,4,4
893,61,29,13,5
359,39,7,7,7
319,63,31,15,7
584,8,8,8,0
89,25,25,9,1
237,45,13,13,5
425,41,9,9,1
741,37,5,5,5
317,61,29,13,5
776,8,8,8,0
4,4,4,4,4
98,34,2,2,2
353,33,1,1,1
11,11,11,11,3
948,52,20,4,4
440,56,24,8,0
957,61,29,13,5
996,36,4,4,4
580,4,4,4,4
250,58,26,10,2
802,34,2,2,2
976,16,16,0,0
388,4,4,4,4
665,25,25,9,1
958,62,30,14,6
353,33,1,1,1
12,12,12,12,4
553,41,9,9,1
887,55,23,7,7
886,54,22,6,6
574,62,30,14,6
89,25,25,9,1
107,43,11,11,3
292,36,4,4,4
248,56,24,8,0
902,6,6,6,6
277,21,21,5,5
292,36,4,4,4
765,61,29,13,5
20,20,20,4,4
632,56,24,8,0
398,14,14,14,6
780,12,12,12,4
102,38,6,6,6
138,10,10,10,2
814,46,14,14,6
40,40,8,8,0
856,24,24,8,0
711,7,7,7,7
42,42,10,10,2
153,25,25,9,1
293,37,5,5,5
652,12,12,12,4
74,10,10,10,2
637,61,29,13,5
54,54,22,6,6
698,58,26,10,2
245,53,21,5,5
695,55,23,7,7
63,63,31,15,7
110,46,14,14,6
697,57,25,9,1
653,13,13,13,5
13,13,13,13,5
947,51,19,3,3
807,39,7,7,7
327,7,7,7,7
122,58,26,10,2
924,28,28,12,4
705,1,1,1,1
752,48,16,0,0
332,12,12,12,4
730,26,26,10,2
208,16,16,0,0
362,42,10,10,2
405,21,21,5,5
340,20,20,4,4
935,39,7,7,7
156,28,28,12,4
731,27,27,11,3
687,47,15,15,7
845,13,13,13,5
443,59,27,11,3
304,48,16,0,0
132,4,4,4,4
111,47,15,15,7
33,33,1,1,1
895,63,31,15,7
692,52,20,4,4
99,35,3,3,3
6,6,6,6,6
319,63,31,15,7
656,16,16,0,0
885,53,21,5,5
779,11,11,11,3
657,17,17,1,1
688,48,16,0,0
177,49,17,1,1
764,60,28,12,4
224,32,0,0,0
348,28,28,12,4
363,43,11,11,3
701,61,29,13,5
227,35,3,3,3
539,27,27,11,3
145,17,17,1,1
565,53,21,5,5
959,63,31,15,7
554,42,10,10,2
961,1,1,1,1
911,15,15,15,7
767,63,31,15,7
334,14,14,14,6
634,58,26,10,2
500,52,20,4,4
771,3,3,3,3
985,25,25,9,1
319,63,31,15,7
571,59,27,11,3
915,19,19,3,3
399,15,15,15,7
412,28,28,12,4
262,6,6,6,6
998,38,6,6,6
35,35,3,3,3
686,46,14,14,6
837,5,5,5,5
329,9,9,9,1
445,61,29,13,5
155,27,27,11,3
724,20,20,4,4
279,23,23,7,7
895,63,31,15,7
442,58,26,10,2
963,3,3,3,3
823,55,23,7,7
83,19,19,3,3
345,25,25,9,1
196,4,4,4,4
126,62,30,14,6
794,26,26,10,2
324,4,4,4,4
279,23,23,7,7
514,2,2,2,2
952,56,24,8,0
466,18,18,2,2
897,1,1,1,1
714,10,10,10,2
226,34,2,2,2
906,10,10,10,2
521,9,9,9,1
591,15,15,15,7
390,6,6,6,6
902,6,6,6,6
575,63,31,15,7
253,61,29,13,5
920,24,24,8,0
637,61,29,13,5
435,51,19,3,3
522,10,10,10,2
372,52,20,4,4
667,27,27,11,3
596,20,20,4,4
991,31,31,15,7
215,23,23,7,7
510,62,30,14,6
852,20,20,4,4
221,29,29,13,5
251,59,27,11,3
590,14,14,14,6
373,53,21,5,5
512,0,0,0,0
911,15,15,15,7
14,14,14,14,6
687,47,15,15,7
615,39,7,7,7
658,18,18,2,2
22,22,22,6,6
726,22,22,6,6
116,52,20,4,4
587,11,11,11,3
547,35,3,3,3
619,43,11,11,3
240,48,16,0,0
972,12,12,12,4
302,46,14,14,6
218,26,26,10,2
771,3,3,3,3
467,19,19,3,3
378,58,26,10,2
105,41,9,9,1
23,23,23,7,7
559,47,15,15,7
175,47,15,15,7
192,0,0,0,0
180,52,20,4,4
505,57,25,9,1
906,10,10,10,2
731,27,27,11,3
851,19,19,3,3
217,25,25,9,1
780,12,12,12,4
426,42,10,10,2
451,3,3,3,3
696,56,24,8,0
459,11,11,11,3
966,6,6,6,6
401,17,17,1,1
727,23,23,7,7
975,15,15,15,7
228,36,4,4,4
317,61,29,13,5
678,38,6,6,6
231,39,7,7,7
152,24,24,8,0
464,16,16,0,0
884,52,20,4,4
369,49,17,1,1
72,8,8,8,0
650,10,10,10,2
675,35,3,3,3
954,58,26,10,2
135,7,7,7,7
546,34,2,2,2
99,35,3,3,3
166,38,6,6,6
857,25,25,9,1
795,27,27,11,3
169,41,9,9,1
206,14,14,14,6
708,4,4,4,4
33,33,1,1,1
446,62,30,14,6
540,28,28,12,4
440,56,24,8,0
599,23,23,7,7
944,48,16,0,0
104,40,8,8,0
372,52,20,4,4
112,48,16,0,0
772,4,4,4,4
872,40,8,8,0
383,63,31,15,7
681,41,9,9,1
366,46,14,14,6
543,31,31,15,7
409,25,25,9,1
940,44,12,12,4
841,9,9,9,1
763,59,27,11,3
31,31,31,15,7
245,53,21,5,5
792,24,24,8,0
175,47,15,15,7
325,5,5,5,5
157,29,29,13,5
857,25,25,9,1
395,11,11,11,3
827,59,27,11,3
145,17,17,1,1
14,14,14,14,6
944,48,16,0,0
376,56,24,8,0
903,7,7,7,7
110,46,14,14,6
255,63,31,15,7
97,33,1,1,1
398,14,14,14,6
61,61,29,13,5
992,32,0,0,0
791,23,23,7,7
948,52,20,4,4
231,39,7,7,7
80,16,16,0,0
11,11,11,11,3
136,8,8,8,0
441,57,25,9,1
407,23,23,7,7
144,16,16,0,0
559,47,15,15,7
612,36,4,4,4
823,55,23,7,7
88,24,24,8,0
641,1,1,1,1
515,3,3,3,3
325,5,5,5,5
195,3,3,3,3
892,60,28,12,4
356,36,4,4,4
869,37,5,5,5
987,27,27,11,3
70,6,6,6,6
816,48,16,0,0
605,29,29,13,5
775,7,7,7,7
91,27,27,11,3
316,60,28,12,4
32,32,0,0,0
713,9,9,9,1
927,31,31,15,7
974,14,14,14,6
356,36,4,4,4
274,18,18,2,2
474,26,26,10,2
69,5,5,5,5
682,42,10,10,2
122,58,26,10,2
236,44,12,12,4
188,60,28,12,4
883,51,19,3,3
944,48,16,0,0
754,50,18,2,2
768,0,0,0,0
460,12,12,12,4
162,34,2,2,2
931,35,3,3,3
697,57,25,9,1
546,34,2,2,2
618,42,10,10,2
506,58,26,10,2
968,8,8,8,0
773,5,5,5,5
697,57,25,9,1
874,42,10,10,2
37,37,5,5,5
122,58,26,10,2
476,28,28,12,4
213,21,21,5,5
597,21,21,5,5
857,25,25,9,1
865,33,1,1,1
553,41,9,9,1
190,62,30,14,6
242,50,18,2,2
651,11,11,11,3
854,22,22,6,6
527,15,15,15,7
622,46,14,14,6
106,42,10,10,2
34,34,2,2,2
886,54,22,6,6
198,6,6,6,6
849,17,17,1,1
55,55,23,7,7
631,55,23,7,7
791,23,23,7,7
473,25,25,9,1
774,6,6,6,6
262,6,6,6,6
997,37,5,5,5
852,20,20,4,4
983,23,23,7,7
953,57,25,9,1
476,28,28,12,4
201,9,9,9,1
799,31,31,15,7
964,4,4,4,4
779,11,11,11,3
334,14,14,14,6
476,28,28,12,4
79,15,15,15,7
497,49,17,1,1
784,16,16,0,0
402,18,18,2,2
494,46,14,14,6
970,10,10,10,2
86,22,22,6,6
757,53,21,5,5
831,63,31,15,7
936,40,8,8,0
19,19,19,3,3
633,57,25,9,1
443,59,27,11,3
298,42,10,10,2
260,4,4,4,4
113,49,17,1,1
79,15,15,15,7
541,29,29,13,5
314,58,26,10,2
329,9,9,9,1
596,20,20,4,4
540,28,28,12,4
939,43,11,11,3
558,46,14,14,6
733,29,29,13,5
700,60,28,12,4
1,1,1,1,1
853,21,21,5,5
606,30,30,14,6
642,2,2,2,2
673,33,1,1,1
106,42,10,10,2
719,15,15,15,7
453,5,5,5,5
84,20,20,4,4
595,19,19,3,3
664,24,24,8,0
868,36,4,4,4
312,56,24,8,0
428,44,12,12,4
123,59,27,11,3
2,2,2,2,2
63,63,31,15,7
664,24,24,8,0
448,0,0,0,0
474,26,26,10,2
434,50,18,2,2
205,13,13,13,5
854,22,22,6,6
836,4,4,4,4
243,51,19,3,3
723,19,19,3,3
900,4,4,4,4
358,38,6,6,6
984,24,24,8,0
907,11,11,11,3
533,21,21,5,5
942,46,14,14,6
221,29,29,13,5
247,55,23,7,7
492,44,12,12,4
954,58,26,10,2
483,35,3,3,3
496,48,16,0,0
900,4,4,4,4
302,46,14,14,6
239,47,15,15,7
734,30,30,14,6
597,21,21,5,5
566,54,22,6,6
213,21,21,5,5
683,43,11,11,3
883,51,19,3,3
939,43,11,11,3
343,23,23,7,7
799,31,31,15,7
539,27,27,11,3
331,11,11,11,3
207,15,15,15,7
969,9,9,9,1
991,31,31,15,7
203,11,11,11,3
584,8,8,8,0
8,8,8,8,0
814,46,14,14,6
603,27,27,11,3
136,8,8,8,0
610,34,2,2,2
729,25,25,9,1
634,58,26,10,2
250,58,26,10,2
361,41,9,9,1
898,2,2,2,2
160,32,0,0,0
120,56,24,8,0
95,31,31,15,7
835,3,3,3,3
774,6,6,6,6
215,23,23,7,7
439,55,23,7,7
522,10,10,10,2
667,27,27,11,3
856,24,24,8,0
406,22,22,6,6
585,9,9,9,1
547,35,3,3,3
360,40,8,8,0
981,21,21,5,5
73,9,9,9,1
757,53,21,5,5
75,11,11,11,3
431,47,15,15,7
236,44,12,12,4
212,20,20,4,4
995,35,3,3,3
881,49,17,1,1
766,62,30,14,6
508,60,28,12,4
785,17,17,1,1
237,45,13,13,5
937,41,9,9,1
269,13,13,13,5
398,14,14,14,6
934,38,6,6,6
468,20,20,4,4
796,28,28,12,4
826,58,26,10,2
127,63,31,15,7
898,2,2,2,2
859,27,27,11,3
620,44,12,12,4
919,23,23,7,7
598,22,22,6,6
181,53,21,5,5
505,57,25,9,1
206,14,14,14,6
814,46,14,14,6
356,36,4,4,4
59,59,27,11,3
720,16,16,0,0
124,60,28,12,4
963,3,3,3,3
782,14,14,14,6
596,20,20,4,4
385,1,1,1,1
120,56,24,8,0
871,39,7,7,7
722,18,18,2,2
275,19,19,3,3
573,61,29,13,5
6,6,6,6,6
552,40,8,8,0
613,37,5,5,5
548,36,4,4,4
98,34,2,2,2
327,7,7,7,7
839,7,7,7,7
105,41,9,9,1
170,42,10,10,2
910,14,14,14,6
365,45,13,13,5
114,50,18,2,2
627,51,19,3,3
399,15,15,15,7
931,35,3,3,3
209,17,17,1,1
851,19,19,3,3
488,40,8,8,0
502,54,22,6,6
759,55,23,7,7
229,37,5,5,5
233,41,9,9,1
11,11,11,11,3
171,43,11,11,3
502,54,22,6,6
379,59,27,11,3
861,29,29,13,5
479,31,31,15,7
838,6,6,6,6
523,11,11,11,3
906,10,10,10,2
683,43,11,11,3
618,42,10,10,2
786,18,18,2,2
85,21,21,5,5
546,34,2,2,2
572,60,28,12,4
566,54,22,6,6
398,14,14,14,6
292,36,4,4,4
875,43,11,11,3
101,37,5,5,5
887,55,23,7,7
948,52,20,4,4
463,15,15,15,7
964,4,4,4,4
186,58,26,10,2
187,59,27,11,3
349,29,29,13,5
822,54,22,6,6
47,47,15,15,7
636,60,28,12,4
300,44,12,12,4
274,18,18,2,2
33,33,1,1,1
701,61,29,13,5
183,55,23,7,7
839,7,7,7,7
794,26,26,10,2
172,44,12,12,4
179,51,19,3,3
802,34,2,2,2
435,51,19,3,3
41,41,9,9,1
357,37,5,5,5
564,52,20,4,4
546,34,2,2,2
603,27,27,11,3
916,20,20,4,4
3,3,3,3,3
161,33,1,1,1
761,57,25,9,1
562,50,18,2,2
59,59,27,11,3
836,4,4,4,4
130,2,2,2,2
393,9,9,9,1
58,58,26,10,2
448,0,0,0,0
882,50,18,2,2
3,3,3,3,3
341,21,21,5,5
459,11,11,11,3
348,28,28,12,4
979,19,19,3,3
245,53,21,5,5
526,14,14,14,6
938,42,10,10,2
556,44,12,12,4
697,57,25,9,1
97,33,1,1,1
124,60,28,12,4
15,15,15,15,7
573,61,29,13,5
126,62,30,14,6
610,34,2,2,2
86,22,22,6,6
53,53,21,5,5
145,17,17,1,1
453,5,5,5,5
965,5,5,5,5
25,25,25,9,1
480,32,0,0,0
787,19,19,3,3
334,14,14,14,6
635,59,27,11,3
444,60,28,12,4
672,32,0,0,0
302,46,14,14,6
581,5,5,5,5
820,52,20,4,4
867,35,3,3,3
160,32,0,0,0
196,4,4,4,4
824,56,24,8,0
213,21,21,5,5
578,2,2,2,2
667,27,27,11,3
492,44,12,12,4
290,34,2,2,2
350,30,30,14,6
898,2,2,2,2
412,28,28,12,4
915,19,19,3,3
295,39,7,7,7
153,25,25,9,1
74,10,10,10,2
865,33,1,1,1
80,16,16,0,0
623,47,15,15,7
492,44,12,12,4
708,4,4,4,4
89,25,25,9,1
198,6,6,6,6
118,54,22,6,6
451,3,3,3,3
157,29,29,13,5
302,46,14,14,6
183,55,23,7,7
375,55,23,7,7
563,51,19,3,3
217,25,25,9,1
7,7,7,7,7
284,28,28,12,4
84,20,20,4,4
656,16,16,0,0
144,16,16,0,0
900,4,4,4,4
960,0,0,0,0
331,11,11,11,3
396,12,12,12,4
575,63,31,15,7
976,16,16,0,0
246,54,22,6,6
860,28,28,12,4
740,36,4,4,4
231,39,7,7,7
236,44,12,12,4
510,62,30,14,6
604,28,28,12,4
411,27,27,11,3
125,61,29,13,5
202,10,10,10,2
52,52,20,4,4
857,25,25,9,1
212,20,20,4,4
212,20,20,4,4
266,10,10,10,2
957,61,29,13,5
98,34,2,2,2
464,16,16,0,0
984,24,24,8,0
264,8,8,8,0
862,30,30,14,6
469,21,21,5,5
263,7,7,7,7
202,10,10,10,2
837,5,5,5,5
825,57,25,9,1
180,52,20,4,4
207,15,15,15,7
45,45,13,13,5
683,43,11,11,3
59,59,27,11,3
803,35,3,3,3
72,8,8,8,0
266,10,10,10,2
970,10,10,10,2
487,39,7,7,7
292,36,4,4,4
840,8,8,8,0
809,41,9,9,1
827,59,27,11,3
487,39,7,7,7
578,2,2,2,2
157,29,29,13,5
581,5,5,5,5
634,58,26,10,2
560,48,16,0,0
97,33,1,1,1
579,3,3,3,3
110,46,14,14,6
463,15,15,15,7
676,36,4,4,4
426,42,10,10,2
430,46,14,14,6
489,41,9,9,1
462,14,14,14,6
504,56,24,8,0
301,45,13,13,5
720,16,16,0,0
366,46,14,14,6
799,31,31,15,7
490,42,10,10,2
270,14,14,14,6
585,9,9,9,1
527,15,15,15,7
861,29,29,13,5
83,19,19,3,3
511,63,31,15,7
547,35,3,3,3
148,20,20,4,4
422,38,6,6,6
406,22,22,6,6
792,24,24,8,0
714,10,10,10,2
892,60,28,12,4
10,10,10,10,2
255,63,31,15,7
489,41,9,9,1
629,53,21,5,5
45,45,13,13,5
484,36,4,4,4
294,38,6,6,6
232,40,8,8,0
514,2,2,2,2
647,7,7,7,7
985,25,25,9,1
629,53,21,5,5
381,61,29,13,5
526,14,14,14,6
217,25,25,9,1
909,13,13,13,5
517,5,5,5,5
341,21,21,5,5
587,11,11,11,3
941,45,13,13,5
460,12,12,12,4
782,14,14,14,6
741,37,5,5,5
763,59,27,11,3
27,27,27,11,3
462,14,14,14,6
820,52,20,4,4
714,10,10,10,2
970,10,10,10,2
205,13,13,13,5
140,12,12,12,4
499,51,19,3,3
487,39,7,7,7
112,48,16,0,0
441,57,25,9,1
283,27,27,11,3
596,20,20,4,4
412,28,28,12,4
937,41,9,9,1
643,3,3,3,3
527,15,15,15,7
571,59,27,11,3
167,39,7,7,7
172,44,12,12,4
534,22,22,6,6
661,21,21,5,5
622,46,14,14,6
714,10,10,10,2
118,54,22,6,6
173,45,13,13,5
497,49,17,1,1
836,4,4,4,4
621,45,13,13,5
705,1,1,1,1
463,15,15,15,7
572,60,28,12,4
364,44,12,12,4
44,44,12,12,4
720,16,16,0,0
906,10,10,10,2
634,58,26,10,2
361,41,9,9,1
779,11,11,11,3
476,28,28,12,4
313,57,25,9,1
193,1,1,1,1
520,8,8,8,0
59,59,27,11,3
398,14,14,14,6
102,38,6,6,6
496,48,16,0,0
87,23,23,7,7
29,29,29,13,5
396,12,12,12,4
98,34,2,2,2
991,31,31,15,7
878,46,14,14,6
252,60,28,12,4
614,38,6,6,6
620,44,12,12,4
519,7,7,7,7
330,10,10,10,2
125,61,29,13,5
176,48,16,0,0
530,18,18,2,2
209,17,17,1,1
788,20,20,4,4
540,28,28,12,4
417,33,1,1,1
114,50,18,2,2
640,0,0,0,0
676,36,4,4,4
594,18,18,2,2
253,61,29,13,5
28,28,28,12,4
321,1,1,1,1
997,37,5,5,5
125,61,29,13,5
880,48,16,0,0
271,15,15,15,7
849,17,17,1,1
132,4,4,4,4
848,16,16,0,0
356,36,4,4,4
428,44,12,12,4
987,27,27,11,3
945,49,17,1,1
465,17,17,1,1
58,58,26,10,2
124,60,28,12,4
537,25,25,9,1
763,59,27,11,3
151,23,23,7,7
451,3,3,3,3
404,20,20,4,4
709,5,5,5,5
293,37,5,5,5
907,11,11,11,3
615,39,7,7,7
577,1,1,1,1
372,52,20,4,4
624,48,16,0,0
715,11,11,11,3
764,60,28,12,4
785,17,17,1,1
576,0,0,0,0
903,7,7,7,7
141,13,13,13,5
125,61,29,13,5
591,15,15,15,7
854,22,22,6,6
101,37,5,5,5
643,3,3,3,3
110,46,14,14,6
259,3,3,3,3
430,46,14,14,6
504,56,24,8,0
86,22,22,6,6
546,34,2,2,2
170,42,10,10,2
684,44,12,12,4
94,30,30,14,6
145,17,17,1,1
981,21,21,5,5
113,49,17,1,1
499,51,19,3,3
655,15,15,15,7
738,34,2,2,2
215,23,23,7,7
336,16,16,0,0
616,40,8,8,0
930,34,2,2,2
384,0,0,0,0
198,6,6,6,6
157,29,29,13,5
91,27,27,11,3
111,47,15,15,7
47,47,15,15,7
788,20,20,4,4
690,50,18,2,2
680,40,8,8,0
958,62,30,14,6
310,54,22,6,6
487,39,7,7,7
73,9,9,9,1
560,48,16,0,0
623,47,15,15,7
543,31,31,15,7
394,10,10,10,2
75,11,11,11,3
10,10,10,10,2
974,14,14,14,6
331,11,11,11,3
385,1,1,1,1
340,20,20,4,4
177,49,17,1,1
691,51,19,3,3
964,4,4,4,4
790,22,22,6,6
839,7,7,7,7
592,16,16,0,0
900,4,4,4,4
455,7,7,7,7
659,19,19,3,3
459,11,11,11,3
434,50,18,2,2
664,24,24,8,0
567,55,23,7,7
616,40,8,8,0
978,18,18,2,2
691,51,19,3,3
680,40,8,8,0
17,17,17,1,1
185,57,25,9,1
779,11,11,11,3
486,38,6,6,6
965,5,5,5,5
396,12,12,12,4
876,44,12,12,4
785,17,17,1,1
506,58,26,10,2
948,52,20,4,4
498,50,18,2,2
882,50,18,2,2
218,26,26,10,2
537,25,25,9,1
690,50,18,2,2
82,18,18,2,2
949,53,21,5,5
213,21,21,5,5
664,24,24,8,0
466,18,18,2,2
311,55,23,7,7
247,55,23,7,7
645,5,5,5,5
919,23,23,7,7
380,60,28,12,4
359,39,7,7,7
876,44,12,12,4
21,21,21,5,5
344,24,24,8,0
932,36,4,4,4
983,23,23,7,7
732,28,28,12,4
711,7,7,7,7
413,29,29,13,5
865,33,1,1,1
401,17,17,1,1
402,18,18,2,2
652,12,12,12,4
872,40,8,8,0
311,55,23,7,7
269,13,13,13,5
996,36,4,4,4
804,36,4,4,4
811,43,11,11,3
987,27,27,11,3
738,34,2,2,2
317,61,29,13,5
404,20,20,4,4
964,4,4,4,4
377,57,25,9,1
623,47,15,15,7
776,8,8,8,0
570,58,26,10,2
12,12,12,12,4
781,13,13,13,5
596,20,20,4,4
982,22,22,6,6
99,35,3,3,3
819,51,19,3,3
739,35,3,3,3
231,39,7,7,7
457,9,9,9,1
662,22,22,6,6
886,54,22,6,6
380,60,28,12,4
472,24,24,8,0
124,60,28,12,4
63,63,31,15,7
804,36,4,4,4
26,26,26,10,2
872,40,8,8,0
296,40,8,8,0
499,51,19,3,3
40,40,8,8,0
685,45,13,13,5
992,32,0,0,0
413,29,29,13,5
591,15,15,15,7
715,11,11,11,3
501,53,21,5,5
117,53,21,5,5
544,32,0,0,0
229,37,5,5,5
953,57,25,9,1
710,6,6,6,6
909,13,13,13,5
179,51,19,3,3
16,16,16,0,0
82,18,18,2,2
831,63,31,15,7
844,12,12,12,4
675,35,3,3,3
972,12,12,12,4
238,46,14,14,6
289,33,1,1,1
705,1,1,1,1
939,43,11,11,3
976,16,16,0,0
881,49,17,1,1
969,9,9,9,1
44,44,12,12,4
454,6,6,6,6
642,2,2,2,2
275,19,19,3,3
214,22,22,6,6
845,13,13,13,5
609,33,1,1,1
219,27,27,11,3
821,53,21,5,5
275,19,19,3,3
546,34,2,2,2
4,4,4,4,4
297,41,9,9,1
92,28,28,12,4
936,40,8,8,0
389,5,5,5,5
833,1,1,1,1
128,0,0,0,0
574,62,30,14,6
353,33,1,1,1
136,8,8,8,0
227,35,3,3,3
525,13,13,13,5
838,6,6,6,6
392,8,8,8,0
830,62,30,14,6
314,58,26,10,2
208,16,16,0,0
566,54,22,6,6
778,10,10,10,2
79,15,15,15,7
604,28,28,12,4
779,11,11,11,3
678,38,6,6,6
406,22,22,6,6
774,6,6,6,6
564,52,20,4,4
518,6,6,6,6
711,7,7,7,7
281,25,25,9,1
645,5,5,5,5
23,23,23,7,7
417,33,1,1,1
125,61,29,13,5
452,4,4,4,4
288,32,0,0,0
841,9,9,9,1
226,34,2,2,2
989,29,29,13,5
882,50,18,2,2
16,16,16,0,0
113,49,17,1,1
907,11,11,11,3
297,41,9,9,1
549,37,5,5,5
154,26,26,10,2
6,6,6,6,6
295,39,7,7,7
502,54,22,6,6
574,62,30,14,6
519,7,7,7,7
696,56,24,8,0
627,51,19,3,3
121,57,25,9,1
840,8,8,8,0
894,62,30,14,6
178,50,18,2,2
657,17,17,1,1
418,34,2,2,2
655,15,15,15,7
888,56,24,8,0
516,4,4,4,4
993,33,1,1,1
201,9,9,9,1
712,8,8,8,0
974,14,14,14,6
473,25,25,9,1
939,43,11,11,3
835,3,3,3,3
43,43,11,11,3
973,13,13,13,5
264,8,8,8,0
176,48,16,0,0
164,36,4,4,4
266,10,10,10,2
973,13,13,13,5
615,39,7,7,7
905,9,9,9,1
277,21,21,5,5
277,21,21,5,5
369,49,17,1,1
966,6,6,6,6
434,50,18,2,2
222,30,30,14,6
388,4,4,4,4
782,14,14,14,6
868,36,4,4,4
779,11,11,11,3
826,58,26,10,2
859,27,27,11,3
393,9,9,9,1
512,0,0,0,0
341,21,21,5,5
483,35,3,3,3
94,30,30,14,6
805,37,5,5,5
367,47,15,15,7
396,12,12,12,4
614,38,6,6,6
933,37,5,5,5
453,5,5,5,5
899,3,3,3,3
620,44,12,12,4
765,61,29,13,5
469,21,21,5,5
645,5,5,5,5
646,6,6,6,6
97,33,1,1,1
234,42,10,10,2
61,61,29,13,5
776,8,8,8,0
108,44,12,12,4
729,25,25,9,1
990,30,30,14,6
962,2,2,2,2
988,28,28,12,4
822,54,22,6,6
363,43,11,11,3
754,50,18,2,2
236,44,12,12,4
759,55,23,7,7
443,59,27,11,3
936,40,8,8,0
379,59,27,11,3
784,16,16,0,0
968,8,8,8,0
569,57,25,9,1
890,58,26,10,2
90,26,26,10,2
583,7,7,7,7
580,4,4,4,4
407,23,23,7,7
427,43,11,11,3
624,48,16,0,0
678,38,6,6,6
460,12,12,12,4
433,49,17,1,1
207,15,15,15,7
297,41,9,9,1
781,13,13,13,5
80,16,16,0,0
374,54,22,6,6
417,33,1,1,1
227,35,3,3,3
128,0,0,0,0
890,58,26,10,2
790,22,22,6,6
563,51,19,3,3
829,61,29,13,5
797,29,29,13,5
689,49,17,1,1
142,14,14,14,6
272,16,16,0,0
610,34,2,2,2
200,8,8,8,0
693,53,21,5,5
19,19,19,3,3
848,16,16,0,0
840,8,8,8,0
741,37,5,5,5
323,3,3,3,3
716,12,12,12,4
688,48,16,0,0
981,21,21,5,5
964,4,4,4,4
474,26,26,10,2
40,40,8,8,0
891,59,27,11,3
597,21,21,5,5
765,61,29,13,5
332,12,12,12,4
101,37,5,5,5
399,15,15,15,7
335,15,15,15,7
361,41,9,9,1
837,5,5,5,5
213,21,21,5,5
136,8,8,8,0
725,21,21,5,5
387,3,3,3,3
163,35,3,3,3
388,4,4,4,4
921,25,25,9,1
209,17,17,1,1
794,26,26,10,2
482,34,2,2,2
414,30,30,14,6
317,61,29,13,5
735,31,31,15,7
341,21,21,5,5
184,56,24,8,0
593,17,17,1,1
518,6,6,6,6
674,34,2,2,2
787,19,19,3,3
490,42,10,10,2
944,48,16,0,0
529,17,17,1,1
368,48,16,0,0
710,6,6,6,6
322,2,2,2,2
226,34,2,2,2
580,4,4,4,4
139,11,11,11,3
297,41,9,9,1
496,48,16,0,0
988,28,28,12,4
918,22,22,6,6
298,42,10,10,2
445,61,29,13,5
78,14,14,14,6
479,31,31,15,7
992,32,0,0,0
44,44,12,12,4
616,40,8,8,0
340,20,20,4,4
413,29,29,13,5
227,35,3,3,3
246,54,22,6,6
777,9,9,9,1
745,41,9,9,1
838,6,6,6,6
241,49,17,1,1
435,51,19,3,3
560,48,16,0,0
575,63,31,15,7
620,44,12,12,4
970,10,10,10,2
885,53,21,5,5
544,32,0,0,0
255,63,31,15,7
526,14,14,14,6
124,60,28,12,4
324,4,4,4,4
816,48,16,0,0
302,46,14,14,6
877,45,13,13,5
476,28,28,12,4
184,56,24,8,0
703,63,31,15,7
370,50,18,2,2
864,32,0,0,0
730,26,26,10,2
192,0,0,0,0
837,5,5,5,5
860,28,28,12,4
180,52,20,4,4
893,61,29,13,5
591,15,15,15,7
878,46,14,14,6
463,15,15,15,7
347,27,27,11,3
740,36,4,4,4
705,1,1,1,1
267,11,11,11,3
807,39,7,7,7
680,40,8,8,0
565,53,21,5,5
345,25,25,9,1
99,35,3,3,3
529,17,17,1,1
253,61,29,13,5
345,25,25,9,1
174,46,14,14,6
645,5,5,5,5
9,9,9,9,1
970,10,10,10,2
647,7,7,7,7
722,18,18,2,2
631,55,23,7,7
786,18,18,2,2
931,35,3,3,3
958,62,30,14,6
38,38,6,6,6
644,4,4,4,4
938,42,10,10,2
629,53,21,5,5
749,45,13,13,5
387,3,3,3,3
933,37,5,5,5
798,30,30,14,6
326,6,6,6,6
791,23,23,7,7
14,14,14,14,6
614,38,6,6,6
918,22,22,6,6
355,35,3,3,3
110,46,14,14,6
982,22,22,6,6
363,43,11,11,3
267,11,11,11,3
662,22,22,6,6
410,26,26,10,2
338,18,18,2,2
119,55,23,7,7
351,31,31,15,7
783,15,15,15,7
430,46,14,14,6
761,57,25,9,1
48,48,16,0,0
478,30,30,14,6
824,56,24,8,0
945,49,17,1,1
160,32,0,0,0
271,15,15,15,7
120,56,24,8,0
43,43,11,11,3
927,31,31,15,7
809,41,9,9,1
873,41,9,9,1
44,44,12,12,4
996,36,4,4,4
608,32,0,0,0
245,53,21,5,5
366,46,14,14,6
960,0,0,0,0
770,2,2,2,2
103,39,7,7,7
396,12,12,12,4
857,25,25,9,1
61,61,29,13,5
885,53,21,5,5
643,3,3,3,3
708,4,4,4,4
328,8,8,8,0
203,11,11,11,3
396,12,12,12,4
319,63,31,15,7
781,13,13,13,5
707,3,3,3,3
662,22,22,6,6
574,62,30,14,6
472,24,24,8,0
70,6,6,6,6
939,43,11,11,3
913,17,17,1,1
164,36,4,4,4
664,24,24,8,0
598,22,22,6,6
565,53,21,5,5
296,40,8,8,0
826,58,26,10,2
53,53,21,5,5
427,43,11,11,3
264,8,8,8,0
696,56,24,8,0
91,27,27,11,3
803,35,3,3,3
319,63,31,15,7
306,50,18,2,2
2,2,2,2,2
170,42,10,10,2
443,59,27,11,3
186,58,26,10,2
205,13,13,13,5
836,4,4,4,4
707,3,3,3,3
831,63,31,15,7
268,12,12,12,4
441,57,25,9,1
743,39,7,7,7
406,22,22,6,6
611,35,3,3,3
192,0,0,0,0
182,54,22,6,6
211,19,19,3,3
45,45,13,13,5
922,26,26,10,2
982,22,22,6,6
984,24,24,8,0
758,54,22,6,6
731,27,27,11,3
550,38,6,6,6
189,61,29,13,5
672,32,0,0,0
953,57,25,9,1
100,36,4,4,4
681,41,9,9,1
791,23,23,7,7
139,11,11,11,3
574,62,30,14,6
66,2,2,2,2
549,37,5,5,5
729,25,25,9,1
343,23,23,7,7
149,21,21,5,5
32,32,0,0,0
631,55,23,7,7
204,12,12,12,4
33,33,1,1,1
198,6,6,6,6
755,51,19,3,3
365,45,13,13,5
520,8,8,8,0
48,48,16,0,0
793,25,25,9,1
314,58,26,10,2
959,63,31,15,7
435,51,19,3,3
127,63,31,15,7
360,40,8,8,0
514,2,2,2,2
433,49,17,1,1
792,24,24,8,0
393,9,9,9,1
102,38,6,6,6
74,10,10,10,2
905,9,9,9,1
438,54,22,6,6
544,32,0,0,0
128,0,0,0,0
545,33,1,1,1
12,12,12,12,4
391,7,7,7,7
564,52,20,4,4
299,43,11,11,3
723,19,19,3,3
737,33,1,1,1
709,5,5,5,5
893,61,29,13,5
113,49,17,1,1
73,9,9,9,1
162,34,2,2,2
140,12,12,12,4
950,54,22,6,6
143,15,15,15,7
538,26,26,10,2
81,17,17,1,1
287,31,31,15,7
55,55,23,7,7
673,33,1,1,1
238,46,14,14,6
659,19,19,3,3
114,50,18,2,2
807,39,7,7,7
273,17,17,1,1
252,60,28,12,4
355,35,3,3,3
822,54,22,6,6
672,32,0,0,0
428,44,12,12,4
228,36,4,4,4
141,13,13,13,5
611,35,3,3,3
648,8,8,8,0
593,17,17,1,1
389,5,5,5,5
978,18,18,2,2
677,37,5,5,5
933,37,5,5,5
229,37,5,5,5
240,48,16,0,0
692,52,20,4,4
134,6,6,6,6
745,41,9,9,1
817,49,17,1,1
143,15,15,15,7
951,55,23,7,7
695,55,23,7,7
476,28,28,12,4
681,41,9,9,1
232,40,8,8,0
552,40,8,8,0
158,30,30,14,6
278,22,22,6,6
316,60,28,12,4
430,46,14,14,6
563,51,19,3,3
635,59,27,11,3
301,45,13,13,5
133,5,5,5,5
674,34,2,2,2
749,45,13,13,5
660,20,20,4,4
307,51,19,3,3
983,23,23,7,7
297,41,9,9,1
854,22,22,6,6
36,36,4,4,4
479,31,31,15,7
100,36,4,4,4
546,34,2,2,2
354,34,2,2,2
286,30,30,14,6
669,29,29,13,5
126,62,30,14,6
902,6,6,6,6
403,19,19,3,3
387,3,3,3,3
354,34,2,2,2
197,5,5,5,5
668,28,28,12,4
539,27,27,11,3
85,21,21,5,5
229,37,5,5,5
776,8,8,8,0
637,61,29,13,5
171,43,11,11,3
629,53,21,5,5
385,1,1,1,1
299,43,11,11,3
595,19,19,3,3
838,6,6,6,6
641,1,1,1,1
316,60,28,12,4
89,25,25,9,1
355,35,3,3,3
258,2,2,2,2
946,50,18,2,2
379,59,27,11,3
67,3,3,3,3
450,2,2,2,2
40,40,8,8,0
71,7,7,7,7
956,60,28,12,4
279,23,23,7,7
450,2,2,2,2
631,55,23,7,7
708,4,4,4,4
682,42,10,10,2
763,59,27,11,3
882,50,18,2,2
42,42,10,10,2
684,44,12,12,4
551,39,7,7,7
971,11,11,11,3
966,6,6,6,6
998,38,6,6,6
739,35,3,3,3
108,44,12,12,4
487,39,7,7,7
890,58,26,10,2
246,54,22,6,6
55,55,23,7,7
629,53,21,5,5
247,55,23,7,7
211,19,19,3,3
669,29,29,13,5
483,35,3,3,3
630,54,22,6,6
515,3,3,3,3
663,23,23,7,7
255,63,31,15,7
726,22,22,6,6
489,41,9,9,1
262,6,6,6,6
482,34,2,2,2
470,22,22,6,6
470,22,22,6,6
962,2,2,2,2
431,47,15,15,7
817,49,17,1,1
667,27,27,11,3
900,4,4,4,4
75,11,11,11,3
799,31,31,15,7
393,9,9,9,1
412,28,28,12,4
58,58,26,10,2
386,2,2,2,2
364,44,12,12,4
647,7,7,7,7
238,46,14,14,6
565,53,21,5,5
822,54,22,6,6
550,38,6,6,6
957,61,29,13,5
81,17,17,1,1
112,48,16,0,0
643,3,3,3,3
214,22,22,6,6
218,26,26,10,2
478,30,30,14,6
536,24,24,8,0
306,50,18,2,2
83,19,19,3,3
395,11,11,11,3
512,0,0,0,0
267,11,11,11,3
635,59,27,11,3
783,15,15,15,7
440,56,24,8,0
48,48,16,0,0
484,36,4,4,4
557,45,13,13,5
771,3,3,3,3
12,12,12,12,4
561,49,17,1,1
389,5,5,5,5
970,10,10,10,2
937,41,9,9,1
420,36,4,4,4
720,16,16,0,0
20,20,20,4,4
902,6,6,6,6
9,9,9,9,1
279,23,23,7,7
382,62,30,14,6
392,8,8,8,0
496,48,16,0,0
147,19,19,3,3
28,28,28,12,4
832,0,0,0,0
728,24,24,8,0
682,42,10,10,2
218,26,26,10,2
302,46,14,14,6
701,61,29,13,5
1,1,1,1,1
508,60,28,12,4
384,0,0,0,0
173,45,13,13,5
783,15,15,15,7
566,54,22,6,6
637,61,29,13,5
669,29,29,13,5
94,30,30,14,6
933,37,5,5,5
343,23,23,7,7
317,61,29,13,5
772,4,4,4,4
830,62,30,14,6
937,41,9,9,1
901,5,5,5,5
713,9,9,9,1
118,54,22,6,6
138,10,10,10,2
112,48,16,0,0
88,24,24,8,0
174,46,14,14,6
667,27,27,11,3
62,62,30,14,6
905,9,9,9,1
784,16,16,0,0
774,6,6,6,6
576,0,0,0,0
964,4,4,4,4
109,45,13,13,5
705,1,1,1,1
900,4,4,4,4
790,22,22,6,6
53,53,21,5,5
238,46,14,14,6
919,23,23,7,7
445,61,29,13,5
921,25,25,9,1
290,34,2,2,2
659,19,19,3,3
953,57,25,9,1
243,51,19,3,3
571,59,27,11,3
46,46,14,14,6
196,4,4,4,4
911,15,15,15,7
314,58,26,10,2
847,15,15,15,7
969,9,9,9,1
343,23,23,7,7
632,56,24,8,0
112,48,16,0,0
393,9,9,9,1
12,12,12,12,4
628,52,20,4,4
984,24,24,8,0
347,27,27,11,3
588,12,12,12,4
106,42,10,10,2
543,31,31,15,7
5,5,5,5,5
414,30,30,14,6
199,7,7,7,7
328,8,8,8,0
986,26,26,10,2
914,18,18,2,2
464,16,16,0,0
423,39,7,7,7
158,30,30,14,6
953,57,25,9,1
531,19,19,3,3
183,55,23,7,7
228,36,4,4,4
330,10,10,10,2
142,14,14,14,6
808,40,8,8,0
958,62,30,14,6
607,31,31,15,7
428,44,12,12,4
830,62,30,14,6
875,43,11,11,3
619,43,11,11,3
625,49,17,1,1
109,45,13,13,5
634,58,26,10,2
652,12,12,12,4
562,50,18,2,2
530,18,18,2,2
26,26,26,10,2
480,32,0,0,0
46,46,14,14,6
828,60,28,12,4
791,23,23,7,7
4,4,4,4,4
646,6,6,6,6
586,10,10,10,2
615,39,7,7,7
254,62,30,14,6
716,12,12,12,4
539,27,27,11,3
62,62,30,14,6
965,5,5,5,5
450,2,2,2,2
759,55,23,7,7
306,50,18,2,2
468,20,20,4,4
40,40,8,8,0
182,54,22,6,6
612,36,4,4,4
695,55,23,7,7
912,16,16,0,0
870,38,6,6,6
307,51,19,3,3
839,7,7,7,7
657,17,17,1,1
238,46,14,14,6
33,33,1,1,1
193,1,1,1,1
500,52,20,4,4
529,17,17,1,1
927,31,31,15,7
673,33,1,1,1
467,19,19,3,3
16,16,16,0,0
421,37,5,5,5
991,31,31,15,7
294,38,6,6,6
331,11,11,11,3
526,14,14,14,6
20,20,20,4,4
279,23,23,7,7
384,0,0,0,0
100,36,4,4,4
100,36,4,4,4
316,60,28,12,4
75,11,11,11,3
143,15,15,15,7
742,38,6,6,6
430,46,14,14,6
418,34,2,2,2
820,52,20,4,4
804,36,4,4,4
530,18,18,2,2
58,58,26,10,2
871,39,7,7,7
963,3,3,3,3
304,48,16,0,0
677,37,5,5,5
872,40,8,8,0
144,16,16,0,0
538,26,26,10,2
592,16,16,0,0
320,0,0,0,0
93,29,29,13,5
611,35,3,3,3
106,42,10,10,2
370,50,18,2,2
105,41,9,9,1
860,28,28,12,4
509,61,29,13,5
372,52,20,4,4
627,51,19,3,3
447,63,31,15,7
210,18,18,2,2
284,28,28,12,4
465,17,17,1,1
591,15,15,15,7
822,54,22,6,6
741,37,5,5,5
718,14,14,14,6
570,58,26,10,2
939,43,11,11,3
282,26,26,10,2
264,8,8,8,0
432,48,16,0,0
677,37,5,5,5
818,50,18,2,2
641,1,1,1,1
652,12,12,12,4
491,43,11,11,3
531,19,19,3,3
827,59,27,11,3
982,22,22,6,6
806,38,6,6,6
958,62,30,14,6
549,37,5,5,5
405,21,21,5,5
564,52,20,4,4
441,57,25,9,1
441,57,25,9,1
318,62,30,14,6
504,56,24,8,0
429,45,13,13,5
759,55,23,7,7
970,10,10,10,2
440,56,24,8,0
86,22,22,6,6
36,36,4,4,4
570,58,26,10,2
881,49,17,1,1
594,18,18,2,2
323,3,3,3,3
628,52,20,4,4
482,34,2,2,2
258,2,2,2,2
269,13,13,13,5
738,34,2,2,2
91,27,27,11,3
631,55,23,7,7
507,59,27,11,3
685,45,13,13,5
7,7,7,7,7
208,16,16,0,0
52,52,20,4,4
917,21,21,5,5
548,36,4,4,4
189,61,29,13,5
596,20,20,4,4
587,11,11,11,3
606,30,30,14,6
813,45,13,13,5
512,0,0,0,0
5,5,5,5,5
478,30,30,14,6
339,19,19,3,3
795,27,27,11,3
340,20,20,4,4
270,14,14,14,6
391,7,7,7,7
974,14,14,14,6
877,45,13,13,5
700,60,28,12,4
756,52,20,4,4
888,56,24,8,0
457,9,9,9,1
452,4,4,4,4
336,16,16,0,0
342,22,22,6,6
130,2,2,2,2
328,8,8,8,0
935,39,7,7,7
105,41,9,9,1
88,24,24,8,0
525,13,13,13,5
597,21,21,5,5
162,34,2,2,2
385,1,1,1,1
345,25,25,9,1
70,6,6,6,6
908,12,12,12,4
930,34,2,2,2
657,17,17,1,1
797,29,29,13,5
609,33,1,1,1
378,58,26,10,2
843,11,11,11,3
985,25,25,9,1
293,37,5,5,5
915,19,19,3,3
88,24,24,8,0
296,40,8,8,0
640,0,0,0,0
796,28,28,12,4
764,60,28,12,4
369,49,17,1,1
786,18,18,2,2
988,28,28,12,4
731,27,27,11,3
817,49,17,1,1
34,34,2,2,2
420,36,4,4,4
279,23,23,7,7
274,18,18,2,2
510,62,30,14,6
745,41,9,9,1
839,7,7,7,7
378,58,26,10,2
611,35,3,3,3
539,27,27,11,3
681,41,9,9,1
58,58,26,10,2
29,29,29,13,5
774,6,6,6,6
471,23,23,7,7
273,17,17,1,1
183,55,23,7,7
636,60,28,12,4
171,43,11,11,3
46,46,14,14,6
537,25,25,9,1
150,22,22,6,6
948,52,20,4,4
722,18,18,2,2
840,8,8,8,0
14,14,14,14,6
179,51,19,3,3
876,44,12,12,4
809,41,9,9,1
868,36,4,4,4
98,34,2,2,2
292,36,4,4,4
851,19,19,3,3
981,21,21,5,5
587,11,11,11,3
721,17,17,1,1
332,12,12,12,4
538,26,26,10,2
510,62,30,14,6
493,45,13,13,5
479,31,31,15,7
330,10,10,10,2
710,6,6,6,6
149,21,21,5,5
442,58,26,10,2
933,37,5,5,5
305,49,17,1,1
416,32,0,0,0
113,49,17,1,1
251,59,27,11,3
148,20,20,4,4
251,59,27,11,3
247,55,23,7,7
603,27,27,11,3
980,20,20,4,4
877,45,13,13,5
256,0,0,0,0
752,48,16,0,0
522,10,10,10,2
32,32,0,0,0
675,35,3,3,3
929,33,1,1,1
921,25,25,9,1
204,12,12,12,4
436,52,20,4,4
860,28,28,12,4
907,11,11,11,3
325,5,5,5,5
551,39,7,7,7
399,15,15,15,7
208,16,16,0,0
733,29,29,13,5
258,2,2,2,2
493,45,13,13,5
731,27,27,11,3
408,24,24,8,0
279,23,23,7,7
805,37,5,5,5
585,9,9,9,1
984,24,24,8,0
103,39,7,7,7
212,20,20,4,4
329,9,9,9,1
934,38,6,6,6
225,33,1,1,1
894,62,30,14,6
744,40,8,8,0
374,54,22,6,6
286,30,30,14,6
455,7,7,7,7
899,3,3,3,3
695,55,23,7,7
817,49,17,1,1
436,52,20,4,4
404,20,20,4,4
969,9,9,9,1
390,6,6,6,6
261,5,5,5,5
638,62,30,14,6
277,21,21,5,5
388,4,4,4,4
355,35,3,3,3
459,11,11,11,3
122,58,26,10,2
245,53,21,5,5
592,16,16,0,0
224,32,0,0,0
510,62,30,14,6
675,35,3,3,3
692,52,20,4,4
210,18,18,2,2
364,44,12,12,4
315,59,27,11,3
19,19,19,3,3
252,60,28,12,4
889,57,25,9,1
428,44,12,12,4
498,50,18,2,2
920,24,24,8,0
889,57,25,9,1
676,36,4,4,4
821,53,21,5,5
592,16,16,0,0
857,25,25,9,1
561,49,17,1,1
277,21,21,5,5
373,53,21,5,5
518,6,6,6,6
645,5,5,5,5
549,37,5,5,5
278,22,22,6,6
679,39,7,7,7
741,37,5,5,5
487,39,7,7,7
719,15,15,15,7
877,45,13,13,5
60,60,28,12,4
394,10,10,10,2
487,39,7,7,7
255,63,31,15,7
899,3,3,3,3
522,10,10,10,2
43,43,11,11,3
668,28,28,12,4
922,26,26,10,2
283,27,27,11,3
130,2,2,2,2
360,40,8,8,0
80,16,16,0,0
202,10,10,10,2
868,36,4,4,4
2,2,2,2,2
334,14,14,14,6
401,17,17,1,1
778,10,10,10,2
17,17,17,1,1
343,23,23,7,7
237,45,13,13,5
572,60,28,12,4
688,48,16,0,0
564,52,20,4,4
375,55,23,7,7
922,26,26,10,2
892,60,28,12,4
663,23,23,7,7
344,24,24,8,0
568,56,24,8,0
970,10,10,10,2
106,42,10,10,2
121,57,25,9,1
695,55,23,7,7
189,61,29,13,5
806,38,6,6,6
735,31,31,15,7
582,6,6,6,6
694,54,22,6,6
246,54,22,6,6
156,28,28,12,4
273,17,17,1,1
294,38,6,6,6
393,9,9,9,1
401,17,17,1,1
673,33,1,1,1
900,4,4,4,4
324,4,4,4,4
141,13,13,13,5
828,60,28,12,4
947,51,19,3,3
595,19,19,3,3
87,23,23,7,7
497,49,17,1,1
248,56,24,8,0
737,33,1,1,1
299,43,11,11,3
438,54,22,6,6
250,58,26,10,2
385,1,1,1,1
387,3,3,3,3
188,60,28,12,4
187,59,27,11,3
96,32,0,0,0
501,53,21,5,5
49,49,17,1,1
240,48,16,0,0
398,14,14,14,6
308,52,20,4,4
898,2,2,2,2
641,1,1,1,1
849,17,17,1,1
332,12,12,12,4
909,13,13,13,5
967,7,7,7,7
876,44,12,12,4
802,34,2,2,2
20,20,20,4,4
664,24,24,8,0
62,62,30,14,6
387,3,3,3,3
829,61,29,13,5
25,25,25,9,1
107,43,11,11,3
554,42,10,10,2
960,0,0,0,0
816,48,16,0,0
753,49,17,1,1
506,58,26,10,2
185,57,25,9,1
423,39,7,7,7
183,55,23,7,7
376,56,24,8,0
970,10,10,10,2
189,61,29,13,5
995,35,3,3,3
532,20,20,4,4
950,54,22,6,6
828,60,28,12,4
894,62,30,14,6
745,41,9,9,1
138,10,10,10,2
896,0,0,0,0
97,33,1,1,1
440,56,24,8,0
217,25,25,9,1
235,43,11,11,3
788,20,20,4,4
737,33,1,1,1
38,38,6,6,6
504,56,24,8,0
227,35,3,3,3
817,49,17,1,1
38,38,6,6,6
573,61,29,13,5
404,20,20,4,4
806,38,6,6,6
666,26,26,10,2
577,1,1,1,1
15,15,15,15,7
629,53,21,5,5
571,59,27,11,3
471,23,23,7,7
125,61,29,13,5
740,36,4,4,4
305,49,17,1,1
513,1,1,1,1
981,21,21,5,5
243,51,19,3,3
234,42,10,10,2
474,26,26,10,2
871,39,7,7,7
788,20,20,4,4
981,21,21,5,5
687,47,15,15,7
270,14,14,14,6
70,6,6,6,6
507,59,27,11,3
340,20,20,4,4
900,4,4,4,4
952,56,24,8,0
69,5,5,5,5
302,46,14,14,6
559,47,15,15,7
672,32,0,0,0
296,40,8,8,0
469,21,21,5,5
759,55,23,7,7
741,37,5,5,5
164,36,4,4,4
815,47,15,15,7
690,50,18,2,2
863,31,31,15,7
11,11,11,11,3
474,26,26,10,2
267,11,11,11,3
329,9,9,9,1
149,21,21,5,5
439,55,23,7,7
312,56,24,8,0
512,0,0,0,0
103,39,7,7,7
714,10,10,10,2
718,14,14,14,6
468,20,20,4,4
988,28,28,12,4
142,14,14,14,6
549,37,5,5,5
332,12,12,12,4
627,51,19,3,3
342,22,22,6,6
866,34,2,2,2
516,4,4,4,4
963,3,3,3,3
974,14,14,14,6
348,28,28,12,4
87,23,23,7,7
663,23,23,7,7
35,35,3,3,3
903,7,7,7,7
322,2,2,2,2
169,41,9,9,1
326,6,6,6,6
926,30,30,14,6
146,18,18,2,2
279,23,23,7,7
169,41,9,9,1
681,41,9,9,1
541,29,29,13,5
982,22,22,6,6
925,29,29,13,5
292,36,4,4,4
518,6,6,6,6
201,9,9,9,1
956,60,28,12,4
183,55,23,7,7
522,10,10,10,2
885,53,21,5,5
428,44,12,12,4
713,9,9,9,1
118,54,22,6,6
104,40,8,8,0
321,1,1,1,1
149,21,21,5,5
211,19,19,3,3
713,9,9,9,1
406,22,22,6,6
433,49,17,1,1
211,19,19,3,3
385,1,1,1,1
882,50,18,2,2
497,49,17,1,1
739,35,3,3,3
852,20,20,4,4
805,37,5,5,5
167,39,7,7,7
249,57,25,9,1
57,57,25,9,1
274,18,18,2,2
820,52,20,4,4
371,51,19,3,3
647,7,7,7,7
708,4,4,4,4
506,58,26,10,2
550,38,6,6,6
349,29,29,13,5
251,59,27,11,3
593,17,17,1,1
111,47,15,15,7
459,11,11,11,3
493,45,13,13,5
705,1,1,1,1
193,1,1,1,1
652,12,12,12,4
330,10,10,10,2
568,56,24,8,0
841,9,9,9,1
542,30,30,14,6
760,56,24,8,0
563,51,19,3,3
583,7,7,7,7
272,16,16,0,0
740,36,4,4,4
844,12,12,12,4
460,12,12,12,4
623,47,15,15,7
993,33,1,1,1
34,34,2,2,2
108,44,12,12,4
15,15,15,15,7
24,24,24,8,0
813,45,13,13,5
569,57,25,9,1
111,47,15,15,7
142,14,14,14,6
119,55,23,7,7
951,55,23,7,7
275,19,19,3,3
484,36,4,4,4
32,32,0,0,0
661,21,21,5,5
235,43,11,11,3
118,54,22,6,6
614,38,6,6,6
989,29,29,13,5
155,27,27,11,3
707,3,3,3,3
975,15,15,15,7
728,24,24,8,0
1,1,1,1,1
95,31,31,15,7
173,45,13,13,5
674,34,2,2,2
202,10,10,10,2
871,39,7,7,7
47,47,15,15,7
146,18,18,2,2
245,53,21,5,5
44,44,12,12,4
664,24,24,8,0
748,44,12,12,4
632,56,24,8,0
613,37,5,5,5
637,61,29,13,5
459,11,11,11,3
104,40,8,8,0
474,26,26,10,2
900,4,4,4,4
806,38,6,6,6
832,0,0,0,0
361,41,9,9,1
204,12,12,12,4
949,53,21,5,5
89,25,25,9,1
840,8,8,8,0
161,33,1,1,1
460,12,12,12,4
70,6,6,6,6
861,29,29,13,5
112,48,16,0,0
993,33,1,1,1
349,29,29,13,5
369,49,17,1,1
898,2,2,2,2
238,46,14,14,6
157,29,29,13,5
213,21,21,5,5
472,24,24,8,0
858,26,26,10,2
984,24,24,8,0
124,60,28,12,4
842,10,10,10,2
407,23,23,7,7
194,2,2,2,2
319,63,31,15,7
955,59,27,11,3
74,10,10,10,2
330,10,10,10,2
779,11,11,11,3
863,31,31,15,7
655,15,15,15,7
832,0,0,0,0
573,61,29,13,5
230,38,6,6,6
597,21,21,5,5
559,47,15,15,7
73,9,9,9,1
980,20,20,4,4
544,32,0,0,0
629,53,21,5,5
402,18,18,2,2
552,40,8,8,0
333,13,13,13,5
779,11,11,11,3
373,53,21,5,5
710,6,6,6,6
85,21,21,5,5
688,48,16,0,0
521,9,9,9,1
625,49,17,1,1
164,36,4,4,4
476,28,28,12,4
96,32,0,0,0
224,32,0,0,0
579,3,3,3,3
782,14,14,14,6
615,39,7,7,7
668,28,28,12,4
312,56,24,8,0
645,5,5,5,5
460,12,12,12,4
538,26,26,10,2
874,42,10,10,2
805,37,5,5,5
34,34,2,2,2
733,29,29,13,5
695,55,23,7,7
276,20,20,4,4
242,50,18,2,2
916,20,20,4,4
320,0,0,0,0
306,50,18,2,2
48,48,16,0,0
526,14,14,14,6
980,20,20,4,4
479,31,31,15,7
803,35,3,3,3
756,52,20,4,4
693,53,21,5,5
897,1,1,1,1
976,16,16,0,0
588,12,12,12,4
945,49,17,1,1
652,12,12,12,4
10,10,10,10,2
137,9,9,9,1
333,13,13,13,5
385,1,1,1,1
513,1,1,1,1
714,10,10,10,2
978,18,18,2,2
160,32,0,0,0
578,2,2,2,2
958,62,30,14,6
530,18,18,2,2
777,9,9,9,1
16,16,16,0,0
996,36,4,4,4
902,6,6,6,6
980,20,20,4,4
551,39,7,7,7
761,57,25,9,1
862,30,30,14,6
399,15,15,15,7
851,19,19,3,3
933,37,5,5,5
970,10,10,10,2
560,48,16,0,0
768,0,0,0,0
894,62,30,14,6
931,35,3,3,3
599,23,23,7,7
6,6,6,6,6
778,10,10,10,2
189,61,29,13,5
826,58,26,10,2
816,48,16,0,0
759,55,23,7,7
763,59,27,11,3
424,40,8,8,0
240,48,16,0,0
856,24,24,8,0
51,51,19,3,3
590,14,14,14,6
790,22,22,6,6
41,41,9,9,1
363,43,11,11,3
648,8,8,8,0
814,46,14,14,6
568,56,24,8,0
196,4,4,4,4
289,33,1,1,1
29,29,29,13,5
879,47,15,15,7
320,0,0,0,0
713,9,9,9,1
678,38,6,6,6
292,36,4,4,4
740,36,4,4,4
786,18,18,2,2
853,21,21,5,5
38,38,6,6,6
857,25,25,9,1
390,6,6,6,6
540,28,28,12,4
273,17,17,1,1
697,57,25,9,1
865,33,1,1,1
343,23,23,7,7
737,33,1,1,1
249,57,25,9,1
147,19,19,3,3
810,42,10,10,2
556,44,12,12,4
920,24,24,8,0
168,40,8,8,0
769,1,1,1,1
533,21,21,5,5
485,37,5,5,5
595,19,19,3,3
914,18,18,2,2
965,5,5,5,5
44,44,12,12,4
611,35,3,3,3
713,9,9,9,1
192,0,0,0,0
582,6,6,6,6
483,35,3,3,3
969,9,9,9,1
944,48,16,0,0
919,23,23,7,7
661,21,21,5,5
174,46,14,14,6
356,36,4,4,4
982,22,22,6,6
473,25,25,9,1
330,10,10,10,2
822,54,22,6,6
357,37,5,5,5
366,46,14,14,6
191,63,31,15,7
248,56,24,8,0
617,41,9,9,1
847,15,15,15,7
150,22,22,6,6
471,23,23,7,7
534,22,22,6,6
528,16,16,0,0
94,30,30,14,6
242,50,18,2,2
821,53,21,5,5
341,21,21,5,5
712,8,8,8,0
200,8,8,8,0
636,60,28,12,4
355,35,3,3,3
473,25,25,9,1
28,28,28,12,4
715,11,11,11,3
149,21,21,5,5
504,56,24,8,0
977,17,17,1,1
732,28,28,12,4
282,26,26,10,2
373,53,21,5,5
657,17,17,1,1
605,29,29,13,5
294,38,6,6,6
580,4,4,4,4
645,5,5,5,5
163,35,3,3,3
665,25,25,9,1
836,4,4,4,4
878,46,14,14,6
755,51,19,3,3
521,9,9,9,1
225,33,1,1,1
682,42,10,10,2
912,16,16,0,0
226,34,2,2,2
158,30,30,14,6
238,46,14,14,6
779,11,11,11,3
556,44,12,12,4
526,14,14,14,6
566,54,22,6,6
796,28,28,12,4
861,29,29,13,5
630,54,22,6,6
188,60,28,12,4
914,18,18,2,2
906,10,10,10,2
146,18,18,2,2
9,9,9,9,1
589,13,13,13,5
878,46,14,14,6
905,9,9,9,1
959,63,31,15,7
454,6,6,6,6
29,29,29,13,5
964,4,4,4,4
727,23,23,7,7
995,35,3,3,3
873,41,9,9,1
786,18,18,2,2
898,2,2,2,2
167,39,7,7,7
915,19,19,3,3
696,56,24,8,0
126,62,30,14,6
303,47,15,15,7
244,52,20,4,4
609,33,1,1,1
331,11,11,11,3
274,18,18,2,2
748,44,12,12,4
708,4,4,4,4
577,1,1,1,1
972,12,12,12,4
175,47,15,15,7
801,33,1,1,1
998,38,6,6,6
367,47,15,15,7
826,58,26,10,2
734,30,30,14,6
48,48,16,0,0
351,31,31,15,7
278,22,22,6,6
287,31,31,15,7
54,54,22,6,6
414,30,30,14,6
826,58,26,10,2
854,22,22,6,6
483,35,3,3,3
211,19,19,3,3
357,37,5,5,5
750,46,14,14,6
995,35,3,3,3
596,20,20,4,4
6,6,6,6,6
339,19,19,3,3
703,63,31,15,7
147,19,19,3,3
397,13,13,13,5
576,0,0,0,0
131,3,3,3,3
762,58,26,10,2
925,29,29,13,5
840,8,8,8,0
170,42,10,10,2
443,59,27,11,3
733,29,29,13,5
41,41,9,9,1
571,59,27,11,3
176,48,16,0,0
546,34,2,2,2
536,24,24,8,0
25,25,25,9,1
718,14,14,14,6
177,49,17,1,1
363,43,11,11,3
415,31,31,15,7
877,45,13,13,5
81,17,17,1,1
715,11,11,11,3
331,11,11,11,3
789,21,21,5,5
13,13,13,13,5
743,39,7,7,7
143,15,15,15,7
689,49,17,1,1
79,15,15,15,7
740,36,4,4,4
759,55,23,7,7
999,39,7,7,7
297,41,9,9,1
935,39,7,7,7
687,47,15,15,7
919,23,23,7,7
803,35,3,3,3
265,9,9,9,1
872,40,8,8,0
350,30,30,14,6
396,12,12,12,4
499,51,19,3,3
902,6,6,6,6
714,10,10,10,2
767,63,31,15,7
596,20,20,4,4
303,47,15,15,7
521,9,9,9,1
680,40,8,8,0
328,8,8,8,0
47,47,15,15,7
299,43,11,11,3
263,7,7,7,7
177,49,17,1,1
155,27,27,11,3
521,9,9,9,1
926,30,30,14,6
826,58,26,10,2
397,13,13,13,5
356,36,4,4,4
863,31,31,15,7
682,42,10,10,2
648,8,8,8,0
897,1,1,1,1
414,30,30,14,6
834,2,2,2,2
567,55,23,7,7
928,32,0,0,0
169,41,9,9,1
466,18,18,2,2
680,40,8,8,0
672,32,0,0,0
988,28,28,12,4
193,1,1,1,1
652,12,12,12,4
407,23,23,7,7
553,41,9,9,1
62,62,30,14,6
258,2,2,2,2
53,53,21,5,5
662,22,22,6,6
870,38,6,6,6
68,4,4,4,4
334,14,14,14,6
329,9,9,9,1
889,57,25,9,1
658,18,18,2,2
697,57,25,9,1
635,59,27,11,3
587,11,11,11,3
978,18,18,2,2
781,13,13,13,5
354,34,2,2,2
798,30,30,14,6
331,11,11,11,3
589,13,13,13,5
426,42,10,10,2
273,17,17,1,1
327,7,7,7,7
548,36,4,4,4
310,54,22,6,6
167,39,7,7,7
125,61,29,13,5
593,17,17,1,1
815,47,15,15,7
658,18,18,2,2
857,25,25,9,1
915,19,19,3,3
385,1,1,1,1
65,1,1,1,1
350,30,30,14,6
173,45,13,13,5
119,55,23,7,7
627,51,19,3,3
761,57,25,9,1
482,34,2,2,2
229,37,5,5,5
928,32,0,0,0
343,23,23,7,7
194,2,2,2,2
696,56,24,8,0
817,49,17,1,1
973,13,13,13,5
238,46,14,14,6
545,33,1,1,1
804,36,4,4,4
340,20,20,4,4
153,25,25,9,1
171,43,11,11,3
690,50,18,2,2
130,2,2,2,2
674,34,2,2,2
241,49,17,1,1
208,16,16,0,0
591,15,15,15,7
684,44,12,12,4
148,20,20,4,4
284,28,28,12,4
446,62,30,14,6
815,47,15,15,7
984,24,24,8,0
829,61,29,13,5
636,60,28,12,4
182,54,22,6,6
703,63,31,15,7
619,43,11,11,3
807,39,7,7,7
817,49,17,1,1
902,6,6,6,6
294,38,6,6,6
17,17,17,1,1
466,18,18,2,2
660,20,20,4,4
334,14,14,14,6
589,13,13,13,5
492,44,12,12,4
401,17,17,1,1
445,61,29,13,5
474,26,26,10,2
909,13,13,13,5
342,22,22,6,6
749,45,13,13,5
841,9,9,9,1
884,52,20,4,4
204,12,12,12,4
708,4,4,4,4
121,57,25,9,1
275,19,19,3,3
561,49,17,1,1
965,5,5,5,5
239,47,15,15,7
459,11,11,11,3
543,31,31,15,7
885,53,21,5,5
109,45,13,13,5
421,37,5,5,5
699,59,27,11,3
221,29,29,13,5
681,41,9,9,1
322,2,2,2,2
891,59,27,11,3
4,4,4,4,4
882,50,18,2,2
411,27,27,11,3
212,20,20,4,4
60,60,28,12,4
38,38,6,6,6
480,32,0,0,0
877,45,13,13,5
760,56,24,8,0
137,9,9,9,1
736,32,0,0,0
622,46,14,14,6
725,21,21,5,5
620,44,12,12,4
868,36,4,4,4
239,47,15,15,7
607,31,31,15,7
485,37,5,5,5
95,31,31,15,7
858,26,26,10,2
160,32,0,0,0
760,56,24,8,0
717,13,13,13,5
232,40,8,8,0
241,49,17,1,1
285,29,29,13,5
434,50,18,2,2
92,28,28,12,4
735,31,31,15,7
96,32,0,0,0
146,18,18,2,2
141,13,13,13,5
209,17,17,1,1
851,19,19,3,3
71,7,7,7,7
603,27,27,11,3
357,37,5,5,5
717,13,13,13,5
405,21,21,5,5
145,17,17,1,1
843,11,11,11,3
569,57,25,9,1
234,42,10,10,2
900,4,4,4,4
307,51,19,3,3
191,63,31,15,7
848,16,16,0,0
198,6,6,6,6
902,6,6,6,6
196,4,4,4,4
257,1,1,1,1
155,27,27,11,3
322,2,2,2,2
178,50,18,2,2
31,31,31,15,7
164,36,4,4,4
427,43,11,11,3
843,11,11,11,3
385,1,1,1,1
356,36,4,4,4
323,3,3,3,3
161,33,1,1,1
988,28,28,12,4
453,5,5,5,5
717,13,13,13,5
269,13,13,13,5
124,60,28,12,4
393,9,9,9,1
212,20,20,4,4
681,41,9,9,1
951,55,23,7,7
707,3,3,3,3
204,12,12,12,4
924,28,28,12,4
367,47,15,15,7
203,11,11,11,3
711,7,7,7,7
723,19,19,3,3
55,55,23,7,7
576,0,0,0,0
912,16,16,0,0
520,8,8,8,0
813,45,13,13,5
929,33,1,1,1
344,24,24,8,0
710,6,6,6,6
865,33,1,1,1
986,26,26,10,2
309,53,21,5,5
258,2,2,2,2
262,6,6,6,6
545,33,1,1,1
760,56,24,8,0
576,0,0,0,0
702,62,30,14,6
555,43,11,11,3
884,52,20,4,4
54,54,22,6,6
367,47,15,15,7
468,20,20,4,4
874,42,10,10,2
848,16,16,0,0
702,62,30,14,6
5,5,5,5,5
618,42,10,10,2
683,43,11,11,3
442,58,26,10,2
340,20,20,4,4
818,50,18,2,2
300,44,12,12,4
279,23,23,7,7
306,50,18,2,2
43,43,11,11,3
207,15,15,15,7
70,6,6,6,6
720,16,16,0,0
362,42,10,10,2
335,15,15,15,7
657,17,17,1,1
562,50,18,2,2
479,31,31,15,7
829,61,29,13,5
976,16,16,0,0
148,20,20,4,4
127,63,31,15,7
748,44,12,12,4
953,57,25,9,1
275,19,19,3,3
782,14,14,14,6
59,59,27,11,3
180,52,20,4,4
529,17,17,1,1
307,51,19,3,3
620,44,12,12,4
671,31,31,15,7
676,36,4,4,4
766,62,30,14,6
602,26,26,10,2
437,53,21,5,5
200,8,8,8,0
989,29,29,13,5
48,48,16,0,0
643,3,3,3,3
223,31,31,15,7
715,11,11,11,3
378,58,26,10,2
436,52,20,4,4
1,1,1,1,1
994,34,2,2,2
793,25,25,9,1
98,34,2,2,2
602,26,26,10,2
318,62,30,14,6
906,10,10,10,2
980,20,20,4,4
818,50,18,2,2
491,43,11,11,3
56,56,24,8,0
677,37,5,5,5
38,38,6,6,6
277,21,21,5,5
723,19,19,3,3
412,28,28,12,4
544,32,0,0,0
151,23,23,7,7
858,26,26,10,2
755,51,19,3,3
763,59,27,11,3
841,9,9,9,1
446,62,30,14,6
104,40,8,8,0
227,35,3,3,3
911,15,15,15,7
776,8,8,8,0
889,57,25,9,1
222,30,30,14,6
191,63,31,15,7
678,38,6,6,6
862,30,30,14,6
355,35,3,3,3
60,60,28,12,4
266,10,10,10,2
59,59,27,11,3
405,21,21,5,5
731,27,27,11,3
948,52,20,4,4
958,62,30,14,6
788,20,20,4,4
388,4,4,4,4
128,0,0,0,0
503,55,23,7,7
666,26,26,10,2
921,25,25,9,1
613,37,5,5,5
395,11,11,11,3
547,35,3,3,3
609,33,1,1,1
534,22,22,6,6
403,19,19,3,3
958,62,30,14,6
749,45,13,13,5
414,30,30,14,6
841,9,9,9,1
711,7,7,7,7
988,28,28,12,4
381,61,29,13,5
429,45,13,13,5
385,1,1,1,1
819,51,19,3,3
995,35,3,3,3
407,23,23,7,7
372,52,20,4,4
846,14,14,14,6
64,0,0,0,0
589,13,13,13,5
446,62,30,14,6
738,34,2,2,2
538,26,26,10,2
749,45,13,13,5
207,15,15,15,7
35,35,3,3,3
180,52,20,4,4
136,8,8,8,0
727,23,23,7,7
221,29,29,13,5
684,44,12,12,4
585,9,9,9,1
238,46,14,14,6
197,5,5,5,5
733,29,29,13,5
320,0,0,0,0
843,11,11,11,3
29,29,29,13,5
174,46,14,14,6
194,2,2,2,2
15,15,15,15,7
992,32,0,0,0
704,0,0,0,0
57,57,25,9,1
542,30,30,14,6
751,47,15,15,7
800,32,0,0,0
544,32,0,0,0
947,51,19,3,3
973,13,13,13,5
104,40,8,8,0
890,58,26,10,2
126,62,30,14,6
878,46,14,14,6
760,56,24,8,0
177,49,17,1,1
942,46,14,14,6
232,40,8,8,0
847,15,15,15,7
46,46,14,14,6
920,24,24,8,0
545,33,1,1,1
801,33,1,1,1
525,13,13,13,5
587,11,11,11,3
612,36,4,4,4
943,47,15,15,7
994,34,2,2,2
591,15,15,15,7
167,39,7,7,7
516,4,4,4,4
290,34,2,2,2
431,47,15,15,7
83,19,19,3,3
122,58,26,10,2
721,17,17,1,1
358,38,6,6,6
733,29,29,13,5
155,27,27,11,3
474,26,26,10,2
448,0,0,0,0
640,0,0,0,0
141,13,13,13,5
45,45,13,13,5
976,16,16,0,0
320,0,0,0,0
845,13,13,13,5
648,8,8,8,0
448,0,0,0,0
303,47,15,15,7
800,32,0,0,0
431,47,15,15,7
421,37,5,5,5
503,55,23,7,7
682,42,10,10,2
37,37,5,5,5
788,20,20,4,4
635,59,27,11,3
755,51,19,3,3
960,0,0,0,0
25,25,25,9,1
246,54,22,6,6
447,63,31,15,7
165,37,5,5,5
15,15,15,15,7
689,49,17,1,1
656,16,16,0,0
951,55,23,7,7
482,34,2,2,2
456,8,8,8,0
716,12,12,12,4
617,41,9,9,1
710,6,6,6,6
163,35,3,3,3
835,3,3,3,3
787,19,19,3,3
831,63,31,15,7
861,29,29,13,5
527,15,15,15,7
836,4,4,4,4
734,30,30,14,6
12,12,12,12,4
336,16,16,0,0
701,61,29,13,5
664,24,24,8,0
304,48,16,0,0
703,63,31,15,7
156,28,28,12,4
10,10,10,10,2
477,29,29,13,5
470,22,22,6,6
4,4,4,4,4
830,62,30,14,6
15,15,15,15,7
118,54,22,6,6
528,16,16,0,0
93,29,29,13,5
772,4,4,4,4
950,54,22,6,6
127,63,31,15,7
872,40,8,8,0
285,29,29,13,5
450,2,2,2,2
412,28,28,12,4
745,41,9,9,1
576,0,0,0,0
48,48,16,0,0
904,8,8,8,0
966,6,6,6,6
355,35,3,3,3
756,52,20,4,4
456,8,8,8,0
733,29,29,13,5
768,0,0,0,0
392,8,8,8,0
405,21,21,5,5
929,33,1,1,1
475,27,27,11,3
410,26,26,10,2
288,32,0,0,0
48,48,16,0,0
190,62,30,14,6
243,51,19,3,3
802,34,2,2,2
17,17,17,1,1
681,41,9,9,1
354,34,2,2,2
475,27,27,11,3
388,4,4,4,4
596,20,20,4,4
866,34,2,2,2
127,63,31,15,7
607,31,31,15,7
857,25,25,9,1
696,56,24,8,0
679,39,7,7,7
610,34,2,2,2
556,44,12,12,4
498,50,18,2,2
438,54,22,6,6
733,29,29,13,5
505,57,25,9,1
349,29,29,13,5
182,54,22,6,6
908,12,12,12,4
467,19,19,3,3
940,44,12,12,4
713,9,9,9,1
108,44,12,12,4
603,27,27,11,3
88,24,24,8,0
467,19,19,3,3
313,57,25,9,1
653,13,13,13,5
64,0,0,0,0
227,35,3,3,3
163,35,3,3,3
506,58,26,10,2
990,30,30,14,6
7,7,7,7,7
636,60,28,12,4
977,17,17,1,1
344,24,24,8,0
712,8,8,8,0
405,21,21,5,5
122,58,26,10,2
912,16,16,0,0
886,54,22,6,6
10,10,10,10,2
963,3,3,3,3
182,54,22,6,6
136,8,8,8,0
879,47,15,15,7
423,39,7,7,7
745,41,9,9,1
191,63,31,15,7
109,45,13,13,5
733,29,29,13,5
517,5,5,5,5
616,40,8,8,0
30,30,30,14,6
527,15,15,15,7
981,21,21,5,5
226,34,2,2,2
715,11,11,11,3
805,37,5,5,5
648,8,8,8,0
591,15,15,15,7
992,32,0,0,0
494,46,14,14,6
590,14,14,14,6
40,40,8,8,0
403,19,19,3,3
956,60,28,12,4
181,53,21,5,5
520,8,8,8,0
843,11,11,11,3
424,40,8,8,0
547,35,3,3,3
768,0,0,0,0
467,19,19,3,3
509,61,29,13,5
752,48,16,0,0
351,31,31,15,7
368,48,16,0,0
609,33,1,1,1
830,62,30,14,6
621,45,13,13,5
458,10,10,10,2
143,15,15,15,7
94,30,30,14,6
801,33,1,1,1
101,37,5,5,5
200,8,8,8,0
941,45,13,13,5
444,60,28,12,4
606,30,30,14,6
17,17,17,1,1
628,52,20,4,4
192,0,0,0,0
218,26,26,10,2
67,3,3,3,3
646,6,6,6,6
608,32,0,0,0
73,9,9,9,1
357,37,5,5,5
973,13,13,13,5
600,24,24,8,0
948,52,20,4,4
312,56,24,8,0
116,52,20,4,4
694,54,22,6,6
801,33,1,1,1
651,11,11,11,3
942,46,14,14,6
126,62,30,14,6
825,57,25,9,1
252,60,28,12,4
702,62,30,14,6
174,46,14,14,6
825,57,25,9,1
407,23,23,7,7
2,2,2,2,2
656,16,16,0,0
864,32,0,0,0
125,61,29,13,5
669,29,29,13,5
610,34,2,2,2
282,26,26,10,2
291,35,3,3,3
443,59,27,11,3
26,26,26,10,2
527,15,15,15,7
794,26,26,10,2
196,4,4,4,4
649,9,9,9,1
590,14,14,14,6
126,62,30,14,6
399,15,15,15,7
517,5,5,5,5
673,33,1,1,1
819,51,19,3,3
25,25,25,9,1
304,48,16,0,0
545,33,1,1,1
475,27,27,11,3
221,29,29,13,5
763,59,27,11,3
111,47,15,15,7
59,59,27,11,3
756,52,20,4,4
671,31,31,15,7
313,57,25,9,1
737,33,1,1,1
870,38,6,6,6
8,8,8,8,0
438,54,22,6,6
185,57,25,9,1
677,37,5,5,5
463,15,15,15,7
985,25,25,9,1
420,36,4,4,4
839,7,7,7,7
822,54,22,6,6
196,4,4,4,4
47,47,15,15,7
200,8,8,8,0
569,57,25,9,1
70,6,6,6,6
262,6,6,6,6
282,26,26,10,2
259,3,3,3,3
986,26,26,10,2
603,27,27,11,3
43,43,11,11,3
789,21,21,5,5
404,20,20,4,4
454,6,6,6,6
241,49,17,1,1
767,63,31,15,7
374,54,22,6,6
624,48,16,0,0
97,33,1,1,1
760,56,24,8,0
749,45,13,13,5
414,30,30,14,6
903,7,7,7,7
443,59,27,11,3
28,28,28,12,4
700,60,28,12,4
320,0,0,0,0
311,55,23,7,7
552,40,8,8,0
972,12,12,12,4
745,41,9,9,1
138,10,10,10,2
710,6,6,6,6
106,42,10,10,2
858,26,26,10,2
125,61,29,13,5
856,24,24,8,0
559,47,15,15,7
418,34,2,2,2
42,42,10,10,2
437,53,21,5,5
658,18,18,2,2
635,59,27,11,3
212,20,20,4,4
70,6,6,6,6
23,23,23,7,7
958,62,30,14,6
543,31,31,15,7
843,11,11,11,3
363,43,11,11,3
416,32,0,0,0
12,12,12,12,4
923,27,27,11,3
99,35,3,3,3
145,17,17,1,1
871,39,7,7,7
711,7,7,7,7
237,45,13,13,5
826,58,26,10,2
108,44,12,12,4
756,52,20,4,4
439,55,23,7,7
126,62,30,14,6
759,55,23,7,7
461,13,13,13,5
24,24,24,8,0
318,62,30,14,6
999,39,7,7,7
775,7,7,7,7
221,29,29,13,5
258,2,2,2,2
159,31,31,15,7
210,18,18,2,2
421,37,5,5,5
14,14,14,14,6
28,28,28,12,4
766,62,30,14,6
289,33,1,1,1
454,6,6,6,6
855,23,23,7,7
829,61,29,13,5
443,59,27,11,3
65,1,1,1,1
671,31,31,15,7
42,42,10,10,2
413,29,29,13,5
661,21,21,5,5
999,39,7,7,7
231,39,7,7,7
525,13,13,13,5
411,27,27,11,3
703,63,31,15,7
317,61,29,13,5
749,45,13,13,5
909,13,13,13,5
237,45,13,13,5
566,54,22,6,6
316,60,28,12,4
592,16,16,0,0
392,8,8,8,0
132,4,4,4,4
129,1,1,1,1
776,8,8,8,0
11,11,11,11,3
958,62,30,14,6
248,56,24,8,0
931,35,3,3,3
150,22,22,6,6
3,3,3,3,3
520,8,8,8,0
806,38,6,6,6
666,26,26,10,2
155,27,27,11,3
35,35,3,3,3
728,24,24,8,0
121,57,25,9,1
570,58,26,10,2
595,19,19,3,3
721,17,17,1,1
163,35,3,3,3
433,49,17,1,1
341,21,21,5,5
670,30,30,14,6
685,45,13,13,5
95,31,31,15,7
463,15,15,15,7
365,45,13,13,5
922,26,26,10,2
240,48,16,0,0
857,25,25,9,1
534,22,22,6,6
908,12,12,12,4
222,30,30,14,6
7,7,7,7,7
971,11,11,11,3
566,54,22,6,6
196,4,4,4,4
654,14,14,14,6
341,21,21,5,5
655,15,15,15,7
296,40,8,8,0
884,52,20,4,4
405,21,21,5,5
354,34,2,2,2
162,34,2,2,2
962,2,2,2,2
373,53,21,5,5
985,25,25,9,1
61,61,29,13,5
717,13,13,13,5
691,51,19,3,3
419,35,3,3,3
965,5,5,5,5
150,22,22,6,6
25,25,25,9,1
162,34,2,2,2
729,25,25,9,1
988,28,28,12,4
599,23,23,7,7
909,13,13,13,5
880,48,16,0,0
177,49,17,1,1
15,15,15,15,7
905,9,9,9,1
346,26,26,10,2
791,23,23,7,7
461,13,13,13,5
607,31,31,15,7
195,3,3,3,3
643,3,3,3,3
987,27,27,11,3
548,36,4,4,4
426,42,10,10,2
570,58,26,10,2
948,52,20,4,4
339,19,19,3,3
848,16,16,0,0
816,48,16,0,0
215,23,23,7,7
879,47,15,15,7
628,52,20,4,4
300,44,12,12,4
98,34,2,2,2
981,21,21,5,5
449,1,1,1,1
180,52,20,4,4
472,24,24,8,0
683,43,11,11,3
526,14,14,14,6
119,55,23,7,7
886,54,22,6,6
389,5,5,5,5
461,13,13,13,5
497,49,17,1,1
898,2,2,2,2
456,8,8,8,0
997,37,5,5,5
311,55,23,7,7
524,12,12,12,4
312,56,24,8,0
812,44,12,12,4
430,46,14,14,6
16,16,16,0,0
284,28,28,12,4
613,37,5,5,5
761,57,25,9,1
526,14,14,14,6
234,42,10,10,2
125,61,29,13,5
488,40,8,8,0
936,40,8,8,0
969,9,9,9,1
223,31,31,15,7
562,50,18,2,2
325,5,5,5,5
85,21,21,5,5
759,55,23,7,7
317,61,29,13,5
762,58,26,10,2
686,46,14,14,6
602,26,26,10,2
178,50,18,2,2
909,13,13,13,5
924,28,28,12,4
592,16,16,0,0
324,4,4,4,4
968,8,8,8,0
235,43,11,11,3
989,29,29,13,5
67,3,3,3,3
380,60,28,12,4
395,11,11,11,3
509,61,29,13,5
602,26,26,10,2
79,15,15,15,7
608,32,0,0,0
803,35,3,3,3
264,8,8,8,0
270,14,14,14,6
283,27,27,11,3
13,13,13,13,5
493,45,13,13,5
335,15,15,15,7
86,22,22,6,6
641,1,1,1,1
789,21,21,5,5
794,26,26,10,2
595,19,19,3,3
233,41,9,9,1
566,54,22,6,6
726,22,22,6,6
661,21,21,5,5
622,46,14,14,6
322,2,2,2,2
2,2,2,2,2
309,53,21,5,5
949,53,21,5,5
403,19,19,3,3
981,21,21,5,5
660,20,20,4,4
570,58,26,10,2
787,19,19,3,3
614,38,6,6,6
469,21,21,5,5
848,16,16,0,0
25,25,25,9,1
808,40,8,8,0
854,22,22,6,6
560,48,16,0,0
36,36,4,4,4
442,58,26,10,2
492,44,12,12,4
407,23,23,7,7
883,51,19,3,3
953,57,25,9,1
858,26,26,10,2
883,51,19,3,3
222,30,30,14,6
748,44,12,12,4
166,38,6,6,6
838,6,6,6,6
429,45,13,13,5
293,37,5,5,5
72,8,8,8,0
335,15,15,15,7
84,20,20,4,4
151,23,23,7,7
414,30,30,14,6
450,2,2,2,2
18,18,18,2,2
96,32,0,0,0
438,54,22,6,6
470,22,22,6,6
372,52,20,4,4
448,0,0,0,0
251,59,27,11,3
580,4,4,4,4
449,1,1,1,1
29,29,29,13,5
934,38,6,6,6
452,4,4,4,4
520,8,8,8,0
20,20,20,4,4
367,47,15,15,7
86,22,22,6,6
465,17,17,1,1
151,23,23,7,7
424,40,8,8,0
70,6,6,6,6
408,24,24,8,0
37,37,5,5,5
700,60,28,12,4
74,10,10,10,2
416,32,0,0,0
579,3,3,3,3
420,36,4,4,4
320,0,0,0,0
563,51,19,3,3
348,28,28,12,4
385,1,1,1,1
638,62,30,14,6
93,29,29,13,5
949,53,21,5,5
419,35,3,3,3
853,21,21,5,5
253,61,29,13,5
73,9,9,9,1
363,43,11,11,3
425,41,9,9,1
543,31,31,15,7
673,33,1,1,1
874,42,10,10,2
691,51,19,3,3
545,33,1,1,1
835,3,3,3,3
719,15,15,15,7
341,21,21,5,5
146,18,18,2,2
298,42,10,10,2
245,53,21,5,5
978,18,18,2,2
869,37,5,5,5
683,43,11,11,3
711,7,7,7,7
616,40,8,8,0
505,57,25,9,1
112,48,16,0,0
9,9,9,9,1
32,32,0,0,0
976,16,16,0,0
704,0,0,0,0
158,30,30,14,6
936,40,8,8,0
149,21,21,5,5
798,30,30,14,6
765,61,29,13,5
988,28,28,12,4
644,4,4,4,4
74,10,10,10,2
399,15,15,15,7
31,31,31,15,7
274,18,18,2,2
365,45,13,13,5
721,17,17,1,1
394,10,10,10,2
939,43,11,11,3
508,60,28,12,4
280,24,24,8,0
861,29,29,13,5
460,12,12,12,4
863,31,31,15,7
47,47,15,15,7
122,58,26,10,2
204,12,12,12,4
262,6,6,6,6
240,48,16,0,0
335,15,15,15,7
674,34,2,2,2
552,40,8,8,0
348,28,28,12,4
645,5,5,5,5
168,40,8,8,0
292,36,4,4,4
320,0,0,0,0
914,18,18,2,2
64,0,0,0,0
452,4,4,4,4
481,33,1,1,1
754,50,18,2,2
221,29,29,13,5
838,6,6,6,6
347,27,27,11,3
88,24,24,8,0
548,36,4,4,4
838,6,6,6,6
796,28,28,12,4
926,30,30,14,6
907,11,11,11,3
809,41,9,9,1
518,6,6,6,6
993,33,1,1,1
281,25,25,9,1
912,16,16,0,0
61,61,29,13,5
840,8,8,8,0
434,50,18,2,2
401,17,17,1,1
840,8,8,8,0
607,31,31,15,7
34,34,2,2,2
753,49,17,1,1
395,11,11,11,3
992,32,0,0,0
229,37,5,5,5
260,4,4,4,4
506,58,26,10,2
371,51,19,3,3
197,5,5,5,5
341,21,21,5,5
668,28,28,12,4
30,30,30,14,6
683,43,11,11,3
242,50,18,2,2
500,52,20,4,4
490,42,10,10,2
692,52,20,4,4
984,24,24,8,0
933,37,5,5,5
168,40,8,8,0
957,61,29,13,5
229,37,5,5,5
586,10,10,10,2
138,10,10,10,2
422,38,6,6,6
197,5,5,5,5
433,49,17,1,1
401,17,17,1,1
853,21,21,5,5
231,39,7,7,7
609,33,1,1,1
615,39,7,7,7
934,38,6,6,6
747,43,11,11,3
77,13,13,13,5
275,19,19,3,3
975,15,15,15,7
633,57,25,9,1
674,34,2,2,2
594,18,18,2,2
610,34,2,2,2
527,15,15,15,7
596,20,20,4,4
953,57,25,9,1
835,3,3,3,3
992,32,0,0,0
184,56,24,8,0
415,31,31,15,7
440,56,24,8,0
745,41,9,9,1
608,32,0,0,0
939,43,11,11,3
40,40,8,8,0
135,7,7,7,7
562,50,18,2,2
436,52,20,4,4
554,42,10,10,2
199,7,7,7,7
800,32,0,0,0
987,27,27,11,3
542,30,30,14,6
517,5,5,5,5
236,44,12,12,4
128,0,0,0,0
872,40,8,8,0
330,10,10,10,2
660,20,20,4,4
969,9,9,9,1
596,20,20,4,4
603,27,27,11,3
912,16,16,0,0
539,27,27,11,3
320,0,0,0,0
550,38,6,6,6
380,60,28,12,4
434,50,18,2,2
894,62,30,14,6
397,13,13,13,5
26,26,26,10,2
458,10,10,10,2
760,56,24,8,0
61,61,29,13,5
792,24,24,8,0
918,22,22,6,6
675,35,3,3,3
713,9,9,9,1
815,47,15,15,7
762,58,26,10,2
356,36,4,4,4
668,28,28,12,4
548,36,4,4,4
540,28,28,12,4
244,52,20,4,4
609,33,1,1,1
795,27,27,11,3
718,14,14,14,6
349,29,29,13,5
279,23,23,7,7
782,14,14,14,6
360,40,8,8,0
999,39,7,7,7
897,1,1,1,1
745,41,9,9,1
665,25,25,9,1
603,27,27,11,3
114,50,18,2,2
567,55,23,7,7
489,41,9,9,1
715,11,11,11,3
662,22,22,6,6
974,14,14,14,6
411,27,27,11,3
950,54,22,6,6
997,37,5,5,5
737,33,1,1,1
668,28,28,12,4
87,23,23,7,7
450,2,2,2,2
696,56,24,8,0
111,47,15,15,7
405,21,21,5,5
338,18,18,2,2
485,37,5,5,5
818,50,18,2,2
271,15,15,15,7
442,58,26,10,2
865,33,1,1,1
427,43,11,11,3
538,26,26,10,2
191,63,31,15,7
402,18,18,2,2
708,4,4,4,4
288,32,0,0,0
667,27,27,11,3
545,33,1,1,1
727,23,23,7,7
502,54,22,6,6
24,24,24,8,0
599,23,23,7,7
900,4,4,4,4
63,63,31,15,7
23,23,23,7,7
141,13,13,13,5
540,28,28,12,4
410,26,26,10,2
525,13,13,13,5
19,19,19,3,3
899,3,3,3,3
351,31,31,15,7
86,22,22,6,6
204,12,12,12,4
382,62,30,14,6
606,30,30,14,6
806,38,6,6,6
985,25,25,9,1
964,4,4,4,4
639,63,31,15,7
265,9,9,9,1
382,62,30,14,6
441,57,25,9,1
48,48,16,0,0
461,13,13,13,5
774,6,6,6,6
28,28,28,12,4
860,28,28,12,4
788,20,20,4,4
386,2,2,2,2
991,31,31,15,7
781,13,13,13,5
340,20,20,4,4
948,52,20,4,4
63,63,31,15,7
749,45,13,13,5
232,40,8,8,0
734,30,30,14,6
760,56,24,8,0
886,54,22,6,6
418,34,2,2,2
98,34,2,2,2
720,16,16,0,0
277,21,21,5,5
349,29,29,13,5
561,49,17,1,1
655,15,15,15,7
498,50,18,2,2
511,63,31,15,7
662,22,22,6,6
598,22,22,6,6
916,20,20,4,4
916,20,20,4,4
369,49,17,1,1
763,59,27,11,3
70,6,6,6,6
635,59,27,11,3
491,43,11,11,3
579,3,3,3,3
504,56,24,8,0
787,19,19,3,3
203,11,11,11,3
747,43,11,11,3
278,22,22,6,6
150,22,22,6,6
691,51,19,3,3
287,31,31,15,7
309,53,21,5,5
182,54,22,6,6
881,49,17,1,1
456,8,8,8,0
102,38,6,6,6
175,47,15,15,7
149,21,21,5,5
26,26,26,10,2
97,33,1,1,1
872,40,8,8,0
39,39,7,7,7
5,5,5,5,5
475,27,27,11,3
19,19,19,3,3
259,3,3,3,3
650,10,10,10,2
885,53,21,5,5
220,28,28,12,4
491,43,11,11,3
418,34,2,2,2
105,41,9,9,1
947,51,19,3,3
821,53,21,5,5
117,53,21,5,5
237,45,13,13,5
163,35,3,3,3
736,32,0,0,0
342,22,22,6,6
444,60,28,12,4
717,13,13,13,5
805,37,5,5,5
195,3,3,3,3
326,6,6,6,6
478,30,30,14,6
593,17,17,1,1
846,14,14,14,6
281,25,25,9,1
851,19,19,3,3
733,29,29,13,5
435,51,19,3,3
233,41,9,9,1
550,38,6,6,6
352,32,0,0,0
557,45,13,13,5
598,22,22,6,6
304,48,16,0,0
617,41,9,9,1
992,32,0,0,0
611,35,3,3,3
913,17,17,1,1
849,17,17,1,1
485,37,5,5,5
2,2,2,2,2
243,51,19,3,3
394,10,10,10,2
558,46,14,14,6
967,7,7,7,7
318,62,30,14,6
497,49,17,1,1
129,1,1,1,1
312,56,24,8,0
132,4,4,4,4
782,14,14,14,6
114,50,18,2,2
637,61,29,13,5
870,38,6,6,6
421,37,5,5,5
181,53,21,5,5
721,17,17,1,1
515,3,3,3,3
276,20,20,4,4
241,49,17,1,1
301,45,13,13,5
520,8,8,8,0
516,4,4,4,4
537,25,25,9,1
844,12,12,12,4
349,29,29,13,5
320,0,0,0,0
980,20,20,4,4
719,15,15,15,7
564,52,20,4,4
190,62,30,14,6
891,59,27,11,3
807,39,7,7,7
410,26,26,10,2
243,51,19,3,3
924,28,28,12,4
346,26,26,10,2
394,10,10,10,2
247,55,23,7,7
542,30,30,14,6
514,2,2,2,2
708,4,4,4,4
165,37,5,5,5
506,58,26,10,2
225,33,1,1,1
85,21,21,5,5
815,47,15,15,7
671,31,31,15,7
54,54,22,6,6
861,29,29,13,5
878,46,14,14,6
437,53,21,5,5
342,22,22,6,6
591,15,15,15,7
536,24,24,8,0
165,37,5,5,5
174,46,14,14,6
991,31,31,15,7
931,35,3,3,3
60,60,28,12,4
464,16,16,0,0
773,5,5,5,5
743,39,7,7,7
133,5,5,5,5
872,40,8,8,0
853,21,21,5,5
170,42,10,10,2
353,33,1,1,1
567,55,23,7,7
860,28,28,12,4
865,33,1,1,1
405,21,21,5,5
582,6,6,6,6
568,56,24,8,0
553,41,9,9,1
357,37,5,5,5
921,25,25,9,1
105,41,9,9,1
861,29,29,13,5
603,27,27,11,3
517,5,5,5,5
103,39,7,7,7
419,35,3,3,3
546,34,2,2,2
781,13,13,13,5
895,63,31,15,7
748,44,12,12,4
592,16,16,0,0
729,25,25,9,1
718,14,14,14,6
85,21,21,5,5
63,63,31,15,7
72,8,8,8,0
103,39,7,7,7
539,27,27,11,3
173,45,13,13,5
979,19,19,3,3
96,32,0,0,0
615,39,7,7,7
502,54,22,6,6
948,52,20,4,4
353,33,1,1,1
252,60,28,12,4
837,5,5,5,5
305,49,17,1,1
520,8,8,8,0
95,31,31,15,7
684,44,12,12,4
192,0,0,0,0
404,20,20,4,4
225,33,1,1,1
548,36,4,4,4
460,12,12,12,4
885,53,21,5,5
86,22,22,6,6
208,16,16,0,0
911,15,15,15,7
441,57,25,9,1
716,12,12,12,4
48,48,16,0,0
117,53,21,5,5
756,52,20,4,4
656,16,16,0,0
334,14,14,14,6
730,26,26,10,2
704,0,0,0,0
952,56,24,8,0
239,47,15,15,7
702,62,30,14,6
315,59,27,11,3
458,10,10,10,2
496,48,16,0,0
332,12,12,12,4
42,42,10,10,2
571,59,27,11,3
928,32,0,0,0
310,54,22,6,6
475,27,27,11,3
456,8,8,8,0
438,54,22,6,6
403,19,19,3,3
240,48,16,0,0
826,58,26,10,2
769,1,1,1,1
897,1,1,1,1
657,17,17,1,1
238,46,14,14,6
112,48,16,0,0
937,41,9,9,1
823,55,23,7,7
230,38,6,6,6
502,54,22,6,6
309,53,21,5,5
419,35,3,3,3
600,24,24,8,0
188,60,28,12,4
139,11,11,11,3
293,37,5,5,5
251,59,27,11,3
90,26,26,10,2
507,59,27,11,3
529,17,17,1,1
983,23,23,7,7
991,31,31,15,7
835,3,3,3,3
698,58,26,10,2
356,36,4,4,4
549,37,5,5,5
190,62,30,14,6
923,27,27,11,3
486,38,6,6,6
431,47,15,15,7
888,56,24,8,0
251,59,27,11,3
881,49,17,1,1
840,8,8,8,0
585,9,9,9,1
978,18,18,2,2
729,25,25,9,1
263,7,7,7,7
354,34,2,2,2
740,36,4,4,4
779,11,11,11,3
915,19,19,3,3
96,32,0,0,0
313,57,25,9,1
558,46,14,14,6
724,20,20,4,4
172,44,12,12,4
479,31,31,15,7
256,0,0,0,0
856,24,24,8,0
188,60,28,12,4
58,58,26,10,2
5,5,5,5,5
632,56,24,8,0
996,36,4,4,4
11,11,11,11,3
314,58,26,10,2
105,41,9,9,1
652,12,12,12,4
286,30,30,14,6
9,9,9,9,1
721,17,17,1,1
362,42,10,10,2
136,8,8,8,0
151,23,23,7,7
612,36,4,4,4
364,44,12,12,4
502,54,22,6,6
523,11,11,11,3
278,22,22,6,6
63,63,31,15,7
403,19,19,3,3
318,62,30,14,6
105,41,9,9,1
284,28,28,12,4
658,18,18,2,2
615,39,7,7,7
414,30,30,14,6
748,44,12,12,4
542,30,30,14,6
866,34,2,2,2
372,52,20,4,4
581,5,5,5,5
71,7,7,7,7
996,36,4,4,4
85,21,21,5,5
32,32,0,0,0
183,55,23,7,7
570,58,26,10,2
120,56,24,8,0
909,13,13,13,5
863,31,31,15,7
322,2,2,2,2
603,27,27,11,3
503,55,23,7,7
171,43,11,11,3
984,24,24,8,0
13,13,13,13,5
506,58,26,10,2
124,60,28,12,4
167,39,7,7,7
604,28,28,12,4
977,17,17,1,1
928,32,0,0,0
270,14,14,14,6
334,14,14,14,6
557,45,13,13,5
421,37,5,5,5
449,1,1,1,1
502,54,22,6,6
388,4,4,4,4
753,49,17,1,1
688,48,16,0,0
419,35,3,3,3
646,6,6,6,6
628,52,20,4,4
952,56,24,8,0
958,62,30,14,6
495,47,15,15,7
101,37,5,5,5
719,15,15,15,7
300,44,12,12,4
889,57,25,9,1
66,2,2,2,2
111,47,15,15,7
354,34,2,2,2
179,51,19,3,3
361,41,9,9,1
704,0,0,0,0
623,47,15,15,7
822,54,22,6,6
504,56,24,8,0
489,41,9,9,1
274,18,18,2,2
74,10,10,10,2
661,21,21,5,5
421,37,5,5,5
681,41,9,9,1
364,44,12,12,4
416,32,0,0,0
844,12,12,12,4
667,27,27,11,3
911,15,15,15,7
562,50,18,2,2
507,59,27,11,3
556,44,12,12,4
311,55,23,7,7
812,44,12,12,4
707,3,3,3,3
614,38,6,6,6
862,30,30,14,6
173,45,13,13,5
740,36,4,4,4
498,50,18,2,2
411,27,27,11,3
334,14,14,14,6
750,46,14,14,6
994,34,2,2,2
837,5,5,5,5
685,45,13,13,5
29,29,29,13,5
344,24,24,8,0
683,43,11,11,3
853,21,21,5,5
110,46,14,14,6
663,23,23,7,7
195,3,3,3,3
585,9,9,9,1
19,19,19,3,3
416,32,0,0,0
830,62,30,14,6
413,29,29,13,5
393,9,9,9,1
34,34,2,2,2
289,33,1,1,1
140,12,12,12,4
859,27,27,11,3
345,25,25,9,1
861,29,29,13,5
782,14,14,14,6
575,63,31,15,7
835,3,3,3,3
931,35,3,3,3
675,35,3,3,3
894,62,30,14,6
698,58,26,10,2
210,18,18,2,2
575,63,31,15,7
482,34,2,2,2
284,28,28,12,4
218,26,26,10,2
77,13,13,13,5
590,14,14,14,6
274,18,18,2,2
481,33,1,1,1
532,20,20,4,4
95,31,31,15,7
919,23,23,7,7
912,16,16,0,0
887,55,23,7,7
27,27,27,11,3
16,16,16,0,0
507,59,27,11,3
100,36,4,4,4
581,5,5,5,5
538,26,26,10,2
993,33,1,1,1
738,34,2,2,2
602,26,26,10,2
630,54,22,6,6
668,28,28,12,4
720,16,16,0,0
374,54,22,6,6
422,38,6,6,6
409,25,25,9,1
385,1,1,1,1
917,21,21,5,5
957,61,29,13,5
257,1,1,1,1
782,14,14,14,6
293,37,5,5,5
562,50,18,2,2
275,19,19,3,3
772,4,4,4,4
682,42,10,10,2
51,51,19,3,3
414,30,30,14,6
954,58,26,10,2
408,24,24,8,0
153,25,25,9,1
302,46,14,14,6
220,28,28,12,4
483,35,3,3,3
208,16,16,0,0
954,58,26,10,2
447,63,31,15,7
616,40,8,8,0
278,22,22,6,6
19,19,19,3,3
635,59,27,11,3
450,2,2,2,2
861,29,29,13,5
248,56,24,8,0
859,27,27,11,3
76,12,12,12,4
63,63,31,15,7
258,2,2,2,2
87,23,23,7,7
339,19,19,3,3
914,18,18,2,2
225,33,1,1,1
354,34,2,2,2
233,41,9,9,1
793,25,25,9,1
781,13,13,13,5
411,27,27,11,3
21,21,21,5,5
473,25,25,9,1
536,24,24,8,0
537,25,25,9,1
97,33,1,1,1
332,12,12,12,4
856,24,24,8,0
498,50,18,2,2
28,28,28,12,4
92,28,28,12,4
461,13,13,13,5
386,2,2,2,2
830,62,30,14,6
402,18,18,2,2
484,36,4,4,4
113,49,17,1,1
743,39,7,7,7
725,21,21,5,5
504,56,24,8,0
516,4,4,4,4
433,49,17,1,1
999,39,7,7,7
448,0,0,0,0
823,55,23,7,7
110,46,14,14,6
301,45,13,13,5
875,43,11,11,3
214,22,22,6,6
912,16,16,0,0
336,16,16,0,0
993,33,1,1,1
529,17,17,1,1
283,27,27,11,3
639,63,31,15,7
823,55,23,7,7
388,4,4,4,4
635,59,27,11,3
877,45,13,13,5
726,22,22,6,6
730,26,26,10,2
866,34,2,2,2
56,56,24,8,0
800,32,0,0,0
302,46,14,14,6
642,2,2,2,2
307,51,19,3,3
421,37,5,5,5
349,29,29,13,5
388,4,4,4,4
936,40,8,8,0
974,14,14,14,6
933,37,5,5,5
518,6,6,6,6
419,35,3,3,3
841,9,9,9,1
526,14,14,14,6
628,52,20,4,4
30,30,30,14,6
13,13,13,13,5
803,35,3,3,3
581,5,5,5,5
696,56,24,8,0
466,18,18,2,2
373,53,21,5,5
703,63,31,15,7
775,7,7,7,7
678,38,6,6,6
347,27,27,11,3
394,10,10,10,2
867,35,3,3,3
76,12,12,12,4
259,3,3,3,3
686,46,14,14,6
396,12,12,12,4
818,50,18,2,2
907,11,11,11,3
277,21,21,5,5
569,57,25,9,1
344,24,24,8,0
878,46,14,14,6
581,5,5,5,5
148,20,20,4,4
917,21,21,5,5
907,11,11,11,3
715,11,11,11,3
128,0,0,0,0
783,15,15,15,7
848,16,16,0,0
674,34,2,2,2
472,24,24,8,0
403,19,19,3,3
30,30,30,14,6
989,29,29,13,5
246,54,22,6,6
70,6,6,6,6
413,29,29,13,5
410,26,26,10,2
520,8,8,8,0
639,63,31,15,7
750,46,14,14,6
701,61,29,13,5
131,3,3,3,3
597,21,21,5,5
146,18,18,2,2
750,46,14,14,6
700,60,28,12,4
220,28,28,12,4
328,8,8,8,0
553,41,9,9,1
170,42,10,10,2
528,16,16,0,0
317,61,29,13,5
118,54,22,6,6
238,46,14,14,6
983,23,23,7,7
12,12,12,12,4
126,62,30,14,6
491,43,11,11,3
784,16,16,0,0
83,19,19,3,3
129,1,1,1,1
215,23,23,7,7
988,28,28,12,4
922,26,26,10,2
524,12,12,12,4
776,8,8,8,0
408,24,24,8,0
911,15,15,15,7
114,50,18,2,2
707,3,3,3,3
472,24,24,8,0
96,32,0,0,0
271,15,15,15,7
546,34,2,2,2
723,19,19,3,3
172,44,12,12,4
498,50,18,2,2
301,45,13,13,5
592,16,16,0,0
153,25,25,9,1
499,51,19,3,3
666,26,26,10,2
259,3,3,3,3
789,21,21,5,5
665,25,25,9,1
300,44,12,12,4
154,26,26,10,2
886,54,22,6,6
316,60,28,12,4
653,13,13,13,5
203,11,11,11,3
341,21,21,5,5
265,9,9,9,1
563,51,19,3,3
578,2,2,2,2
201,9,9,9,1
912,16,16,0,0
171,43,11,11,3
730,26,26,10,2
424,40,8,8,0
559,47,15,15,7
349,29,29,13,5
970,10,10,10,2
655,15,15,15,7
989,29,29,13,5
996,36,4,4,4
811,43,11,11,3
736,32,0,0,0
308,52,20,4,4
473,25,25,9,1
792,24,24,8,0
794,26,26,10,2
583,7,7,7,7
75,11,11,11,3
237,45,13,13,5
484,36,4,4,4
863,31,31,15,7
768,0,0,0,0
883,51,19,3,3
364,44,12,12,4
758,54,22,6,6
327,7,7,7,7
683,43,11,11,3
363,43,11,11,3
522,10,10,10,2
211,19,19,3,3
490,42,10,10,2
378,58,26,10,2
314,58,26,10,2
330,10,10,10,2
692,52,20,4,4
981,21,21,5,5
780,12,12,12,4
375,55,23,7,7
797,29,29,13,5
15,15,15,15,7
539,27,27,11,3
228,36,4,4,4
722,18,18,2,2
906,10,10,10,2
910,14,14,14,6
250,58,26,10,2
230,38,6,6,6
51,51,19,3,3
297,41,9,9,1
224,32,0,0,0
757,53,21,5,5
534,22,22,6,6
479,31,31,15,7
711,7,7,7,7
993,33,1,1,1
382,62,30,14,6
898,2,2,2,2
268,12,12,12,4
609,33,1,1,1
860,28,28,12,4
465,17,17,1,1
892,60,28,12,4
479,31,31,15,7
686,46,14,14,6
812,44,12,12,4
614,38,6,6,6
86,22,22,6,6
949,53,21,5,5
986,26,26,10,2
643,3,3,3,3
607,31,31,15,7
433,49,17,1,1
561,49,17,1,1
602,26,26,10,2
82,18,18,2,2
927,31,31,15,7
590,14,14,14,6
427,43,11,11,3
479,31,31,15,7
56,56,24,8,0
716,12,12,12,4
44,44,12,12,4
973,13,13,13,5
341,21,21,5,5
274,18,18,2,2
859,27,27,11,3
111,47,15,15,7
984,24,24,8,0
51,51,19,3,3
718,14,14,14,6
473,25,25,9,1
226,34,2,2,2
195,3,3,3,3
176,48,16,0,0
977,17,17,1,1
51,51,19,3,3
164,36,4,4,4
321,1,1,1,1
349,29,29,13,5
347,27,27,11,3
756,52,20,4,4
217,25,25,9,1
827,59,27,11,3
211,19,19,3,3
193,1,1,1,1
995,35,3,3,3
67,3,3,3,3
293,37,5,5,5
67,3,3,3,3
462,14,14,14,6
223,31,31,15,7
233,41,9,9,1
925,29,29,13,5
733,29,29,13,5
444,60,28,12,4
600,24,24,8,0
137,9,9,9,1
307,51,19,3,3
675,35,3,3,3
367,47,15,15,7
809,41,9,9,1
757,53,21,5,5
343,23,23,7,7
179,51,19,3,3
210,18,18,2,2
655,15,15,15,7
653,13,13,13,5
769,1,1,1,1
387,3,3,3,3
289,33,1,1,1
411,27,27,11,3
464,16,16,0,0
858,26,26,10,2
586,10,10,10,2
938,42,10,10,2
191,63,31,15,7
944,48,16,0,0
567,55,23,7,7
44,44,12,12,4
246,54,22,6,6
357,37,5,5,5
460,12,12,12,4
246,54,22,6,6
427,43,11,11,3
137,9,9,9,1
420,36,4,4,4
23,23,23,7,7
684,44,12,12,4
896,0,0,0,0
465,17,17,1,1
425,41,9,9,1
287,31,31,15,7
623,47,15,15,7
952,56,24,8,0
973,13,13,13,5
774,6,6,6,6
683,43,11,11,3
368,48,16,0,0
30,30,30,14,6
226,34,2,2,2
57,57,25,9,1
362,42,10,10,2
855,23,23,7,7
369,49,17,1,1
762,58,26,10,2
292,36,4,4,4
773,5,5,5,5
64,0,0,0,0
299,43,11,11,3
10,10,10,10,2
561,49,17,1,1
898,2,2,2,2
441,57,25,9,1
910,14,14,14,6
340,20,20,4,4
277,21,21,5,5
748,44,12,12,4
312,56,24,8,0
116,52,20,4,4
157,29,29,13,5
685,45,13,13,5
111,47,15,15,7
385,1,1,1,1
163,35,3,3,3
713,9,9,9,1
878,46,14,14,6
248,56,24,8,0
848,16,16,0,0
185,57,25,9,1
603,27,27,11,3
725,21,21,5,5
574,62,30,14,6
574,62,30,14,6
868,36,4,4,4
469,21,21,5,5
607,31,31,15,7
184,56,24,8,0
246,54,22,6,6
33,33,1,1,1
840,8,8,8,0
967,7,7,7,7
743,39,7,7,7
977,17,17,1,1
227,35,3,3,3
89,25,25,9,1
218,26,26,10,2
177,49,17,1,1
873,41,9,9,1
11,11,11,11,3
209,17,17,1,1
914,18,18,2,2
813,45,13,13,5
213,21,21,5,5
44,44,12,12,4
91,27,27,11,3
792,24,24,8,0
725,21,21,5,5
877,45,13,13,5
925,29,29,13,5
736,32,0,0,0
468,20,20,4,4
497,49,17,1,1
990,30,30,14,6
699,59,27,11,3
483,35,3,3,3
384,0,0,0,0
167,39,7,7,7
727,23,23,7,7
741,37,5,5,5
806,38,6,6,6
920,24,24,8,0
583,7,7,7,7
735,31,31,15,7
488,40,8,8,0
68,4,4,4,4
262,6,6,6,6
332,12,12,12,4
322,2,2,2,2
792,24,24,8,0
884,52,20,4,4
181,53,21,5,5
809,41,9,9,1
202,10,10,10,2
829,61,29,13,5
746,42,10,10,2
974,14,14,14,6
737,33,1,1,1
798,30,30,14,6
754,50,18,2,2
464,16,16,0,0
652,12,12,12,4
345,25,25,9,1
743,39,7,7,7
376,56,24,8,0
439,55,23,7,7
963,3,3,3,3
714,10,10,10,2
360,40,8,8,0
614,38,6,6,6
498,50,18,2,2
119,55,23,7,7
888,56,24,8,0
803,35,3,3,3
956,60,28,12,4
316,60,28,12,4
9,9,9,9,1
363,43,11,11,3
127,63,31,15,7
367,47,15,15,7
832,0,0,0,0
636,60,28,12,4
77,13,13,13,5
997,37,5,5,5
278,22,22,6,6
672,32,0,0,0
198,6,6,6,6
723,19,19,3,3
59,59,27,11,3
655,15,15,15,7
214,22,22,6,6
531,19,19,3,3
33,33,1,1,1
144,16,16,0,0
152,24,24,8,0
652,12,12,12,4
17,17,17,1,1
176,48,16,0,0
796,28,28,12,4
791,23,23,7,7
211,19,19,3,3
899,3,3,3,3
941,45,13,13,5
712,8,8,8,0
863,31,31,15,7
65,1,1,1,1
425,41,9,9,1
478,30,30,14,6
163,35,3,3,3
720,16,16,0,0
988,28,28,12,4
283,27,27,11,3
618,42,10,10,2
895,63,31,15,7
602,26,26,10,2
554,42,10,10,2
272,16,16,0,0
215,23,23,7,7
326,6,6,6,6
112,48,16,0,0
230,38,6,6,6
554,42,10,10,2
406,22,22,6,6
573,61,29,13,5
267,11,11,11,3
853,21,21,5,5
118,54,22,6,6
361,41,9,9,1
599,23,23,7,7
867,35,3,3,3
617,41,9,9,1
432,48,16,0,0
770,2,2,2,2
457,9,9,9,1
207,15,15,15,7
312,56,24,8,0
640,0,0,0,0
350,30,30,14,6
929,33,1,1,1
668,28,28,12,4
124,60,28,12,4
465,17,17,1,1
424,40,8,8,0
613,37,5,5,5
103,39,7,7,7
910,14,14,14,6
215,23,23,7,7
304,48,16,0,0
259,3,3,3,3
389,5,5,5,5
963,3,3,3,3
392,8,8,8,0
714,10,10,10,2
658,18,18,2,2
798,30,30,14,6
244,52,20,4,4
814,46,14,14,6
980,20,20,4,4
414,30,30,14,6
710,6,6,6,6
31,31,31,15,7
873,41,9,9,1
469,21,21,5,5
813,45,13,13,5
352,32,0,0,0
883,51,19,3,3
454,6,6,6,6
157,29,29,13,5
113,49,17,1,1
49,49,17,1,1
5,5,5,5,5
917,21,21,5,5
141,13,13,13,5
743,39,7,7,7
240,48,16,0,0
153,25,25,9,1
959,63,31,15,7
218,26,26,10,2
581,5,5,5,5
301,45,13,13,5
620,44,12,12,4
753,49,17,1,1
23,23,23,7,7
434,50,18,2,2
87,23,23,7,7
646,6,6,6,6
237,45,13,13,5
952,56,24,8,0
669,29,29,13,5
2,2,2,2,2
297,41,9,9,1
252,60,28,12,4
672,32,0,0,0
337,17,17,1,1
64,0,0,0,0
646,6,6,6,6
132,4,4,4,4
947,51,19,3,3
958,62,30,14,6
639,63,31,15,7
299,43,11,11,3
446,62,30,14,6
504,56,24,8,0
340,20,20,4,4
651,11,11,11,3
197,5,5,5,5
158,30,30,14,6
122,58,26,10,2
483,35,3,3,3
21,21,21,5,5
530,18,18,2,2
451,3,3,3,3
511,63,31,15,7
357,37,5,5,5
843,11,11,11,3
484,36,4,4,4
882,50,18,2,2
365,45,13,13,5
828,60,28,12,4
269,13,13,13,5
279,23,23,7,7
175,47,15,15,7
718,14,14,14,6
560,48,16,0,0
637,61,29,13,5
302,46,14,14,6
748,44,12,12,4
495,47,15,15,7
798,30,30,14,6
102,38,6,6,6
632,56,24,8,0
432,48,16,0,0
508,60,28,12,4
107,43,11,11,3
989,29,29,13,5
484,36,4,4,4
184,56,24,8,0
302,46,14,14,6
113,49,17,1,1
892,60,28,12,4
8,8,8,8,0
41,41,9,9,1
172,44,12,12,4
269,13,13,13,5
853,21,21,5,5
645,5,5,5,5
706,2,2,2,2
827,59,27,11,3
526,14,14,14,6
345,25,25,9,1
321,1,1,1,1
238,46,14,14,6
289,33,1,1,1
287,31,31,15,7
9,9,9,9,1
461,13,13,13,5
820,52,20,4,4
727,23,23,7,7
554,42,10,10,2
948,52,20,4,4
542,30,30,14,6
105,41,9,9,1
638,62,30,14,6
731,27,27,11,3
812,44,12,12,4
103,39,7,7,7
785,17,17,1,1
805,37,5,5,5
82,18,18,2,2
821,53,21,5,5
937,41,9,9,1
112,48,16,0,0
645,5,5,5,5
257,1,1,1,1
150,22,22,6,6
215,23,23,7,7
20,20,20,4,4
562,50,18,2,2
695,55,23,7,7
517,5,5,5,5
573,61,29,13,5
437,53,21,5,5
444,60,28,12,4
544,32,0,0,0
971,11,11,11,3
909,13,13,13,5
661,21,21,5,5
520,8,8,8,0
242,50,18,2,2
657,17,17,1,1
295,39,7,7,7
938,42,10,10,2
21,21,21,5,5
874,42,10,10,2
120,56,24,8,0
738,34,2,2,2
858,26,26,10,2
10,10,10,10,2
620,44,12,12,4
811,43,11,11,3
51,51,19,3,3
714,10,10,10,2
385,1,1,1,1
421,37,5,5,5
408,24,24,8,0
142,14,14,14,6
141,13,13,13,5
942,46,14,14,6
975,15,15,15,7
597,21,21,5,5
212,20,20,4,4
697,57,25,9,1
139,11,11,11,3
706,2,2,2,2
686,46,14,14,6
151,23,23,7,7
759,55,23,7,7
624,48,16,0,0
831,63,31,15,7
945,49,17,1,1
238,46,14,14,6
519,7,7,7,7
769,1,1,1,1
567,55,23,7,7
150,22,22,6,6
554,42,10,10,2
933,37,5,5,5
112,48,16,0,0
823,55,23,7,7
347,27,27,11,3
79,15,15,15,7
191,63,31,15,7
41,41,9,9,1
918,22,22,6,6
345,25,25,9,1
289,33,1,1,1
327,7,7,7,7
480,32,0,0,0
975,15,15,15,7
132,4,4,4,4
392,8,8,8,0
719,15,15,15,7
338,18,18,2,2
905,9,9,9,1
280,24,24,8,0
397,13,13,13,5
592,16,16,0,0
864,32,0,0,0
632,56,24,8,0
548,36,4,4,4
76,12,12,12,4
502,54,22,6,6
395,11,11,11,3
968,8,8,8,0
831,63,31,15,7
656,16,16,0,0
790,22,22,6,6
7,7,7,7,7
967,7,7,7,7
245,53,21,5,5
160,32,0,0,0
245,53,21,5,5
477,29,29,13,5
599,23,23,7,7
778,10,10,10,2
110,46,14,14,6
585,9,9,9,1
498,50,18,2,2
116,52,20,4,4
978,18,18,2,2
360,40,8,8,0
67,3,3,3,3
825,57,25,9,1
546,34,2,2,2
503,55,23,7,7
515,3,3,3,3
648,8,8,8,0
239,47,15,15,7
278,22,22,6,6
789,21,21,5,5
618,42,10,10,2
112,48,16,0,0
962,2,2,2,2
858,26,26,10,2
659,19,19,3,3
561,49,17,1,1
102,38,6,6,6
56,56,24,8,0
48,48,16,0,0
604,28,28,12,4
932,36,4,4,4
359,39,7,7,7
289,33,1,1,1
124,60,28,12,4
661,21,21,5,5
826,58,26,10,2
653,13,13,13,5
533,21,21,5,5
385,1,1,1,1
883,51,19,3,3
134,6,6,6,6
34,34,2,2,2
935,39,7,7,7
487,39,7,7,7
770,2,2,2,2
761,57,25,9,1
488,40,8,8,0
344,24,24,8,0
84,20,20,4,4
902,6,6,6,6
870,38,6,6,6
175,47,15,15,7
711,7,7,7,7
198,6,6,6,6
276,20,20,4,4
689,49,17,1,1
548,36,4,4,4
143,15,15,15,7
441,57,25,9,1
386,2,2,2,2
457,9,9,9,1
28,28,28,12,4
205,13,13,13,5
529,17,17,1,1
33,33,1,1,1
505,57,25,9,1
58,58,26,10,2
201,9,9,9,1
907,11,11,11,3
458,10,10,10,2
71,7,7,7,7
612,36,4,4,4
322,2,2,2,2
698,58,26,10,2
973,13,13,13,5
260,4,4,4,4
247,55,23,7,7
123,59,27,11,3
169,41,9,9,1
436,52,20,4,4
8,8,8,8,0
110,46,14,14,6
854,22,22,6,6
524,12,12,12,4
184,56,24,8,0
298,42,10,10,2
241,49,17,1,1
385,1,1,1,1
666,26,26,10,2
633,57,25,9,1
725,21,21,5,5
963,3,3,3,3
817,49,17,1,1
380,60,28,12,4
981,21,21,5,5
424,40,8,8,0
257,1,1,1,1
714,10,10,10,2
160,32,0,0,0
2,2,2,2,2
731,27,27,11,3
656,16,16,0,0
387,3,3,3,3
144,16,16,0,0
684,44,12,12,4
733,29,29,13,5
736,32,0,0,0
789,21,21,5,5
59,59,27,11,3
390,6,6,6,6
51,51,19,3,3
644,4,4,4,4
597,21,21,5,5
468,20,20,4,4
99,35,3,3,3
843,11,11,11,3
292,36,4,4,4
77,13,13,13,5
459,11,11,11,3
34,34,2,2,2
775,7,7,7,7
983,23,23,7,7
163,35,3,3,3
95,31,31,15,7
701,61,29,13,5
159,31,31,15,7
511,63,31,15,7
752,48,16,0,0
964,4,4,4,4
402,18,18,2,2
846,14,14,14,6
713,9,9,9,1
832,0,0,0,0
276,20,20,4,4
51,51,19,3,3
354,34,2,2,2
466,18,18,2,2
226,34,2,2,2
443,59,27,11,3
988,28,28,12,4
899,3,3,3,3
804,36,4,4,4
241,49,17,1,1
222,30,30,14,6
797,29,29,13,5
272,16,16,0,0
528,16,16,0,0
997,37,5,5,5
906,10,10,10,2
178,50,18,2,2
809,41,9,9,1
513,1,1,1,1
944,48,16,0,0
287,31,31,15,7
205,13,13,13,5
298,42,10,10,2
785,17,17,1,1
704,0,0,0,0
606,30,30,14,6
730,26,26,10,2
202,10,10,10,2
390,6,6,6,6
928,32,0,0,0
969,9,9,9,1
70,6,6,6,6
428,44,12,12,4
137,9,9,9,1
584,8,8,8,0
6,6,6,6,6
49,49,17,1,1
73,9,9,9,1
609,33,1,1,1
171,43,11,11,3
188,60,28,12,4
485,37,5,5,5
703,63,31,15,7
833,1,1,1,1
306,50,18,2,2
869,37,5,5,5
647,7,7,7,7
991,31,31,15,7
992,32,0,0,0
185,57,25,9,1
127,63,31,15,7
513,1,1,1,1
84,20,20,4,4
660,20,20,4,4
601,25,25,9,1
808,40,8,8,0
225,33,1,1,1
656,16,16,0,0
178,50,18,2,2
276,20,20,4,4
730,26,26,10,2
873,41,9,9,1
510,62,30,14,6
102,38,6,6,6
20,20,20,4,4
517,5,5,5,5
398,14,14,14,6
209,17,17,1,1
817,49,17,1,1
796,28,28,12,4
963,3,3,3,3
572,60,28,12,4
49,49,17,1,1
55,55,23,7,7
397,13,13,13,5
424,40,8,8,0
207,15,15,15,7
906,10,10,10,2
90,26,26,10,2
748,44,12,12,4
86,22,22,6,6
437,53,21,5,5
137,9,9,9,1
463,15,15,15,7
569,57,25,9,1
950,54,22,6,6
240,48,16,0,0
71,7,7,7,7
770,2,2,2,2
590,14,14,14,6
913,17,17,1,1
678,38,6,6,6
244,52,20,4,4
91,27,27,11,3
47,47,15,15,7
65,1,1,1,1
184,56,24,8,0
586,10,10,10,2
709,5,5,5,5
329,9,9,9,1
334,14,14,14,6
943,47,15,15,7
880,48,16,0,0
60,60,28,12,4
902,6,6,6,6
301,45,13,13,5
959,63,31,15,7
248,56,24,8,0
621,45,13,13,5
548,36,4,4,4
19,19,19,3,3
19,19,19,3,3
731,27,27,11,3
782,14,14,14,6
991,31,31,15,7
713,9,9,9,1
912,16,16,0,0
934,38,6,6,6
806,38,6,6,6
155,27,27,11,3
223,31,31,15,7
126,62,30,14,6
209,17,17,1,1
814,46,14,14,6
710,6,6,6,6
587,11,11,11,3
514,2,2,2,2
556,44,12,12,4
384,0,0,0,0
319,63,31,15,7
199,7,7,7,7
482,34,2,2,2
783,15,15,15,7
228,36,4,4,4
69,5,5,5,5
597,21,21,5,5
157,29,29,13,5
286,30,30,14,6
701,61,29,13,5
529,17,17,1,1
528,16,16,0,0
410,26,26,10,2
616,40,8,8,0
776,8,8,8,0
805,37,5,5,5
885,53,21,5,5
999,39,7,7,7
198,6,6,6,6
96,32,0,0,0
401,17,17,1,1
499,51,19,3,3
94,30,30,14,6
97,33,1,1,1
610,34,2,2,2
98,34,2,2,2
269,13,13,13,5
354,34,2,2,2
977,17,17,1,1
183,55,23,7,7
232,40,8,8,0
144,16,16,0,0
879,47,15,15,7
527,15,15,15,7
426,42,10,10,2
488,40,8,8,0
574,62,30,14,6
355,35,3,3,3
846,14,14,14,6
443,59,27,11,3
255,63,31,15,7
112,48,16,0,0
666,26,26,10,2
845,13,13,13,5
2,2,2,2,2
60,60,28,12,4
134,6,6,6,6
936,40,8,8,0
219,27,27,11,3
960,0,0,0,0
325,5,5,5,5
675,35,3,3,3
749,45,13,13,5
576,0,0,0,0
784,16,16,0,0
539,27,27,11,3
980,20,20,4,4
252,60,28,12,4
270,14,14,14,6
476,28,28,12,4
516,4,4,4,4
403,19,19,3,3
199,7,7,7,7
73,9,9,9,1
856,24,24,8,0
588,12,12,12,4
870,38,6,6,6
977,17,17,1,1
706,2,2,2,2
197,5,5,5,5
239,47,15,15,7
704,0,0,0,0
596,20,20,4,4
914,18,18,2,2
139,11,11,11,3
273,17,17,1,1
389,5,5,5,5
895,63,31,15,7
66,2,2,2,2
397,13,13,13,5
204,12,12,12,4
942,46,14,14,6
35,35,3,3,3
240,48,16,0,0
825,57,25,9,1
988,28,28,12,4
201,9,9,9,1
121,57,25,9,1
684,44,12,12,4
92,28,28,12,4
66,2,2,2,2
160,32,0,0,0
591,15,15,15,7
246,54,22,6,6
270,14,14,14,6
239,47,15,15,7
986,26,26,10,2
876,44,12,12,4
395,11,11,11,3
261,5,5,5,5
263,7,7,7,7
626,50,18,2,2
411,27,27,11,3
550,38,6,6,6
470,22,22,6,6
229,37,5,5,5
495,47,15,15,7
81,17,17,1,1
22,22,22,6,6
894,62,30,14,6
604,28,28,12,4
187,59,27,11,3
948,52,20,4,4
653,13,13,13,5
247,55,23,7,7
335,15,15,15,7
986,26,26,10,2
226,34,2,2,2
133,5,5,5,5
837,5,5,5,5
228,36,4,4,4
334,14,14,14,6
920,24,24,8,0
285,29,29,13,5
727,23,23,7,7
615,39,7,7,7
623,47,15,15,7
765,61,29,13,5
150,22,22,6,6
440,56,24,8,0
331,11,11,11,3
2,2,2,2,2
143,15,15,15,7
743,39,7,7,7
318,62,30,14,6
642,2,2,2,2
378,58,26,10,2
891,59,27,11,3
945,49,17,1,1
323,3,3,3,3
598,22,22,6,6
184,56,24,8,0
469,21,21,5,5
297,41,9,9,1
88,24,24,8,0
836,4,4,4,4
828,60,28,12,4
416,32,0,0,0
559,47,15,15,7
250,58,26,10,2
110,46,14,14,6
968,8,8,8,0
543,31,31,15,7
167,39,7,7,7
659,19,19,3,3
532,20,20,4,4
316,60,28,12,4
201,9,9,9,1
844,12,12,12,4
795,27,27,11,3
692,52,20,4,4
855,23,23,7,7
881,49,17,1,1
360,40,8,8,0
673,33,1,1,1
661,21,21,5,5
703,63,31,15,7
176,48,16,0,0
807,39,7,7,7
998,38,6,6,6
786,18,18,2,2
757,53,21,5,5
799,31,31,15,7
19,19,19,3,3
503,55,23,7,7
564,52,20,4,4
108,44,12,12,4
486,38,6,6,6
359,39,7,7,7
585,9,9,9,1
577,1,1,1,1
760,56,24,8,0
551,39,7,7,7
271,15,15,15,7
247,55,23,7,7
52,52,20,4,4
70,6,6,6,6
765,61,29,13,5
800,32,0,0,0
321,1,1,1,1
563,51,19,3,3
320,0,0,0,0
976,16,16,0,0
822,54,22,6,6
88,24,24,8,0
131,3,3,3,3
190,62,30,14,6
811,43,11,11,3
367,47,15,15,7
189,61,29,13,5
0,0,0,0,0
919,23,23,7,7
785,17,17,1,1
299,43,11,11,3
626,50,18,2,2
776,8,8,8,0
67,3,3,3,3
898,2,2,2,2
69,5,5,5,5
185,57,25,9,1
585,9,9,9,1
619,43,11,11,3
325,5,5,5,5
974,14,14,14,6
249,57,25,9,1
109,45,13,13,5
774,6,6,6,6
330,10,10,10,2
219,27,27,11,3
18,18,18,2,2
204,12,12,12,4
232,40,8,8,0
343,23,23,7,7
969,9,9,9,1
911,15,15,15,7
669,29,29,13,5
642,2,2,2,2
797,29,29,13,5
770,2,2,2,2
706,2,2,2,2
355,35,3,3,3
767,63,31,15,7
484,36,4,4,4
361,41,9,9,1
838,6,6,6,6
836,4,4,4,4
332,12,12,12,4
546,34,2,2,2
109,45,13,13,5
595,19,19,3,3
724,20,20,4,4
153,25,25,9,1
172,44,12,12,4
222,30,30,14,6
188,60,28,12,4
403,19,19,3,3
519,7,7,7,7
359,39,7,7,7
383,63,31,15,7
428,44,12,12,4
236,44,12,12,4
419,35,3,3,3
95,31,31,15,7
322,2,2,2,2
452,4,4,4,4
885,53,21,5,5
138,10,10,10,2
50,50,18,2,2
520,8,8,8,0
117,53,21,5,5
383,63,31,15,7
474,26,26,10,2
553,41,9,9,1
549,37,5,5,5
957,61,29,13,5
837,5,5,5,5
425,41,9,9,1
364,44,12,12,4
865,33,1,1,1
783,15,15,15,7
951,55,23,7,7
913,17,17,1,1
328,8,8,8,0
427,43,11,11,3
148,20,20,4,4
670,30,30,14,6
606,30,30,14,6
596,20,20,4,4
130,2,2,2,2
450,2,2,2,2
991,31,31,15,7
334,14,14,14,6
422,38,6,6,6
396,12,12,12,4
588,12,12,12,4
182,54,22,6,6
832,0,0,0,0
755,51,19,3,3
468,20,20,4,4
153,25,25,9,1
932,36,4,4,4
865,33,1,1,1
598,22,22,6,6
708,4,4,4,4
808,40,8,8,0
372,52,20,4,4
238,46,14,14,6
477,29,29,13,5
720,16,16,0,0
953,57,25,9,1
493,45,13,13,5
692,52,20,4,4
948,52,20,4,4
313,57,25,9,1
26,26,26,10,2
284,28,28,12,4
566,54,22,6,6
936,40,8,8,0
901,5,5,5,5
734,30,30,14,6
477,29,29,13,5
627,51,19,3,3
164,36,4,4,4
484,36,4,4,4
426,42,10,10,2
786,18,18,2,2
783,15,15,15,7
951,55,23,7,7
312,56,24,8,0
73,9,9,9,1
581,5,5,5,5
200,8,8,8,0
333,13,13,13,5
953,57,25,9,1
277,21,21,5,5
981,21,21,5,5
688,48,16,0,0
256,0,0,0,0
718,14,14,14,6
758,54,22,6,6
582,6,6,6,6
507,59,27,11,3
567,55,23,7,7
901,5,5,5,5
208,16,16,0,0
810,42,10,10,2
363,43,11,11,3
409,25,25,9,1
915,19,19,3,3
519,7,7,7,7
504,56,24,8,0
803,35,3,3,3
159,31,31,15,7
610,34,2,2,2
499,51,19,3,3
911,15,15,15,7
876,44,12,12,4
752,48,16,0,0
201,9,9,9,1
90,26,26,10,2
905,9,9,9,1
916,20,20,4,4
497,49,17,1,1
304,48,16,0,0
575,63,31,15,7
862,30,30,14,6
759,55,23,7,7
462,14,14,14,6
868,36,4,4,4
153,25,25,9,1
85,21,21,5,5
769,1,1,1,1
379,59,27,11,3
443,59,27,11,3
384,0,0,0,0
824,56,24,8,0
462,14,14,14,6
44,44,12,12,4
539,27,27,11,3
213,21,21,5,5
883,51,19,3,3
482,34,2,2,2
922,26,26,10,2
920,24,24,8,0
670,30,30,14,6
2,2,2,2,2
269,13,13,13,5
694,54,22,6,6
649,9,9,9,1
937,41,9,9,1
97,33,1,1,1
570,58,26,10,2
294,38,6,6,6
353,33,1,1,1
479,31,31,15,7
8,8,8,8,0
52,52,20,4,4
367,47,15,15,7
360,40,8,8,0
464,16,16,0,0
198,6,6,6,6
266,10,10,10,2
192,0,0,0,0
644,4,4,4,4
358,38,6,6,6
82,18,18,2,2
678,38,6,6,6
986,26,26,10,2
965,5,5,5,5
674,34,2,2,2
226,34,2,2,2
722,18,18,2,2
782,14,14,14,6
701,61,29,13,5
476,28,28,12,4
783,15,15,15,7
716,12,12,12,4
967,7,7,7,7
980,20,20,4,4
723,19,19,3,3
267,11,11,11,3
755,51,19,3,3
434,50,18,2,2
393,9,9,9,1
717,13,13,13,5
463,15,15,15,7
103,39,7,7,7
605,29,29,13,5
318,62,30,14,6
593,17,17,1,1
454,6,6,6,6
218,26,26,10,2
747,43,11,11,3
213,21,21,5,5
771,3,3,3,3
45,45,13,13,5
120,56,24,8,0
717,13,13,13,5
764,60,28,12,4
628,52,20,4,4
120,56,24,8,0
427,43,11,11,3
667,27,27,11,3
231,39,7,7,7
535,23,23,7,7
664,24,24,8,0
574,62,30,14,6
956,60,28,12,4
313,57,25,9,1
529,17,17,1,1
983,23,23,7,7
850,18,18,2,2
367,47,15,15,7
996,36,4,4,4
685,45,13,13,5
114,50,18,2,2
235,43,11,11,3
186,58,26,10,2
327,7,7,7,7
953,57,25,9,1
642,2,2,2,2
182,54,22,6,6
984,24,24,8,0
431,47,15,15,7
557,45,13,13,5
37,37,5,5,5
883,51,19,3,3
96,32,0,0,0
521,9,9,9,1
5,5,5,5,5
236,44,12,12,4
11,11,11,11,3
714,10,10,10,2
673,33,1,1,1
688,48,16,0,0
309,53,21,5,5
37,37,5,5,5
871,39,7,7,7
879,47,15,15,7
499,51,19,3,3
140,12,12,12,4
833,1,1,1,1
805,37,5,5,5
958,62,30,14,6
370,50,18,2,2
569,57,25,9,1
201,9,9,9,1
456,8,8,8,0
233,41,9,9,1
238,46,14,14,6
379,59,27,11,3
153,25,25,9,1
932,36,4,4,4
511,63,31,15,7
693,53,21,5,5
300,44,12,12,4
362,42,10,10,2
811,43,11,11,3
110,46,14,14,6
348,28,28,12,4
725,21,21,5,5
58,58,26,10,2
708,4,4,4,4
54,54,22,6,6
150,22,22,6,6
847,15,15,15,7
876,44,12,12,4
95,31,31,15,7
186,58,26,10,2
182,54,22,6,6
478,30,30,14,6
246,54,22,6,6
465,17,17,1,1
26,26,26,10,2
985,25,25,9,1
446,62,30,14,6
13,13,13,13,5
823,55,23,7,7
492,44,12,12,4
147,19,19,3,3
647,7,7,7,7
961,1,1,1,1
942,46,14,14,6
771,3,3,3,3
341,21,21,5,5
385,1,1,1,1
783,15,15,15,7
187,59,27,11,3
833,1,1,1,1
959,63,31,15,7
162,34,2,2,2
238,46,14,14,6
327,7,7,7,7
253,61,29,13,5
755,51,19,3,3
967,7,7,7,7
86,22,22,6,6
845,13,13,13,5
901,5,5,5,5
760,56,24,8,0
125,61,29,13,5
968,8,8,8,0
103,39,7,7,7
559,47,15,15,7
662,22,22,6,6
755,51,19,3,3
588,12,12,12,4
229,37,5,5,5
935,39,7,7,7
569,57,25,9,1
11,11,11,11,3
284,28,28,12,4
279,23,23,7,7
713,9,9,9,1
409,25,25,9,1
974,14,14,14,6
573,61,29,13,5
769,1,1,1,1
591,15,15,15,7
728,24,24,8,0
222,30,30,14,6
572,60,28,12,4
482,34,2,2,2
421,37,5,5,5
811,43,11,11,3
45,45,13,13,5
23,23,23,7,7
634,58,26,10,2
263,7,7,7,7
840,8,8,8,0
51,51,19,3,3
753,49,17,1,1
766,62,30,14,6
317,61,29,13,5
513,1,1,1,1
451,3,3,3,3
493,45,13,13,5
394,10,10,10,2
77,13,13,13,5
904,8,8,8,0
953,57,25,9,1
561,49,17,1,1
72,8,8,8,0
143,15,15,15,7
67,3,3,3,3
687,47,15,15,7
780,12,12,12,4
857,25,25,9,1
880,48,16,0,0
248,56,24,8,0
22,22,22,6,6
549,37,5,5,5
19,19,19,3,3
695,55,23,7,7
18,18,18,2,2
316,60,28,12,4
925,29,29,13,5
962,2,2,2,2
94,30,30,14,6
497,49,17,1,1
413,29,29,13,5
297,41,9,9,1
876,44,12,12,4
945,49,17,1,1
355,35,3,3,3
527,15,15,15,7
741,37,5,5,5
679,39,7,7,7
282,26,26,10,2
592,16,16,0,0
870,38,6,6,6
502,54,22,6,6
283,27,27,11,3
524,12,12,12,4
653,13,13,13,5
34,34,2,2,2
731,27,27,11,3
563,51,19,3,3
691,51,19,3,3
162,34,2,2,2
338,18,18,2,2
289,33,1,1,1
212,20,20,4,4
611,35,3,3,3
372,52,20,4,4
792,24,24,8,0
446,62,30,14,6
849,17,17,1,1
666,26,26,10,2
556,44,12,12,4
419,35,3,3,3
501,53,21,5,5
196,4,4,4,4
669,29,29,13,5
973,13,13,13,5
338,18,18,2,2
562,50,18,2,2
985,25,25,9,1
149,21,21,5,5
768,0,0,0,0
499,51,19,3,3
816,48,16,0,0
536,24,24,8,0
174,46,14,14,6
735,31,31,15,7
595,19,19,3,3
80,16,16,0,0
308,52,20,4,4
159,31,31,15,7
919,23,23,7,7
454,6,6,6,6
164,36,4,4,4
441,57,25,9,1
292,36,4,4,4
577,1,1,1,1
377,57,25,9,1
543,31,31,15,7
269,13,13,13,5
278,22,22,6,6
271,15,15,15,7
371,51,19,3,3
788,20,20,4,4
12,12,12,12,4
302,46,14,14,6
595,19,19,3,3
550,38,6,6,6
714,10,10,10,2
258,2,2,2,2
80,16,16,0,0
948,52,20,4,4
870,38,6,6,6
575,63,31,15,7
320,0,0,0,0
166,38,6,6,6
769,1,1,1,1
624,48,16,0,0
328,8,8,8,0
837,5,5,5,5
108,44,12,12,4
252,60,28,12,4
21,21,21,5,5
142,14,14,14,6
338,18,18,2,2
812,44,12,12,4
948,52,20,4,4
423,39,7,7,7
639,63,31,15,7
677,37,5,5,5
805,37,5,5,5
43,43,11,11,3
39,39,7,7,7
990,30,30,14,6
596,20,20,4,4
244,52,20,4,4
671,31,31,15,7
841,9,9,9,1
547,35,3,3,3
40,40,8,8,0
66,2,2,2,2
276,20,20,4,4
836,4,4,4,4
785,17,17,1,1
556,44,12,12,4
797,29,29,13,5
798,30,30,14,6
790,22,22,6,6
8,8,8,8,0
490,42,10,10,2
70,6,6,6,6
43,43,11,11,3
2,2,2,2,2
83,19,19,3,3
989,29,29,13,5
495,47,15,15,7
767,63,31,15,7
957,61,29,13,5
509,61,29,13,5
457,9,9,9,1
978,18,18,2,2
327,7,7,7,7
741,37,5,5,5
824,56,24,8,0
253,61,29,13,5
345,25,25,9,1
573,61,29,13,5
40,40,8,8,0
907,11,11,11,3
914,18,18,2,2
48,48,16,0,0
77,13,13,13,5
340,20,20,4,4
349,29,29,13,5
732,28,28,12,4
758,54,22,6,6
482,34,2,2,2
222,30,30,14,6
5,5,5,5,5
925,29,29,13,5
534,22,22,6,6
385,1,1,1,1
594,18,18,2,2
815,47,15,15,7
791,23,23,7,7
589,13,13,13,5
379,59,27,11,3
446,62,30,14,6
358,38,6,6,6
771,3,3,3,3
862,30,30,14,6
911,15,15,15,7
294,38,6,6,6
737,33,1,1,1
952,56,24,8,0
465,17,17,1,1
860,28,28,12,4
99,35,3,3,3
481,33,1,1,1
275,19,19,3,3
276,20,20,4,4
732,28,28,12,4
598,22,22,6,6
68,4,4,4,4
358,38,6,6,6
225,33,1,1,1
251,59,27,11,3
180,52,20,4,4
901,5,5,5,5
698,58,26,10,2
84,20,20,4,4
62,62,30,14,6
769,1,1,1,1
282,26,26,10,2
698,58,26,10,2
249,57,25,9,1
174,46,14,14,6
453,5,5,5,5
526,14,14,14,6
240,48,16,0,0
329,9,9,9,1
898,2,2,2,2
587,11,11,11,3
370,50,18,2,2
462,14,14,14,6
422,38,6,6,6
26,26,26,10,2
375,55,23,7,7
748,44,12,12,4
757,53,21,5,5
35,35,3,3,3
110,46,14,14,6
447,63,31,15,7
659,19,19,3,3
611,35,3,3,3
764,60,28,12,4
830,62,30,14,6
164,36,4,4,4
43,43,11,11,3
940,44,12,12,4
125,61,29,13,5
349,29,29,13,5
954,58,26,10,2
160,32,0,0,0
585,9,9,9,1
16,16,16,0,0
938,42,10,10,2
524,12,12,12,4
306,50,18,2,2
32,32,0,0,0
187,59,27,11,3
186,58,26,10,2
528,16,16,0,0
167,39,7,7,7
328,8,8,8,0
426,42,10,10,2
704,0,0,0,0
484,36,4,4,4
976,16,16,0,0
584,8,8,8,0
596,20,20,4,4
127,63,31,15,7
267,11,11,11,3
61,61,29,13,5
505,57,25,9,1
824,56,24,8,0
654,14,14,14,6
655,15,15,15,7
902,6,6,6,6
804,36,4,4,4
459,11,11,11,3
690,50,18,2,2
628,52,20,4,4
887,55,23,7,7
999,39,7,7,7
463,15,15,15,7
391,7,7,7,7
189,61,29,13,5
335,15,15,15,7
210,18,18,2,2
46,46,14,14,6
954,58,26,10,2
999,39,7,7,7
664,24,24,8,0
985,25,25,9,1
270,14,14,14,6
177,49,17,1,1
289,33,1,1,1
141,13,13,13,5
915,19,19,3,3
599,23,23,7,7
585,9,9,9,1
257,1,1,1,1
139,11,11,11,3
155,27,27,11,3
146,18,18,2,2
102,38,6,6,6
728,24,24,8,0
775,7,7,7,7
560,48,16,0,0
378,58,26,10,2
221,29,29,13,5
573,61,29,13,5
939,43,11,11,3
520,8,8,8,0
640,0,0,0,0
676,36,4,4,4
353,33,1,1,1
841,9,9,9,1
396,12,12,12,4
784,16,16,0,0
789,21,21,5,5
995,35,3,3,3
378,58,26,10,2
474,26,26,10,2
744,40,8,8,0
125,61,29,13,5
205,13,13,13,5
129,1,1,1,1
388,4,4,4,4
958,62,30,14,6
299,43,11,11,3
729,25,25,9,1
902,6,6,6,6
720,16,16,0,0
710,6,6,6,6
266,10,10,10,2
362,42,10,10,2
805,37,5,5,5
914,18,18,2,2
202,10,10,10,2
952,56,24,8,0
709,5,5,5,5
809,41,9,9,1
667,27,27,11,3
768,0,0,0,0
935,39,7,7,7
764,60,28,12,4
849,17,17,1,1
414,30,30,14,6
714,10,10,10,2
648,8,8,8,0
367,47,15,15,7
601,25,25,9,1
419,35,3,3,3
785,17,17,1,1
568,56,24,8,0
248,56,24,8,0
948,52,20,4,4
911,15,15,15,7
766,62,30,14,6
122,58,26,10,2
769,1,1,1,1
430,46,14,14,6
996,36,4,4,4
271,15,15,15,7
741,37,5,5,5
205,13,13,13,5
189,61,29,13,5
767,63,31,15,7
504,56,24,8,0
337,17,17,1,1
861,29,29,13,5
565,53,21,5,5
258,2,2,2,2
236,44,12,12,4
315,59,27,11,3
692,52,20,4,4
665,25,25,9,1
629,53,21,5,5
362,42,10,10,2
800,32,0,0,0
783,15,15,15,7
293,37,5,5,5
134,6,6,6,6
543,31,31,15,7
990,30,30,14,6
927,31,31,15,7
313,57,25,9,1
324,4,4,4,4
212,20,20,4,4
649,9,9,9,1
980,20,20,4,4
817,49,17,1,1
834,2,2,2,2
759,55,23,7,7
116,52,20,4,4
389,5,5,5,5
492,44,12,12,4
3,3,3,3,3
429,45,13,13,5
718,14,14,14,6
137,9,9,9,1
759,55,23,7,7
688,48,16,0,0
774,6,6,6,6
902,6,6,6,6
336,16,16,0,0
247,55,23,7,7
800,32,0,0,0
201,9,9,9,1
717,13,13,13,5
467,19,19,3,3
809,41,9,9,1
771,3,3,3,3
407,23,23,7,7
813,45,13,13,5
253,61,29,13,5
835,3,3,3,3
185,57,25,9,1
137,9,9,9,1
793,25,25,9,1
574,62,30,14,6
876,44,12,12,4
997,37,5,5,5
436,52,20,4,4
604,28,28,12,4
64,0,0,0,0
480,32,0,0,0
832,0,0,0,0
375,55,23,7,7
663,23,23,7,7
599,23,23,7,7
440,56,24,8,0
897,1,1,1,1
155,27,27,11,3
605,29,29,13,5
228,36,4,4,4
540,28,28,12,4
400,16,16,0,0
79,15,15,15,7
776,8,8,8,0
214,22,22,6,6
295,39,7,7,7
34,34,2,2,2
155,27,27,11,3
508,60,28,12,4
686,46,14,14,6
529,17,17,1,1
457,9,9,9,1
773,5,5,5,5
404,20,20,4,4
893,61,29,13,5
457,9,9,9,1
680,40,8,8,0
562,50,18,2,2
214,22,22,6,6
14,14,14,14,6
454,6,6,6,6
486,38,6,6,6
113,49,17,1,1
267,11,11,11,3
505,57,25,9,1
711,7,7,7,7
643,3,3,3,3
588,12,12,12,4
792,24,24,8,0
961,1,1,1,1
755,51,19,3,3
536,24,24,8,0
679,39,7,7,7
751,47,15,15,7
756,52,20,4,4
43,43,11,11,3
74,10,10,10,2
436,52,20,4,4
312,56,24,8,0
148,20,20,4,4
668,28,28,12,4
494,46,14,14,6
819,51,19,3,3
433,49,17,1,1
17,17,17,1,1
805,37,5,5,5
149,21,21,5,5
137,9,9,9,1
442,58,26,10,2
807,39,7,7,7
306,50,18,2,2
78,14,14,14,6
374,54,22,6,6
272,16,16,0,0
839,7,7,7,7
740,36,4,4,4
972,12,12,12,4
138,10,10,10,2
801,33,1,1,1
572,60,28,12,4
97,33,1,1,1
796,28,28,12,4
449,1,1,1,1
849,17,17,1,1
50,50,18,2,2
692,52,20,4,4
377,57,25,9,1
944,48,16,0,0
4,4,4,4,4
693,53,21,5,5
897,1,1,1,1
566,54,22,6,6
603,27,27,11,3
310,54,22,6,6
26,26,26,10,2
359,39,7,7,7
797,29,29,13,5
777,9,9,9,1
767,63,31,15,7
252,60,28,12,4
811,43,11,11,3
894,62,30,14,6
503,55,23,7,7
420,36,4,4,4
860,28,28,12,4
482,34,2,2,2
924,28,28,12,4
108,44,12,12,4
869,37,5,5,5
762,58,26,10,2
689,49,17,1,1
565,53,21,5,5
491,43,11,11,3
482,34,2,2,2
855,23,23,7,7
141,13,13,13,5
956,60,28,12,4
732,28,28,12,4
489,41,9,9,1
68,4,4,4,4
714,10,10,10,2
538,26,26,10,2
676,36,4,4,4
61,61,29,13,5
726,22,22,6,6
747,43,11,11,3
306,50,18,2,2
771,3,3,3,3
213,21,21,5,5
647,7,7,7,7
405,21,21,5,5
935,39,7,7,7
104,40,8,8,0
278,22,22,6,6
150,22,22,6,6
649,9,9,9,1
997,37,5,5,5
566,54,22,6,6
890,58,26,10,2
180,52,20,4,4
849,17,17,1,1
589,13,13,13,5
559,47,15,15,7
742,38,6,6,6
26,26,26,10,2
517,5,5,5,5
537,25,25,9,1
538,26,26,10,2
959,63,31,15,7
983,23,23,7,7
1,1,1,1,1
951,55,23,7,7
802,34,2,2,2
425,41,9,9,1
770,2,2,2,2
642,2,2,2,2
702,62,30,14,6
336,16,16,0,0
366,46,14,14,6
220,28,28,12,4
771,3,3,3,3
150,22,22,6,6
185,57,25,9,1
479,31,31,15,7
239,47,15,15,7
745,41,9,9,1
605,29,29,13,5
138,10,10,10,2
398,14,14,14,6
378,58,26,10,2
171,43,11,11,3
17,17,17,1,1
392,8,8,8,0
307,51,19,3,3
720,16,16,0,0
664,24,24,8,0
868,36,4,4,4
238,46,14,14,6
416,32,0,0,0
912,16,16,0,0
547,35,3,3,3
757,53,21,5,5
590,14,14,14,6
325,5,5,5,5
120,56,24,8,0
665,25,25,9,1
329,9,9,9,1
56,56,24,8,0
767,63,31,15,7
334,14,14,14,6
902,6,6,6,6
42,42,10,10,2
8,8,8,8,0
863,31,31,15,7
803,35,3,3,3
860,28,28,12,4
942,46,14,14,6
722,18,18,2,2
626,50,18,2,2
472,24,24,8,0
816,48,16,0,0
101,37,5,5,5
50,50,18,2,2
112,48,16,0,0
399,15,15,15,7
390,6,6,6,6
633,57,25,9,1
773,5,5,5,5
683,43,11,11,3
641,1,1,1,1
389,5,5,5,5
294,38,6,6,6
738,34,2,2,2
174,46,14,14,6
377,57,25,9,1
131,3,3,3,3
658,18,18,2,2
575,63,31,15,7
300,44,12,12,4
516,4,4,4,4
238,46,14,14,6
186,58,26,10,2
826,58,26,10,2
738,34,2,2,2
571,59,27,11,3
708,4,4,4,4
962,2,2,2,2
347,27,27,11,3
98,34,2,2,2
402,18,18,2,2
816,48,16,0,0
598,22,22,6,6
882,50,18,2,2
249,57,25,9,1
270,14,14,14,6
939,43,11,11,3
581,5,5,5,5
549,37,5,5,5
921,25,25,9,1
946,50,18,2,2
171,43,11,11,3
389,5,5,5,5
511,63,31,15,7
978,18,18,2,2
552,40,8,8,0
303,47,15,15,7
796,28,28,12,4
747,43,11,11,3
41,41,9,9,1
496,48,16,0,0
606,30,30,14,6
534,22,22,6,6
465,17,17,1,1
508,60,28,12,4
998,38,6,6,6
407,23,23,7,7
865,33,1,1,1
603,27,27,11,3
348,28,28,12,4
52,52,20,4,4
580,4,4,4,4
779,11,11,11,3
248,56,24,8,0
0,0,0,0,0
501,53,21,5,5
800,32,0,0,0
754,50,18,2,2
873,41,9,9,1
236,44,12,12,4
350,30,30,14,6
243,51,19,3,3
437,53,21,5,5
916,20,20,4,4
607,31,31,15,7
136,8,8,8,0
805,37,5,5,5
953,57,25,9,1
992,32,0,0,0
482,34,2,2,2
709,5,5,5,5
932,36,4,4,4
69,5,5,5,5
622,46,14,14,6
676,36,4,4,4
602,26,26,10,2
421,37,5,5,5
102,38,6,6,6
74,10,10,10,2
817,49,17,1,1
105,41,9,9,1
647,7,7,7,7
594,18,18,2,2
620,44,12,12,4
818,50,18,2,2
806,38,6,6,6
615,39,7,7,7
206,14,14,14,6
628,52,20,4,4
421,37,5,5,5
832,0,0,0,0
129,1,1,1,1
909,13,13,13,5
494,46,14,14,6
601,25,25,9,1
251,59,27,11,3
584,8,8,8,0
162,34,2,2,2
442,58,26,10,2
756,52,20,4,4
234,42,10,10,2
376,56,24,8,0
243,51,19,3,3
71,7,7,7,7
223,31,31,15,7
27,27,27,11,3
871,39,7,7,7
426,42,10,10,2
415,31,31,15,7
708,4,4,4,4
590,14,14,14,6
800,32,0,0,0
42,42,10,10,2
154,26,26,10,2
874,42,10,10,2
856,24,24,8,0
65,1,1,1,1
266,10,10,10,2
707,3,3,3,3
557,45,13,13,5
43,43,11,11,3
778,10,10,10,2
237,45,13,13,5
90,26,26,10,2
665,25,25,9,1
886,54,22,6,6
223,31,31,15,7
960,0,0,0,0
288,32,0,0,0
414,30,30,14,6
328,8,8,8,0
594,18,18,2,2
163,35,3,3,3
526,14,14,14,6
689,49,17,1,1
238,46,14,14,6
529,17,17,1,1
16,16,16,0,0
238,46,14,14,6
330,10,10,10,2
520,8,8,8,0
180,52,20,4,4
912,16,16,0,0
521,9,9,9,1
723,19,19,3,3
714,10,10,10,2
465,17,17,1,1
799,31,31,15,7
388,4,4,4,4
939,43,11,11,3
717,13,13,13,5
490,42,10,10,2
647,7,7,7,7
185,57,25,9,1
955,59,27,11,3
736,32,0,0,0
471,23,23,7,7
616,40,8,8,0
983,23,23,7,7
461,13,13,13,5
377,57,25,9,1
329,9,9,9,1
957,61,29,13,5
152,24,24,8,0
289,33,1,1,1
955,59,27,11,3
32,32,0,0,0
892,60,28,12,4
201,9,9,9,1
988,28,28,12,4
983,23,23,7,7
222,30,30,14,6
228,36,4,4,4
0,0,0,0,0
330,10,10,10,2
429,45,13,13,5
152,24,24,8,0
321,1,1,1,1
360,40,8,8,0
965,5,5,5,5
720,16,16,0,0
988,28,28,12,4
505,57,25,9,1
434,50,18,2,2
407,23,23,7,7
359,39,7,7,7
579,3,3,3,3
516,4,4,4,4
77,13,13,13,5
755,51,19,3,3
667,27,27,11,3
904,8,8,8,0
363,43,11,11,3
723,19,19,3,3
339,19,19,3,3
682,42,10,10,2
839,7,7,7,7
72,8,8,8,0
870,38,6,6,6
567,55,23,7,7
584,8,8,8,0
658,18,18,2,2
84,20,20,4,4
384,0,0,0,0
267,11,11,11,3
446,62,30,14,6
736,32,0,0,0
270,14,14,14,6
829,61,29,13,5
746,42,10,10,2
549,37,5,5,5
711,7,7,7,7
765,61,29,13,5
435,51,19,3,3
481,33,1,1,1
674,34,2,2,2
656,16,16,0,0
700,60,28,12,4
433,49,17,1,1
948,52,20,4,4
787,19,19,3,3
791,23,23,7,7
377,57,25,9,1
715,11,11,11,3
845,13,13,13,5
388,4,4,4,4
86,22,22,6,6
288,32,0,0,0
665,25,25,9,1
902,6,6,6,6
457,9,9,9,1
397,13,13,13,5
897,1,1,1,1
197,5,5,5,5
566,54,22,6,6
536,24,24,8,0
397,13,13,13,5
97,33,1,1,1
849,17,17,1,1
393,9,9,9,1
179,51,19,3,3
448,0,0,0,0
203,11,11,11,3
305,49,17,1,1
171,43,11,11,3
365,45,13,13,5
173,45,13,13,5
483,35,3,3,3
813,45,13,13,5
503,55,23,7,7
115,51,19,3,3
854,22,22,6,6
662,22,22,6,6
307,51,19,3,3
952,56,24,8,0
78,14,14,14,6
797,29,29,13,5
788,20,20,4,4
899,3,3,3,3
582,6,6,6,6
796,28,28,12,4
724,20,20,4,4
780,12,12,12,4
971,11,11,11,3
941,45,13,13,5
332,12,12,12,4
240,48,16,0,0
525,13,13,13,5
543,31,31,15,7
542,30,30,14,6
99,35,3,3,3
497,49,17,1,1
626,50,18,2,2
212,20,20,4,4
991,31,31,15,7
527,15,15,15,7
329,9,9,9,1
501,53,21,5,5
164,36,4,4,4
322,2,2,2,2
796,28,28,12,4
185,57,25,9,1
675,35,3,3,3
198,6,6,6,6
858,26,26,10,2
590,14,14,14,6
928,32,0,0,0
356,36,4,4,4
99,35,3,3,3
638,62,30,14,6
196,4,4,4,4
947,51,19,3,3
624,48,16,0,0
498,50,18,2,2
636,60,28,12,4
397,13,13,13,5
277,21,21,5,5
605,29,29,13,5
703,63,31,15,7
125,61,29,13,5
549,37,5,5,5
809,41,9,9,1
321,1,1,1,1
110,46,14,14,6
101,37,5,5,5
27,27,27,11,3
545,33,1,1,1
783,15,15,15,7
227,35,3,3,3
772,4,4,4,4
340,20,20,4,4
286,30,30,14,6
778,10,10,10,2
105,41,9,9,1
200,8,8,8,0
20,20,20,4,4
512,0,0,0,0
16,16,16,0,0
190,62,30,14,6
272,16,16,0,0
429,45,13,13,5
798,30,30,14,6
394,10,10,10,2
365,45,13,13,5
169,41,9,9,1
778,10,10,10,2
166,38,6,6,6
896,0,0,0,0
375,55,23,7,7
983,23,23,7,7
903,7,7,7,7
912,16,16,0,0
935,39,7,7,7
225,33,1,1,1
188,60,28,12,4
254,62,30,14,6
838,6,6,6,6
15,15,15,15,7
901,5,5,5,5
657,17,17,1,1
412,28,28,12,4
398,14,14,14,6
239,47,15,15,7
979,19,19,3,3
823,55,23,7,7
914,18,18,2,2
651,11,11,11,3
988,28,28,12,4
232,40,8,8,0
589,13,13,13,5
905,9,9,9,1
938,42,10,10,2
93,29,29,13,5
909,13,13,13,5
110,46,14,14,6
175,47,15,15,7
202,10,10,10,2
191,63,31,15,7
801,33,1,1,1
339,19,19,3,3
453,5,5,5,5
751,47,15,15,7
749,45,13,13,5
723,19,19,3,3
646,6,6,6,6
327,7,7,7,7
602,26,26,10,2
409,25,25,9,1
850,18,18,2,2
36,36,4,4,4
649,9,9,9,1
987,27,27,11,3
14,14,14,14,6
116,52,20,4,4
473,25,25,9,1
704,0,0,0,0
753,49,17,1,1
744,40,8,8,0
4,4,4,4,4
319,63,31,15,7
863,31,31,15,7
314,58,26,10,2
245,53,21,5,5
447,63,31,15,7
929,33,1,1,1
706,2,2,2,2
526,14,14,14,6
606,30,30,14,6
463,15,15,15,7
187,59,27,11,3
90,26,26,10,2
408,24,24,8,0
840,8,8,8,0
676,36,4,4,4
793,25,25,9,1
693,53,21,5,5
376,56,24,8,0
589,13,13,13,5
191,63,31,15,7
600,24,24,8,0
199,7,7,7,7
935,39,7,7,7
335,15,15,15,7
411,27,27,11,3
609,33,1,1,1
984,24,24,8,0
970,10,10,10,2
547,35,3,3,3
749,45,13,13,5
334,14,14,14,6
758,54,22,6,6
886,54,22,6,6
462,14,14,14,6
41,41,9,9,1
367,47,15,15,7
898,2,2,2,2
679,39,7,7,7
862,30,30,14,6
82,18,18,2,2
937,41,9,9,1
398,14,14,14,6
384,0,0,0,0
308,52,20,4,4
949,53,21,5,5
657,17,17,1,1
323,3,3,3,3
327,7,7,7,7
473,25,25,9,1
886,54,22,6,6
831,63,31,15,7
435,51,19,3,3
310,54,22,6,6
253,61,29,13,5
844,12,12,12,4
983,23,23,7,7
633,57,25,9,1
980,20,20,4,4
240,48,16,0,0
794,26,26,10,2
32,32,0,0,0
877,45,13,13,5
609,33,1,1,1
244,52,20,4,4
517,5,5,5,5
862,30,30,14,6
308,52,20,4,4
250,58,26,10,2
868,36,4,4,4
744,40,8,8,0
533,21,21,5,5
657,17,17,1,1
861,29,29,13,5
62,62,30,14,6
214,22,22,6,6
329,9,9,9,1
382,62,30,14,6
305,49,17,1,1
426,42,10,10,2
637,61,29,13,5
346,26,26,10,2
912,16,16,0,0
178,50,18,2,2
805,37,5,5,5
58,58,26,10,2
818,50,18,2,2
52,52,20,4,4
591,15,15,15,7
479,31,31,15,7
539,27,27,11,3
910,14,14,14,6
595,19,19,3,3
344,24,24,8,0
688,48,16,0,0
800,32,0,0,0
60,60,28,12,4
199,7,7,7,7
793,25,25,9,1
959,63,31,15,7
344,24,24,8,0
884,52,20,4,4
809,41,9,9,1
619,43,11,11,3
490,42,10,10,2
481,33,1,1,1
704,0,0,0,0
34,34,2,2,2
569,57,25,9,1
490,42,10,10,2
199,7,7,7,7
558,46,14,14,6
128,0,0,0,0
35,35,3,3,3
756,52,20,4,4
391,7,7,7,7
412,28,28,12,4
24,24,24,8,0
391,7,7,7,7
915,19,19,3,3
695,55,23,7,7
125,61,29,13,5
332,12,12,12,4
11,11,11,11,3
287,31,31,15,7
868,36,4,4,4
931,35,3,3,3
223,31,31,15,7
841,9,9,9,1
786,18,18,2,2
59,59,27,11,3
891,59,27,11,3
673,33,1,1,1
243,51,19,3,3
445,61,29,13,5
948,52,20,4,4
537,25,25,9,1
440,56,24,8,0
317,61,29,13,5
643,3,3,3,3
547,35,3,3,3
371,51,19,3,3
711,7,7,7,7
729,25,25,9,1
419,35,3,3,3
320,0,0,0,0
164,36,4,4,4
772,4,4,4,4
521,9,9,9,1
703,63,31,15,7
394,10,10,10,2
397,13,13,13,5
404,20,20,4,4
498,50,18,2,2
185,57,25,9,1
895,63,31,15,7
910,14,14,14,6
622,46,14,14,6
295,39,7,7,7
829,61,29,13,5
385,1,1,1,1
607,31,31,15,7
649,9,9,9,1
993,33,1,1,1
884,52,20,4,4
549,37,5,5,5
294,38,6,6,6
208,16,16,0,0
310,54,22,6,6
424,40,8,8,0
250,58,26,10,2
90,26,26,10,2
838,6,6,6,6
470,22,22,6,6
336,16,16,0,0
237,45,13,13,5
698,58,26,10,2
51,51,19,3,3
547,35,3,3,3
449,1,1,1,1
227,35,3,3,3
148,20,20,4,4
670,30,30,14,6
931,35,3,3,3
305,49,17,1,1
390,6,6,6,6
376,56,24,8,0
349,29,29,13,5
373,53,21,5,5
587,11,11,11,3
868,36,4,4,4
374,54,22,6,6
712,8,8,8,0
738,34,2,2,2
555,43,11,11,3
952,56,24,8,0
747,43,11,11,3
932,36,4,4,4
600,24,24,8,0
825,57,25,9,1
82,18,18,2,2
391,7,7,7,7
656,16,16,0,0
710,6,6,6,6
617,41,9,9,1
542,30,30,14,6
715,11,11,11,3
198,6,6,6,6
818,50,18,2,2
4,4,4,4,4
957,61,29,13,5
804,36,4,4,4
79,15,15,15,7
754,50,18,2,2
318,62,30,14,6
201,9,9,9,1
696,56,24,8,0
871,39,7,7,7
746,42,10,10,2
11,11,11,11,3
88,24,24,8,0
450,2,2,2,2
730,26,26,10,2
59,59,27,11,3
797,29,29,13,5
310,54,22,6,6
500,52,20,4,4
108,44,12,12,4
578,2,2,2,2
61,61,29,13,5
59,59,27,11,3
516,4,4,4,4
104,40,8,8,0
133,5,5,5,5
775,7,7,7,7
498,50,18,2,2
553,41,9,9,1
125,61,29,13,5
912,16,16,0,0
773,5,5,5,5
303,47,15,15,7
69,5,5,5,5
108,44,12,12,4
252,60,28,12,4
282,26,26,10,2
649,9,9,9,1
250,58,26,10,2
273,17,17,1,1
989,29,29,13,5
448,0,0,0,0
678,38,6,6,6
761,57,25,9,1
858,26,26,10,2
926,30,30,14,6
3,3,3,3,3
902,6,6,6,6
982,22,22,6,6
460,12,12,12,4
266,10,10,10,2
463,15,15,15,7
667,27,27,11,3
785,17,17,1,1
774,6,6,6,6
626,50,18,2,2
312,56,24,8,0
693,53,21,5,5
497,49,17,1,1
344,24,24,8,0
809,41,9,9,1
724,20,20,4,4
383,63,31,15,7
646,6,6,6,6
610,34,2,2,2
552,40,8,8,0
675,35,3,3,3
807,39,7,7,7
373,53,21,5,5
371,51,19,3,3
109,45,13,13,5
137,9,9,9,1
10,10,10,10,2
98,34,2,2,2
55,55,23,7,7
160,32,0,0,0
493,45,13,13,5
524,12,12,12,4
470,22,22,6,6
496,48,16,0,0
57,57,25,9,1
314,58,26,10,2
352,32,0,0,0
753,49,17,1,1
815,47,15,15,7
291,35,3,3,3
97,33,1,1,1
552,40,8,8,0
757,53,21,5,5
743,39,7,7,7
924,28,28,12,4
614,38,6,6,6
250,58,26,10,2
282,26,26,10,2
296,40,8,8,0
920,24,24,8,0
181,53,21,5,5
309,53,21,5,5
47,47,15,15,7
941,45,13,13,5
64,0,0,0,0
396,12,12,12,4
618,42,10,10,2
660,20,20,4,4
345,25,25,9,1
268,12,12,12,4
465,17,17,1,1
842,10,10,10,2
951,55,23,7,7
70,6,6,6,6
722,18,18,2,2
188,60,28,12,4
828,60,28,12,4
891,59,27,11,3
631,55,23,7,7
917,21,21,5,5
570,58,26,10,2
869,37,5,5,5
42,42,10,10,2
930,34,2,2,2
320,0,0,0,0
343,23,23,7,7
934,38,6,6,6
457,9,9,9,1
615,39,7,7,7
224,32,0,0,0
971,11,11,11,3
272,16,16,0,0
765,61,29,13,5
754,50,18,2,2
142,14,14,14,6
526,14,14,14,6
90,26,26,10,2
846,14,14,14,6
846,14,14,14,6
718,14,14,14,6
467,19,19,3,3
850,18,18,2,2
800,32,0,0,0
649,9,9,9,1
449,1,1,1,1
629,53,21,5,5
268,12,12,12,4
674,34,2,2,2
270,14,14,14,6
316,60,28,12,4
536,24,24,8,0
72,8,8,8,0
307,51,19,3,3
535,23,23,7,7
968,8,8,8,0
819,51,19,3,3
983,23,23,7,7
888,56,24,8,0
891,59,27,11,3
46,46,14,14,6
382,62,30,14,6
757,53,21,5,5
196,4,4,4,4
992,32,0,0,0
273,17,17,1,1
347,27,27,11,3
937,41,9,9,1
311,55,23,7,7
801,33,1,1,1
258,2,2,2,2
382,62,30,14,6
289,33,1,1,1
590,14,14,14,6
334,14,14,14,6
33,33,1,1,1
285,29,29,13,5
98,34,2,2,2
0,0,0,0,0
450,2,2,2,2
948,52,20,4,4
354,34,2,2,2
899,3,3,3,3
257,1,1,1,1
363,43,11,11,3
0,0,0,0,0
567,55,23,7,7
284,28,28,12,4
854,22,22,6,6
165,37,5,5,5
18,18,18,2,2
256,0,0,0,0
483,35,3,3,3
879,47,15,15,7
844,12,12,12,4
788,20,20,4,4
116,52,20,4,4
896,0,0,0,0
519,7,7,7,7
986,26,26,10,2
596,20,20,4,4
182,54,22,6,6
999,39,7,7,7
321,1,1,1,1
775,7,7,7,7
837,5,5,5,5
2,2,2,2,2
316,60,28,12,4
165,37,5,5,5
555,43,11,11,3
183,55,23,7,7
33,33,1,1,1
475,27,27,11,3
608,32,0,0,0
645,5,5,5,5
589,13,13,13,5
13,13,13,13,5
848,16,16,0,0
708,4,4,4,4
672,32,0,0,0
861,29,29,13,5
513,1,1,1,1
642,2,2,2,2
343,23,23,7,7
825,57,25,9,1
134,6,6,6,6
736,32,0,0,0
389,5,5,5,5
330,10,10,10,2
848,16,16,0,0
828,60,28,12,4
603,27,27,11,3
843,11,11,11,3
735,31,31,15,7
86,22,22,6,6
955,59,27,11,3
131,3,3,3,3
231,39,7,7,7
11,11,11,11,3
563,51,19,3,3
778,10,10,10,2
117,53,21,5,5
803,35,3,3,3
755,51,19,3,3
264,8,8,8,0
483,35,3,3,3
76,12,12,12,4
884,52,20,4,4
643,3,3,3,3
408,24,24,8,0
236,44,12,12,4
659,19,19,3,3
621,45,13,13,5
438,54,22,6,6
760,56,24,8,0
885,53,21,5,5
328,8,8,8,0
258,2,2,2,2
532,20,20,4,4
223,31,31,15,7
773,5,5,5,5
397,13,13,13,5
563,51,19,3,3
368,48,16,0,0
894,62,30,14,6
61,61,29,13,5
63,63,31,15,7
197,5,5,5,5
797,29,29,13,5
608,32,0,0,0
57,57,25,9,1
313,57,25,9,1
24,24,24,8,0
49,49,17,1,1
525,13,13,13,5
831,63,31,15,7
687,47,15,15,7
616,40,8,8,0
295,39,7,7,7
505,57,25,9,1
279,23,23,7,7
525,13,13,13,5
637,61,29,13,5
795,27,27,11,3
578,2,2,2,2
172,44,12,12,4
101,37,5,5,5
170,42,10,10,2
344,24,24,8,0
28,28,28,12,4
695,55,23,7,7
937,41,9,9,1
612,36,4,4,4
166,38,6,6,6
754,50,18,2,2
190,62,30,14,6
694,54,22,6,6
646,6,6,6,6
766,62,30,14,6
319,63,31,15,7
992,32,0,0,0
952,56,24,8,0
234,42,10,10,2
360,40,8,8,0
373,53,21,5,5
109,45,13,13,5
976,16,16,0,0
595,19,19,3,3
856,24,24,8,0
328,8,8,8,0
795,27,27,11,3
513,1,1,1,1
53,53,21,5,5
761,57,25,9,1
622,46,14,14,6
112,48,16,0,0
502,54,22,6,6
611,35,3,3,3
650,10,10,10,2
807,39,7,7,7
605,29,29,13,5
591,15,15,15,7
436,52,20,4,4
875,43,11,11,3
799,31,31,15,7
978,18,18,2,2
575,63,31,15,7
821,53,21,5,5
594,18,18,2,2
592,16,16,0,0
405,21,21,5,5
957,61,29,13,5
228,36,4,4,4
695,55,23,7,7
620,44,12,12,4
101,37,5,5,5
884,52,20,4,4
202,10,10,10,2
217,25,25,9,1
143,15,15,15,7
668,28,28,12,4
939,43,11,11,3
333,13,13,13,5
693,53,21,5,5
366,46,14,14,6
96,32,0,0,0
463,15,15,15,7
370,50,18,2,2
791,23,23,7,7
337,17,17,1,1
957,61,29,13,5
837,5,5,5,5
866,34,2,2,2
683,43,11,11,3
77,13,13,13,5
588,12,12,12,4
317,61,29,13,5
524,12,12,12,4
206,14,14,14,6
338,18,18,2,2
351,31,31,15,7
871,39,7,7,7
937,41,9,9,1
490,42,10,10,2
38,38,6,6,6
709,5,5,5,5
43,43,11,11,3
989,29,29,13,5
227,35,3,3,3
222,30,30,14,6
727,23,23,7,7
7,7,7,7,7
655,15,15,15,7
261,5,5,5,5
302,46,14,14,6
19,19,19,3,3
641,1,1,1,1
628,52,20,4,4
315,59,27,11,3
769,1,1,1,1
525,13,13,13,5
437,53,21,5,5
575,63,31,15,7
688,48,16,0,0
54,54,22,6,6
362,42,10,10,2
62,62,30,14,6
279,23,23,7,7
112,48,16,0,0
113,49,17,1,1
890,58,26,10,2
126,62,30,14,6
495,47,15,15,7
477,29,29,13,5
956,60,28,12,4
40,40,8,8,0
602,26,26,10,2
472,24,24,8,0
513,1,1,1,1
101,37,5,5,5
212,20,20,4,4
625,49,17,1,1
701,61,29,13,5
609,33,1,1,1
73,9,9,9,1
484,36,4,4,4
40,40,8,8,0
542,30,30,14,6
867,35,3,3,3
597,21,21,5,5
525,13,13,13,5
923,27,27,11,3
137,9,9,9,1
336,16,16,0,0
466,18,18,2,2
8,8,8,8,0
951,55,23,7,7
123,59,27,11,3
214,22,22,6,6
684,44,12,12,4
198,6,6,6,6
125,61,29,13,5
151,23,23,7,7
508,60,28,12,4
1,1,1,1,1
50,50,18,2,2
332,12,12,12,4
468,20,20,4,4
511,63,31,15,7
852,20,20,4,4
3,3,3,3,3
894,62,30,14,6
609,33,1,1,1
96,32,0,0,0
323,3,3,3,3
534,22,22,6,6
716,12,12,12,4
583,7,7,7,7
542,30,30,14,6
91,27,27,11,3
104,40,8,8,0
208,16,16,0,0
846,14,14,14,6
816,48,16,0,0
51,51,19,3,3
521,9,9,9,1
942,46,14,14,6
182,54,22,6,6
229,37,5,5,5
616,40,8,8,0
604,28,28,12,4
779,11,11,11,3
969,9,9,9,1
533,21,21,5,5
937,41,9,9,1
99,35,3,3,3
142,14,14,14,6
461,13,13,13,5
684,44,12,12,4
558,46,14,14,6
884,52,20,4,4
10,10,10,10,2
266,10,10,10,2
424,40,8,8,0
741,37,5,5,5
69,5,5,5,5
433,49,17,1,1
705,1,1,1,1
721,17,17,1,1
290,34,2,2,2
371,51,19,3,3
933,37,5,5,5
308,52,20,4,4
396,12,12,12,4
33,33,1,1,1
737,33,1,1,1
905,9,9,9,1
820,52,20,4,4
820,52,20,4,4
946,50,18,2,2
980,20,20,4,4
802,34,2,2,2
162,34,2,2,2
574,62,30,14,6
411,27,27,11,3
861,29,29,13,5
448,0,0,0,0
145,17,17,1,1
516,4,4,4,4
188,60,28,12,4
507,59,27,11,3
468,20,20,4,4
619,43,11,11,3
800,32,0,0,0
391,7,7,7,7
612,36,4,4,4
353,33,1,1,1
684,44,12,12,4
965,5,5,5,5
101,37,5,5,5
997,37,5,5,5
565,53,21,5,5
419,35,3,3,3
933,37,5,5,5
942,46,14,14,6
562,50,18,2,2
979,19,19,3,3
59,59,27,11,3
456,8,8,8,0
945,49,17,1,1
715,11,11,11,3
823,55,23,7,7
431,47,15,15,7
350,30,30,14,6
125,61,29,13,5
470,22,22,6,6
38,38,6,6,6
988,28,28,12,4
473,25,25,9,1
597,21,21,5,5
357,37,5,5,5
361,41,9,9,1
426,42,10,10,2
108,44,12,12,4
902,6,6,6,6
708,4,4,4,4
988,28,28,12,4
290,34,2,2,2
820,52,20,4,4
182,54,22,6,6
654,14,14,14,6
827,59,27,11,3
144,16,16,0,0
499,51,19,3,3
404,20,20,4,4
428,44,12,12,4
955,59,27,11,3
437,53,21,5,5
147,19,19,3,3
192,0,0,0,0
321,1,1,1,1
970,10,10,10,2
285,29,29,13,5
200,8,8,8,0
209,17,17,1,1
63,63,31,15,7
621,45,13,13,5
308,52,20,4,4
184,56,24,8,0
241,49,17,1,1
111,47,15,15,7
987,27,27,11,3
888,56,24,8,0
899,3,3,3,3
90,26,26,10,2
111,47,15,15,7
506,58,26,10,2
339,19,19,3,3
89,25,25,9,1
815,47,15,15,7
895,63,31,15,7
542,30,30,14,6
214,22,22,6,6
791,23,23,7,7
215,23,23,7,7
520,8,8,8,0
643,3,3,3,3
933,37,5,5,5
824,56,24,8,0
754,50,18,2,2
184,56,24,8,0
829,61,29,13,5
322,2,2,2,2
479,31,31,15,7
553,41,9,9,1
63,63,31,15,7
41,41,9,9,1
288,32,0,0,0
37,37,5,5,5
13,13,13,13,5
373,53,21,5,5
82,18,18,2,2
511,63,31,15,7
259,3,3,3,3
769,1,1,1,1
911,15,15,15,7
965,5,5,5,5
320,0,0,0,0
445,61,29,13,5
896,0,0,0,0
777,9,9,9,1
954,58,26,10,2
554,42,10,10,2
349,29,29,13,5
91,27,27,11,3
990,30,30,14,6
155,27,27,11,3
525,13,13,13,5
893,61,29,13,5
313,57,25,9,1
415,31,31,15,7
445,61,29,13,5
475,27,27,11,3
208,16,16,0,0
299,43,11,11,3
314,58,26,10,2
534,22,22,6,6
133,5,5,5,5
163,35,3,3,3
26,26,26,10,2
753,49,17,1,1
295,39,7,7,7
303,47,15,15,7
538,26,26,10,2
796,28,28,12,4
952,56,24,8,0
727,23,23,7,7
433,49,17,1,1
950,54,22,6,6
398,14,14,14,6
293,37,5,5,5
327,7,7,7,7
370,50,18,2,2
19,19,19,3,3
568,56,24,8,0
596,20,20,4,4
731,27,27,11,3
670,30,30,14,6
521,9,9,9,1
569,57,25,9,1
49,49,17,1,1
81,17,17,1,1
458,10,10,10,2
680,40,8,8,0
813,45,13,13,5
580,4,4,4,4
843,11,11,11,3
24,24,24,8,0
511,63,31,15,7
999,39,7,7,7
518,6,6,6,6
516,4,4,4,4
71,7,7,7,7
460,12,12,12,4
200,8,8,8,0
198,6,6,6,6
496,48,16,0,0
98,34,2,2,2
64,0,0,0,0
29,29,29,13,5
255,63,31,15,7
566,54,22,6,6
742,38,6,6,6
922,26,26,10,2
393,9,9,9,1
673,33,1,1,1
424,40,8,8,0
783,15,15,15,7
23,23,23,7,7
619,43,11,11,3
707,3,3,3,3
831,63,31,15,7
407,23,23,7,7
336,16,16,0,0
83,19,19,3,3
430,46,14,14,6
819,51,19,3,3
476,28,28,12,4
173,45,13,13,5
150,22,22,6,6
724,20,20,4,4
891,59,27,11,3
908,12,12,12,4
357,37,5,5,5
509,61,29,13,5
73,9,9,9,1
369,49,17,1,1
149,21,21,5,5
185,57,25,9,1
596,20,20,4,4
816,48,16,0,0
913,17,17,1,1
239,47,15,15,7
951,55,23,7,7
91,27,27,11,3
674,34,2,2,2
191,63,31,15,7
833,1,1,1,1
204,12,12,12,4
241,49,17,1,1
250,58,26,10,2
510,62,30,14,6
480,32,0,0,0
112,48,16,0,0
995,35,3,3,3
297,41,9,9,1
44,44,12,12,4
580,4,4,4,4
900,4,4,4,4
257,1,1,1,1
507,59,27,11,3
505,57,25,9,1
537,25,25,9,1
919,23,23,7,7
233,41,9,9,1
610,34,2,2,2
777,9,9,9,1
474,26,26,10,2
430,46,14,14,6
775,7,7,7,7
268,12,12,12,4
161,33,1,1,1
156,28,28,12,4
318,62,30,14,6
726,22,22,6,6
626,50,18,2,2
881,49,17,1,1
404,20,20,4,4
399,15,15,15,7
766,62,30,14,6
971,11,11,11,3
354,34,2,2,2
818,50,18,2,2
569,57,25,9,1
659,19,19,3,3
814,46,14,14,6
946,50,18,2,2
925,29,29,13,5
632,56,24,8,0
369,49,17,1,1
575,63,31,15,7
298,42,10,10,2
269,13,13,13,5
259,3,3,3,3
404,20,20,4,4
147,19,19,3,3
994,34,2,2,2
878,46,14,14,6
456,8,8,8,0
603,27,27,11,3
463,15,15,15,7
577,1,1,1,1
383,63,31,15,7
152,24,24,8,0
542,30,30,14,6
77,13,13,13,5
322,2,2,2,2
348,28,28,12,4
50,50,18,2,2
320,0,0,0,0
941,45,13,13,5
541,29,29,13,5
9,9,9,9,1
562,50,18,2,2
219,27,27,11,3
253,61,29,13,5
705,1,1,1,1
925,29,29,13,5
579,3,3,3,3
632,56,24,8,0
532,20,20,4,4
67,3,3,3,3
297,41,9,9,1
704,0,0,0,0
64,0,0,0,0
837,5,5,5,5
789,21,21,5,5
852,20,20,4,4
519,7,7,7,7
826,58,26,10,2
9,9,9,9,1
310,54,22,6,6
210,18,18,2,2
636,60,28,12,4
336,16,16,0,0
368,48,16,0,0
287,31,31,15,7
98,34,2,2,2
19,19,19,3,3
576,0,0,0,0
466,18,18,2,2
836,4,4,4,4
766,62,30,14,6
680,40,8,8,0
780,12,12,12,4
722,18,18,2,2
74,10,10,10,2
211,19,19,3,3
462,14,14,14,6
149,21,21,5,5
875,43,11,11,3
985,25,25,9,1
93,29,29,13,5
450,2,2,2,2
149,21,21,5,5
342,22,22,6,6
355,35,3,3,3
213,21,21,5,5
70,6,6,6,6
806,38,6,6,6
488,40,8,8,0
948,52,20,4,4
642,2,2,2,2
680,40,8,8,0
628,52,20,4,4
209,17,17,1,1
845,13,13,13,5
453,5,5,5,5
392,8,8,8,0
57,57,25,9,1
855,23,23,7,7
881,49,17,1,1
813,45,13,13,5
414,30,30,14,6
340,20,20,4,4
871,39,7,7,7
400,16,16,0,0
147,19,19,3,3
877,45,13,13,5
34,34,2,2,2
853,21,21,5,5
220,28,28,12,4
868,36,4,4,4
100,36,4,4,4
44,44,12,12,4
717,13,13,13,5
624,48,16,0,0
477,29,29,13,5
674,34,2,2,2
665,25,25,9,1
781,13,13,13,5
92,28,28,12,4
558,46,14,14,6
49,49,17,1,1
421,37,5,5,5
419,35,3,3,3
837,5,5,5,5
637,61,29,13,5
522,10,10,10,2
153,25,25,9,1
686,46,14,14,6
635,59,27,11,3
594,18,18,2,2
224,32,0,0,0
354,34,2,2,2
877,45,13,13,5
169,41,9,9,1
465,17,17,1,1
731,27,27,11,3
234,42,10,10,2
318,62,30,14,6
55,55,23,7,7
711,7,7,7,7
148,20,20,4,4
286,30,30,14,6
582,6,6,6,6
541,29,29,13,5
170,42,10,10,2
636,60,28,12,4
510,62,30,14,6
918,22,22,6,6
646,6,6,6,6
458,10,10,10,2
48,48,16,0,0
317,61,29,13,5
819,51,19,3,3
541,29,29,13,5
52,52,20,4,4
484,36,4,4,4
296,40,8,8,0
855,23,23,7,7
161,33,1,1,1
548,36,4,4,4
771,3,3,3,3
851,19,19,3,3
857,25,25,9,1
619,43,11,11,3
707,3,3,3,3
802,34,2,2,2
729,25,25,9,1
521,9,9,9,1
527,15,15,15,7
990,30,30,14,6
686,46,14,14,6
846,14,14,14,6
9,9,9,9,1
438,54,22,6,6
715,11,11,11,3
127,63,31,15,7
891,59,27,11,3
722,18,18,2,2
278,22,22,6,6
598,22,22,6,6
35,35,3,3,3
572,60,28,12,4
444,60,28,12,4
450,2,2,2,2
363,43,11,11,3
169,41,9,9,1
342,22,22,6,6
358,38,6,6,6
179,51,19,3,3
193,1,1,1,1
788,20,20,4,4
472,24,24,8,0
476,28,28,12,4
12,12,12,12,4
411,27,27,11,3
93,29,29,13,5
694,54,22,6,6
36,36,4,4,4
136,8,8,8,0
120,56,24,8,0
834,2,2,2,2
34,34,2,2,2
142,14,14,14,6
55,55,23,7,7
666,26,26,10,2
465,17,17,1,1
385,1,1,1,1
215,23,23,7,7
935,39,7,7,7
794,26,26,10,2
426,42,10,10,2
978,18,18,2,2
374,54,22,6,6
930,34,2,2,2
954,58,26,10,2
117,53,21,5,5
693,53,21,5,5
150,22,22,6,6
260,4,4,4,4
250,58,26,10,2
214,22,22,6,6
782,14,14,14,6
803,35,3,3,3
246,54,22,6,6
658,18,18,2,2
116,52,20,4,4
675,35,3,3,3
321,1,1,1,1
679,39,7,7,7
216,24,24,8,0
469,21,21,5,5
777,9,9,9,1
656,16,16,0,0
523,11,11,11,3
619,43,11,11,3
50,50,18,2,2
504,56,24,8,0
52,52,20,4,4
115,51,19,3,3
696,56,24,8,0
267,11,11,11,3
665,25,25,9,1
709,5,5,5,5
935,39,7,7,7
569,57,25,9,1
405,21,21,5,5
227,35,3,3,3
896,0,0,0,0
985,25,25,9,1
555,43,11,11,3
115,51,19,3,3
864,32,0,0,0
735,31,31,15,7
757,53,21,5,5
12,12,12,12,4
881,49,17,1,1
163,35,3,3,3
252,60,28,12,4
994,34,2,2,2
312,56,24,8,0
325,5,5,5,5
445,61,29,13,5
815,47,15,15,7
16,16,16,0,0
46,46,14,14,6
529,17,17,1,1
335,15,15,15,7
665,25,25,9,1
5,5,5,5,5
335,15,15,15,7
957,61,29,13,5
164,36,4,4,4
683,43,11,11,3
527,15,15,15,7
298,42,10,10,2
518,6,6,6,6
209,17,17,1,1
299,43,11,11,3
831,63,31,15,7
908,12,12,12,4
189,61,29,13,5
558,46,14,14,6
199,7,7,7,7
594,18,18,2,2
960,0,0,0,0
485,37,5,5,5
250,58,26,10,2
19,19,19,3,3
116,52,20,4,4
930,34,2,2,2
568,56,24,8,0
437,53,21,5,5
783,15,15,15,7
973,13,13,13,5
350,30,30,14,6
363,43,11,11,3
718,14,14,14,6
149,21,21,5,5
324,4,4,4,4
995,35,3,3,3
681,41,9,9,1
896,0,0,0,0
919,23,23,7,7
888,56,24,8,0
170,42,10,10,2
308,52,20,4,4
65,1,1,1,1
668,28,28,12,4
342,22,22,6,6
591,15,15,15,7
543,31,31,15,7
234,42,10,10,2
224,32,0,0,0
931,35,3,3,3
637,61,29,13,5
714,10,10,10,2
193,1,1,1,1
190,62,30,14,6
86,22,22,6,6
942,46,14,14,6
670,30,30,14,6
104,40,8,8,0
83,19,19,3,3
778,10,10,10,2
862,30,30,14,6
212,20,20,4,4
761,57,25,9,1
698,58,26,10,2
128,0,0,0,0
929,33,1,1,1
181,53,21,5,5
63,63,31,15,7
710,6,6,6,6
52,52,20,4,4
876,44,12,12,4
297,41,9,9,1
262,6,6,6,6
397,13,13,13,5
28,28,28,12,4
403,19,19,3,3
916,20,20,4,4
464,16,16,0,0
995,35,3,3,3
380,60,28,12,4
894,62,30,14,6
854,22,22,6,6
368,48,16,0,0
217,25,25,9,1
170,42,10,10,2
711,7,7,7,7
614,38,6,6,6
600,24,24,8,0
486,38,6,6,6
85,21,21,5,5
537,25,25,9,1
185,57,25,9,1
572,60,28,12,4
735,31,31,15,7
62,62,30,14,6
521,9,9,9,1
945,49,17,1,1
710,6,6,6,6
889,57,25,9,1
321,1,1,1,1
635,59,27,11,3
979,19,19,3,3
719,15,15,15,7
990,30,30,14,6
670,30,30,14,6
766,62,30,14,6
445,61,29,13,5
534,22,22,6,6
249,57,25,9,1
500,52,20,4,4
64,0,0,0,0
228,36,4,4,4
548,36,4,4,4
448,0,0,0,0
13,13,13,13,5
351,31,31,15,7
552,40,8,8,0
0,0,0,0,0
712,8,8,8,0
801,33,1,1,1
859,27,27,11,3
990,30,30,14,6
247,55,23,7,7
241,49,17,1,1
716,12,12,12,4
800,32,0,0,0
711,7,7,7,7
994,34,2,2,2
281,25,25,9,1
919,23,23,7,7
211,19,19,3,3
35,35,3,3,3
97,33,1,1,1
503,55,23,7,7
352,32,0,0,0
557,45,13,13,5
941,45,13,13,5
449,1,1,1,1
934,38,6,6,6
497,49,17,1,1
275,19,19,3,3
768,0,0,0,0
602,26,26,10,2
917,21,21,5,5
736,32,0,0,0
143,15,15,15,7
453,5,5,5,5
824,56,24,8,0
712,8,8,8,0
250,58,26,10,2
305,49,17,1,1
450,2,2,2,2
920,24,24,8,0
715,11,11,11,3
778,10,10,10,2
567,55,23,7,7
629,53,21,5,5
127,63,31,15,7
270,14,14,14,6
622,46,14,14,6
529,17,17,1,1
180,52,20,4,4
386,2,2,2,2
542,30,30,14,6
90,26,26,10,2
211,19,19,3,3
487,39,7,7,7
400,16,16,0,0
423,39,7,7,7
748,44,12,12,4
804,36,4,4,4
824,56,24,8,0
424,40,8,8,0
658,18,18,2,2
378,58,26,10,2
404,20,20,4,4
970,10,10,10,2
477,29,29,13,5
203,11,11,11,3
162,34,2,2,2
217,25,25,9,1
365,45,13,13,5
48,48,16,0,0
55,55,23,7,7
995,35,3,3,3
323,3,3,3,3
93,29,29,13,5
415,31,31,15,7
403,19,19,3,3
903,7,7,7,7
604,28,28,12,4
906,10,10,10,2
223,31,31,15,7
856,24,24,8,0
419,35,3,3,3
706,2,2,2,2
699,59,27,11,3
615,39,7,7,7
633,57,25,9,1
134,6,6,6,6
109,45,13,13,5
121,57,25,9,1
230,38,6,6,6
250,58,26,10,2
383,63,31,15,7
424,40,8,8,0
238,46,14,14,6
508,60,28,12,4
52,52,20,4,4
908,12,12,12,4
77,13,13,13,5
315,59,27,11,3
71,7,7,7,7
958,62,30,14,6
55,55,23,7,7
433,49,17,1,1
937,41,9,9,1
826,58,26,10,2
260,4,4,4,4
474,26,26,10,2
93,29,29,13,5
135,7,7,7,7
501,53,21,5,5
891,59,27,11,3
419,35,3,3,3
233,41,9,9,1
738,34,2,2,2
595,19,19,3,3
113,49,17,1,1
439,55,23,7,7
880,48,16,0,0
783,15,15,15,7
179,51,19,3,3
318,62,30,14,6
465,17,17,1,1
116,52,20,4,4
980,20,20,4,4
703,63,31,15,7
408,24,24,8,0
675,35,3,3,3
307,51,19,3,3
918,22,22,6,6
525,13,13,13,5
587,11,11,11,3
342,22,22,6,6
239,47,15,15,7
350,30,30,14,6
91,27,27,11,3
98,34,2,2,2
652,12,12,12,4
933,37,5,5,5
643,3,3,3,3
926,30,30,14,6
310,54,22,6,6
397,13,13,13,5
824,56,24,8,0
332,12,12,12,4
949,53,21,5,5
978,18,18,2,2
53,53,21,5,5
635,59,27,11,3
809,41,9,9,1
690,50,18,2,2
793,25,25,9,1
40,40,8,8,0
630,54,22,6,6
308,52,20,4,4
591,15,15,15,7
131,3,3,3,3
961,1,1,1,1
790,22,22,6,6
243,51,19,3,3
965,5,5,5,5
561,49,17,1,1
785,17,17,1,1
354,34,2,2,2
41,41,9,9,1
26,26,26,10,2
695,55,23,7,7
643,3,3,3,3
709,5,5,5,5
616,40,8,8,0
97,33,1,1,1
601,25,25,9,1
237,45,13,13,5
30,30,30,14,6
511,63,31,15,7
320,0,0,0,0
390,6,6,6,6
47,47,15,15,7
21,21,21,5,5
740,36,4,4,4
876,44,12,12,4
928,32,0,0,0
802,34,2,2,2
239,47,15,15,7
787,19,19,3,3
687,47,15,15,7
533,21,21,5,5
602,26,26,10,2
344,24,24,8,0
506,58,26,10,2
933,37,5,5,5
116,52,20,4,4
271,15,15,15,7
146,18,18,2,2
617,41,9,9,1
380,60,28,12,4
727,23,23,7,7
541,29,29,13,5
719,15,15,15,7
813,45,13,13,5
193,1,1,1,1
65,1,1,1,1
909,13,13,13,5
765,61,29,13,5
713,9,9,9,1
202,10,10,10,2
759,55,23,7,7
599,23,23,7,7
299,43,11,11,3
106,42,10,10,2
23,23,23,7,7
15,15,15,15,7
343,23,23,7,7
164,36,4,4,4
327,7,7,7,7
502,54,22,6,6
832,0,0,0,0
33,33,1,1,1
668,28,28,12,4
188,60,28,12,4
816,48,16,0,0
551,39,7,7,7
878,46,14,14,6
619,43,11,11,3
307,51,19,3,3
629,53,21,5,5
93,29,29,13,5
195,3,3,3,3
134,6,6,6,6
825,57,25,9,1
676,36,4,4,4
452,4,4,4,4
344,24,24,8,0
986,26,26,10,2
37,37,5,5,5
449,1,1,1,1
985,25,25,9,1
608,32,0,0,0
675,35,3,3,3
977,17,17,1,1
212,20,20,4,4
486,38,6,6,6
282,26,26,10,2
646,6,6,6,6
0,0,0,0,0
534,22,22,6,6
226,34,2,2,2
865,33,1,1,1
791,23,23,7,7
920,24,24,8,0
897,1,1,1,1
255,63,31,15,7
218,26,26,10,2
794,26,26,10,2
703,63,31,15,7
729,25,25,9,1
51,51,19,3,3
896,0,0,0,0
339,19,19,3,3
856,24,24,8,0
539,27,27,11,3
579,3,3,3,3
745,41,9,9,1
240,48,16,0,0
502,54,22,6,6
363,43,11,11,3
762,58,26,10,2
709,5,5,5,5
76,12,12,12,4
865,33,1,1,1
383,63,31,15,7
325,5,5,5,5
866,34,2,2,2
507,59,27,11,3
914,18,18,2,2
379,59,27,11,3
319,63,31,15,7
977,17,17,1,1
731,27,27,11,3
827,59,27,11,3
488,40,8,8,0
452,4,4,4,4
19,19,19,3,3
417,33,1,1,1
481,33,1,1,1
783,15,15,15,7
805,37,5,5,5
200,8,8,8,0
692,52,20,4,4
291,35,3,3,3
923,27,27,11,3
997,37,5,5,5
40,40,8,8,0
243,51,19,3,3
532,20,20,4,4
466,18,18,2,2
136,8,8,8,0
157,29,29,13,5
607,31,31,15,7
13,13,13,13,5
317,61,29,13,5
661,21,21,5,5
722,18,18,2,2
150,22,22,6,6
110,46,14,14,6
54,54,22,6,6
57,57,25,9,1
459,11,11,11,3
374,54,22,6,6
758,54,22,6,6
844,12,12,12,4
22,22,22,6,6
640,0,0,0,0
626,50,18,2,2
531,19,19,3,3
998,38,6,6,6
861,29,29,13,5
133,5,5,5,5
290,34,2,2,2
156,28,28,12,4
170,42,10,10,2
287,31,31,15,7
929,33,1,1,1
361,41,9,9,1
456,8,8,8,0
941,45,13,13,5
295,39,7,7,7
827,59,27,11,3
66,2,2,2,2
256,0,0,0,0
706,2,2,2,2
131,3,3,3,3
314,58,26,10,2
872,40,8,8,0
796,28,28,12,4
905,9,9,9,1
910,14,14,14,6
655,15,15,15,7
39,39,7,7,7
635,59,27,11,3
957,61,29,13,5
413,29,29,13,5
892,60,28,12,4
439,55,23,7,7
637,61,29,13,5
963,3,3,3,3
659,19,19,3,3
514,2,2,2,2
372,52,20,4,4
774,6,6,6,6
617,41,9,9,1
85,21,21,5,5
153,25,25,9,1
653,13,13,13,5
266,10,10,10,2
681,41,9,9,1
478,30,30,14,6
221,29,29,13,5
298,42,10,10,2
930,34,2,2,2
262,6,6,6,6
552,40,8,8,0
922,26,26,10,2
693,53,21,5,5
446,62,30,14,6
65,1,1,1,1
900,4,4,4,4
876,44,12,12,4
613,37,5,5,5
202,10,10,10,2
435,51,19,3,3
611,35,3,3,3
242,50,18,2,2
368,48,16,0,0
170,42,10,10,2
716,12,12,12,4
365,45,13,13,5
727,23,23,7,7
581,5,5,5,5
461,13,13,13,5
640,0,0,0,0
211,19,19,3,3
466,18,18,2,2
104,40,8,8,0
59,59,27,11,3
166,38,6,6,6
74,10,10,10,2
653,13,13,13,5
140,12,12,12,4
450,2,2,2,2
489,41,9,9,1
199,7,7,7,7
972,12,12,12,4
972,12,12,12,4
323,3,3,3,3
674,34,2,2,2
816,48,16,0,0
135,7,7,7,7
68,4,4,4,4
476,28,28,12,4
136,8,8,8,0
639,63,31,15,7
658,18,18,2,2
990,30,30,14,6
42,42,10,10,2
588,12,12,12,4
547,35,3,3,3
889,57,25,9,1
882,50,18,2,2
508,60,28,12,4
572,60,28,12,4
923,27,27,11,3
624,48,16,0,0
210,18,18,2,2
207,15,15,15,7
646,6,6,6,6
612,36,4,4,4
590,14,14,14,6
887,55,23,7,7
804,36,4,4,4
730,26,26,10,2
906,10,10,10,2
45,45,13,13,5
640,0,0,0,0
58,58,26,10,2
851,19,19,3,3
846,14,14,14,6
980,20,20,4,4
993,33,1,1,1
763,59,27,11,3
856,24,24,8,0
790,22,22,6,6
612,36,4,4,4
39,39,7,7,7
677,37,5,5,5
11,11,11,11,3
815,47,15,15,7
358,38,6,6,6
161,33,1,1,1
442,58,26,10,2
215,23,23,7,7
126,62,30,14,6
5,5,5,5,5
544,32,0,0,0
435,51,19,3,3
213,21,21,5,5
818,50,18,2,2
324,4,4,4,4
954,58,26,10,2
607,31,31,15,7
826,58,26,10,2
964,4,4,4,4
863,31,31,15,7
902,6,6,6,6
581,5,5,5,5
730,26,26,10,2
280,24,24,8,0
109,45,13,13,5
352,32,0,0,0
177,49,17,1,1
836,4,4,4,4
705,1,1,1,1
263,7,7,7,7
880,48,16,0,0
737,33,1,1,1
756,52,20,4,4
429,45,13,13,5
377,57,25,9,1
120,56,24,8,0
871,39,7,7,7
243,51,19,3,3
276,20,20,4,4
746,42,10,10,2
865,33,1,1,1
223,31,31,15,7
985,25,25,9,1
397,13,13,13,5
391,7,7,7,7
356,36,4,4,4
452,4,4,4,4
833,1,1,1,1
622,46,14,14,6
152,24,24,8,0
810,42,10,10,2
480,32,0,0,0
987,27,27,11,3
887,55,23,7,7
845,13,13,13,5
994,34,2,2,2
7,7,7,7,7
565,53,21,5,5
987,27,27,11,3
342,22,22,6,6
155,27,27,11,3
802,34,2,2,2
907,11,11,11,3
752,48,16,0,0
650,10,10,10,2
587,11,11,11,3
53,53,21,5,5
181,53,21,5,5
88,24,24,8,0
980,20,20,4,4
190,62,30,14,6
48,48,16,0,0
889,57,25,9,1
372,52,20,4,4
810,42,10,10,2
668,28,28,12,4
255,63,31,15,7
145,17,17,1,1
205,13,13,13,5
900,4,4,4,4
833,1,1,1,1
679,39,7,7,7
472,24,24,8,0
922,26,26,10,2
426,42,10,10,2
853,21,21,5,5
162,34,2,2,2
339,19,19,3,3
542,30,30,14,6
63,63,31,15,7
936,40,8,8,0
293,37,5,5,5
66,2,2,2,2
159,31,31,15,7
624,48,16,0,0
428,44,12,12,4
847,15,15,15,7
908,12,12,12,4
117,53,21,5,5
506,58,26,10,2
958,62,30,14,6
823,55,23,7,7
862,30,30,14,6
190,62,30,14,6
983,23,23,7,7
871,39,7,7,7
218,26,26,10,2
700,60,28,12,4
12,12,12,12,4
868,36,4,4,4
24,24,24,8,0
994,34,2,2,2
488,40,8,8,0
349,29,29,13,5
43,43,11,11,3
304,48,16,0,0
629,53,21,5,5
258,2,2,2,2
375,55,23,7,7
326,6,6,6,6
959,63,31,15,7
79,15,15,15,7
382,62,30,14,6
105,41,9,9,1
120,56,24,8,0
963,3,3,3,3
12,12,12,12,4
348,28,28,12,4
421,37,5,5,5
381,61,29,13,5
791,23,23,7,7
996,36,4,4,4
45,45,13,13,5
183,55,23,7,7
342,22,22,6,6
613,37,5,5,5
897,1,1,1,1
657,17,17,1,1
604,28,28,12,4
463,15,15,15,7
952,56,24,8,0
662,22,22,6,6
78,14,14,14,6
617,41,9,9,1
863,31,31,15,7
346,26,26,10,2
75,11,11,11,3
753,49,17,1,1
992,32,0,0,0
839,7,7,7,7
327,7,7,7,7
28,28,28,12,4
498,50,18,2,2
613,37,5,5,5
189,61,29,13,5
83,19,19,3,3
828,60,28,12,4
749,45,13,13,5
132,4,4,4,4
111,47,15,15,7
916,20,20,4,4
26,26,26,10,2
543,31,31,15,7
680,40,8,8,0
566,54,22,6,6
192,0,0,0,0
680,40,8,8,0
268,12,12,12,4
507,59,27,11,3
406,22,22,6,6
933,37,5,5,5
512,0,0,0,0
127,63,31,15,7
273,17,17,1,1
580,4,4,4,4
50,50,18,2,2
948,52,20,4,4
792,24,24,8,0
58,58,26,10,2
526,14,14,14,6
978,18,18,2,2
798,30,30,14,6
185,57,25,9,1
475,27,27,11,3
222,30,30,14,6
781,13,13,13,5
530,18,18,2,2
357,37,5,5,5
934,38,6,6,6
97,33,1,1,1
612,36,4,4,4
246,54,22,6,6
219,27,27,11,3
594,18,18,2,2
671,31,31,15,7
187,59,27,11,3
744,40,8,8,0
290,34,2,2,2
532,20,20,4,4
522,10,10,10,2
332,12,12,12,4
944,48,16,0,0
255,63,31,15,7
689,49,17,1,1
806,38,6,6,6
19,19,19,3,3
428,44,12,12,4
276,20,20,4,4
687,47,15,15,7
672,32,0,0,0
529,17,17,1,1
423,39,7,7,7
673,33,1,1,1
596,20,20,4,4
920,24,24,8,0
693,53,21,5,5
128,0,0,0,0
416,32,0,0,0
282,26,26,10,2
665,25,25,9,1
2,2,2,2,2
685,45,13,13,5
942,46,14,14,6
92,28,28,12,4
592,16,16,0,0
574,62,30,14,6
569,57,25,9,1
715,11,11,11,3
646,6,6,6,6
674,34,2,2,2
807,39,7,7,7
217,25,25,9,1
221,29,29,13,5
184,56,24,8,0
208,16,16,0,0
251,59,27,11,3
792,24,24,8,0
402,18,18,2,2
331,11,11,11,3
318,62,30,14,6
36,36,4,4,4
156,28,28,12,4
248,56,24,8,0
787,19,19,3,3
189,61,29,13,5
77,13,13,13,5
94,30,30,14,6
288,32,0,0,0
796,28,28,12,4
378,58,26,10,2
90,26,26,10,2
36,36,4,4,4
777,9,9,9,1
296,40,8,8,0
665,25,25,9,1
248,56,24,8,0
477,29,29,13,5
896,0,0,0,0
528,16,16,0,0
471,23,23,7,7
786,18,18,2,2
410,26,26,10,2
840,8,8,8,0
338,18,18,2,2
730,26,26,10,2
285,29,29,13,5
767,63,31,15,7
422,38,6,6,6
828,60,28,12,4
163,35,3,3,3
730,26,26,10,2
223,31,31,15,7
638,62,30,14,6
951,55,23,7,7
858,26,26,10,2
990,30,30,14,6
588,12,12,12,4
438,54,22,6,6
19,19,19,3,3
467,19,19,3,3
855,23,23,7,7
775,7,7,7,7
226,34,2,2,2
107,43,11,11,3
459,11,11,11,3
52,52,20,4,4
928,32,0,0,0
433,49,17,1,1
762,58,26,10,2
653,13,13,13,5
270,14,14,14,6
274,18,18,2,2
897,1,1,1,1
353,33,1,1,1
638,62,30,14,6
91,27,27,11,3
214,22,22,6,6
573,61,29,13,5
527,15,15,15,7
558,46,14,14,6
558,46,14,14,6
917,21,21,5,5
586,10,10,10,2
795,27,27,11,3
138,10,10,10,2
994,34,2,2,2
927,31,31,15,7
696,56,24,8,0
107,43,11,11,3
255,63,31,15,7
291,35,3,3,3
510,62,30,14,6
356,36,4,4,4
707,3,3,3,3
435,51,19,3,3
980,20,20,4,4
460,12,12,12,4
213,21,21,5,5
399,15,15,15,7
837,5,5,5,5
270,14,14,14,6
643,3,3,3,3
122,58,26,10,2
495,47,15,15,7
342,22,22,6,6
924,28,28,12,4
113,49,17,1,1
915,19,19,3,3
776,8,8,8,0
965,5,5,5,5
611,35,3,3,3
4,4,4,4,4
641,1,1,1,1
313,57,25,9,1
286,30,30,14,6
779,11,11,11,3
243,51,19,3,3
921,25,25,9,1
787,19,19,3,3
556,44,12,12,4
109,45,13,13,5
84,20,20,4,4
804,36,4,4,4
953,57,25,9,1
314,58,26,10,2
121,57,25,9,1
713,9,9,9,1
31,31,31,15,7
654,14,14,14,6
386,2,2,2,2
758,54,22,6,6
721,17,17,1,1
550,38,6,6,6
586,10,10,10,2
833,1,1,1,1
659,19,19,3,3
286,30,30,14,6
777,9,9,9,1
732,28,28,12,4
993,33,1,1,1
79,15,15,15,7
973,13,13,13,5
160,32,0,0,0
740,36,4,4,4
47,47,15,15,7
786,18,18,2,2
971,11,11,11,3
929,33,1,1,1
951,55,23,7,7
869,37,5,5,5
164,36,4,4,4
440,56,24,8,0
467,19,19,3,3
814,46,14,14,6
100,36,4,4,4
664,24,24,8,0
558,46,14,14,6
962,2,2,2,2
124,60,28,12,4
530,18,18,2,2
309,53,21,5,5
135,7,7,7,7
755,51,19,3,3
770,2,2,2,2
916,20,20,4,4
408,24,24,8,0
186,58,26,10,2
641,1,1,1,1
84,20,20,4,4
236,44,12,12,4
397,13,13,13,5
55,55,23,7,7
457,9,9,9,1
899,3,3,3,3
212,20,20,4,4
51,51,19,3,3
545,33,1,1,1
47,47,15,15,7
392,8,8,8,0
343,23,23,7,7
261,5,5,5,5
298,42,10,10,2
276,20,20,4,4
133,5,5,5,5
11,11,11,11,3
647,7,7,7,7
235,43,11,11,3
352,32,0,0,0
257,1,1,1,1
78,14,14,14,6
689,49,17,1,1
890,58,26,10,2
18,18,18,2,2
545,33,1,1,1
217,25,25,9,1
10,10,10,10,2
898,2,2,2,2
174,46,14,14,6
7,7,7,7,7
757,53,21,5,5
444,60,28,12,4
426,42,10,10,2
874,42,10,10,2
893,61,29,13,5
901,5,5,5,5
910,14,14,14,6
624,48,16,0,0
197,5,5,5,5
933,37,5,5,5
364,44,12,12,4
791,23,23,7,7
741,37,5,5,5
579,3,3,3,3
690,50,18,2,2
15,15,15,15,7
738,34,2,2,2
271,15,15,15,7
912,16,16,0,0
735,31,31,15,7
119,55,23,7,7
34,34,2,2,2
436,52,20,4,4
89,25,25,9,1
441,57,25,9,1
869,37,5,5,5
232,40,8,8,0
209,17,17,1,1
773,5,5,5,5
196,4,4,4,4
835,3,3,3,3
590,14,14,14,6
664,24,24,8,0
93,29,29,13,5
918,22,22,6,6
923,27,27,11,3
713,9,9,9,1
304,48,16,0,0
963,3,3,3,3
125,61,29,13,5
677,37,5,5,5
818,50,18,2,2
720,16,16,0,0
799,31,31,15,7
747,43,11,11,3
766,62,30,14,6
124,60,28,12,4
133,5,5,5,5
513,1,1,1,1
673,33,1,1,1
357,37,5,5,5
97,33,1,1,1
24,24,24,8,0
732,28,28,12,4
254,62,30,14,6
90,26,26,10,2
246,54,22,6,6
401,17,17,1,1
700,60,28,12,4
657,17,17,1,1
832,0,0,0,0
232,40,8,8,0
616,40,8,8,0
566,54,22,6,6
124,60,28,12,4
296,40,8,8,0
996,36,4,4,4
721,17,17,1,1
698,58,26,10,2
626,50,18,2,2
307,51,19,3,3
667,27,27,11,3
914,18,18,2,2
204,12,12,12,4
553,41,9,9,1
180,52,20,4,4
257,1,1,1,1
852,20,20,4,4
419,35,3,3,3
239,47,15,15,7
274,18,18,2,2
301,45,13,13,5
52,52,20,4,4
786,18,18,2,2
343,23,23,7,7
328,8,8,8,0
718,14,14,14,6
602,26,26,10,2
18,18,18,2,2
999,39,7,7,7
979,19,19,3,3
422,38,6,6,6
996,36,4,4,4
248,56,24,8,0
180,52,20,4,4
412,28,28,12,4
409,25,25,9,1
951,55,23,7,7
729,25,25,9,1
992,32,0,0,0
909,13,13,13,5
329,9,9,9,1
634,58,26,10,2
741,37,5,5,5
552,40,8,8,0
589,13,13,13,5
193,1,1,1,1
426,42,10,10,2
710,6,6,6,6
314,58,26,10,2
335,15,15,15,7
502,54,22,6,6
239,47,15,15,7
440,56,24,8,0
460,12,12,12,4
154,26,26,10,2
109,45,13,13,5
757,53,21,5,5
349,29,29,13,5
685,45,13,13,5
769,1,1,1,1
761,57,25,9,1
547,35,3,3,3
777,9,9,9,1
433,49,17,1,1
557,45,13,13,5
205,13,13,13,5
661,21,21,5,5
820,52,20,4,4
803,35,3,3,3
211,19,19,3,3
578,2,2,2,2
230,38,6,6,6
469,21,21,5,5
746,42,10,10,2
900,4,4,4,4
87,23,23,7,7
550,38,6,6,6
854,22,22,6,6
207,15,15,15,7
598,22,22,6,6
345,25,25,9,1
510,62,30,14,6
938,42,10,10,2
819,51,19,3,3
954,58,26,10,2
171,43,11,11,3
775,7,7,7,7
110,46,14,14,6
862,30,30,14,6
261,5,5,5,5
505,57,25,9,1
131,3,3,3,3
86,22,22,6,6
305,49,17,1,1
749,45,13,13,5
927,31,31,15,7
9,9,9,9,1
310,54,22,6,6
304,48,16,0,0
705,1,1,1,1
347,27,27,11,3
123,59,27,11,3
170,42,10,10,2
513,1,1,1,1
727,23,23,7,7
27,27,27,11,3
887,55,23,7,7
620,44,12,12,4
568,56,24,8,0
374,54,22,6,6
453,5,5,5,5
534,22,22,6,6
260,4,4,4,4
327,7,7,7,7
951,55,23,7,7
827,59,27,11,3
156,28,28,12,4
585,9,9,9,1
871,39,7,7,7
869,37,5,5,5
179,51,19,3,3
429,45,13,13,5
240,48,16,0,0
716,12,12,12,4
91,27,27,11,3
981,21,21,5,5
245,53,21,5,5
982,22,22,6,6
283,27,27,11,3
900,4,4,4,4
220,28,28,12,4
491,43,11,11,3
433,49,17,1,1
114,50,18,2,2
641,1,1,1,1
74,10,10,10,2
184,56,24,8,0
562,50,18,2,2
498,50,18,2,2
442,58,26,10,2
728,24,24,8,0
59,59,27,11,3
913,17,17,1,1
73,9,9,9,1
784,16,16,0,0
359,39,7,7,7
726,22,22,6,6
798,30,30,14,6
283,27,27,11,3
432,48,16,0,0
142,14,14,14,6
968,8,8,8,0
977,17,17,1,1
6,6,6,6,6
417,33,1,1,1
370,50,18,2,2
768,0,0,0,0
72,8,8,8,0
191,63,31,15,7
414,30,30,14,6
904,8,8,8,0
266,10,10,10,2
713,9,9,9,1
914,18,18,2,2
123,59,27,11,3
768,0,0,0,0
921,25,25,9,1
634,58,26,10,2
658,18,18,2,2
664,24,24,8,0
153,25,25,9,1
831,63,31,15,7
895,63,31,15,7
884,52,20,4,4
661,21,21,5,5
896,0,0,0,0
202,10,10,10,2
748,44,12,12,4
336,16,16,0,0
64,0,0,0,0
94,30,30,14,6
685,45,13,13,5
371,51,19,3,3
568,56,24,8,0
249,57,25,9,1
6,6,6,6,6
360,40,8,8,0
876,44,12,12,4
637,61,29,13,5
586,10,10,10,2
409,25,25,9,1
588,12,12,12,4
437,53,21,5,5
317,61,29,13,5
83,19,19,3,3
510,62,30,14,6
920,24,24,8,0
560,48,16,0,0
346,26,26,10,2
84,20,20,4,4
254,62,30,14,6
985,25,25,9,1
601,25,25,9,1
794,26,26,10,2
570,58,26,10,2
172,44,12,12,4
425,41,9,9,1
711,7,7,7,7
530,18,18,2,2
143,15,15,15,7
528,16,16,0,0
152,24,24,8,0
195,3,3,3,3
35,35,3,3,3
125,61,29,13,5
313,57,25,9,1
558,46,14,14,6
100,36,4,4,4
239,47,15,15,7
82,18,18,2,2
137,9,9,9,1
829,61,29,13,5
171,43,11,11,3
12,12,12,12,4
65,1,1,1,1
507,59,27,11,3
349,29,29,13,5
696,56,24,8,0
570,58,26,10,2
296,40,8,8,0
46,46,14,14,6
632,56,24,8,0
394,10,10,10,2
585,9,9,9,1
860,28,28,12,4
768,0,0,0,0
656,16,16,0,0
479,31,31,15,7
176,48,16,0,0
792,24,24,8,0
9,9,9,9,1
786,18,18,2,2
909,13,13,13,5
212,20,20,4,4
79,15,15,15,7
729,25,25,9,1
49,49,17,1,1
442,58,26,10,2
912,16,16,0,0
336,16,16,0,0
319,63,31,15,7
554,42,10,10,2
490,42,10,10,2
631,55,23,7,7
40,40,8,8,0
993,33,1,1,1
909,13,13,13,5
896,0,0,0,0
422,38,6,6,6
319,63,31,15,7
984,24,24,8,0
817,49,17,1,1
377,57,25,9,1
763,59,27,11,3
386,2,2,2,2
962,2,2,2,2
669,29,29,13,5
249,57,25,9,1
62,62,30,14,6
729,25,25,9,1
327,7,7,7,7
884,52,20,4,4
581,5,5,5,5
604,28,28,12,4
936,40,8,8,0
579,3,3,3,3
228,36,4,4,4
668,28,28,12,4
773,5,5,5,5
83,19,19,3,3
607,31,31,15,7
378,58,26,10,2
770,2,2,2,2
47,47,15,15,7
388,4,4,4,4
131,3,3,3,3
674,34,2,2,2
777,9,9,9,1
69,5,5,5,5
936,40,8,8,0
606,30,30,14,6
611,35,3,3,3
926,30,30,14,6
84,20,20,4,4
401,17,17,1,1
399,15,15,15,7
738,34,2,2,2
258,2,2,2,2
670,30,30,14,6
566,54,22,6,6
298,42,10,10,2
331,11,11,11,3
544,32,0,0,0
689,49,17,1,1
938,42,10,10,2
632,56,24,8,0
363,43,11,11,3
315,59,27,11,3
171,43,11,11,3
14,14,14,14,6
81,17,17,1,1
480,32,0,0,0
775,7,7,7,7
558,46,14,14,6
875,43,11,11,3
511,63,31,15,7
120,56,24,8,0
281,25,25,9,1
935,39,7,7,7
934,38,6,6,6
3,3,3,3,3
993,33,1,1,1
777,9,9,9,1
499,51,19,3,3
934,38,6,6,6
876,44,12,12,4
792,24,24,8,0
879,47,15,15,7
521,9,9,9,1
785,17,17,1,1
383,63,31,15,7
849,17,17,1,1
63,63,31,15,7
468,20,20,4,4
565,53,21,5,5
854,22,22,6,6
379,59,27,11,3
468,20,20,4,4
716,12,12,12,4
341,21,21,5,5
57,57,25,9,1
829,61,29,13,5
961,1,1,1,1
391,7,7,7,7
3,3,3,3,3
896,0,0,0,0
263,7,7,7,7
937,41,9,9,1
118,54,22,6,6
314,58,26,10,2
180,52,20,4,4
709,5,5,5,5
957,61,29,13,5
353,33,1,1,1
426,42,10,10,2
597,21,21,5,5
855,23,23,7,7
3,3,3,3,3
757,53,21,5,5
876,44,12,12,4
632,56,24,8,0
858,26,26,10,2
4,4,4,4,4
833,1,1,1,1
7,7,7,7,7
48,48,16,0,0
933,37,5,5,5
58,58,26,10,2
99,35,3,3,3
267,11,11,11,3
819,51,19,3,3
713,9,9,9,1
70,6,6,6,6
229,37,5,5,5
555,43,11,11,3
298,42,10,10,2
424,40,8,8,0
87,23,23,7,7
811,43,11,11,3
265,9,9,9,1
894,62,30,14,6
935,39,7,7,7
777,9,9,9,1
78,14,14,14,6
740,36,4,4,4
21,21,21,5,5
392,8,8,8,0
678,38,6,6,6
405,21,21,5,5
298,42,10,10,2
746,42,10,10,2
156,28,28,12,4
400,16,16,0,0
645,5,5,5,5
633,57,25,9,1
534,22,22,6,6
231,39,7,7,7
489,41,9,9,1
303,47,15,15,7
138,10,10,10,2
927,31,31,15,7
328,8,8,8,0
771,3,3,3,3
404,20,20,4,4
842,10,10,10,2
756,52,20,4,4
683,43,11,11,3
151,23,23,7,7
661,21,21,5,5
653,13,13,13,5
870,38,6,6,6
523,11,11,11,3
816,48,16,0,0
840,8,8,8,0
494,46,14,14,6
103,39,7,7,7
869,37,5,5,5
544,32,0,0,0
978,18,18,2,2
684,44,12,12,4
742,38,6,6,6
571,59,27,11,3
820,52,20,4,4
315,59,27,11,3
950,54,22,6,6
888,56,24,8,0
172,44,12,12,4
742,38,6,6,6
864,32,0,0,0
847,15,15,15,7
503,55,23,7,7
979,19,19,3,3
102,38,6,6,6
7,7,7,7,7
113,49,17,1,1
396,12,12,12,4
266,10,10,10,2
312,56,24,8,0
921,25,25,9,1
337,17,17,1,1
596,20,20,4,4
373,53,21,5,5
964,4,4,4,4
87,23,23,7,7
101,37,5,5,5
277,21,21,5,5
716,12,12,12,4
826,58,26,10,2
158,30,30,14,6
746,42,10,10,2
528,16,16,0,0
328,8,8,8,0
953,57,25,9,1
975,15,15,15,7
381,61,29,13,5
959,63,31,15,7
99,35,3,3,3
453,5,5,5,5
599,23,23,7,7
690,50,18,2,2
876,44,12,12,4
803,35,3,3,3
804,36,4,4,4
489,41,9,9,1
322,2,2,2,2
466,18,18,2,2
278,22,22,6,6
365,45,13,13,5
137,9,9,9,1
888,56,24,8,0
80,16,16,0,0
431,47,15,15,7
433,49,17,1,1
754,50,18,2,2
2,2,2,2,2
669,29,29,13,5
0,0,0,0,0
532,20,20,4,4
511,63,31,15,7
149,21,21,5,5
690,50,18,2,2
992,32,0,0,0
761,57,25,9,1
392,8,8,8,0
448,0,0,0,0
429,45,13,13,5
418,34,2,2,2
111,47,15,15,7
427,43,11,11,3
507,59,27,11,3
71,7,7,7,7
985,25,25,9,1
197,5,5,5,5
671,31,31,15,7
558,46,14,14,6
802,34,2,2,2
901,5,5,5,5
991,31,31,15,7
555,43,11,11,3
568,56,24,8,0
103,39,7,7,7
161,33,1,1,1
520,8,8,8,0
64,0,0,0,0
320,0,0,0,0
609,33,1,1,1
33,33,1,1,1
36,36,4,4,4
349,29,29,13,5
689,49,17,1,1
587,11,11,11,3
562,50,18,2,2
740,36,4,4,4
116,52,20,4,4
414,30,30,14,6
441,57,25,9,1
246,54,22,6,6
460,12,12,12,4
767,63,31,15,7
542,30,30,14,6
80,16,16,0,0
351,31,31,15,7
733,29,29,13,5
244,52,20,4,4
995,35,3,3,3
850,18,18,2,2
624,48,16,0,0
820,52,20,4,4
593,17,17,1,1
197,5,5,5,5
191,63,31,15,7
889,57,25,9,1
174,46,14,14,6
801,33,1,1,1
96,32,0,0,0
399,15,15,15,7
271,15,15,15,7
467,19,19,3,3
915,19,19,3,3
934,38,6,6,6
616,40,8,8,0
139,11,11,11,3
535,23,23,7,7
782,14,14,14,6
920,24,24,8,0
777,9,9,9,1
187,59,27,11,3
13,13,13,13,5
467,19,19,3,3
315,59,27,11,3
835,3,3,3,3
765,61,29,13,5
839,7,7,7,7
948,52,20,4,4
434,50,18,2,2
568,56,24,8,0
550,38,6,6,6
314,58,26,10,2
937,41,9,9,1
80,16,16,0,0
68,4,4,4,4
628,52,20,4,4
191,63,31,15,7
611,35,3,3,3
797,29,29,13,5
373,53,21,5,5
121,57,25,9,1
476,28,28,12,4
859,27,27,11,3
538,26,26,10,2
399,15,15,15,7
342,22,22,6,6
599,23,23,7,7
320,0,0,0,0
604,28,28,12,4
314,58,26,10,2
541,29,29,13,5
915,19,19,3,3
440,56,24,8,0
944,48,16,0,0
340,20,20,4,4
422,38,6,6,6
994,34,2,2,2
687,47,15,15,7
169,41,9,9,1
89,25,25,9,1
459,11,11,11,3
334,14,14,14,6
379,59,27,11,3
901,5,5,5,5
646,6,6,6,6
365,45,13,13,5
274,18,18,2,2
858,26,26,10,2
380,60,28,12,4
342,22,22,6,6
558,46,14,14,6
433,49,17,1,1
300,44,12,12,4
757,53,21,5,5
183,55,23,7,7
516,4,4,4,4
306,50,18,2,2
577,1,1,1,1
101,37,5,5,5
522,10,10,10,2
565,53,21,5,5
515,3,3,3,3
490,42,10,10,2
907,11,11,11,3
47,47,15,15,7
99,35,3,3,3
472,24,24,8,0
660,20,20,4,4
242,50,18,2,2
624,48,16,0,0
479,31,31,15,7
384,0,0,0,0
115,51,19,3,3
383,63,31,15,7
328,8,8,8,0
198,6,6,6,6
977,17,17,1,1
154,26,26,10,2
522,10,10,10,2
735,31,31,15,7
829,61,29,13,5
126,62,30,14,6
76,12,12,12,4
310,54,22,6,6
601,25,25,9,1
94,30,30,14,6
9,9,9,9,1
865,33,1,1,1
165,37,5,5,5
950,54,22,6,6
180,52,20,4,4
228,36,4,4,4
705,1,1,1,1
606,30,30,14,6
612,36,4,4,4
298,42,10,10,2
928,32,0,0,0
108,44,12,12,4
474,26,26,10,2
854,22,22,6,6
169,41,9,9,1
115,51,19,3,3
58,58,26,10,2
700,60,28,12,4
245,53,21,5,5
713,9,9,9,1
18,18,18,2,2
862,30,30,14,6
200,8,8,8,0
446,62,30,14,6
393,9,9,9,1
586,10,10,10,2
259,3,3,3,3
331,11,11,11,3
240,48,16,0,0
653,13,13,13,5
859,27,27,11,3
390,6,6,6,6
414,30,30,14,6
528,16,16,0,0
584,8,8,8,0
363,43,11,11,3
611,35,3,3,3
480,32,0,0,0
770,2,2,2,2
120,56,24,8,0
231,39,7,7,7
59,59,27,11,3
160,32,0,0,0
169,41,9,9,1
839,7,7,7,7
28,28,28,12,4
824,56,24,8,0
574,62,30,14,6
926,30,30,14,6
320,0,0,0,0
749,45,13,13,5
232,40,8,8,0
603,27,27,11,3
44,44,12,12,4
918,22,22,6,6
35,35,3,3,3
758,54,22,6,6
421,37,5,5,5
512,0,0,0,0
973,13,13,13,5
181,53,21,5,5
397,13,13,13,5
796,28,28,12,4
942,46,14,14,6
899,3,3,3,3
684,44,12,12,4
750,46,14,14,6
782,14,14,14,6
353,33,1,1,1
904,8,8,8,0
756,52,20,4,4
138,10,10,10,2
38,38,6,6,6
95,31,31,15,7
599,23,23,7,7
774,6,6,6,6
544,32,0,0,0
34,34,2,2,2
302,46,14,14,6
550,38,6,6,6
451,3,3,3,3
835,3,3,3,3
939,43,11,11,3
484,36,4,4,4
269,13,13,13,5
560,48,16,0,0
47,47,15,15,7
32,32,0,0,0
839,7,7,7,7
941,45,13,13,5
70,6,6,6,6
789,21,21,5,5
765,61,29,13,5
853,21,21,5,5
181,53,21,5,5
424,40,8,8,0
464,16,16,0,0
675,35,3,3,3
167,39,7,7,7
404,20,20,4,4
627,51,19,3,3
865,33,1,1,1
967,7,7,7,7
55,55,23,7,7
870,38,6,6,6
764,60,28,12,4
19,19,19,3,3
656,16,16,0,0
360,40,8,8,0
826,58,26,10,2
857,25,25,9,1
311,55,23,7,7
846,14,14,14,6
608,32,0,0,0
498,50,18,2,2
724,20,20,4,4
983,23,23,7,7
844,12,12,12,4
233,41,9,9,1
667,27,27,11,3
95,31,31,15,7
772,4,4,4,4
236,44,12,12,4
601,25,25,9,1
143,15,15,15,7
743,39,7,7,7
874,42,10,10,2
85,21,21,5,5
908,12,12,12,4
815,47,15,15,7
805,37,5,5,5
726,22,22,6,6
513,1,1,1,1
598,22,22,6,6
629,53,21,5,5
693,53,21,5,5
583,7,7,7,7
491,43,11,11,3
189,61,29,13,5
925,29,29,13,5
559,47,15,15,7
159,31,31,15,7
347,27,27,11,3
792,24,24,8,0
32,32,0,0,0
995,35,3,3,3
671,31,31,15,7
584,8,8,8,0
45,45,13,13,5
706,2,2,2,2
550,38,6,6,6
489,41,9,9,1
175,47,15,15,7
754,50,18,2,2
531,19,19,3,3
675,35,3,3,3
879,47,15,15,7
120,56,24,8,0
992,32,0,0,0
453,5,5,5,5
743,39,7,7,7
83,19,19,3,3
787,19,19,3,3
368,48,16,0,0
717,13,13,13,5
449,1,1,1,1
802,34,2,2,2
460,12,12,12,4
336,16,16,0,0
121,57,25,9,1
882,50,18,2,2
41,41,9,9,1
646,6,6,6,6
403,19,19,3,3
722,18,18,2,2
712,8,8,8,0
186,58,26,10,2
806,38,6,6,6
922,26,26,10,2
503,55,23,7,7
364,44,12,12,4
541,29,29,13,5
653,13,13,13,5
127,63,31,15,7
360,40,8,8,0
405,21,21,5,5
696,56,24,8,0
673,33,1,1,1
905,9,9,9,1
142,14,14,14,6
714,10,10,10,2
187,59,27,11,3
209,17,17,1,1
430,46,14,14,6
181,53,21,5,5
330,10,10,10,2
232,40,8,8,0
382,62,30,14,6
92,28,28,12,4
804,36,4,4,4
650,10,10,10,2
203,11,11,11,3
448,0,0,0,0
823,55,23,7,7
184,56,24,8,0
668,28,28,12,4
261,5,5,5,5
183,55,23,7,7
736,32,0,0,0
254,62,30,14,6
328,8,8,8,0
920,24,24,8,0
727,23,23,7,7
186,58,26,10,2
154,26,26,10,2
779,11,11,11,3
854,22,22,6,6
695,55,23,7,7
149,21,21,5,5
896,0,0,0,0
493,45,13,13,5
85,21,21,5,5
213,21,21,5,5
481,33,1,1,1
914,18,18,2,2
315,59,27,11,3
397,13,13,13,5
145,17,17,1,1
39,39,7,7,7
276,20,20,4,4
513,1,1,1,1
367,47,15,15,7
440,56,24,8,0
111,47,15,15,7
731,27,27,11,3
224,32,0,0,0
770,2,2,2,2
524,12,12,12,4
137,9,9,9,1
449,1,1,1,1
533,21,21,5,5
520,8,8,8,0
622,46,14,14,6
473,25,25,9,1
907,11,11,11,3
32,32,0,0,0
152,24,24,8,0
63,63,31,15,7
971,11,11,11,3
675,35,3,3,3
306,50,18,2,2
277,21,21,5,5
128,0,0,0,0
707,3,3,3,3
362,42,10,10,2
240,48,16,0,0
380,60,28,12,4
722,18,18,2,2
602,26,26,10,2
124,60,28,12,4
464,16,16,0,0
49,49,17,1,1
629,53,21,5,5
668,28,28,12,4
835,3,3,3,3
764,60,28,12,4
92,28,28,12,4
303,47,15,15,7
298,42,10,10,2
722,18,18,2,2
373,53,21,5,5
639,63,31,15,7
646,6,6,6,6
428,44,12,12,4
476,28,28,12,4
591,15,15,15,7
893,61,29,13,5
211,19,19,3,3
349,29,29,13,5
96,32,0,0,0
502,54,22,6,6
777,9,9,9,1
189,61,29,13,5
270,14,14,14,6
872,40,8,8,0
399,15,15,15,7
611,35,3,3,3
571,59,27,11,3
548,36,4,4,4
876,44,12,12,4
612,36,4,4,4
574,62,30,14,6
965,5,5,5,5
132,4,4,4,4
158,30,30,14,6
830,62,30,14,6
877,45,13,13,5
899,3,3,3,3
70,6,6,6,6
179,51,19,3,3
797,29,29,13,5
627,51,19,3,3
70,6,6,6,6
344,24,24,8,0
826,58,26,10,2
945,49,17,1,1
992,32,0,0,0
188,60,28,12,4
756,52,20,4,4
227,35,3,3,3
566,54,22,6,6
515,3,3,3,3
884,52,20,4,4
176,48,16,0,0
964,4,4,4,4
695,55,23,7,7
376,56,24,8,0
85,21,21,5,5
203,11,11,11,3
144,16,16,0,0
988,28,28,12,4
733,29,29,13,5
139,11,11,11,3
780,12,12,12,4
405,21,21,5,5
820,52,20,4,4
159,31,31,15,7
773,5,5,5,5
355,35,3,3,3
802,34,2,2,2
294,38,6,6,6
104,40,8,8,0
545,33,1,1,1
526,14,14,14,6
467,19,19,3,3
343,23,23,7,7
662,22,22,6,6
556,44,12,12,4
313,57,25,9,1
417,33,1,1,1
360,40,8,8,0
630,54,22,6,6
914,18,18,2,2
926,30,30,14,6
863,31,31,15,7
4,4,4,4,4
45,45,13,13,5
119,55,23,7,7
271,15,15,15,7
23,23,23,7,7
225,33,1,1,1
251,59,27,11,3
770,2,2,2,2
83,19,19,3,3
401,17,17,1,1
195,3,3,3,3
163,35,3,3,3
632,56,24,8,0
426,42,10,10,2
745,41,9,9,1
980,20,20,4,4
629,53,21,5,5
663,23,23,7,7
688,48,16,0,0
237,45,13,13,5
863,31,31,15,7
979,19,19,3,3
795,27,27,11,3
75,11,11,11,3
335,15,15,15,7
414,30,30,14,6
111,47,15,15,7
891,59,27,11,3
928,32,0,0,0
354,34,2,2,2
331,11,11,11,3
932,36,4,4,4
499,51,19,3,3
855,23,23,7,7
879,47,15,15,7
195,3,3,3,3
405,21,21,5,5
369,49,17,1,1
221,29,29,13,5
458,10,10,10,2
819,51,19,3,3
324,4,4,4,4
762,58,26,10,2
926,30,30,14,6
132,4,4,4,4
408,24,24,8,0
898,2,2,2,2
62,62,30,14,6
298,42,10,10,2
276,20,20,4,4
720,16,16,0,0
592,16,16,0,0
867,35,3,3,3
712,8,8,8,0
541,29,29,13,5
593,17,17,1,1
774,6,6,6,6
790,22,22,6,6
720,16,16,0,0
493,45,13,13,5
988,28,28,12,4
209,17,17,1,1
222,30,30,14,6
58,58,26,10,2
690,50,18,2,2
923,27,27,11,3
397,13,13,13,5
811,43,11,11,3
27,27,27,11,3
133,5,5,5,5
187,59,27,11,3
645,5,5,5,5
888,56,24,8,0
114,50,18,2,2
707,3,3,3,3
109,45,13,13,5
59,59,27,11,3
291,35,3,3,3
538,26,26,10,2
97,33,1,1,1
881,49,17,1,1
646,6,6,6,6
74,10,10,10,2
17,17,17,1,1
258,2,2,2,2
579,3,3,3,3
439,55,23,7,7
857,25,25,9,1
641,1,1,1,1
384,0,0,0,0
466,18,18,2,2
188,60,28,12,4
742,38,6,6,6
224,32,0,0,0
339,19,19,3,3
562,50,18,2,2
20,20,20,4,4
663,23,23,7,7
928,32,0,0,0
46,46,14,14,6
684,44,12,12,4
84,20,20,4,4
220,28,28,12,4
808,40,8,8,0
380,60,28,12,4
261,5,5,5,5
177,49,17,1,1
612,36,4,4,4
584,8,8,8,0
368,48,16,0,0
604,28,28,12,4
523,11,11,11,3
789,21,21,5,5
892,60,28,12,4
749,45,13,13,5
761,57,25,9,1
520,8,8,8,0
492,44,12,12,4
860,28,28,12,4
113,49,17,1,1
325,5,5,5,5
368,48,16,0,0
40,40,8,8,0
794,26,26,10,2
332,12,12,12,4
526,14,14,14,6
227,35,3,3,3
763,59,27,11,3
504,56,24,8,0
380,60,28,12,4
609,33,1,1,1
636,60,28,12,4
418,34,2,2,2
386,2,2,2,2
83,19,19,3,3
442,58,26,10,2
818,50,18,2,2
435,51,19,3,3
765,61,29,13,5
586,10,10,10,2
860,28,28,12,4
18,18,18,2,2
300,44,12,12,4
251,59,27,11,3
807,39,7,7,7
800,32,0,0,0
669,29,29,13,5
440,56,24,8,0
928,32,0,0,0
657,17,17,1,1
589,13,13,13,5
478,30,30,14,6
621,45,13,13,5
979,19,19,3,3
134,6,6,6,6
406,22,22,6,6
80,16,16,0,0
643,3,3,3,3
217,25,25,9,1
348,28,28,12,4
880,48,16,0,0
751,47,15,15,7
507,59,27,11,3
87,23,23,7,7
358,38,6,6,6
977,17,17,1,1
624,48,16,0,0
569,57,25,9,1
204,12,12,12,4
326,6,6,6,6
440,56,24,8,0
306,50,18,2,2
818,50,18,2,2
683,43,11,11,3
308,52,20,4,4
792,24,24,8,0
449,1,1,1,1
955,59,27,11,3
72,8,8,8,0
535,23,23,7,7
555,43,11,11,3
33,33,1,1,1
319,63,31,15,7
28,28,28,12,4
754,50,18,2,2
458,10,10,10,2
771,3,3,3,3
310,54,22,6,6
537,25,25,9,1
143,15,15,15,7
488,40,8,8,0
562,50,18,2,2
17,17,17,1,1
687,47,15,15,7
959,63,31,15,7
286,30,30,14,6
886,54,22,6,6
331,11,11,11,3
353,33,1,1,1
394,10,10,10,2
846,14,14,14,6
692,52,20,4,4
580,4,4,4,4
256,0,0,0,0
379,59,27,11,3
727,23,23,7,7
51,51,19,3,3
432,48,16,0,0
915,19,19,3,3
402,18,18,2,2
791,23,23,7,7
434,50,18,2,2
894,62,30,14,6
239,47,15,15,7
365,45,13,13,5
629,53,21,5,5
928,32,0,0,0
262,6,6,6,6
452,4,4,4,4
572,60,28,12,4
259,3,3,3,3
648,8,8,8,0
276,20,20,4,4
246,54,22,6,6
987,27,27,11,3
142,14,14,14,6
765,61,29,13,5
738,34,2,2,2
827,59,27,11,3
434,50,18,2,2
159,31,31,15,7
126,62,30,14,6
917,21,21,5,5
473,25,25,9,1
180,52,20,4,4
344,24,24,8,0
831,63,31,15,7
171,43,11,11,3
207,15,15,15,7
420,36,4,4,4
183,55,23,7,7
909,13,13,13,5
899,3,3,3,3
612,36,4,4,4
646,6,6,6,6
670,30,30,14,6
907,11,11,11,3
113,49,17,1,1
462,14,14,14,6
53,53,21,5,5
250,58,26,10,2
526,14,14,14,6
834,2,2,2,2
59,59,27,11,3
126,62,30,14,6
726,22,22,6,6
752,48,16,0,0
630,54,22,6,6
800,32,0,0,0
280,24,24,8,0
229,37,5,5,5
8,8,8,8,0
188,60,28,12,4
255,63,31,15,7
433,49,17,1,1
667,27,27,11,3
503,55,23,7,7
667,27,27,11,3
669,29,29,13,5
908,12,12,12,4
628,52,20,4,4
930,34,2,2,2
3,3,3,3,3
684,44,12,12,4
696,56,24,8,0
119,55,23,7,7
507,59,27,11,3
775,7,7,7,7
775,7,7,7,7
390,6,6,6,6
325,5,5,5,5
190,62,30,14,6
368,48,16,0,0
277,21,21,5,5
443,59,27,11,3
573,61,29,13,5
7,7,7,7,7
430,46,14,14,6
9,9,9,9,1
703,63,31,15,7
326,6,6,6,6
347,27,27,11,3
707,3,3,3,3
541,29,29,13,5
682,42,10,10,2
538,26,26,10,2
175,47,15,15,7
679,39,7,7,7
674,34,2,2,2
746,42,10,10,2
627,51,19,3,3
265,9,9,9,1
842,10,10,10,2
154,26,26,10,2
82,18,18,2,2
231,39,7,7,7
595,19,19,3,3
831,63,31,15,7
20,20,20,4,4
269,13,13,13,5
473,25,25,9,1
127,63,31,15,7
229,37,5,5,5
611,35,3,3,3
252,60,28,12,4
161,33,1,1,1
497,49,17,1,1
834,2,2,2,2
410,26,26,10,2
888,56,24,8,0
797,29,29,13,5
380,60,28,12,4
486,38,6,6,6
346,26,26,10,2
910,14,14,14,6
999,39,7,7,7
687,47,15,15,7
824,56,24,8,0
126,62,30,14,6
496,48,16,0,0
947,51,19,3,3
610,34,2,2,2
15,15,15,15,7
368,48,16,0,0
718,14,14,14,6
408,24,24,8,0
683,43,11,11,3
367,47,15,15,7
288,32,0,0,0
343,23,23,7,7
724,20,20,4,4
489,41,9,9,1
708,4,4,4,4
433,49,17,1,1
793,25,25,9,1
700,60,28,12,4
442,58,26,10,2
838,6,6,6,6
173,45,13,13,5
481,33,1,1,1
284,28,28,12,4
397,13,13,13,5
802,34,2,2,2
511,63,31,15,7
582,6,6,6,6
86,22,22,6,6
691,51,19,3,3
832,0,0,0,0
559,47,15,15,7
371,51,19,3,3
851,19,19,3,3
758,54,22,6,6
870,38,6,6,6
714,10,10,10,2
458,10,10,10,2
436,52,20,4,4
147,19,19,3,3
340,20,20,4,4
93,29,29,13,5
516,4,4,4,4
145,17,17,1,1
238,46,14,14,6
142,14,14,14,6
625,49,17,1,1
604,28,28,12,4
811,43,11,11,3
412,28,28,12,4
732,28,28,12,4
738,34,2,2,2
651,11,11,11,3
676,36,4,4,4
280,24,24,8,0
195,3,3,3,3
633,57,25,9,1
459,11,11,11,3
196,4,4,4,4
911,15,15,15,7
499,51,19,3,3
406,22,22,6,6
542,30,30,14,6
543,31,31,15,7
703,63,31,15,7
292,36,4,4,4
752,48,16,0,0
677,37,5,5,5
878,46,14,14,6
435,51,19,3,3
463,15,15,15,7
194,2,2,2,2
359,39,7,7,7
874,42,10,10,2
648,8,8,8,0
944,48,16,0,0
167,39,7,7,7
217,25,25,9,1
809,41,9,9,1
370,50,18,2,2
926,30,30,14,6
256,0,0,0,0
945,49,17,1,1
255,63,31,15,7
673,33,1,1,1
578,2,2,2,2
952,56,24,8,0
100,36,4,4,4
144,16,16,0,0
796,28,28,12,4
699,59,27,11,3
396,12,12,12,4
82,18,18,2,2
757,53,21,5,5
849,17,17,1,1
704,0,0,0,0
915,19,19,3,3
149,21,21,5,5
300,44,12,12,4
4,4,4,4,4
584,8,8,8,0
716,12,12,12,4
246,54,22,6,6
38,38,6,6,6
775,7,7,7,7
963,3,3,3,3
211,19,19,3,3
918,22,22,6,6
830,62,30,14,6
163,35,3,3,3
90,26,26,10,2
309,53,21,5,5
668,28,28,12,4
496,48,16,0,0
201,9,9,9,1
481,33,1,1,1
515,3,3,3,3
895,63,31,15,7
337,17,17,1,1
888,56,24,8,0
36,36,4,4,4
992,32,0,0,0
813,45,13,13,5
497,49,17,1,1
532,20,20,4,4
376,56,24,8,0
12,12,12,12,4
439,55,23,7,7
346,26,26,10,2
464,16,16,0,0
34,34,2,2,2
164,36,4,4,4
633,57,25,9,1
501,53,21,5,5
964,4,4,4,4
662,22,22,6,6
749,45,13,13,5
22,22,22,6,6
49,49,17,1,1
49,49,17,1,1
478,30,30,14,6
187,59,27,11,3
342,22,22,6,6
186,58,26,10,2
435,51,19,3,3
966,6,6,6,6
494,46,14,14,6
664,24,24,8,0
933,37,5,5,5
801,33,1,1,1
815,47,15,15,7
82,18,18,2,2
155,27,27,11,3
870,38,6,6,6
22,22,22,6,6
229,37,5,5,5
377,57,25,9,1
323,3,3,3,3
180,52,20,4,4
171,43,11,11,3
432,48,16,0,0
257,1,1,1,1
994,34,2,2,2
187,59,27,11,3
874,42,10,10,2
105,41,9,9,1
392,8,8,8,0
530,18,18,2,2
793,25,25,9,1
555,43,11,11,3
751,47,15,15,7
772,4,4,4,4
81,17,17,1,1
453,5,5,5,5
56,56,24,8,0
142,14,14,14,6
390,6,6,6,6
518,6,6,6,6
971,11,11,11,3
453,5,5,5,5
767,63,31,15,7
647,7,7,7,7
474,26,26,10,2
132,4,4,4,4
192,0,0,0,0
976,16,16,0,0
531,19,19,3,3
577,1,1,1,1
79,15,15,15,7
531,19,19,3,3
462,14,14,14,6
195,3,3,3,3
820,52,20,4,4
409,25,25,9,1
444,60,28,12,4
320,0,0,0,0
86,22,22,6,6
972,12,12,12,4
1,1,1,1,1
764,60,28,12,4
376,56,24,8,0
772,4,4,4,4
688,48,16,0,0
968,8,8,8,0
339,19,19,3,3
62,62,30,14,6
451,3,3,3,3
615,39,7,7,7
224,32,0,0,0
26,26,26,10,2
273,17,17,1,1
616,40,8,8,0
6,6,6,6,6
385,1,1,1,1
604,28,28,12,4
298,42,10,10,2
63,63,31,15,7
738,34,2,2,2
824,56,24,8,0
826,58,26,10,2
80,16,16,0,0
598,22,22,6,6
64,0,0,0,0
832,0,0,0,0
659,19,19,3,3
370,50,18,2,2
619,43,11,11,3
567,55,23,7,7
943,47,15,15,7
127,63,31,15,7
590,14,14,14,6
856,24,24,8,0
107,43,11,11,3
131,3,3,3,3
116,52,20,4,4
381,61,29,13,5
575,63,31,15,7
496,48,16,0,0
160,32,0,0,0
161,33,1,1,1
905,9,9,9,1
158,30,30,14,6
528,16,16,0,0
971,11,11,11,3
763,59,27,11,3
259,3,3,3,3
224,32,0,0,0
81,17,17,1,1
515,3,3,3,3
844,12,12,12,4
365,45,13,13,5
561,49,17,1,1
568,56,24,8,0
295,39,7,7,7
857,25,25,9,1
731,27,27,11,3
333,13,13,13,5
718,14,14,14,6
718,14,14,14,6
838,6,6,6,6
919,23,23,7,7
655,15,15,15,7
807,39,7,7,7
439,55,23,7,7
352,32,0,0,0
308,52,20,4,4
852,20,20,4,4
20,20,20,4,4
241,49,17,1,1
687,47,15,15,7
292,36,4,4,4
907,11,11,11,3
150,22,22,6,6
331,11,11,11,3
690,50,18,2,2
734,30,30,14,6
304,48,16,0,0
515,3,3,3,3
907,11,11,11,3
131,3,3,3,3
754,50,18,2,2
764,60,28,12,4
658,18,18,2,2
839,7,7,7,7
587,11,11,11,3
315,59,27,11,3
671,31,31,15,7
365,45,13,13,5
562,50,18,2,2
678,38,6,6,6
874,42,10,10,2
723,19,19,3,3
389,5,5,5,5
117,53,21,5,5
916,20,20,4,4
272,16,16,0,0
492,44,12,12,4
490,42,10,10,2
412,28,28,12,4
189,61,29,13,5
511,63,31,15,7
820,52,20,4,4
466,18,18,2,2
23,23,23,7,7
601,25,25,9,1
188,60,28,12,4
585,9,9,9,1
316,60,28,12,4
308,52,20,4,4
809,41,9,9,1
694,54,22,6,6
124,60,28,12,4
84,20,20,4,4
673,33,1,1,1
734,30,30,14,6
606,30,30,14,6
951,55,23,7,7
347,27,27,11,3
499,51,19,3,3
235,43,11,11,3
490,42,10,10,2
518,6,6,6,6
828,60,28,12,4
929,33,1,1,1
477,29,29,13,5
416,32,0,0,0
522,10,10,10,2
443,59,27,11,3
626,50,18,2,2
239,47,15,15,7
230,38,6,6,6
177,49,17,1,1
737,33,1,1,1
537,25,25,9,1
852,20,20,4,4
843,11,11,11,3
226,34,2,2,2
936,40,8,8,0
524,12,12,12,4
788,20,20,4,4
483,35,3,3,3
777,9,9,9,1
325,5,5,5,5
348,28,28,12,4
218,26,26,10,2
223,31,31,15,7
353,33,1,1,1
241,49,17,1,1
581,5,5,5,5
808,40,8,8,0
907,11,11,11,3
848,16,16,0,0
847,15,15,15,7
56,56,24,8,0
7,7,7,7,7
601,25,25,9,1
183,55,23,7,7
864,32,0,0,0
607,31,31,15,7
963,3,3,3,3
483,35,3,3,3
113,49,17,1,1
4,4,4,4,4
969,9,9,9,1
978,18,18,2,2
490,42,10,10,2
142,14,14,14,6
779,11,11,11,3
900,4,4,4,4
723,19,19,3,3
214,22,22,6,6
369,49,17,1,1
740,36,4,4,4
793,25,25,9,1
25,25,25,9,1
624,48,16,0,0
258,2,2,2,2
670,30,30,14,6
73,9,9,9,1
0,0,0,0,0
54,54,22,6,6
109,45,13,13,5
326,6,6,6,6
572,60,28,12,4
209,17,17,1,1
14,14,14,14,6
405,21,21,5,5
567,55,23,7,7
905,9,9,9,1
148,20,20,4,4
75,11,11,11,3
619,43,11,11,3
138,10,10,10,2
439,55,23,7,7
376,56,24,8,0
580,4,4,4,4
356,36,4,4,4
535,23,23,7,7
652,12,12,12,4
887,55,23,7,7
94,30,30,14,6
794,26,26,10,2
491,43,11,11,3
72,8,8,8,0
944,48,16,0,0
786,18,18,2,2
659,19,19,3,3
607,31,31,15,7
335,15,15,15,7
884,52,20,4,4
567,55,23,7,7
108,44,12,12,4
813,45,13,13,5
822,54,22,6,6
121,57,25,9,1
218,26,26,10,2
777,9,9,9,1
761,57,25,9,1
286,30,30,14,6
829,61,29,13,5
995,35,3,3,3
513,1,1,1,1
564,52,20,4,4
26,26,26,10,2
406,22,22,6,6
797,29,29,13,5
545,33,1,1,1
259,3,3,3,3
504,56,24,8,0
143,15,15,15,7
804,36,4,4,4
613,37,5,5,5
617,41,9,9,1
44,44,12,12,4
423,39,7,7,7
232,40,8,8,0
554,42,10,10,2
897,1,1,1,1
210,18,18,2,2
987,27,27,11,3
211,19,19,3,3
938,42,10,10,2
201,9,9,9,1
249,57,25,9,1
77,13,13,13,5
632,56,24,8,0
13,13,13,13,5
652,12,12,12,4
307,51,19,3,3
595,19,19,3,3
183,55,23,7,7
154,26,26,10,2
692,52,20,4,4
999,39,7,7,7
989,29,29,13,5
443,59,27,11,3
286,30,30,14,6
831,63,31,15,7
217,25,25,9,1
499,51,19,3,3
556,44,12,12,4
777,9,9,9,1
948,52,20,4,4
698,58,26,10,2
46,46,14,14,6
41,41,9,9,1
514,2,2,2,2
446,62,30,14,6
802,34,2,2,2
545,33,1,1,1
748,44,12,12,4
514,2,2,2,2
34,34,2,2,2
858,26,26,10,2
383,63,31,15,7
559,47,15,15,7
743,39,7,7,7
163,35,3,3,3
480,32,0,0,0
577,1,1,1,1
300,44,12,12,4
934,38,6,6,6
307,51,19,3,3
630,54,22,6,6
756,52,20,4,4
354,34,2,2,2
36,36,4,4,4
327,7,7,7,7
735,31,31,15,7
120,56,24,8,0
226,34,2,2,2
4,4,4,4,4
530,18,18,2,2
214,22,22,6,6
673,33,1,1,1
622,46,14,14,6
727,23,23,7,7
644,4,4,4,4
760,56,24,8,0
808,40,8,8,0
737,33,1,1,1
343,23,23,7,7
694,54,22,6,6
149,21,21,5,5
466,18,18,2,2
72,8,8,8,0
984,24,24,8,0
474,26,26,10,2
125,61,29,13,5
882,50,18,2,2
527,15,15,15,7
584,8,8,8,0
191,63,31,15,7
464,16,16,0,0
913,17,17,1,1
250,58,26,10,2
665,25,25,9,1
193,1,1,1,1
888,56,24,8,0
707,3,3,3,3
102,38,6,6,6
409,25,25,9,1
416,32,0,0,0
545,33,1,1,1
277,21,21,5,5
250,58,26,10,2
336,16,16,0,0
521,9,9,9,1
684,44,12,12,4
669,29,29,13,5
330,10,10,10,2
583,7,7,7,7
681,41,9,9,1
891,59,27,11,3
277,21,21,5,5
387,3,3,3,3
168,40,8,8,0
908,12,12,12,4
9,9,9,9,1
258,2,2,2,2
946,50,18,2,2
698,58,26,10,2
477,29,29,13,5
275,19,19,3,3
773,5,5,5,5
857,25,25,9,1
388,4,4,4,4
703,63,31,15,7
738,34,2,2,2
638,62,30,14,6
473,25,25,9,1
71,7,7,7,7
474,26,26,10,2
945,49,17,1,1
975,15,15,15,7
596,20,20,4,4
697,57,25,9,1
450,2,2,2,2
404,20,20,4,4
915,19,19,3,3
130,2,2,2,2
933,37,5,5,5
358,38,6,6,6
317,61,29,13,5
592,16,16,0,0
228,36,4,4,4
15,15,15,15,7
180,52,20,4,4
346,26,26,10,2
379,59,27,11,3
138,10,10,10,2
431,47,15,15,7
12,12,12,12,4
965,5,5,5,5
12,12,12,12,4
955,59,27,11,3
899,3,3,3,3
86,22,22,6,6
962,2,2,2,2
595,19,19,3,3
486,38,6,6,6
688,48,16,0,0
195,3,3,3,3
331,11,11,11,3
124,60,28,12,4
156,28,28,12,4
577,1,1,1,1
552,40,8,8,0
335,15,15,15,7
517,5,5,5,5
950,54,22,6,6
144,16,16,0,0
409,25,25,9,1
960,0,0,0,0
410,26,26,10,2
1,1,1,1,1
73,9,9,9,1
697,57,25,9,1
599,23,23,7,7
89,25,25,9,1
921,25,25,9,1
734,30,30,14,6
429,45,13,13,5
526,14,14,14,6
312,56,24,8,0
437,53,21,5,5
729,25,25,9,1
71,7,7,7,7
700,60,28,12,4
253,61,29,13,5
139,11,11,11,3
109,45,13,13,5
462,14,14,14,6
782,14,14,14,6
823,55,23,7,7
288,32,0,0,0
510,62,30,14,6
878,46,14,14,6
395,11,11,11,3
910,14,14,14,6
915,19,19,3,3
191,63,31,15,7
180,52,20,4,4
438,54,22,6,6
672,32,0,0,0
574,62,30,14,6
371,51,19,3,3
734,30,30,14,6
961,1,1,1,1
527,15,15,15,7
690,50,18,2,2
545,33,1,1,1
342,22,22,6,6
121,57,25,9,1
271,15,15,15,7
144,16,16,0,0
862,30,30,14,6
937,41,9,9,1
148,20,20,4,4
415,31,31,15,7
868,36,4,4,4
175,47,15,15,7
165,37,5,5,5
786,18,18,2,2
552,40,8,8,0
623,47,15,15,7
464,16,16,0,0
210,18,18,2,2
82,18,18,2,2
660,20,20,4,4
149,21,21,5,5
296,40,8,8,0
310,54,22,6,6
610,34,2,2,2
349,29,29,13,5
583,7,7,7,7
536,24,24,8,0
752,48,16,0,0
54,54,22,6,6
330,10,10,10,2
600,24,24,8,0
179,51,19,3,3
646,6,6,6,6
315,59,27,11,3
395,11,11,11,3
25,25,25,9,1
888,56,24,8,0
45,45,13,13,5
437,53,21,5,5
437,53,21,5,5
144,16,16,0,0
539,27,27,11,3
321,1,1,1,1
81,17,17,1,1
715,11,11,11,3
406,22,22,6,6
573,61,29,13,5
797,29,29,13,5
712,8,8,8,0
510,62,30,14,6
783,15,15,15,7
622,46,14,14,6
553,41,9,9,1
466,18,18,2,2
182,54,22,6,6
70,6,6,6,6
341,21,21,5,5
877,45,13,13,5
30,30,30,14,6
945,49,17,1,1
246,54,22,6,6
864,32,0,0,0
764,60,28,12,4
49,49,17,1,1
187,59,27,11,3
976,16,16,0,0
276,20,20,4,4
916,20,20,4,4
691,51,19,3,3
586,10,10,10,2
432,48,16,0,0
195,3,3,3,3
782,14,14,14,6
494,46,14,14,6
156,28,28,12,4
999,39,7,7,7
129,1,1,1,1
199,7,7,7,7
314,58,26,10,2
786,18,18,2,2
287,31,31,15,7
994,34,2,2,2
688,48,16,0,0
858,26,26,10,2
541,29,29,13,5
580,4,4,4,4
249,57,25,9,1
971,11,11,11,3
928,32,0,0,0
251,59,27,11,3
34,34,2,2,2
381,61,29,13,5
897,1,1,1,1
206,14,14,14,6
155,27,27,11,3
446,62,30,14,6
549,37,5,5,5
587,11,11,11,3
584,8,8,8,0
553,41,9,9,1
542,30,30,14,6
690,50,18,2,2
499,51,19,3,3
700,60,28,12,4
279,23,23,7,7
183,55,23,7,7
933,37,5,5,5
968,8,8,8,0
414,30,30,14,6
39,39,7,7,7
695,55,23,7,7
167,39,7,7,7
679,39,7,7,7
75,11,11,11,3
159,31,31,15,7
621,45,13,13,5
788,20,20,4,4
136,8,8,8,0
707,3,3,3,3
125,61,29,13,5
531,19,19,3,3
522,10,10,10,2
237,45,13,13,5
977,17,17,1,1
413,29,29,13,5
2,2,2,2,2
44,44,12,12,4
420,36,4,4,4
543,31,31,15,7
896,0,0,0,0
177,49,17,1,1
527,15,15,15,7
344,24,24,8,0
105,41,9,9,1
649,9,9,9,1
8,8,8,8,0
596,20,20,4,4
323,3,3,3,3
646,6,6,6,6
300,44,12,12,4
70,6,6,6,6
235,43,11,11,3
15,15,15,15,7
694,54,22,6,6
362,42,10,10,2
813,45,13,13,5
745,41,9,9,1
366,46,14,14,6
866,34,2,2,2
859,27,27,11,3
949,53,21,5,5
534,22,22,6,6
862,30,30,14,6
408,24,24,8,0
137,9,9,9,1
948,52,20,4,4
315,59,27,11,3
605,29,29,13,5
286,30,30,14,6
394,10,10,10,2
124,60,28,12,4
734,30,30,14,6
970,10,10,10,2
522,10,10,10,2
660,20,20,4,4
705,1,1,1,1
472,24,24,8,0
428,44,12,12,4
39,39,7,7,7
283,27,27,11,3
524,12,12,12,4
229,37,5,5,5
46,46,14,14,6
951,55,23,7,7
206,14,14,14,6
491,43,11,11,3
334,14,14,14,6
566,54,22,6,6
557,45,13,13,5
231,39,7,7,7
908,12,12,12,4
314,58,26,10,2
791,23,23,7,7
569,57,25,9,1
742,38,6,6,6
91,27,27,11,3
77,13,13,13,5
461,13,13,13,5
958,62,30,14,6
402,18,18,2,2
517,5,5,5,5
29,29,29,13,5
938,42,10,10,2
839,7,7,7,7
340,20,20,4,4
41,41,9,9,1
576,0,0,0,0
708,4,4,4,4
944,48,16,0,0
547,35,3,3,3
516,4,4,4,4
249,57,25,9,1
512,0,0,0,0
101,37,5,5,5
104,40,8,8,0
228,36,4,4,4
831,63,31,15,7
678,38,6,6,6
15,15,15,15,7
244,52,20,4,4
313,57,25,9,1
519,7,7,7,7
637,61,29,13,5
732,28,28,12,4
116,52,20,4,4
581,5,5,5,5
551,39,7,7,7
671,31,31,15,7
560,48,16,0,0
718,14,14,14,6
649,9,9,9,1
122,58,26,10,2
1,1,1,1,1
192,0,0,0,0
61,61,29,13,5
95,31,31,15,7
150,22,22,6,6
320,0,0,0,0
900,4,4,4,4
387,3,3,3,3
263,7,7,7,7
543,31,31,15,7
100,36,4,4,4
881,49,17,1,1
857,25,25,9,1
544,32,0,0,0
427,43,11,11,3
875,43,11,11,3
343,23,23,7,7
414,30,30,14,6
179,51,19,3,3
349,29,29,13,5
846,14,14,14,6
342,22,22,6,6
245,53,21,5,5
856,24,24,8,0
416,32,0,0,0
132,4,4,4,4
593,17,17,1,1
696,56,24,8,0
688,48,16,0,0
377,57,25,9,1
363,43,11,11,3
59,59,27,11,3
649,9,9,9,1
211,19,19,3,3
902,6,6,6,6
366,46,14,14,6
481,33,1,1,1
795,27,27,11,3
398,14,14,14,6
571,59,27,11,3
894,62,30,14,6
484,36,4,4,4
966,6,6,6,6
417,33,1,1,1
476,28,28,12,4
539,27,27,11,3
425,41,9,9,1
497,49,17,1,1
947,51,19,3,3
134,6,6,6,6
679,39,7,7,7
163,35,3,3,3
950,54,22,6,6
261,5,5,5,5
28,28,28,12,4
451,3,3,3,3
503,55,23,7,7
797,29,29,13,5
964,4,4,4,4
742,38,6,6,6
725,21,21,5,5
397,13,13,13,5
769,1,1,1,1
538,26,26,10,2
320,0,0,0,0
928,32,0,0,0
516,4,4,4,4
261,5,5,5,5
84,20,20,4,4
459,11,11,11,3
688,48,16,0,0
872,40,8,8,0
576,0,0,0,0
384,0,0,0,0
855,23,23,7,7
35,35,3,3,3
38,38,6,6,6
769,1,1,1,1
834,2,2,2,2
318,62,30,14,6
398,14,14,14,6
901,5,5,5,5
149,21,21,5,5
737,33,1,1,1
956,60,28,12,4
684,44,12,12,4
132,4,4,4,4
954,58,26,10,2
855,23,23,7,7
345,25,25,9,1
408,24,24,8,0
468,20,20,4,4
38,38,6,6,6
3,3,3,3,3
363,43,11,11,3
412,28,28,12,4
687,47,15,15,7
229,37,5,5,5
486,38,6,6,6
951,55,23,7,7
375,55,23,7,7
1,1,1,1,1
207,15,15,15,7
300,44,12,12,4
612,36,4,4,4
654,14,14,14,6
90,26,26,10,2
25,25,25,9,1
893,61,29,13,5
845,13,13,13,5
116,52,20,4,4
526,14,14,14,6
265,9,9,9,1
967,7,7,7,7
275,19,19,3,3
798,30,30,14,6
42,42,10,10,2
838,6,6,6,6
983,23,23,7,7
83,19,19,3,3
371,51,19,3,3
686,46,14,14,6
490,42,10,10,2
998,38,6,6,6
394,10,10,10,2
728,24,24,8,0
56,56,24,8,0
108,44,12,12,4
502,54,22,6,6
442,58,26,10,2
724,20,20,4,4
72,8,8,8,0
68,4,4,4,4
964,4,4,4,4
465,17,17,1,1
158,30,30,14,6
691,51,19,3,3
987,27,27,11,3
878,46,14,14,6
517,5,5,5,5
685,45,13,13,5
560,48,16,0,0
259,3,3,3,3
495,47,15,15,7
230,38,6,6,6
747,43,11,11,3
91,27,27,11,3
755,51,19,3,3
203,11,11,11,3
966,6,6,6,6
722,18,18,2,2
225,33,1,1,1
34,34,2,2,2
624,48,16,0,0
104,40,8,8,0
609,33,1,1,1
753,49,17,1,1
605,29,29,13,5
333,13,13,13,5
930,34,2,2,2
884,52,20,4,4
105,41,9,9,1
379,59,27,11,3
992,32,0,0,0
111,47,15,15,7
697,57,25,9,1
463,15,15,15,7
232,40,8,8,0
27,27,27,11,3
291,35,3,3,3
518,6,6,6,6
680,40,8,8,0
675,35,3,3,3
540,28,28,12,4
664,24,24,8,0
442,58,26,10,2
863,31,31,15,7
87,23,23,7,7
459,11,11,11,3
898,2,2,2,2
139,11,11,11,3
215,23,23,7,7
850,18,18,2,2
136,8,8,8,0
299,43,11,11,3
692,52,20,4,4
690,50,18,2,2
198,6,6,6,6
622,46,14,14,6
541,29,29,13,5
785,17,17,1,1
763,59,27,11,3
535,23,23,7,7
883,51,19,3,3
888,56,24,8,0
244,52,20,4,4
587,11,11,11,3
959,63,31,15,7
984,24,24,8,0
476,28,28,12,4
963,3,3,3,3
387,3,3,3,3
858,26,26,10,2
932,36,4,4,4
557,45,13,13,5
161,33,1,1,1
364,44,12,12,4
619,43,11,11,3
425,41,9,9,1
331,11,11,11,3
726,22,22,6,6
696,56,24,8,0
565,53,21,5,5
139,11,11,11,3
313,57,25,9,1
972,12,12,12,4
992,32,0,0,0
710,6,6,6,6
571,59,27,11,3
816,48,16,0,0
957,61,29,13,5
835,3,3,3,3
450,2,2,2,2
350,30,30,14,6
552,40,8,8,0
411,27,27,11,3
329,9,9,9,1
420,36,4,4,4
675,35,3,3,3
13,13,13,13,5
681,41,9,9,1
303,47,15,15,7
390,6,6,6,6
92,28,28,12,4
286,30,30,14,6
216,24,24,8,0
558,46,14,14,6
431,47,15,15,7
576,0,0,0,0
940,44,12,12,4
479,31,31,15,7
158,30,30,14,6
595,19,19,3,3
926,30,30,14,6
52,52,20,4,4
253,61,29,13,5
934,38,6,6,6
48,48,16,0,0
627,51,19,3,3
597,21,21,5,5
686,46,14,14,6
582,6,6,6,6
845,13,13,13,5
343,23,23,7,7
778,10,10,10,2
55,55,23,7,7
864,32,0,0,0
968,8,8,8,0
790,22,22,6,6
29,29,29,13,5
80,16,16,0,0
785,17,17,1,1
919,23,23,7,7
989,29,29,13,5
974,14,14,14,6
356,36,4,4,4
841,9,9,9,1
841,9,9,9,1
994,34,2,2,2
139,11,11,11,3
484,36,4,4,4
575,63,31,15,7
830,62,30,14,6
956,60,28,12,4
127,63,31,15,7
722,18,18,2,2
698,58,26,10,2
840,8,8,8,0
738,34,2,2,2
124,60,28,12,4
523,11,11,11,3
346,26,26,10,2
330,10,10,10,2
894,62,30,14,6
477,29,29,13,5
454,6,6,6,6
488,40,8,8,0
960,0,0,0,0
224,32,0,0,0
518,6,6,6,6
225,33,1,1,1
3,3,3,3,3
240,48,16,0,0
99,35,3,3,3
593,17,17,1,1
845,13,13,13,5
845,13,13,13,5
881,49,17,1,1
715,11,11,11,3
500,52,20,4,4
485,37,5,5,5
279,23,23,7,7
644,4,4,4,4
999,39,7,7,7
415,31,31,15,7
58,58,26,10,2
283,27,27,11,3
591,15,15,15,7
707,3,3,3,3
977,17,17,1,1
767,63,31,15,7
605,29,29,13,5
961,1,1,1,1
461,13,13,13,5
548,36,4,4,4
617,41,9,9,1
72,8,8,8,0
902,6,6,6,6
337,17,17,1,1
478,30,30,14,6
437,53,21,5,5
133,5,5,5,5
297,41,9,9,1
573,61,29,13,5
959,63,31,15,7
139,11,11,11,3
140,12,12,12,4
434,50,18,2,2
513,1,1,1,1
977,17,17,1,1
513,1,1,1,1
117,53,21,5,5
358,38,6,6,6
727,23,23,7,7
435,51,19,3,3
961,1,1,1,1
773,5,5,5,5
244,52,20,4,4
484,36,4,4,4
18,18,18,2,2
526,14,14,14,6
8,8,8,8,0
335,15,15,15,7
93,29,29,13,5
847,15,15,15,7
155,27,27,11,3
217,25,25,9,1
549,37,5,5,5
595,19,19,3,3
125,61,29,13,5
185,57,25,9,1
4,4,4,4,4
882,50,18,2,2
479,31,31,15,7
587,11,11,11,3
823,55,23,7,7
543,31,31,15,7
467,19,19,3,3
104,40,8,8,0
545,33,1,1,1
555,43,11,11,3
593,17,17,1,1
749,45,13,13,5
775,7,7,7,7
260,4,4,4,4
681,41,9,9,1
448,0,0,0,0
468,20,20,4,4
705,1,1,1,1
107,43,11,11,3
818,50,18,2,2
185,57,25,9,1
775,7,7,7,7
61,61,29,13,5
350,30,30,14,6
535,23,23,7,7
409,25,25,9,1
539,27,27,11,3
29,29,29,13,5
688,48,16,0,0
457,9,9,9,1
650,10,10,10,2
49,49,17,1,1
532,20,20,4,4
971,11,11,11,3
441,57,25,9,1
345,25,25,9,1
853,21,21,5,5
969,9,9,9,1
733,29,29,13,5
819,51,19,3,3
718,14,14,14,6
770,2,2,2,2
422,38,6,6,6
651,11,11,11,3
752,48,16,0,0
412,28,28,12,4
833,1,1,1,1
524,12,12,12,4
122,58,26,10,2
479,31,31,15,7
962,2,2,2,2
278,22,22,6,6
857,25,25,9,1
400,16,16,0,0
898,2,2,2,2
580,4,4,4,4
26,26,26,10,2
192,0,0,0,0
94,30,30,14,6
99,35,3,3,3
527,15,15,15,7
245,53,21,5,5
842,10,10,10,2
15,15,15,15,7
554,42,10,10,2
936,40,8,8,0
805,37,5,5,5
670,30,30,14,6
36,36,4,4,4
283,27,27,11,3
169,41,9,9,1
113,49,17,1,1
216,24,24,8,0
353,33,1,1,1
334,14,14,14,6
482,34,2,2,2
144,16,16,0,0
747,43,11,11,3
131,3,3,3,3
502,54,22,6,6
14,14,14,14,6
228,36,4,4,4
16,16,16,0,0
182,54,22,6,6
808,40,8,8,0
265,9,9,9,1
660,20,20,4,4
40,40,8,8,0
582,6,6,6,6
697,57,25,9,1
648,8,8,8,0
624,48,16,0,0
384,0,0,0,0
675,35,3,3,3
358,38,6,6,6
701,61,29,13,5
122,58,26,10,2
68,4,4,4,4
230,38,6,6,6
617,41,9,9,1
195,3,3,3,3
915,19,19,3,3
994,34,2,2,2
331,11,11,11,3
365,45,13,13,5
108,44,12,12,4
228,36,4,4,4
310,54,22,6,6
642,2,2,2,2
392,8,8,8,0
156,28,28,12,4
882,50,18,2,2
741,37,5,5,5
152,24,24,8,0
744,40,8,8,0
537,25,25,9,1
766,62,30,14,6
114,50,18,2,2
744,40,8,8,0
54,54,22,6,6
279,23,23,7,7
678,38,6,6,6
264,8,8,8,0
911,15,15,15,7
615,39,7,7,7
66,2,2,2,2
840,8,8,8,0
10,10,10,10,2
752,48,16,0,0
672,32,0,0,0
411,27,27,11,3
855,23,23,7,7
37,37,5,5,5
993,33,1,1,1
300,44,12,12,4
904,8,8,8,0
516,4,4,4,4
261,5,5,5,5
614,38,6,6,6
237,45,13,13,5
584,8,8,8,0
517,5,5,5,5
19,19,19,3,3
214,22,22,6,6
652,12,12,12,4
814,46,14,14,6
703,63,31,15,7
398,14,14,14,6
513,1,1,1,1
490,42,10,10,2
174,46,14,14,6
731,27,27,11,3
664,24,24,8,0
161,33,1,1,1
718,14,14,14,6
106,42,10,10,2
18,18,18,2,2
905,9,9,9,1
522,10,10,10,2
944,48,16,0,0
793,25,25,9,1
139,11,11,11,3
14,14,14,14,6
915,19,19,3,3
252,60,28,12,4
765,61,29,13,5
17,17,17,1,1
720,16,16,0,0
629,53,21,5,5
999,39,7,7,7
600,24,24,8,0
282,26,26,10,2
677,37,5,5,5
905,9,9,9,1
868,36,4,4,4
240,48,16,0,0
246,54,22,6,6
40,40,8,8,0
396,12,12,12,4
833,1,1,1,1
561,49,17,1,1
678,38,6,6,6
946,50,18,2,2
239,47,15,15,7
60,60,28,12,4
820,52,20,4,4
756,52,20,4,4
983,23,23,7,7
885,53,21,5,5
180,52,20,4,4
875,43,11,11,3
388,4,4,4,4
302,46,14,14,6
69,5,5,5,5
385,1,1,1,1
224,32,0,0,0
368,48,16,0,0
714,10,10,10,2
951,55,23,7,7
744,40,8,8,0
496,48,16,0,0
93,29,29,13,5
707,3,3,3,3
982,22,22,6,6
217,25,25,9,1
741,37,5,5,5
905,9,9,9,1
678,38,6,6,6
466,18,18,2,2
996,36,4,4,4
877,45,13,13,5
436,52,20,4,4
873,41,9,9,1
516,4,4,4,4
364,44,12,12,4
14,14,14,14,6
545,33,1,1,1
176,48,16,0,0
456,8,8,8,0
436,52,20,4,4
670,30,30,14,6
960,0,0,0,0
995,35,3,3,3
103,39,7,7,7
842,10,10,10,2
142,14,14,14,6
559,47,15,15,7
892,60,28,12,4
376,56,24,8,0
354,34,2,2,2
279,23,23,7,7
345,25,25,9,1
920,24,24,8,0
150,22,22,6,6
963,3,3,3,3
618,42,10,10,2
46,46,14,14,6
19,19,19,3,3
732,28,28,12,4
718,14,14,14,6
495,47,15,15,7
570,58,26,10,2
806,38,6,6,6
856,24,24,8,0
35,35,3,3,3
463,15,15,15,7
860,28,28,12,4
416,32,0,0,0
588,12,12,12,4
666,26,26,10,2
279,23,23,7,7
7,7,7,7,7
31,31,31,15,7
676,36,4,4,4
78,14,14,14,6
575,63,31,15,7
839,7,7,7,7
105,41,9,9,1
158,30,30,14,6
369,49,17,1,1
117,53,21,5,5
65,1,1,1,1
695,55,23,7,7
263,7,7,7,7
147,19,19,3,3
151,23,23,7,7
808,40,8,8,0
66,2,2,2,2
53,53,21,5,5
267,11,11,11,3
473,25,25,9,1
830,62,30,14,6
239,47,15,15,7
126,62,30,14,6
277,21,21,5,5
395,11,11,11,3
445,61,29,13,5
853,21,21,5,5
254,62,30,14,6
368,48,16,0,0
310,54,22,6,6
360,40,8,8,0
829,61,29,13,5
486,38,6,6,6
36,36,4,4,4
480,32,0,0,0
290,34,2,2,2
887,55,23,7,7
254,62,30,14,6
490,42,10,10,2
255,63,31,15,7
781,13,13,13,5
810,42,10,10,2
256,0,0,0,0
29,29,29,13,5
191,63,31,15,7
200,8,8,8,0
469,21,21,5,5
764,60,28,12,4
798,30,30,14,6
878,46,14,14,6
996,36,4,4,4
997,37,5,5,5
769,1,1,1,1
776,8,8,8,0
337,17,17,1,1
908,12,12,12,4
414,30,30,14,6
72,8,8,8,0
434,50,18,2,2
628,52,20,4,4
115,51,19,3,3
127,63,31,15,7
909,13,13,13,5
973,13,13,13,5
658,18,18,2,2
314,58,26,10,2
694,54,22,6,6
439,55,23,7,7
548,36,4,4,4
925,29,29,13,5
7,7,7,7,7
759,55,23,7,7
412,28,28,12,4
224,32,0,0,0
659,19,19,3,3
766,62,30,14,6
403,19,19,3,3
649,9,9,9,1
784,16,16,0,0
279,23,23,7,7
109,45,13,13,5
463,15,15,15,7
354,34,2,2,2
708,4,4,4,4
229,37,5,5,5
961,1,1,1,1
719,15,15,15,7
742,38,6,6,6
17,17,17,1,1
25,25,25,9,1
810,42,10,10,2
4,4,4,4,4
800,32,0,0,0
529,17,17,1,1
269,13,13,13,5
783,15,15,15,7
260,4,4,4,4
265,9,9,9,1
549,37,5,5,5
228,36,4,4,4
363,43,11,11,3
473,25,25,9,1
938,42,10,10,2
945,49,17,1,1
758,54,22,6,6
822,54,22,6,6
678,38,6,6,6
610,34,2,2,2
924,28,28,12,4
211,19,19,3,3
960,0,0,0,0
898,2,2,2,2
210,18,18,2,2
591,15,15,15,7
190,62,30,14,6
903,7,7,7,7
786,18,18,2,2
549,37,5,5,5
334,14,14,14,6
798,30,30,14,6
285,29,29,13,5
16,16,16,0,0
121,57,25,9,1
72,8,8,8,0
539,27,27,11,3
447,63,31,15,7
968,8,8,8,0
127,63,31,15,7
478,30,30,14,6
399,15,15,15,7
475,27,27,11,3
378,58,26,10,2
950,54,22,6,6
584,8,8,8,0
398,14,14,14,6
822,54,22,6,6
528,16,16,0,0
979,19,19,3,3
283,27,27,11,3
387,3,3,3,3
93,29,29,13,5
588,12,12,12,4
321,1,1,1,1
251,59,27,11,3
954,58,26,10,2
828,60,28,12,4
130,2,2,2,2
137,9,9,9,1
116,52,20,4,4
406,22,22,6,6
468,20,20,4,4
510,62,30,14,6
984,24,24,8,0
458,10,10,10,2
99,35,3,3,3
125,61,29,13,5
962,2,2,2,2
340,20,20,4,4
206,14,14,14,6
263,7,7,7,7
218,26,26,10,2
7,7,7,7,7
176,48,16,0,0
55,55,23,7,7
437,53,21,5,5
333,13,13,13,5
630,54,22,6,6
364,44,12,12,4
220,28,28,12,4
207,15,15,15,7
508,60,28,12,4
196,4,4,4,4
374,54,22,6,6
979,19,19,3,3
983,23,23,7,7
480,32,0,0,0
50,50,18,2,2
7,7,7,7,7
322,2,2,2,2
940,44,12,12,4
81,17,17,1,1
420,36,4,4,4
718,14,14,14,6
17,17,17,1,1
378,58,26,10,2
12,12,12,12,4
5,5,5,5,5
703,63,31,15,7
924,28,28,12,4
249,57,25,9,1
629,53,21,5,5
726,22,22,6,6
48,48,16,0,0
674,34,2,2,2
602,26,26,10,2
112,48,16,0,0
948,52,20,4,4
847,15,15,15,7
849,17,17,1,1
538,26,26,10,2
968,8,8,8,0
121,57,25,9,1
21,21,21,5,5
639,63,31,15,7
220,28,28,12,4
770,2,2,2,2
567,55,23,7,7
48,48,16,0,0
382,62,30,14,6
46,46,14,14,6
625,49,17,1,1
833,1,1,1,1
798,30,30,14,6
352,32,0,0,0
170,42,10,10,2
228,36,4,4,4
837,5,5,5,5
539,27,27,11,3
624,48,16,0,0
287,31,31,15,7
7,7,7,7,7
751,47,15,15,7
341,21,21,5,5
432,48,16,0,0
533,21,21,5,5
128,0,0,0,0
165,37,5,5,5
827,59,27,11,3
731,27,27,11,3
274,18,18,2,2
629,53,21,5,5
173,45,13,13,5
187,59,27,11,3
574,62,30,14,6
6,6,6,6,6
646,6,6,6,6
291,35,3,3,3
358,38,6,6,6
24,24,24,8,0
840,8,8,8,0
854,22,22,6,6
690,50,18,2,2
998,38,6,6,6
285,29,29,13,5
904,8,8,8,0
466,18,18,2,2
538,26,26,10,2
497,49,17,1,1
200,8,8,8,0
662,22,22,6,6
518,6,6,6,6
312,56,24,8,0
888,56,24,8,0
795,27,27,11,3
392,8,8,8,0
667,27,27,11,3
751,47,15,15,7
82,18,18,2,2
655,15,15,15,7
480,32,0,0,0
877,45,13,13,5
646,6,6,6,6
611,35,3,3,3
776,8,8,8,0
176,48,16,0,0
747,43,11,11,3
999,39,7,7,7
476,28,28,12,4
543,31,31,15,7
928,32,0,0,0
197,5,5,5,5
5,5,5,5,5
885,53,21,5,5
950,54,22,6,6
37,37,5,5,5
966,6,6,6,6
210,18,18,2,2
594,18,18,2,2
328,8,8,8,0
315,59,27,11,3
590,14,14,14,6
478,30,30,14,6
942,46,14,14,6
228,36,4,4,4
162,34,2,2,2
74,10,10,10,2
927,31,31,15,7
372,52,20,4,4
132,4,4,4,4
399,15,15,15,7
878,46,14,14,6
896,0,0,0,0
332,12,12,12,4
337,17,17,1,1
210,18,18,2,2
586,10,10,10,2
848,16,16,0,0
39,39,7,7,7
579,3,3,3,3
992,32,0,0,0
640,0,0,0,0
498,50,18,2,2
385,1,1,1,1
547,35,3,3,3
731,27,27,11,3
32,32,0,0,0
650,10,10,10,2
717,13,13,13,5
459,11,11,11,3
783,15,15,15,7
684,44,12,12,4
214,22,22,6,6
66,2,2,2,2
777,9,9,9,1
145,17,17,1,1
896,0,0,0,0
163,35,3,3,3
214,22,22,6,6
313,57,25,9,1
184,56,24,8,0
119,55,23,7,7
420,36,4,4,4
558,46,14,14,6
390,6,6,6,6
682,42,10,10,2
568,56,24,8,0
371,51,19,3,3
742,38,6,6,6
388,4,4,4,4
758,54,22,6,6
77,13,13,13,5
544,32,0,0,0
922,26,26,10,2
945,49,17,1,1
737,33,1,1,1
396,12,12,12,4
327,7,7,7,7
528,16,16,0,0
856,24,24,8,0
290,34,2,2,2
206,14,14,14,6
848,16,16,0,0
331,11,11,11,3
747,43,11,11,3
259,3,3,3,3
850,18,18,2,2
188,60,28,12,4
173,45,13,13,5
310,54,22,6,6
957,61,29,13,5
605,29,29,13,5
896,0,0,0,0
156,28,28,12,4
218,26,26,10,2
545,33,1,1,1
51,51,19,3,3
857,25,25,9,1
165,37,5,5,5
539,27,27,11,3
792,24,24,8,0
983,23,23,7,7
734,30,30,14,6
77,13,13,13,5
403,19,19,3,3
967,7,7,7,7
86,22,22,6,6
868,36,4,4,4
988,28,28,12,4
172,44,12,12,4
225,33,1,1,1
676,36,4,4,4
113,49,17,1,1
828,60,28,12,4
138,10,10,10,2
56,56,24,8,0
481,33,1,1,1
89,25,25,9,1
593,17,17,1,1
883,51,19,3,3
538,26,26,10,2
116,52,20,4,4
455,7,7,7,7
257,1,1,1,1
77,13,13,13,5
632,56,24,8,0
438,54,22,6,6
680,40,8,8,0
140,12,12,12,4
258,2,2,2,2
871,39,7,7,7
137,9,9,9,1
590,14,14,14,6
968,8,8,8,0
864,32,0,0,0
108,44,12,12,4
976,16,16,0,0
14,14,14,14,6
218,26,26,10,2
313,57,25,9,1
425,41,9,9,1
860,28,28,12,4
532,20,20,4,4
439,55,23,7,7
711,7,7,7,7
865,33,1,1,1
49,49,17,1,1
822,54,22,6,6
748,44,12,12,4
106,42,10,10,2
915,19,19,3,3
491,43,11,11,3
700,60,28,12,4
279,23,23,7,7
543,31,31,15,7
729,25,25,9,1
958,62,30,14,6
389,5,5,5,5
946,50,18,2,2
52,52,20,4,4
85,21,21,5,5
36,36,4,4,4
469,21,21,5,5
117,53,21,5,5
759,55,23,7,7
137,9,9,9,1
648,8,8,8,0
800,32,0,0,0
938,42,10,10,2
108,44,12,12,4
962,2,2,2,2
594,18,18,2,2
688,48,16,0,0
281,25,25,9,1
852,20,20,4,4
645,5,5,5,5
164,36,4,4,4
331,11,11,11,3
46,46,14,14,6
227,35,3,3,3
313,57,25,9,1
525,13,13,13,5
448,0,0,0,0
364,44,12,12,4
722,18,18,2,2
304,48,16,0,0
734,30,30,14,6
466,18,18,2,2
741,37,5,5,5
357,37,5,5,5
561,49,17,1,1
982,22,22,6,6
201,9,9,9,1
343,23,23,7,7
373,53,21,5,5
84,20,20,4,4
182,54,22,6,6
693,53,21,5,5
546,34,2,2,2
797,29,29,13,5
651,11,11,11,3
579,3,3,3,3
451,3,3,3,3
225,33,1,1,1
831,63,31,15,7
360,40,8,8,0
15,15,15,15,7
801,33,1,1,1
638,62,30,14,6
864,32,0,0,0
60,60,28,12,4
830,62,30,14,6
399,15,15,15,7
922,26,26,10,2
899,3,3,3,3
781,13,13,13,5
423,39,7,7,7
423,39,7,7,7
379,59,27,11,3
178,50,18,2,2
445,61,29,13,5
619,43,11,11,3
316,60,28,12,4
61,61,29,13,5
618,42,10,10,2
984,24,24,8,0
893,61,29,13,5
905,9,9,9,1
389,5,5,5,5
108,44,12,12,4
629,53,21,5,5
781,13,13,13,5
736,32,0,0,0
48,48,16,0,0
528,16,16,0,0
400,16,16,0,0
763,59,27,11,3
473,25,25,9,1
111,47,15,15,7
751,47,15,15,7
700,60,28,12,4
315,59,27,11,3
44,44,12,12,4
653,13,13,13,5
118,54,22,6,6
440,56,24,8,0
537,25,25,9,1
651,11,11,11,3
412,28,28,12,4
241,49,17,1,1
537,25,25,9,1
481,33,1,1,1
172,44,12,12,4
708,4,4,4,4
197,5,5,5,5
650,10,10,10,2
994,34,2,2,2
656,16,16,0,0
26,26,26,10,2
483,35,3,3,3
334,14,14,14,6
625,49,17,1,1
218,26,26,10,2
205,13,13,13,5
392,8,8,8,0
534,22,22,6,6
935,39,7,7,7
259,3,3,3,3
483,35,3,3,3
838,6,6,6,6
611,35,3,3,3
28,28,28,12,4
150,22,22,6,6
239,47,15,15,7
291,35,3,3,3
569,57,25,9,1
410,26,26,10,2
199,7,7,7,7
622,46,14,14,6
665,25,25,9,1
711,7,7,7,7
942,46,14,14,6
739,35,3,3,3
105,41,9,9,1
428,44,12,12,4
355,35,3,3,3
321,1,1,1,1
498,50,18,2,2
249,57,25,9,1
794,26,26,10,2
277,21,21,5,5
416,32,0,0,0
543,31,31,15,7
395,11,11,11,3
286,30,30,14,6
503,55,23,7,7
442,58,26,10,2
63,63,31,15,7
124,60,28,12,4
175,47,15,15,7
119,55,23,7,7
639,63,31,15,7
571,59,27,11,3
59,59,27,11,3
92,28,28,12,4
979,19,19,3,3
750,46,14,14,6
403,19,19,3,3
364,44,12,12,4
189,61,29,13,5
25,25,25,9,1
766,62,30,14,6
607,31,31,15,7
915,19,19,3,3
79,15,15,15,7
366,46,14,14,6
375,55,23,7,7
0,0,0,0,0
989,29,29,13,5
83,19,19,3,3
913,17,17,1,1
694,54,22,6,6
125,61,29,13,5
373,53,21,5,5
521,9,9,9,1
140,12,12,12,4
996,36,4,4,4
845,13,13,13,5
413,29,29,13,5
751,47,15,15,7
254,62,30,14,6
972,12,12,12,4
664,24,24,8,0
224,32,0,0,0
952,56,24,8,0
639,63,31,15,7
270,14,14,14,6
931,35,3,3,3
18,18,18,2,2
298,42,10,10,2
351,31,31,15,7
695,55,23,7,7
412,28,28,12,4
880,48,16,0,0
332,12,12,12,4
628,52,20,4,4
904,8,8,8,0
992,32,0,0,0
692,52,20,4,4
306,50,18,2,2
156,28,28,12,4
127,63,31,15,7
125,61,29,13,5
154,26,26,10,2
104,40,8,8,0
511,63,31,15,7
752,48,16,0,0
350,30,30,14,6
433,49,17,1,1
879,47,15,15,7
868,36,4,4,4
796,28,28,12,4
278,22,22,6,6
32,32,0,0,0
491,43,11,11,3
766,62,30,14,6
702,62,30,14,6
331,11,11,11,3
514,2,2,2,2
705,1,1,1,1
969,9,9,9,1
190,62,30,14,6
980,20,20,4,4
706,2,2,2,2
377,57,25,9,1
810,42,10,10,2
381,61,29,13,5
727,23,23,7,7
279,23,23,7,7
12,12,12,12,4
20,20,20,4,4
202,10,10,10,2
310,54,22,6,6
277,21,21,5,5
335,15,15,15,7
665,25,25,9,1
500,52,20,4,4
366,46,14,14,6
753,49,17,1,1
782,14,14,14,6
867,35,3,3,3
329,9,9,9,1
124,60,28,12,4
959,63,31,15,7
204,12,12,12,4
134,6,6,6,6
235,43,11,11,3
401,17,17,1,1
282,26,26,10,2
158,30,30,14,6
755,51,19,3,3
531,19,19,3,3
676,36,4,4,4
726,22,22,6,6
734,30,30,14,6
835,3,3,3,3
401,17,17,1,1
638,62,30,14,6
267,11,11,11,3
248,56,24,8,0
128,0,0,0,0
53,53,21,5,5
771,3,3,3,3
699,59,27,11,3
36,36,4,4,4
531,19,19,3,3
704,0,0,0,0
979,19,19,3,3
705,1,1,1,1
762,58,26,10,2
867,35,3,3,3
623,47,15,15,7
546,34,2,2,2
77,13,13,13,5
355,35,3,3,3
167,39,7,7,7
845,13,13,13,5
200,8,8,8,0
915,19,19,3,3
216,24,24,8,0
426,42,10,10,2
505,57,25,9,1
220,28,28,12,4
605,29,29,13,5
420,36,4,4,4
381,61,29,13,5
908,12,12,12,4
360,40,8,8,0
50,50,18,2,2
429,45,13,13,5
813,45,13,13,5
513,1,1,1,1
184,56,24,8,0
522,10,10,10,2
908,12,12,12,4
699,59,27,11,3
703,63,31,15,7
192,0,0,0,0
884,52,20,4,4
809,41,9,9,1
578,2,2,2,2
155,27,27,11,3
372,52,20,4,4
868,36,4,4,4
52,52,20,4,4
431,47,15,15,7
456,8,8,8,0
311,55,23,7,7
552,40,8,8,0
384,0,0,0,0
243,51,19,3,3
616,40,8,8,0
399,15,15,15,7
552,40,8,8,0
693,53,21,5,5
887,55,23,7,7
591,15,15,15,7
557,45,13,13,5
940,44,12,12,4
570,58,26,10,2
904,8,8,8,0
340,20,20,4,4
497,49,17,1,1
549,37,5,5,5
482,34,2,2,2
389,5,5,5,5
344,24,24,8,0
245,53,21,5,5
681,41,9,9,1
204,12,12,12,4
408,24,24,8,0
696,56,24,8,0
192,0,0,0,0
364,44,12,12,4
751,47,15,15,7
183,55,23,7,7
476,28,28,12,4
790,22,22,6,6
566,54,22,6,6
695,55,23,7,7
472,24,24,8,0
453,5,5,5,5
901,5,5,5,5
402,18,18,2,2
739,35,3,3,3
965,5,5,5,5
445,61,29,13,5
263,7,7,7,7
7,7,7,7,7
463,15,15,15,7
859,27,27,11,3
859,27,27,11,3
635,59,27,11,3
715,11,11,11,3
227,35,3,3,3
418,34,2,2,2
267,11,11,11,3
477,29,29,13,5
280,24,24,8,0
556,44,12,12,4
707,3,3,3,3
920,24,24,8,0
762,58,26,10,2
336,16,16,0,0
337,17,17,1,1
707,3,3,3,3
201,9,9,9,1
276,20,20,4,4
410,26,26,10,2
130,2,2,2,2
717,13,13,13,5
903,7,7,7,7
868,36,4,4,4
976,16,16,0,0
24,24,24,8,0
896,0,0,0,0
382,62,30,14,6
950,54,22,6,6
591,15,15,15,7
309,53,21,5,5
935,39,7,7,7
595,19,19,3,3
338,18,18,2,2
833,1,1,1,1
915,19,19,3,3
263,7,7,7,7
208,16,16,0,0
683,43,11,11,3
440,56,24,8,0
61,61,29,13,5
706,2,2,2,2
517,5,5,5,5
108,44,12,12,4
76,12,12,12,4
507,59,27,11,3
27,27,27,11,3
899,3,3,3,3
997,37,5,5,5
932,36,4,4,4
206,14,14,14,6
599,23,23,7,7
564,52,20,4,4
596,20,20,4,4
732,28,28,12,4
777,9,9,9,1
984,24,24,8,0
998,38,6,6,6
847,15,15,15,7
604,28,28,12,4
742,38,6,6,6
186,58,26,10,2
54,54,22,6,6
565,53,21,5,5
373,53,21,5,5
622,46,14,14,6
692,52,20,4,4
502,54,22,6,6
958,62,30,14,6
213,21,21,5,5
245,53,21,5,5
212,20,20,4,4
207,15,15,15,7
738,34,2,2,2
581,5,5,5,5
967,7,7,7,7
182,54,22,6,6
371,51,19,3,3
211,19,19,3,3
880,48,16,0,0
444,60,28,12,4
121,57,25,9,1
475,27,27,11,3
785,17,17,1,1
69,5,5,5,5
657,17,17,1,1
288,32,0,0,0
532,20,20,4,4
152,24,24,8,0
261,5,5,5,5
710,6,6,6,6
321,1,1,1,1
623,47,15,15,7
857,25,25,9,1
412,28,28,12,4
584,8,8,8,0
270,14,14,14,6
827,59,27,11,3
249,57,25,9,1
410,26,26,10,2
268,12,12,12,4
93,29,29,13,5
436,52,20,4,4
548,36,4,4,4
424,40,8,8,0
657,17,17,1,1
776,8,8,8,0
140,12,12,12,4
142,14,14,14,6
485,37,5,5,5
362,42,10,10,2
645,5,5,5,5
664,24,24,8,0
796,28,28,12,4
483,35,3,3,3
621,45,13,13,5
665,25,25,9,1
258,2,2,2,2
23,23,23,7,7
528,16,16,0,0
90,26,26,10,2
81,17,17,1,1
989,29,29,13,5
714,10,10,10,2
283,27,27,11,3
564,52,20,4,4
342,22,22,6,6
294,38,6,6,6
999,39,7,7,7
443,59,27,11,3
675,35,3,3,3
200,8,8,8,0
523,11,11,11,3
429,45,13,13,5
883,51,19,3,3
893,61,29,13,5
46,46,14,14,6
597,21,21,5,5
604,28,28,12,4
678,38,6,6,6
638,62,30,14,6
389,5,5,5,5
232,40,8,8,0
622,46,14,14,6
243,51,19,3,3
378,58,26,10,2
436,52,20,4,4
589,13,13,13,5
948,52,20,4,4
689,49,17,1,1
182,54,22,6,6
627,51,19,3,3
548,36,4,4,4
870,38,6,6,6
768,0,0,0,0
556,44,12,12,4
177,49,17,1,1
68,4,4,4,4
324,4,4,4,4
848,16,16,0,0
49,49,17,1,1
64,0,0,0,0
780,12,12,12,4
49,49,17,1,1
275,19,19,3,3
909,13,13,13,5
974,14,14,14,6
753,49,17,1,1
536,24,24,8,0
49,49,17,1,1
854,22,22,6,6
985,25,25,9,1
956,60,28,12,4
289,33,1,1,1
780,12,12,12,4
93,29,29,13,5
25,25,25,9,1
712,8,8,8,0
263,7,7,7,7
51,51,19,3,3
825,57,25,9,1
148,20,20,4,4
769,1,1,1,1
269,13,13,13,5
373,53,21,5,5
346,26,26,10,2
433,49,17,1,1
740,36,4,4,4
260,4,4,4,4
96,32,0,0,0
875,43,11,11,3
659,19,19,3,3
446,62,30,14,6
963,3,3,3,3
343,23,23,7,7
348,28,28,12,4
643,3,3,3,3
492,44,12,12,4
333,13,13,13,5
658,18,18,2,2
947,51,19,3,3
719,15,15,15,7
837,5,5,5,5
907,11,11,11,3
445,61,29,13,5
530,18,18,2,2
161,33,1,1,1
858,26,26,10,2
342,22,22,6,6
274,18,18,2,2
517,5,5,5,5
550,38,6,6,6
560,48,16,0,0
725,21,21,5,5
589,13,13,13,5
973,13,13,13,5
218,26,26,10,2
140,12,12,12,4
138,10,10,10,2
257,1,1,1,1
73,9,9,9,1
226,34,2,2,2
744,40,8,8,0
430,46,14,14,6
893,61,29,13,5
149,21,21,5,5
286,30,30,14,6
963,3,3,3,3
785,17,17,1,1
480,32,0,0,0
994,34,2,2,2
869,37,5,5,5
865,33,1,1,1
801,33,1,1,1
513,1,1,1,1
273,17,17,1,1
597,21,21,5,5
43,43,11,11,3
682,42,10,10,2
642,2,2,2,2
536,24,24,8,0
25,25,25,9,1
952,56,24,8,0
183,55,23,7,7
205,13,13,13,5
357,37,5,5,5
118,54,22,6,6
297,41,9,9,1
464,16,16,0,0
403,19,19,3,3
766,62,30,14,6
569,57,25,9,1
130,2,2,2,2
821,53,21,5,5
76,12,12,12,4
127,63,31,15,7
796,28,28,12,4
576,0,0,0,0
811,43,11,11,3
883,51,19,3,3
143,15,15,15,7
462,14,14,14,6
188,60,28,12,4
522,10,10,10,2
793,25,25,9,1
795,27,27,11,3
193,1,1,1,1
381,61,29,13,5
880,48,16,0,0
47,47,15,15,7
625,49,17,1,1
597,21,21,5,5
61,61,29,13,5
524,12,12,12,4
552,40,8,8,0
269,13,13,13,5
672,32,0,0,0
604,28,28,12,4
715,11,11,11,3
53,53,21,5,5
7,7,7,7,7
532,20,20,4,4
463,15,15,15,7
250,58,26,10,2
496,48,16,0,0
526,14,14,14,6
388,4,4,4,4
256,0,0,0,0
57,57,25,9,1
370,50,18,2,2
845,13,13,13,5
762,58,26,10,2
834,2,2,2,2
321,1,1,1,1
996,36,4,4,4
866,34,2,2,2
34,34,2,2,2
19,19,19,3,3
80,16,16,0,0
308,52,20,4,4
660,20,20,4,4
464,16,16,0,0
282,26,26,10,2
170,42,10,10,2
64,0,0,0,0
273,17,17,1,1
698,58,26,10,2
438,54,22,6,6
234,42,10,10,2
166,38,6,6,6
321,1,1,1,1
395,11,11,11,3
309,53,21,5,5
973,13,13,13,5
747,43,11,11,3
572,60,28,12,4
690,50,18,2,2
683,43,11,11,3
169,41,9,9,1
459,11,11,11,3
53,53,21,5,5
201,9,9,9,1
771,3,3,3,3
628,52,20,4,4
837,5,5,5,5
857,25,25,9,1
976,16,16,0,0
521,9,9,9,1
633,57,25,9,1
535,23,23,7,7
701,61,29,13,5
647,7,7,7,7
679,39,7,7,7
583,7,7,7,7
514,2,2,2,2
324,4,4,4,4
152,24,24,8,0
80,16,16,0,0
736,32,0,0,0
99,35,3,3,3
417,33,1,1,1
453,5,5,5,5
246,54,22,6,6
18,18,18,2,2
284,28,28,12,4
957,61,29,13,5
266,10,10,10,2
240,48,16,0,0
968,8,8,8,0
532,20,20,4,4
81,17,17,1,1
866,34,2,2,2
259,3,3,3,3
540,28,28,12,4
590,14,14,14,6
252,60,28,12,4
795,27,27,11,3
723,19,19,3,3
844,12,12,12,4
438,54,22,6,6
814,46,14,14,6
449,1,1,1,1
536,24,24,8,0
352,32,0,0,0
258,2,2,2,2
13,13,13,13,5
252,60,28,12,4
707,3,3,3,3
556,44,12,12,4
805,37,5,5,5
365,45,13,13,5
702,62,30,14,6
579,3,3,3,3
277,21,21,5,5
450,2,2,2,2
158,30,30,14,6
869,37,5,5,5
371,51,19,3,3
47,47,15,15,7
129,1,1,1,1
159,31,31,15,7
386,2,2,2,2
454,6,6,6,6
987,27,27,11,3
92,28,28,12,4
148,20,20,4,4
566,54,22,6,6
308,52,20,4,4
340,20,20,4,4
682,42,10,10,2
750,46,14,14,6
471,23,23,7,7
254,62,30,14,6
245,53,21,5,5
130,2,2,2,2
520,8,8,8,0
720,16,16,0,0
830,62,30,14,6
383,63,31,15,7
882,50,18,2,2
453,5,5,5,5
904,8,8,8,0
706,2,2,2,2
669,29,29,13,5
622,46,14,14,6
175,47,15,15,7
658,18,18,2,2
127,63,31,15,7
479,31,31,15,7
718,14,14,14,6
524,12,12,12,4
223,31,31,15,7
185,57,25,9,1
922,26,26,10,2
802,34,2,2,2
704,0,0,0,0
993,33,1,1,1
834,2,2,2,2
588,12,12,12,4
390,6,6,6,6
955,59,27,11,3
902,6,6,6,6
702,62,30,14,6
130,2,2,2,2
667,27,27,11,3
734,30,30,14,6
896,0,0,0,0
801,33,1,1,1
782,14,14,14,6
588,12,12,12,4
685,45,13,13,5
719,15,15,15,7
691,51,19,3,3
727,23,23,7,7
454,6,6,6,6
161,33,1,1,1
35,35,3,3,3
655,15,15,15,7
403,19,19,3,3
468,20,20,4,4
630,54,22,6,6
252,60,28,12,4
805,37,5,5,5
649,9,9,9,1
25,25,25,9,1
257,1,1,1,1
903,7,7,7,7
117,53,21,5,5
584,8,8,8,0
830,62,30,14,6
420,36,4,4,4
634,58,26,10,2
206,14,14,14,6
157,29,29,13,5
613,37,5,5,5
865,33,1,1,1
263,7,7,7,7
346,26,26,10,2
811,43,11,11,3
585,9,9,9,1
810,42,10,10,2
221,29,29,13,5
914,18,18,2,2
846,14,14,14,6
666,26,26,10,2
247,55,23,7,7
117,53,21,5,5
24,24,24,8,0
888,56,24,8,0
550,38,6,6,6
394,10,10,10,2
626,50,18,2,2
553,41,9,9,1
538,26,26,10,2
19,19,19,3,3
448,0,0,0,0
35,35,3,3,3
782,14,14,14,6
749,45,13,13,5
203,11,11,11,3
890,58,26,10,2
361,41,9,9,1
583,7,7,7,7
946,50,18,2,2
665,25,25,9,1
207,15,15,15,7
255,63,31,15,7
874,42,10,10,2
878,46,14,14,6
11,11,11,11,3
323,3,3,3,3
25,25,25,9,1
487,39,7,7,7
291,35,3,3,3
32,32,0,0,0
495,47,15,15,7
964,4,4,4,4
671,31,31,15,7
358,38,6,6,6
649,9,9,9,1
939,43,11,11,3
611,35,3,3,3
993,33,1,1,1
567,55,23,7,7
650,10,10,10,2
154,26,26,10,2
295,39,7,7,7
584,8,8,8,0
468,20,20,4,4
52,52,20,4,4
613,37,5,5,5
446,62,30,14,6
94,30,30,14,6
537,25,25,9,1
124,60,28,12,4
988,28,28,12,4
828,60,28,12,4
929,33,1,1,1
531,19,19,3,3
180,52,20,4,4
229,37,5,5,5
800,32,0,0,0
59,59,27,11,3
458,10,10,10,2
795,27,27,11,3
781,13,13,13,5
636,60,28,12,4
373,53,21,5,5
897,1,1,1,1
331,11,11,11,3
868,36,4,4,4
287,31,31,15,7
339,19,19,3,3
822,54,22,6,6
978,18,18,2,2
339,19,19,3,3
825,57,25,9,1
765,61,29,13,5
825,57,25,9,1
568,56,24,8,0
560,48,16,0,0
197,5,5,5,5
257,1,1,1,1
189,61,29,13,5
292,36,4,4,4
505,57,25,9,1
875,43,11,11,3
454,6,6,6,6
597,21,21,5,5
550,38,6,6,6
24,24,24,8,0
145,17,17,1,1
571,59,27,11,3
512,0,0,0,0
505,57,25,9,1
963,3,3,3,3
495,47,15,15,7
689,49,17,1,1
820,52,20,4,4
933,37,5,5,5
455,7,7,7,7
797,29,29,13,5
950,54,22,6,6
243,51,19,3,3
848,16,16,0,0
335,15,15,15,7
215,23,23,7,7
474,26,26,10,2
3,3,3,3,3
229,37,5,5,5
954,58,26,10,2
398,14,14,14,6
999,39,7,7,7
189,61,29,13,5
393,9,9,9,1
523,11,11,11,3
103,39,7,7,7
862,30,30,14,6
524,12,12,12,4
62,62,30,14,6
694,54,22,6,6
527,15,15,15,7
97,33,1,1,1
555,43,11,11,3
463,15,15,15,7
430,46,14,14,6
767,63,31,15,7
612,36,4,4,4
665,25,25,9,1
314,58,26,10,2
424,40,8,8,0
6,6,6,6,6
188,60,28,12,4
837,5,5,5,5
871,39,7,7,7
595,19,19,3,3
529,17,17,1,1
588,12,12,12,4
798,30,30,14,6
803,35,3,3,3
763,59,27,11,3
696,56,24,8,0
612,36,4,4,4
177,49,17,1,1
340,20,20,4,4
92,28,28,12,4
942,46,14,14,6
706,2,2,2,2
587,11,11,11,3
925,29,29,13,5
671,31,31,15,7
786,18,18,2,2
23,23,23,7,7
445,61,29,13,5
209,17,17,1,1
499,51,19,3,3
102,38,6,6,6
238,46,14,14,6
681,41,9,9,1
993,33,1,1,1
515,3,3,3,3
814,46,14,14,6
343,23,23,7,7
678,38,6,6,6
337,17,17,1,1
673,33,1,1,1
83,19,19,3,3
273,17,17,1,1
647,7,7,7,7
33,33,1,1,1
209,17,17,1,1
879,47,15,15,7
874,42,10,10,2
323,3,3,3,3
568,56,24,8,0
196,4,4,4,4
166,38,6,6,6
936,40,8,8,0
243,51,19,3,3
704,0,0,0,0
795,27,27,11,3
939,43,11,11,3
859,27,27,11,3
640,0,0,0,0
942,46,14,14,6
867,35,3,3,3
68,4,4,4,4
128,0,0,0,0
723,19,19,3,3
734,30,30,14,6
828,60,28,12,4
690,50,18,2,2
785,17,17,1,1
903,7,7,7,7
625,49,17,1,1
128,0,0,0,0
492,44,12,12,4
380,60,28,12,4
546,34,2,2,2
322,2,2,2,2
12,12,12,12,4
392,8,8,8,0
49,49,17,1,1
415,31,31,15,7
412,28,28,12,4
27,27,27,11,3
724,20,20,4,4
272,16,16,0,0
244,52,20,4,4
569,57,25,9,1
0,0,0,0,0
54,54,22,6,6
817,49,17,1,1
746,42,10,10,2
76,12,12,12,4
385,1,1,1,1
961,1,1,1,1
147,19,19,3,3
769,1,1,1,1
810,42,10,10,2
81,17,17,1,1
816,48,16,0,0
167,39,7,7,7
294,38,6,6,6
13,13,13,13,5
301,45,13,13,5
31,31,31,15,7
380,60,28,12,4
104,40,8,8,0
154,26,26,10,2
816,48,16,0,0
492,44,12,12,4
720,16,16,0,0
842,10,10,10,2
556,44,12,12,4
387,3,3,3,3
43,43,11,11,3
457,9,9,9,1
701,61,29,13,5
718,14,14,14,6
437,53,21,5,5
798,30,30,14,6
416,32,0,0,0
248,56,24,8,0
325,5,5,5,5
963,3,3,3,3
62,62,30,14,6
533,21,21,5,5
122,58,26,10,2
173,45,13,13,5
927,31,31,15,7
746,42,10,10,2
47,47,15,15,7
565,53,21,5,5
705,1,1,1,1
471,23,23,7,7
809,41,9,9,1
688,48,16,0,0
578,2,2,2,2
902,6,6,6,6
428,44,12,12,4
922,26,26,10,2
554,42,10,10,2
201,9,9,9,1
24,24,24,8,0
329,9,9,9,1
610,34,2,2,2
245,53,21,5,5
223,31,31,15,7
756,52,20,4,4
275,19,19,3,3
409,25,25,9,1
428,44,12,12,4
412,28,28,12,4
450,2,2,2,2
716,12,12,12,4
422,38,6,6,6
577,1,1,1,1
558,46,14,14,6
559,47,15,15,7
189,61,29,13,5
808,40,8,8,0
253,61,29,13,5
432,48,16,0,0
302,46,14,14,6
572,60,28,12,4
974,14,14,14,6
779,11,11,11,3
428,44,12,12,4
731,27,27,11,3
373,53,21,5,5
22,22,22,6,6
608,32,0,0,0
511,63,31,15,7
716,12,12,12,4
902,6,6,6,6
779,11,11,11,3
899,3,3,3,3
93,29,29,13,5
720,16,16,0,0
560,48,16,0,0
567,55,23,7,7
750,46,14,14,6
524,12,12,12,4
776,8,8,8,0
480,32,0,0,0
435,51,19,3,3
252,60,28,12,4
469,21,21,5,5
14,14,14,14,6
492,44,12,12,4
53,53,21,5,5
754,50,18,2,2
307,51,19,3,3
373,53,21,5,5
66,2,2,2,2
750,46,14,14,6
197,5,5,5,5
127,63,31,15,7
756,52,20,4,4
982,22,22,6,6
449,1,1,1,1
17,17,17,1,1
827,59,27,11,3
66,2,2,2,2
547,35,3,3,3
698,58,26,10,2
812,44,12,12,4
248,56,24,8,0
894,62,30,14,6
979,19,19,3,3
508,60,28,12,4
704,0,0,0,0
894,62,30,14,6
103,39,7,7,7
490,42,10,10,2
508,60,28,12,4
844,12,12,12,4
258,2,2,2,2
690,50,18,2,2
188,60,28,12,4
573,61,29,13,5
107,43,11,11,3
964,4,4,4,4
348,28,28,12,4
786,18,18,2,2
937,41,9,9,1
480,32,0,0,0
236,44,12,12,4
50,50,18,2,2
77,13,13,13,5
24,24,24,8,0
10,10,10,10,2
848,16,16,0,0
247,55,23,7,7
473,25,25,9,1
362,42,10,10,2
652,12,12,12,4
890,58,26,10,2
370,50,18,2,2
661,21,21,5,5
453,5,5,5,5
197,5,5,5,5
476,28,28,12,4
278,22,22,6,6
787,19,19,3,3
807,39,7,7,7
356,36,4,4,4
578,2,2,2,2
17,17,17,1,1
990,30,30,14,6
982,22,22,6,6
539,27,27,11,3
929,33,1,1,1
78,14,14,14,6
409,25,25,9,1
353,33,1,1,1
274,18,18,2,2
125,61,29,13,5
448,0,0,0,0
665,25,25,9,1
473,25,25,9,1
232,40,8,8,0
851,19,19,3,3
489,41,9,9,1
457,9,9,9,1
391,7,7,7,7
333,13,13,13,5
255,63,31,15,7
955,59,27,11,3
702,62,30,14,6
365,45,13,13,5
36,36,4,4,4
426,42,10,10,2
450,2,2,2,2
510,62,30,14,6
886,54,22,6,6
675,35,3,3,3
597,21,21,5,5
393,9,9,9,1
276,20,20,4,4
116,52,20,4,4
439,55,23,7,7
937,41,9,9,1
245,53,21,5,5
371,51,19,3,3
857,25,25,9,1
291,35,3,3,3
360,40,8,8,0
224,32,0,0,0
811,43,11,11,3
162,34,2,2,2
41,41,9,9,1
167,39,7,7,7
647,7,7,7,7
18,18,18,2,2
113,49,17,1,1
354,34,2,2,2
746,42,10,10,2
255,63,31,15,7
306,50,18,2,2
249,57,25,9,1
106,42,10,10,2
460,12,12,12,4
450,2,2,2,2
905,9,9,9,1
790,22,22,6,6
132,4,4,4,4
874,42,10,10,2
622,46,14,14,6
46,46,14,14,6
894,62,30,14,6
964,4,4,4,4
710,6,6,6,6
250,58,26,10,2
316,60,28,12,4
581,5,5,5,5
179,51,19,3,3
953,57,25,9,1
882,50,18,2,2
615,39,7,7,7
355,35,3,3,3
961,1,1,1,1
127,63,31,15,7
299,43,11,11,3
471,23,23,7,7
799,31,31,15,7
976,16,16,0,0
52,52,20,4,4
826,58,26,10,2
84,20,20,4,4
332,12,12,12,4
18,18,18,2,2
203,11,11,11,3
627,51,19,3,3
516,4,4,4,4
99,35,3,3,3
805,37,5,5,5
562,50,18,2,2
265,9,9,9,1
803,35,3,3,3
446,62,30,14,6
480,32,0,0,0
777,9,9,9,1
961,1,1,1,1
182,54,22,6,6
201,9,9,9,1
998,38,6,6,6
554,42,10,10,2
426,42,10,10,2
773,5,5,5,5
855,23,23,7,7
357,37,5,5,5
985,25,25,9,1
880,48,16,0,0
862,30,30,14,6
545,33,1,1,1
175,47,15,15,7
403,19,19,3,3
743,39,7,7,7
363,43,11,11,3
568,56,24,8,0
698,58,26,10,2
683,43,11,11,3
541,29,29,13,5
857,25,25,9,1
24,24,24,8,0
205,13,13,13,5
960,0,0,0,0
789,21,21,5,5
137,9,9,9,1
937,41,9,9,1
749,45,13,13,5
615,39,7,7,7
4,4,4,4,4
831,63,31,15,7
153,25,25,9,1
971,11,11,11,3
157,29,29,13,5
310,54,22,6,6
670,30,30,14,6
810,42,10,10,2
813,45,13,13,5
23,23,23,7,7
947,51,19,3,3
771,3,3,3,3
483,35,3,3,3
349,29,29,13,5
909,13,13,13,5
885,53,21,5,5
468,20,20,4,4
830,62,30,14,6
633,57,25,9,1
102,38,6,6,6
104,40,8,8,0
184,56,24,8,0
801,33,1,1,1
975,15,15,15,7
971,11,11,11,3
237,45,13,13,5
732,28,28,12,4
835,3,3,3,3
772,4,4,4,4
933,37,5,5,5
425,41,9,9,1
921,25,25,9,1
903,7,7,7,7
550,38,6,6,6
661,21,21,5,5
391,7,7,7,7
819,51,19,3,3
335,15,15,15,7
163,35,3,3,3
312,56,24,8,0
502,54,22,6,6
658,18,18,2,2
168,40,8,8,0
0,0,0,0,0
978,18,18,2,2
189,61,29,13,5
898,2,2,2,2
185,57,25,9,1
675,35,3,3,3
460,12,12,12,4
227,35,3,3,3
481,33,1,1,1
893,61,29,13,5
156,28,28,12,4
241,49,17,1,1
931,35,3,3,3
90,26,26,10,2
32,32,0,0,0
657,17,17,1,1
232,40,8,8,0
208,16,16,0,0
643,3,3,3,3
9,9,9,9,1
460,12,12,12,4
477,29,29,13,5
905,9,9,9,1
87,23,23,7,7
811,43,11,11,3
464,16,16,0,0
963,3,3,3,3
53,53,21,5,5
607,31,31,15,7
379,59,27,11,3
88,24,24,8,0
58,58,26,10,2
127,63,31,15,7
751,47,15,15,7
965,5,5,5,5
627,51,19,3,3
421,37,5,5,5
824,56,24,8,0
702,62,30,14,6
111,47,15,15,7
500,52,20,4,4
976,16,16,0,0
122,58,26,10,2
216,24,24,8,0
41,41,9,9,1
160,32,0,0,0
45,45,13,13,5
140,12,12,12,4
907,11,11,11,3
443,59,27,11,3
517,5,5,5,5
504,56,24,8,0
368,48,16,0,0
431,47,15,15,7
818,50,18,2,2
833,1,1,1,1
604,28,28,12,4
259,3,3,3,3
839,7,7,7,7
716,12,12,12,4
385,1,1,1,1
183,55,23,7,7
119,55,23,7,7
420,36,4,4,4
598,22,22,6,6
675,35,3,3,3
338,18,18,2,2
481,33,1,1,1
146,18,18,2,2
683,43,11,11,3
785,17,17,1,1
153,25,25,9,1
788,20,20,4,4
276,20,20,4,4
157,29,29,13,5
603,27,27,11,3
174,46,14,14,6
0,0,0,0,0
724,20,20,4,4
591,15,15,15,7
247,55,23,7,7
26,26,26,10,2
853,21,21,5,5
590,14,14,14,6
973,13,13,13,5
274,18,18,2,2
458,10,10,10,2
583,7,7,7,7
281,25,25,9,1
897,1,1,1,1
572,60,28,12,4
412,28,28,12,4
685,45,13,13,5
409,25,25,9,1
225,33,1,1,1
54,54,22,6,6
121,57,25,9,1
268,12,12,12,4
976,16,16,0,0
396,12,12,12,4
965,5,5,5,5
625,49,17,1,1
977,17,17,1,1
706,2,2,2,2
553,41,9,9,1
86,22,22,6,6
643,3,3,3,3
42,42,10,10,2
767,63,31,15,7
195,3,3,3,3
62,62,30,14,6
392,8,8,8,0
122,58,26,10,2
637,61,29,13,5
609,33,1,1,1
178,50,18,2,2
191,63,31,15,7
242,50,18,2,2
401,17,17,1,1
522,10,10,10,2
529,17,17,1,1
699,59,27,11,3
880,48,16,0,0
104,40,8,8,0
261,5,5,5,5
984,24,24,8,0
405,21,21,5,5
427,43,11,11,3
719,15,15,15,7
311,55,23,7,7
919,23,23,7,7
446,62,30,14,6
494,46,14,14,6
210,18,18,2,2
289,33,1,1,1
560,48,16,0,0
530,18,18,2,2
706,2,2,2,2
690,50,18,2,2
729,25,25,9,1
594,18,18,2,2
52,52,20,4,4
929,33,1,1,1
638,62,30,14,6
931,35,3,3,3
259,3,3,3,3
638,62,30,14,6
421,37,5,5,5
113,49,17,1,1
770,2,2,2,2
392,8,8,8,0
708,4,4,4,4
210,18,18,2,2
445,61,29,13,5
16,16,16,0,0
323,3,3,3,3
640,0,0,0,0
576,0,0,0,0
824,56,24,8,0
585,9,9,9,1
584,8,8,8,0
330,10,10,10,2
76,12,12,12,4
24,24,24,8,0
732,28,28,12,4
253,61,29,13,5
896,0,0,0,0
457,9,9,9,1
945,49,17,1,1
942,46,14,14,6
579,3,3,3,3
962,2,2,2,2
297,41,9,9,1
674,34,2,2,2
999,39,7,7,7
402,18,18,2,2
113,49,17,1,1
907,11,11,11,3
930,34,2,2,2
612,36,4,4,4
131,3,3,3,3
206,14,14,14,6
95,31,31,15,7
80,16,16,0,0
456,8,8,8,0
102,38,6,6,6
825,57,25,9,1
984,24,24,8,0
406,22,22,6,6
46,46,14,14,6
548,36,4,4,4
0,0,0,0,0
324,4,4,4,4
764,60,28,12,4
865,33,1,1,1
490,42,10,10,2
496,48,16,0,0
821,53,21,5,5
949,53,21,5,5
771,3,3,3,3
720,16,16,0,0
733,29,29,13,5
256,0,0,0,0
947,51,19,3,3
6,6,6,6,6
97,33,1,1,1
306,50,18,2,2
343,23,23,7,7
126,62,30,14,6
171,43,11,11,3
174,46,14,14,6
212,20,20,4,4
263,7,7,7,7
989,29,29,13,5
840,8,8,8,0
920,24,24,8,0
269,13,13,13,5
752,48,16,0,0
348,28,28,12,4
865,33,1,1,1
300,44,12,12,4
950,54,22,6,6
639,63,31,15,7
746,42,10,10,2
763,59,27,11,3
948,52,20,4,4
773,5,5,5,5
978,18,18,2,2
510,62,30,14,6
668,28,28,12,4
282,26,26,10,2
25,25,25,9,1
404,20,20,4,4
258,2,2,2,2
647,7,7,7,7
33,33,1,1,1
248,56,24,8,0
91,27,27,11,3
173,45,13,13,5
161,33,1,1,1
9,9,9,9,1
270,14,14,14,6
654,14,14,14,6
733,29,29,13,5
779,11,11,11,3
144,16,16,0,0
627,51,19,3,3
210,18,18,2,2
661,21,21,5,5
549,37,5,5,5
733,29,29,13,5
806,38,6,6,6
52,52,20,4,4
155,27,27,11,3
998,38,6,6,6
691,51,19,3,3
444,60,28,12,4
357,37,5,5,5
427,43,11,11,3
108,44,12,12,4
594,18,18,2,2
357,37,5,5,5
892,60,28,12,4
728,24,24,8,0
614,38,6,6,6
874,42,10,10,2
951,55,23,7,7
750,46,14,14,6
99,35,3,3,3
803,35,3,3,3
457,9,9,9,1
998,38,6,6,6
464,16,16,0,0
706,2,2,2,2
948,52,20,4,4
154,26,26,10,2
245,53,21,5,5
284,28,28,12,4
834,2,2,2,2
280,24,24,8,0
9,9,9,9,1
24,24,24,8,0
532,20,20,4,4
193,1,1,1,1
57,57,25,9,1
191,63,31,15,7
988,28,28,12,4
768,0,0,0,0
386,2,2,2,2
704,0,0,0,0
93,29,29,13,5
623,47,15,15,7
282,26,26,10,2
975,15,15,15,7
553,41,9,9,1
637,61,29,13,5
427,43,11,11,3
729,25,25,9,1
545,33,1,1,1
764,60,28,12,4
461,13,13,13,5
225,33,1,1,1
354,34,2,2,2
2,2,2,2,2
351,31,31,15,7
44,44,12,12,4
742,38,6,6,6
472,24,24,8,0
346,26,26,10,2
185,57,25,9,1
866,34,2,2,2
754,50,18,2,2
130,2,2,2,2
503,55,23,7,7
546,34,2,2,2
863,31,31,15,7
206,14,14,14,6
126,62,30,14,6
364,44,12,12,4
309,53,21,5,5
238,46,14,14,6
71,7,7,7,7
943,47,15,15,7
330,10,10,10,2
976,16,16,0,0
43,43,11,11,3
345,25,25,9,1
322,2,2,2,2
487,39,7,7,7
50,50,18,2,2
419,35,3,3,3
762,58,26,10,2
549,37,5,5,5
360,40,8,8,0
812,44,12,12,4
984,24,24,8,0
10,10,10,10,2
198,6,6,6,6
111,47,15,15,7
570,58,26,10,2
769,1,1,1,1
285,29,29,13,5
226,34,2,2,2
985,25,25,9,1
417,33,1,1,1
649,9,9,9,1
159,31,31,15,7
696,56,24,8,0
858,26,26,10,2
912,16,16,0,0
169,41,9,9,1
650,10,10,10,2
486,38,6,6,6
396,12,12,12,4
269,13,13,13,5
440,56,24,8,0
142,14,14,14,6
283,27,27,11,3
70,6,6,6,6
59,59,27,11,3
28,28,28,12,4
826,58,26,10,2
436,52,20,4,4
670,30,30,14,6
508,60,28,12,4
248,56,24,8,0
321,1,1,1,1
972,12,12,12,4
119,55,23,7,7
869,37,5,5,5
242,50,18,2,2
736,32,0,0,0
465,17,17,1,1
138,10,10,10,2
302,46,14,14,6
902,6,6,6,6
620,44,12,12,4
143,15,15,15,7
196,4,4,4,4
863,31,31,15,7
117,53,21,5,5
581,5,5,5,5
368,48,16,0,0
258,2,2,2,2
691,51,19,3,3
296,40,8,8,0
754,50,18,2,2
9,9,9,9,1
890,58,26,10,2
581,5,5,5,5
670,30,30,14,6
147,19,19,3,3
751,47,15,15,7
311,55,23,7,7
852,20,20,4,4
688,48,16,0,0
752,48,16,0,0
738,34,2,2,2
399,15,15,15,7
899,3,3,3,3
734,30,30,14,6
427,43,11,11,3
922,26,26,10,2
613,37,5,5,5
363,43,11,11,3
165,37,5,5,5
725,21,21,5,5
811,43,11,11,3
159,31,31,15,7
968,8,8,8,0
167,39,7,7,7
609,33,1,1,1
362,42,10,10,2
56,56,24,8,0
935,39,7,7,7
274,18,18,2,2
395,11,11,11,3
492,44,12,12,4
589,13,13,13,5
160,32,0,0,0
340,20,20,4,4
746,42,10,10,2
102,38,6,6,6
919,23,23,7,7
510,62,30,14,6
636,60,28,12,4
524,12,12,12,4
28,28,28,12,4
202,10,10,10,2
411,27,27,11,3
731,27,27,11,3
223,31,31,15,7
225,33,1,1,1
362,42,10,10,2
340,20,20,4,4
250,58,26,10,2
633,57,25,9,1
296,40,8,8,0
190,62,30,14,6
359,39,7,7,7
480,32,0,0,0
989,29,29,13,5
965,5,5,5,5
462,14,14,14,6
869,37,5,5,5
374,54,22,6,6
718,14,14,14,6
356,36,4,4,4
869,37,5,5,5
429,45,13,13,5
493,45,13,13,5
922,26,26,10,2
847,15,15,15,7
711,7,7,7,7
768,0,0,0,0
454,6,6,6,6
315,59,27,11,3
349,29,29,13,5
315,59,27,11,3
331,11,11,11,3
618,42,10,10,2
263,7,7,7,7
681,41,9,9,1
920,24,24,8,0
166,38,6,6,6
791,23,23,7,7
136,8,8,8,0
197,5,5,5,5
517,5,5,5,5
770,2,2,2,2
372,52,20,4,4
566,54,22,6,6
393,9,9,9,1
76,12,12,12,4
202,10,10,10,2
593,17,17,1,1
379,59,27,11,3
529,17,17,1,1
748,44,12,12,4
669,29,29,13,5
142,14,14,14,6
638,62,30,14,6
558,46,14,14,6
812,44,12,12,4
490,42,10,10,2
752,48,16,0,0
911,15,15,15,7
940,44,12,12,4
807,39,7,7,7
625,49,17,1,1
20,20,20,4,4
822,54,22,6,6
721,17,17,1,1
108,44,12,12,4
171,43,11,11,3
355,35,3,3,3
373,53,21,5,5
936,40,8,8,0
292,36,4,4,4
295,39,7,7,7
161,33,1,1,1
984,24,24,8,0
557,45,13,13,5
996,36,4,4,4
650,10,10,10,2
247,55,23,7,7
759,55,23,7,7
271,15,15,15,7
54,54,22,6,6
219,27,27,11,3
175,47,15,15,7
890,58,26,10,2
906,10,10,10,2
260,4,4,4,4
682,42,10,10,2
921,25,25,9,1
51,51,19,3,3
471,23,23,7,7
910,14,14,14,6
884,52,20,4,4
492,44,12,12,4
688,48,16,0,0
429,45,13,13,5
528,16,16,0,0
714,10,10,10,2
534,22,22,6,6
26,26,26,10,2
984,24,24,8,0
636,60,28,12,4
78,14,14,14,6
104,40,8,8,0
655,15,15,15,7
637,61,29,13,5
814,46,14,14,6
715,11,11,11,3
605,29,29,13,5
757,53,21,5,5
450,2,2,2,2
354,34,2,2,2
659,19,19,3,3
170,42,10,10,2
261,5,5,5,5
349,29,29,13,5
51,51,19,3,3
794,26,26,10,2
57,57,25,9,1
448,0,0,0,0
100,36,4,4,4
980,20,20,4,4
756,52,20,4,4
230,38,6,6,6
127,63,31,15,7
793,25,25,9,1
766,62,30,14,6
367,47,15,15,7
352,32,0,0,0
76,12,12,12,4
471,23,23,7,7
422,38,6,6,6
235,43,11,11,3
66,2,2,2,2
102,38,6,6,6
639,63,31,15,7
357,37,5,5,5
420,36,4,4,4
330,10,10,10,2
973,13,13,13,5
136,8,8,8,0
140,12,12,12,4
995,35,3,3,3
371,51,19,3,3
589,13,13,13,5
264,8,8,8,0
784,16,16,0,0
6,6,6,6,6
825,57,25,9,1
426,42,10,10,2
898,2,2,2,2
379,59,27,11,3
259,3,3,3,3
849,17,17,1,1
503,55,23,7,7
216,24,24,8,0
826,58,26,10,2
219,27,27,11,3
751,47,15,15,7
754,50,18,2,2
75,11,11,11,3
246,54,22,6,6
566,54,22,6,6
79,15,15,15,7
150,22,22,6,6
147,19,19,3,3
646,6,6,6,6
260,4,4,4,4
985,25,25,9,1
341,21,21,5,5
414,30,30,14,6
572,60,28,12,4
960,0,0,0,0
891,59,27,11,3
202,10,10,10,2
629,53,21,5,5
859,27,27,11,3
315,59,27,11,3
336,16,16,0,0
247,55,23,7,7
629,53,21,5,5
488,40,8,8,0
16,16,16,0,0
73,9,9,9,1
944,48,16,0,0
87,23,23,7,7
147,19,19,3,3
459,11,11,11,3
64,0,0,0,0
841,9,9,9,1
220,28,28,12,4
68,4,4,4,4
240,48,16,0,0
93,29,29,13,5
458,10,10,10,2
900,4,4,4,4
687,47,15,15,7
208,16,16,0,0
489,41,9,9,1
609,33,1,1,1
236,44,12,12,4
440,56,24,8,0
295,39,7,7,7
424,40,8,8,0
428,44,12,12,4
510,62,30,14,6
741,37,5,5,5
63,63,31,15,7
738,34,2,2,2
54,54,22,6,6
553,41,9,9,1
993,33,1,1,1
284,28,28,12,4
115,51,19,3,3
582,6,6,6,6
734,30,30,14,6
454,6,6,6,6
148,20,20,4,4
228,36,4,4,4
90,26,26,10,2
684,44,12,12,4
361,41,9,9,1
428,44,12,12,4
684,44,12,12,4
758,54,22,6,6
625,49,17,1,1
920,24,24,8,0
559,47,15,15,7
172,44,12,12,4
451,3,3,3,3
142,14,14,14,6
435,51,19,3,3
340,20,20,4,4
876,44,12,12,4
686,46,14,14,6
311,55,23,7,7
142,14,14,14,6
582,6,6,6,6
166,38,6,6,6
690,50,18,2,2
660,20,20,4,4
462,14,14,14,6
44,44,12,12,4
305,49,17,1,1
200,8,8,8,0
535,23,23,7,7
852,20,20,4,4
237,45,13,13,5
117,53,21,5,5
723,19,19,3,3
729,25,25,9,1
870,38,6,6,6
262,6,6,6,6
63,63,31,15,7
653,13,13,13,5
362,42,10,10,2
159,31,31,15,7
43,43,11,11,3
710,6,6,6,6
321,1,1,1,1
366,46,14,14,6
893,61,29,13,5
213,21,21,5,5
855,23,23,7,7
541,29,29,13,5
926,30,30,14,6
650,10,10,10,2
664,24,24,8,0
714,10,10,10,2
442,58,26,10,2
204,12,12,12,4
106,42,10,10,2
979,19,19,3,3
710,6,6,6,6
451,3,3,3,3
685,45,13,13,5
315,59,27,11,3
548,36,4,4,4
486,38,6,6,6
480,32,0,0,0
113,49,17,1,1
746,42,10,10,2
930,34,2,2,2
549,37,5,5,5
964,4,4,4,4
838,6,6,6,6
960,0,0,0,0
484,36,4,4,4
454,6,6,6,6
813,45,13,13,5
811,43,11,11,3
876,44,12,12,4
895,63,31,15,7
569,57,25,9,1
209,17,17,1,1
334,14,14,14,6
844,12,12,12,4
769,1,1,1,1
986,26,26,10,2
105,41,9,9,1
604,28,28,12,4
86,22,22,6,6
727,23,23,7,7
533,21,21,5,5
758,54,22,6,6
543,31,31,15,7
210,18,18,2,2
960,0,0,0,0
52,52,20,4,4
25,25,25,9,1
41,41,9,9,1
244,52,20,4,4
438,54,22,6,6
596,20,20,4,4
850,18,18,2,2
662,22,22,6,6
209,17,17,1,1
538,26,26,10,2
166,38,6,6,6
562,50,18,2,2
0,0,0,0,0
126,62,30,14,6
395,11,11,11,3
581,5,5,5,5
815,47,15,15,7
214,22,22,6,6
864,32,0,0,0
290,34,2,2,2
728,24,24,8,0
324,4,4,4,4
444,60,28,12,4
603,27,27,11,3
627,51,19,3,3
589,13,13,13,5
457,9,9,9,1
217,25,25,9,1
72,8,8,8,0
161,33,1,1,1
358,38,6,6,6
85,21,21,5,5
6,6,6,6,6
541,29,29,13,5
920,24,24,8,0
904,8,8,8,0
220,28,28,12,4
938,42,10,10,2
460,12,12,12,4
47,47,15,15,7
645,5,5,5,5
10,10,10,10,2
520,8,8,8,0
2,2,2,2,2
240,48,16,0,0
660,20,20,4,4
176,48,16,0,0
747,43,11,11,3
865,33,1,1,1
299,43,11,11,3
984,24,24,8,0
178,50,18,2,2
713,9,9,9,1
213,21,21,5,5
205,13,13,13,5
265,9,9,9,1
717,13,13,13,5
439,55,23,7,7
911,15,15,15,7
746,42,10,10,2
695,55,23,7,7
428,44,12,12,4
242,50,18,2,2
237,45,13,13,5
71,7,7,7,7
710,6,6,6,6
310,54,22,6,6
337,17,17,1,1
275,19,19,3,3
686,46,14,14,6
717,13,13,13,5
904,8,8,8,0
371,51,19,3,3
593,17,17,1,1
505,57,25,9,1
667,27,27,11,3
192,0,0,0,0
703,63,31,15,7
617,41,9,9,1
121,57,25,9,1
778,10,10,10,2
514,2,2,2,2
551,39,7,7,7
144,16,16,0,0
319,63,31,15,7
648,8,8,8,0
638,62,30,14,6
713,9,9,9,1
770,2,2,2,2
46,46,14,14,6
512,0,0,0,0
438,54,22,6,6
640,0,0,0,0
92,28,28,12,4
62,62,30,14,6
658,18,18,2,2
0,0,0,0,0
932,36,4,4,4
975,15,15,15,7
86,22,22,6,6
381,61,29,13,5
661,21,21,5,5
342,22,22,6,6
930,34,2,2,2
833,1,1,1,1
950,54,22,6,6
856,24,24,8,0
461,13,13,13,5
148,20,20,4,4
99,35,3,3,3
536,24,24,8,0
824,56,24,8,0
31,31,31,15,7
546,34,2,2,2
133,5,5,5,5
440,56,24,8,0
334,14,14,14,6
365,45,13,13,5
234,42,10,10,2
402,18,18,2,2
544,32,0,0,0
319,63,31,15,7
496,48,16,0,0
378,58,26,10,2
807,39,7,7,7
151,23,23,7,7
107,43,11,11,3
908,12,12,12,4
377,57,25,9,1
849,17,17,1,1
498,50,18,2,2
487,39,7,7,7
562,50,18,2,2
622,46,14,14,6
48,48,16,0,0
356,36,4,4,4
177,49,17,1,1
551,39,7,7,7
141,13,13,13,5
759,55,23,7,7
760,56,24,8,0
488,40,8,8,0
740,36,4,4,4
994,34,2,2,2
394,10,10,10,2
329,9,9,9,1
389,5,5,5,5
82,18,18,2,2
490,42,10,10,2
951,55,23,7,7
998,38,6,6,6
274,18,18,2,2
883,51,19,3,3
218,26,26,10,2
845,13,13,13,5
532,20,20,4,4
534,22,22,6,6
177,49,17,1,1
347,27,27,11,3
281,25,25,9,1
114,50,18,2,2
467,19,19,3,3
404,20,20,4,4
872,40,8,8,0
680,40,8,8,0
345,25,25,9,1
639,63,31,15,7
421,37,5,5,5
996,36,4,4,4
694,54,22,6,6
543,31,31,15,7
421,37,5,5,5
763,59,27,11,3
717,13,13,13,5
273,17,17,1,1
223,31,31,15,7
330,10,10,10,2
824,56,24,8,0
92,28,28,12,4
662,22,22,6,6
347,27,27,11,3
133,5,5,5,5
519,7,7,7,7
266,10,10,10,2
644,4,4,4,4
243,51,19,3,3
704,0,0,0,0
587,11,11,11,3
669,29,29,13,5
549,37,5,5,5
535,23,23,7,7
903,7,7,7,7
6,6,6,6,6
315,59,27,11,3
490,42,10,10,2
942,46,14,14,6
582,6,6,6,6
265,9,9,9,1
297,41,9,9,1
77,13,13,13,5
21,21,21,5,5
812,44,12,12,4
391,7,7,7,7
447,63,31,15,7
949,53,21,5,5
529,17,17,1,1
733,29,29,13,5
285,29,29,13,5
773,5,5,5,5
838,6,6,6,6
837,5,5,5,5
753,49,17,1,1
44,44,12,12,4
903,7,7,7,7
512,0,0,0,0
271,15,15,15,7
433,49,17,1,1
86,22,22,6,6
918,22,22,6,6
99,35,3,3,3
814,46,14,14,6
535,23,23,7,7
112,48,16,0,0
774,6,6,6,6
569,57,25,9,1
906,10,10,10,2
116,52,20,4,4
417,33,1,1,1
558,46,14,14,6
502,54,22,6,6
878,46,14,14,6
120,56,24,8,0
105,41,9,9,1
38,38,6,6,6
946,50,18,2,2
637,61,29,13,5
469,21,21,5,5
63,63,31,15,7
872,40,8,8,0
615,39,7,7,7
662,22,22,6,6
475,27,27,11,3
274,18,18,2,2
15,15,15,15,7
810,42,10,10,2
989,29,29,13,5
592,16,16,0,0
948,52,20,4,4
353,33,1,1,1
643,3,3,3,3
157,29,29,13,5
246,54,22,6,6
627,51,19,3,3
461,13,13,13,5
491,43,11,11,3
397,13,13,13,5
221,29,29,13,5
601,25,25,9,1
143,15,15,15,7
528,16,16,0,0
89,25,25,9,1
743,39,7,7,7
814,46,14,14,6
960,0,0,0,0
833,1,1,1,1
355,35,3,3,3
123,59,27,11,3
255,63,31,15,7
343,23,23,7,7
617,41,9,9,1
855,23,23,7,7
750,46,14,14,6
514,2,2,2,2
988,28,28,12,4
959,63,31,15,7
6,6,6,6,6
605,29,29,13,5
515,3,3,3,3
601,25,25,9,1
831,63,31,15,7
509,61,29,13,5
86,22,22,6,6
526,14,14,14,6
915,19,19,3,3
829,61,29,13,5
90,26,26,10,2
863,31,31,15,7
60,60,28,12,4
859,27,27,11,3
576,0,0,0,0
463,15,15,15,7
995,35,3,3,3
602,26,26,10,2
635,59,27,11,3
544,32,0,0,0
832,0,0,0,0
471,23,23,7,7
555,43,11,11,3
824,56,24,8,0
321,1,1,1,1
899,3,3,3,3
957,61,29,13,5
115,51,19,3,3
861,29,29,13,5
723,19,19,3,3
614,38,6,6,6
184,56,24,8,0
727,23,23,7,7
615,39,7,7,7
422,38,6,6,6
991,31,31,15,7
323,3,3,3,3
999,39,7,7,7
918,22,22,6,6
623,47,15,15,7
510,62,30,14,6
748,44,12,12,4
921,25,25,9,1
862,30,30,14,6
317,61,29,13,5
2,2,2,2,2
587,11,11,11,3
907,11,11,11,3
243,51,19,3,3
609,33,1,1,1
512,0,0,0,0
401,17,17,1,1
205,13,13,13,5
950,54,22,6,6
939,43,11,11,3
338,18,18,2,2
831,63,31,15,7
659,19,19,3,3
939,43,11,11,3
711,7,7,7,7
632,56,24,8,0
698,58,26,10,2
850,18,18,2,2
504,56,24,8,0
54,54,22,6,6
784,16,16,0,0
683,43,11,11,3
377,57,25,9,1
273,17,17,1,1
835,3,3,3,3
491,43,11,11,3
763,59,27,11,3
371,51,19,3,3
286,30,30,14,6
953,57,25,9,1
938,42,10,10,2
739,35,3,3,3
836,4,4,4,4
202,10,10,10,2
289,33,1,1,1
133,5,5,5,5
151,23,23,7,7
685,45,13,13,5
661,21,21,5,5
36,36,4,4,4
820,52,20,4,4
660,20,20,4,4
25,25,25,9,1
778,10,10,10,2
64,0,0,0,0
466,18,18,2,2
928,32,0,0,0
11,11,11,11,3
527,15,15,15,7
553,41,9,9,1
167,39,7,7,7
566,54,22,6,6
438,54,22,6,6
923,27,27,11,3
172,44,12,12,4
226,34,2,2,2
509,61,29,13,5
26,26,26,10,2
791,23,23,7,7
724,20,20,4,4
497,49,17,1,1
576,0,0,0,0
44,44,12,12,4
485,37,5,5,5
21,21,21,5,5
506,58,26,10,2
871,39,7,7,7
264,8,8,8,0
148,20,20,4,4
485,37,5,5,5
890,58,26,10,2
887,55,23,7,7
790,22,22,6,6
699,59,27,11,3
643,3,3,3,3
660,20,20,4,4
250,58,26,10,2
386,2,2,2,2
899,3,3,3,3
150,22,22,6,6
191,63,31,15,7
976,16,16,0,0
665,25,25,9,1
568,56,24,8,0
865,33,1,1,1
36,36,4,4,4
641,1,1,1,1
874,42,10,10,2
175,47,15,15,7
994,34,2,2,2
466,18,18,2,2
928,32,0,0,0
201,9,9,9,1
337,17,17,1,1
161,33,1,1,1
265,9,9,9,1
50,50,18,2,2
267,11,11,11,3
931,35,3,3,3
214,22,22,6,6
746,42,10,10,2
852,20,20,4,4
73,9,9,9,1
734,30,30,14,6
498,50,18,2,2
485,37,5,5,5
768,0,0,0,0
765,61,29,13,5
582,6,6,6,6
957,61,29,13,5
429,45,13,13,5
631,55,23,7,7
642,2,2,2,2
185,57,25,9,1
40,40,8,8,0
330,10,10,10,2
988,28,28,12,4
112,48,16,0,0
90,26,26,10,2
759,55,23,7,7
121,57,25,9,1
3,3,3,3,3
716,12,12,12,4
147,19,19,3,3
277,21,21,5,5
699,59,27,11,3
732,28,28,12,4
836,4,4,4,4
617,41,9,9,1
139,11,11,11,3
420,36,4,4,4
363,43,11,11,3
996,36,4,4,4
439,55,23,7,7
377,57,25,9,1
751,47,15,15,7
496,48,16,0,0
388,4,4,4,4
111,47,15,15,7
747,43,11,11,3
932,36,4,4,4
55,55,23,7,7
719,15,15,15,7
844,12,12,12,4
706,2,2,2,2
948,52,20,4,4
242,50,18,2,2
845,13,13,13,5
5,5,5,5,5
913,17,17,1,1
431,47,15,15,7
339,19,19,3,3
670,30,30,14,6
205,13,13,13,5
678,38,6,6,6
47,47,15,15,7
353,33,1,1,1
777,9,9,9,1
504,56,24,8,0
713,9,9,9,1
746,42,10,10,2
706,2,2,2,2
396,12,12,12,4
277,21,21,5,5
9,9,9,9,1
98,34,2,2,2
130,2,2,2,2
615,39,7,7,7
208,16,16,0,0
708,4,4,4,4
712,8,8,8,0
657,17,17,1,1
994,34,2,2,2
929,33,1,1,1
94,30,30,14,6
126,62,30,14,6
686,46,14,14,6
999,39,7,7,7
255,63,31,15,7
372,52,20,4,4
692,52,20,4,4
386,2,2,2,2
378,58,26,10,2
380,60,28,12,4
568,56,24,8,0
367,47,15,15,7
28,28,28,12,4
799,31,31,15,7
989,29,29,13,5
201,9,9,9,1
960,0,0,0,0
489,41,9,9,1
785,17,17,1,1
175,47,15,15,7
830,62,30,14,6
383,63,31,15,7
543,31,31,15,7
442,58,26,10,2
182,54,22,6,6
157,29,29,13,5
843,11,11,11,3
380,60,28,12,4
903,7,7,7,7
773,5,5,5,5
708,4,4,4,4
812,44,12,12,4
241,49,17,1,1
248,56,24,8,0
477,29,29,13,5
124,60,28,12,4
214,22,22,6,6
467,19,19,3,3
195,3,3,3,3
453,5,5,5,5
937,41,9,9,1
659,19,19,3,3
25,25,25,9,1
945,49,17,1,1
123,59,27,11,3
491,43,11,11,3
10,10,10,10,2
17,17,17,1,1
831,63,31,15,7
284,28,28,12,4
386,2,2,2,2
145,17,17,1,1
805,37,5,5,5
504,56,24,8,0
308,52,20,4,4
360,40,8,8,0
637,61,29,13,5
565,53,21,5,5
634,58,26,10,2
495,47,15,15,7
260,4,4,4,4
69,5,5,5,5
462,14,14,14,6
542,30,30,14,6
750,46,14,14,6
10,10,10,10,2
116,52,20,4,4
860,28,28,12,4
962,2,2,2,2
661,21,21,5,5
79,15,15,15,7
151,23,23,7,7
181,53,21,5,5
962,2,2,2,2
776,8,8,8,0
413,29,29,13,5
350,30,30,14,6
142,14,14,14,6
441,57,25,9,1
145,17,17,1,1
12,12,12,12,4
545,33,1,1,1
678,38,6,6,6
488,40,8,8,0
62,62,30,14,6
150,22,22,6,6
380,60,28,12,4
77,13,13,13,5
239,47,15,15,7
367,47,15,15,7
547,35,3,3,3
219,27,27,11,3
797,29,29,13,5
557,45,13,13,5
419,35,3,3,3
916,20,20,4,4
840,8,8,8,0
53,53,21,5,5
964,4,4,4,4
759,55,23,7,7
583,7,7,7,7
646,6,6,6,6
41,41,9,9,1
204,12,12,12,4
344,24,24,8,0
3,3,3,3,3
284,28,28,12,4
511,63,31,15,7
481,33,1,1,1
663,23,23,7,7
936,40,8,8,0
550,38,6,6,6
472,24,24,8,0
80,16,16,0,0
580,4,4,4,4
772,4,4,4,4
100,36,4,4,4
722,18,18,2,2
409,25,25,9,1
474,26,26,10,2
935,39,7,7,7
530,18,18,2,2
943,47,15,15,7
513,1,1,1,1
439,55,23,7,7
643,3,3,3,3
851,19,19,3,3
838,6,6,6,6
657,17,17,1,1
230,38,6,6,6
466,18,18,2,2
653,13,13,13,5
507,59,27,11,3
650,10,10,10,2
694,54,22,6,6
593,17,17,1,1
642,2,2,2,2
301,45,13,13,5
954,58,26,10,2
975,15,15,15,7
219,27,27,11,3
919,23,23,7,7
287,31,31,15,7
543,31,31,15,7
267,11,11,11,3
408,24,24,8,0
805,37,5,5,5
452,4,4,4,4
399,15,15,15,7
46,46,14,14,6
636,60,28,12,4
348,28,28,12,4
541,29,29,13,5
108,44,12,12,4
68,4,4,4,4
981,21,21,5,5
227,35,3,3,3
331,11,11,11,3
940,44,12,12,4
792,24,24,8,0
70,6,6,6,6
459,11,11,11,3
893,61,29,13,5
350,30,30,14,6
92,28,28,12,4
521,9,9,9,1
624,48,16,0,0
427,43,11,11,3
697,57,25,9,1
628,52,20,4,4
15,15,15,15,7
670,30,30,14,6
85,21,21,5,5
429,45,13,13,5
432,48,16,0,0
115,51,19,3,3
95,31,31,15,7
591,15,15,15,7
836,4,4,4,4
639,63,31,15,7
263,7,7,7,7
382,62,30,14,6
402,18,18,2,2
105,41,9,9,1
613,37,5,5,5
985,25,25,9,1
976,16,16,0,0
908,12,12,12,4
26,26,26,10,2
882,50,18,2,2
177,49,17,1,1
82,18,18,2,2
231,39,7,7,7
740,36,4,4,4
874,42,10,10,2
402,18,18,2,2
864,32,0,0,0
19,19,19,3,3
773,5,5,5,5
672,32,0,0,0
431,47,15,15,7
620,44,12,12,4
98,34,2,2,2
113,49,17,1,1
714,10,10,10,2
998,38,6,6,6
774,6,6,6,6
113,49,17,1,1
332,12,12,12,4
68,4,4,4,4
483,35,3,3,3
538,26,26,10,2
379,59,27,11,3
498,50,18,2,2
814,46,14,14,6
46,46,14,14,6
785,17,17,1,1
634,58,26,10,2
453,5,5,5,5
486,38,6,6,6
183,55,23,7,7
450,2,2,2,2
200,8,8,8,0
320,0,0,0,0
785,17,17,1,1
966,6,6,6,6
459,11,11,11,3
641,1,1,1,1
261,5,5,5,5
882,50,18,2,2
585,9,9,9,1
672,32,0,0,0
837,5,5,5,5
772,4,4,4,4
598,22,22,6,6
729,25,25,9,1
32,32,0,0,0
731,27,27,11,3
949,53,21,5,5
120,56,24,8,0
353,33,1,1,1
404,20,20,4,4
454,6,6,6,6
552,40,8,8,0
294,38,6,6,6
848,16,16,0,0
612,36,4,4,4
429,45,13,13,5
73,9,9,9,1
186,58,26,10,2
849,17,17,1,1
217,25,25,9,1
11,11,11,11,3
395,11,11,11,3
719,15,15,15,7
172,44,12,12,4
192,0,0,0,0
37,37,5,5,5
625,49,17,1,1
888,56,24,8,0
761,57,25,9,1
404,20,20,4,4
820,52,20,4,4
373,53,21,5,5
643,3,3,3,3
143,15,15,15,7
380,60,28,12,4
710,6,6,6,6
41,41,9,9,1
444,60,28,12,4
839,7,7,7,7
346,26,26,10,2
966,6,6,6,6
50,50,18,2,2
785,17,17,1,1
906,10,10,10,2
996,36,4,4,4
252,60,28,12,4
864,32,0,0,0
125,61,29,13,5
921,25,25,9,1
547,35,3,3,3
772,4,4,4,4
278,22,22,6,6
942,46,14,14,6
229,37,5,5,5
745,41,9,9,1
954,58,26,10,2
7,7,7,7,7
537,25,25,9,1
106,42,10,10,2
991,31,31,15,7
388,4,4,4,4
733,29,29,13,5
250,58,26,10,2
794,26,26,10,2
135,7,7,7,7
428,44,12,12,4
208,16,16,0,0
389,5,5,5,5
490,42,10,10,2
227,35,3,3,3
505,57,25,9,1
300,44,12,12,4
654,14,14,14,6
783,15,15,15,7
784,16,16,0,0
915,19,19,3,3
525,13,13,13,5
579,3,3,3,3
456,8,8,8,0
641,1,1,1,1
434,50,18,2,2
778,10,10,10,2
538,26,26,10,2
283,27,27,11,3
952,56,24,8,0
36,36,4,4,4
721,17,17,1,1
639,63,31,15,7
578,2,2,2,2
158,30,30,14,6
210,18,18,2,2
877,45,13,13,5
23,23,23,7,7
822,54,22,6,6
575,63,31,15,7
269,13,13,13,5
551,39,7,7,7
45,45,13,13,5
538,26,26,10,2
698,58,26,10,2
106,42,10,10,2
145,17,17,1,1
935,39,7,7,7
268,12,12,12,4
563,51,19,3,3
63,63,31,15,7
472,24,24,8,0
520,8,8,8,0
843,11,11,11,3
394,10,10,10,2
912,16,16,0,0
342,22,22,6,6
115,51,19,3,3
520,8,8,8,0
745,41,9,9,1
240,48,16,0,0
328,8,8,8,0
895,63,31,15,7
465,17,17,1,1
260,4,4,4,4
329,9,9,9,1
873,41,9,9,1
514,2,2,2,2
726,22,22,6,6
948,52,20,4,4
789,21,21,5,5
140,12,12,12,4
760,56,24,8,0
822,54,22,6,6
800,32,0,0,0
123,59,27,11,3
195,3,3,3,3
872,40,8,8,0
574,62,30,14,6
268,12,12,12,4
166,38,6,6,6
667,27,27,11,3
897,1,1,1,1
887,55,23,7,7
967,7,7,7,7
139,11,11,11,3
413,29,29,13,5
876,44,12,12,4
483,35,3,3,3
895,63,31,15,7
707,3,3,3,3
33,33,1,1,1
390,6,6,6,6
695,55,23,7,7
407,23,23,7,7
143,15,15,15,7
853,21,21,5,5
218,26,26,10,2
507,59,27,11,3
310,54,22,6,6
181,53,21,5,5
388,4,4,4,4
712,8,8,8,0
141,13,13,13,5
88,24,24,8,0
577,1,1,1,1
331,11,11,11,3
604,28,28,12,4
425,41,9,9,1
469,21,21,5,5
685,45,13,13,5
900,4,4,4,4
356,36,4,4,4
520,8,8,8,0
734,30,30,14,6
134,6,6,6,6
91,27,27,11,3
374,54,22,6,6
282,26,26,10,2
97,33,1,1,1
196,4,4,4,4
928,32,0,0,0
988,28,28,12,4
848,16,16,0,0
767,63,31,15,7
53,53,21,5,5
134,6,6,6,6
215,23,23,7,7
813,45,13,13,5
620,44,12,12,4
951,55,23,7,7
107,43,11,11,3
643,3,3,3,3
291,35,3,3,3
240,48,16,0,0
706,2,2,2,2
266,10,10,10,2
54,54,22,6,6
483,35,3,3,3
979,19,19,3,3
317,61,29,13,5
847,15,15,15,7
779,11,11,11,3
715,11,11,11,3
337,17,17,1,1
560,48,16,0,0
972,12,12,12,4
252,60,28,12,4
408,24,24,8,0
313,57,25,9,1
754,50,18,2,2
659,19,19,3,3
845,13,13,13,5
831,63,31,15,7
759,55,23,7,7
92,28,28,12,4
715,11,11,11,3
696,56,24,8,0
881,49,17,1,1
259,3,3,3,3
23,23,23,7,7
217,25,25,9,1
3,3,3,3,3
368,48,16,0,0
332,12,12,12,4
723,19,19,3,3
988,28,28,12,4
798,30,30,14,6
333,13,13,13,5
35,35,3,3,3
534,22,22,6,6
211,19,19,3,3
56,56,24,8,0
859,27,27,11,3
614,38,6,6,6
365,45,13,13,5
765,61,29,13,5
305,49,17,1,1
109,45,13,13,5
201,9,9,9,1
80,16,16,0,0
364,44,12,12,4
679,39,7,7,7
2,2,2,2,2
639,63,31,15,7
941,45,13,13,5
255,63,31,15,7
560,48,16,0,0
835,3,3,3,3
487,39,7,7,7
129,1,1,1,1
562,50,18,2,2
229,37,5,5,5
451,3,3,3,3
651,11,11,11,3
574,62,30,14,6
554,42,10,10,2
671,31,31,15,7
27,27,27,11,3
695,55,23,7,7
464,16,16,0,0
536,24,24,8,0
233,41,9,9,1
751,47,15,15,7
553,41,9,9,1
223,31,31,15,7
778,10,10,10,2
803,35,3,3,3
776,8,8,8,0
200,8,8,8,0
985,25,25,9,1
650,10,10,10,2
432,48,16,0,0
203,11,11,11,3
46,46,14,14,6
253,61,29,13,5
756,52,20,4,4
450,2,2,2,2
274,18,18,2,2
202,10,10,10,2
500,52,20,4,4
687,47,15,15,7
284,28,28,12,4
713,9,9,9,1
332,12,12,12,4
149,21,21,5,5
104,40,8,8,0
300,44,12,12,4
948,52,20,4,4
868,36,4,4,4
739,35,3,3,3
492,44,12,12,4
904,8,8,8,0
30,30,30,14,6
267,11,11,11,3
531,19,19,3,3
486,38,6,6,6
896,0,0,0,0
862,30,30,14,6
730,26,26,10,2
789,21,21,5,5
702,62,30,14,6
212,20,20,4,4
58,58,26,10,2
855,23,23,7,7
252,60,28,12,4
132,4,4,4,4
978,18,18,2,2
145,17,17,1,1
890,58,26,10,2
843,11,11,11,3
885,53,21,5,5
119,55,23,7,7
797,29,29,13,5
121,57,25,9,1
684,44,12,12,4
971,11,11,11,3
927,31,31,15,7
445,61,29,13,5
12,12,12,12,4
276,20,20,4,4
44,44,12,12,4
129,1,1,1,1
32,32,0,0,0
67,3,3,3,3
605,29,29,13,5
51,51,19,3,3
941,45,13,13,5
564,52,20,4,4
614,38,6,6,6
775,7,7,7,7
899,3,3,3,3
315,59,27,11,3
220,28,28,12,4
794,26,26,10,2
18,18,18,2,2
607,31,31,15,7
341,21,21,5,5
63,63,31,15,7
127,63,31,15,7
559,47,15,15,7
855,23,23,7,7
186,58,26,10,2
502,54,22,6,6
423,39,7,7,7
759,55,23,7,7
197,5,5,5,5
802,34,2,2,2
403,19,19,3,3
497,49,17,1,1
615,39,7,7,7
360,40,8,8,0
659,19,19,3,3
695,55,23,7,7
910,14,14,14,6
420,36,4,4,4
837,5,5,5,5
704,0,0,0,0
887,55,23,7,7
535,23,23,7,7
630,54,22,6,6
44,44,12,12,4
83,19,19,3,3
814,46,14,14,6
905,9,9,9,1
233,41,9,9,1
886,54,22,6,6
120,56,24,8,0
780,12,12,12,4
489,41,9,9,1
286,30,30,14,6
164,36,4,4,4
458,10,10,10,2
65,1,1,1,1
829,61,29,13,5
320,0,0,0,0
367,47,15,15,7
825,57,25,9,1
554,42,10,10,2
988,28,28,12,4
560,48,16,0,0
242,50,18,2,2
860,28,28,12,4
401,17,17,1,1
621,45,13,13,5
817,49,17,1,1
569,57,25,9,1
785,17,17,1,1
484,36,4,4,4
819,51,19,3,3
359,39,7,7,7
920,24,24,8,0
26,26,26,10,2
973,13,13,13,5
309,53,21,5,5
769,1,1,1,1
507,59,27,11,3
221,29,29,13,5
750,46,14,14,6
918,22,22,6,6
586,10,10,10,2
124,60,28,12,4
261,5,5,5,5
103,39,7,7,7
881,49,17,1,1
885,53,21,5,5
985,25,25,9,1
538,26,26,10,2
427,43,11,11,3
476,28,28,12,4
204,12,12,12,4
109,45,13,13,5
889,57,25,9,1
938,42,10,10,2
682,42,10,10,2
244,52,20,4,4
230,38,6,6,6
854,22,22,6,6
331,11,11,11,3
786,18,18,2,2
210,18,18,2,2
3,3,3,3,3
383,63,31,15,7
904,8,8,8,0
638,62,30,14,6
746,42,10,10,2
454,6,6,6,6
700,60,28,12,4
581,5,5,5,5
663,23,23,7,7
88,24,24,8,0
958,62,30,14,6
615,39,7,7,7
742,38,6,6,6
360,40,8,8,0
326,6,6,6,6
432,48,16,0,0
535,23,23,7,7
949,53,21,5,5
379,59,27,11,3
347,27,27,11,3
344,24,24,8,0
9,9,9,9,1
594,18,18,2,2
175,47,15,15,7
261,5,5,5,5
621,45,13,13,5
171,43,11,11,3
693,53,21,5,5
891,59,27,11,3
110,46,14,14,6
729,25,25,9,1
907,11,11,11,3
732,28,28,12,4
436,52,20,4,4
400,16,16,0,0
49,49,17,1,1
738,34,2,2,2
615,39,7,7,7
772,4,4,4,4
809,41,9,9,1
56,56,24,8,0
77,13,13,13,5
647,7,7,7,7
152,24,24,8,0
147,19,19,3,3
926,30,30,14,6
989,29,29,13,5
749,45,13,13,5
192,0,0,0,0
344,24,24,8,0
576,0,0,0,0
681,41,9,9,1
206,14,14,14,6
281,25,25,9,1
810,42,10,10,2
888,56,24,8,0
656,16,16,0,0
426,42,10,10,2
495,47,15,15,7
234,42,10,10,2
940,44,12,12,4
237,45,13,13,5
326,6,6,6,6
980,20,20,4,4
296,40,8,8,0
477,29,29,13,5
853,21,21,5,5
555,43,11,11,3
783,15,15,15,7
165,37,5,5,5
961,1,1,1,1
840,8,8,8,0
960,0,0,0,0
896,0,0,0,0
828,60,28,12,4
838,6,6,6,6
681,41,9,9,1
307,51,19,3,3
676,36,4,4,4
181,53,21,5,5
132,4,4,4,4
945,49,17,1,1
263,7,7,7,7
489,41,9,9,1
373,53,21,5,5
688,48,16,0,0
252,60,28,12,4
403,19,19,3,3
356,36,4,4,4
72,8,8,8,0
435,51,19,3,3
992,32,0,0,0
94,30,30,14,6
9,9,9,9,1
617,41,9,9,1
488,40,8,8,0
369,49,17,1,1
674,34,2,2,2
425,41,9,9,1
721,17,17,1,1
262,6,6,6,6
383,63,31,15,7
909,13,13,13,5
570,58,26,10,2
618,42,10,10,2
368,48,16,0,0
851,19,19,3,3
896,0,0,0,0
153,25,25,9,1
630,54,22,6,6
448,0,0,0,0
208,16,16,0,0
232,40,8,8,0
819,51,19,3,3
425,41,9,9,1
800,32,0,0,0
377,57,25,9,1
959,63,31,15,7
239,47,15,15,7
162,34,2,2,2
993,33,1,1,1
904,8,8,8,0
811,43,11,11,3
658,18,18,2,2
456,8,8,8,0
722,18,18,2,2
260,4,4,4,4
212,20,20,4,4
716,12,12,12,4
765,61,29,13,5
449,1,1,1,1
197,5,5,5,5
673,33,1,1,1
181,53,21,5,5
672,32,0,0,0
791,23,23,7,7
976,16,16,0,0
68,4,4,4,4
808,40,8,8,0
541,29,29,13,5
591,15,15,15,7
898,2,2,2,2
894,62,30,14,6
401,17,17,1,1
785,17,17,1,1
276,20,20,4,4
748,44,12,12,4
94,30,30,14,6
53,53,21,5,5
4,4,4,4,4
15,15,15,15,7
271,15,15,15,7
344,24,24,8,0
712,8,8,8,0
74,10,10,10,2
454,6,6,6,6
902,6,6,6,6
14,14,14,14,6
126,62,30,14,6
424,40,8,8,0
19,19,19,3,3
201,9,9,9,1
648,8,8,8,0
844,12,12,12,4
71,7,7,7,7
332,12,12,12,4
0,0,0,0,0
281,25,25,9,1
399,15,15,15,7
388,4,4,4,4
640,0,0,0,0
744,40,8,8,0
929,33,1,1,1
978,18,18,2,2
989,29,29,13,5
622,46,14,14,6
543,31,31,15,7
352,32,0,0,0
558,46,14,14,6
750,46,14,14,6
680,40,8,8,0
872,40,8,8,0
542,30,30,14,6
137,9,9,9,1
640,0,0,0,0
486,38,6,6,6
855,23,23,7,7
325,5,5,5,5
492,44,12,12,4
912,16,16,0,0
912,16,16,0,0
498,50,18,2,2
206,14,14,14,6
466,18,18,2,2
876,44,12,12,4
554,42,10,10,2
395,11,11,11,3
423,39,7,7,7
273,17,17,1,1
1,1,1,1,1
507,59,27,11,3
992,32,0,0,0
659,19,19,3,3
565,53,21,5,5
19,19,19,3,3
341,21,21,5,5
277,21,21,5,5
809,41,9,9,1
506,58,26,10,2
379,59,27,11,3
983,23,23,7,7
252,60,28,12,4
195,3,3,3,3
766,62,30,14,6
75,11,11,11,3
667,27,27,11,3
176,48,16,0,0
116,52,20,4,4
139,11,11,11,3
134,6,6,6,6
413,29,29,13,5
499,51,19,3,3
946,50,18,2,2
520,8,8,8,0
804,36,4,4,4
920,24,24,8,0
575,63,31,15,7
283,27,27,11,3
939,43,11,11,3
959,63,31,15,7
966,6,6,6,6
12,12,12,12,4
687,47,15,15,7
212,20,20,4,4
644,4,4,4,4
757,53,21,5,5
467,19,19,3,3
498,50,18,2,2
960,0,0,0,0
747,43,11,11,3
626,50,18,2,2
851,19,19,3,3
969,9,9,9,1
51,51,19,3,3
838,6,6,6,6
467,19,19,3,3
912,16,16,0,0
855,23,23,7,7
826,58,26,10,2
958,62,30,14,6
714,10,10,10,2
418,34,2,2,2
964,4,4,4,4
788,20,20,4,4
969,9,9,9,1
389,5,5,5,5
477,29,29,13,5
335,15,15,15,7
279,23,23,7,7
395,11,11,11,3
519,7,7,7,7
80,16,16,0,0
82,18,18,2,2
727,23,23,7,7
741,37,5,5,5
467,19,19,3,3
545,33,1,1,1
438,54,22,6,6
160,32,0,0,0
609,33,1,1,1
356,36,4,4,4
326,6,6,6,6
933,37,5,5,5
163,35,3,3,3
784,16,16,0,0
607,31,31,15,7
962,2,2,2,2
676,36,4,4,4
105,41,9,9,1
603,27,27,11,3
577,1,1,1,1
95,31,31,15,7
728,24,24,8,0
315,59,27,11,3
27,27,27,11,3
801,33,1,1,1
612,36,4,4,4
521,9,9,9,1
959,63,31,15,7
218,26,26,10,2
168,40,8,8,0
704,0,0,0,0
424,40,8,8,0
302,46,14,14,6
310,54,22,6,6
63,63,31,15,7
765,61,29,13,5
894,62,30,14,6
151,23,23,7,7
563,51,19,3,3
317,61,29,13,5
836,4,4,4,4
116,52,20,4,4
148,20,20,4,4
889,57,25,9,1
752,48,16,0,0
375,55,23,7,7
409,25,25,9,1
496,48,16,0,0
264,8,8,8,0
452,4,4,4,4
925,29,29,13,5
973,13,13,13,5
597,21,21,5,5
267,11,11,11,3
424,40,8,8,0
158,30,30,14,6
845,13,13,13,5
833,1,1,1,1
757,53,21,5,5
132,4,4,4,4
959,63,31,15,7
331,11,11,11,3
519,7,7,7,7
957,61,29,13,5
814,46,14,14,6
257,1,1,1,1
934,38,6,6,6
731,27,27,11,3
729,25,25,9,1
613,37,5,5,5
409,25,25,9,1
699,59,27,11,3
678,38,6,6,6
144,16,16,0,0
581,5,5,5,5
249,57,25,9,1
194,2,2,2,2
944,48,16,0,0
833,1,1,1,1
947,51,19,3,3
649,9,9,9,1
968,8,8,8,0
64,0,0,0,0
526,14,14,14,6
167,39,7,7,7
862,30,30,14,6
786,18,18,2,2
370,50,18,2,2
620,44,12,12,4
781,13,13,13,5
832,0,0,0,0
582,6,6,6,6
211,19,19,3,3
64,0,0,0,0
323,3,3,3,3
29,29,29,13,5
854,22,22,6,6
965,5,5,5,5
206,14,14,14,6
917,21,21,5,5
787,19,19,3,3
601,25,25,9,1
118,54,22,6,6
272,16,16,0,0
260,4,4,4,4
782,14,14,14,6
182,54,22,6,6
394,10,10,10,2
248,56,24,8,0
996,36,4,4,4
832,0,0,0,0
440,56,24,8,0
297,41,9,9,1
918,22,22,6,6
21,21,21,5,5
574,62,30,14,6
839,7,7,7,7
977,17,17,1,1
482,34,2,2,2
896,0,0,0,0
238,46,14,14,6
783,15,15,15,7
576,0,0,0,0
522,10,10,10,2
480,32,0,0,0
486,38,6,6,6
538,26,26,10,2
871,39,7,7,7
473,25,25,9,1
212,20,20,4,4
121,57,25,9,1
558,46,14,14,6
981,21,21,5,5
338,18,18,2,2
424,40,8,8,0
131,3,3,3,3
116,52,20,4,4
336,16,16,0,0
398,14,14,14,6
25,25,25,9,1
981,21,21,5,5
395,11,11,11,3
518,6,6,6,6
887,55,23,7,7
339,19,19,3,3
145,17,17,1,1
952,56,24,8,0
195,3,3,3,3
583,7,7,7,7
812,44,12,12,4
937,41,9,9,1
85,21,21,5,5
729,25,25,9,1
231,39,7,7,7
634,58,26,10,2
561,49,17,1,1
880,48,16,0,0
182,54,22,6,6
233,41,9,9,1
51,51,19,3,3
458,10,10,10,2
256,0,0,0,0
18,18,18,2,2
628,52,20,4,4
81,17,17,1,1
611,35,3,3,3
63,63,31,15,7
671,31,31,15,7
226,34,2,2,2
822,54,22,6,6
36,36,4,4,4
973,13,13,13,5
284,28,28,12,4
851,19,19,3,3
441,57,25,9,1
948,52,20,4,4
16,16,16,0,0
665,25,25,9,1
733,29,29,13,5
509,61,29,13,5
688,48,16,0,0
460,12,12,12,4
182,54,22,6,6
267,11,11,11,3
209,17,17,1,1
539,27,27,11,3
291,35,3,3,3
244,52,20,4,4
639,63,31,15,7
936,40,8,8,0
299,43,11,11,3
583,7,7,7,7
739,35,3,3,3
465,17,17,1,1
172,44,12,12,4
221,29,29,13,5
244,52,20,4,4
821,53,21,5,5
689,49,17,1,1
473,25,25,9,1
834,2,2,2,2
937,41,9,9,1
188,60,28,12,4
797,29,29,13,5
640,0,0,0,0
971,11,11,11,3
506,58,26,10,2
544,32,0,0,0
98,34,2,2,2
231,39,7,7,7
18,18,18,2,2
797,29,29,13,5
760,56,24,8,0
177,49,17,1,1
875,43,11,11,3
164,36,4,4,4
571,59,27,11,3
187,59,27,11,3
940,44,12,12,4
410,26,26,10,2
734,30,30,14,6
468,20,20,4,4
346,26,26,10,2
270,14,14,14,6
544,32,0,0,0
596,20,20,4,4
853,21,21,5,5
874,42,10,10,2
714,10,10,10,2
995,35,3,3,3
854,22,22,6,6
524,12,12,12,4
453,5,5,5,5
284,28,28,12,4
554,42,10,10,2
705,1,1,1,1
396,12,12,12,4
522,10,10,10,2
299,43,11,11,3
740,36,4,4,4
809,41,9,9,1
689,49,17,1,1
58,58,26,10,2
354,34,2,2,2
977,17,17,1,1
473,25,25,9,1
272,16,16,0,0
667,27,27,11,3
771,3,3,3,3
119,55,23,7,7
232,40,8,8,0
642,2,2,2,2
671,31,31,15,7
85,21,21,5,5
154,26,26,10,2
853,21,21,5,5
12,12,12,12,4
724,20,20,4,4
903,7,7,7,7
805,37,5,5,5
526,14,14,14,6
245,53,21,5,5
238,46,14,14,6
492,44,12,12,4
634,58,26,10,2
425,41,9,9,1
728,24,24,8,0
880,48,16,0,0
607,31,31,15,7
992,32,0,0,0
426,42,10,10,2
630,54,22,6,6
441,57,25,9,1
769,1,1,1,1
650,10,10,10,2
526,14,14,14,6
567,55,23,7,7
161,33,1,1,1
376,56,24,8,0
883,51,19,3,3
680,40,8,8,0
750,46,14,14,6
308,52,20,4,4
243,51,19,3,3
948,52,20,4,4
375,55,23,7,7
379,59,27,11,3
322,2,2,2,2
353,33,1,1,1
460,12,12,12,4
703,63,31,15,7
610,34,2,2,2
738,34,2,2,2
837,5,5,5,5
507,59,27,11,3
659,19,19,3,3
767,63,31,15,7
48,48,16,0,0
537,25,25,9,1
668,28,28,12,4
126,62,30,14,6
498,50,18,2,2
737,33,1,1,1
939,43,11,11,3
424,40,8,8,0
712,8,8,8,0
724,20,20,4,4
973,13,13,13,5
335,15,15,15,7
503,55,23,7,7
979,19,19,3,3
804,36,4,4,4
74,10,10,10,2
871,39,7,7,7
881,49,17,1,1
59,59,27,11,3
301,45,13,13,5
23,23,23,7,7
787,19,19,3,3
45,45,13,13,5
621,45,13,13,5
416,32,0,0,0
839,7,7,7,7
658,18,18,2,2
298,42,10,10,2
443,59,27,11,3
586,10,10,10,2
78,14,14,14,6
762,58,26,10,2
1,1,1,1,1
518,6,6,6,6
693,53,21,5,5
614,38,6,6,6
169,41,9,9,1
612,36,4,4,4
197,5,5,5,5
920,24,24,8,0
367,47,15,15,7
413,29,29,13,5
607,31,31,15,7
842,10,10,10,2
806,38,6,6,6
400,16,16,0,0
763,59,27,11,3
874,42,10,10,2
555,43,11,11,3
423,39,7,7,7
671,31,31,15,7
674,34,2,2,2
952,56,24,8,0
201,9,9,9,1
386,2,2,2,2
366,46,14,14,6
115,51,19,3,3
702,62,30,14,6
296,40,8,8,0
455,7,7,7,7
338,18,18,2,2
324,4,4,4,4
411,27,27,11,3
38,38,6,6,6
149,21,21,5,5
612,36,4,4,4
55,55,23,7,7
756,52,20,4,4
64,0,0,0,0
257,1,1,1,1
63,63,31,15,7
368,48,16,0,0
684,44,12,12,4
328,8,8,8,0
159,31,31,15,7
15,15,15,15,7
575,63,31,15,7
374,54,22,6,6
847,15,15,15,7
626,50,18,2,2
691,51,19,3,3
917,21,21,5,5
871,39,7,7,7
993,33,1,1,1
134,6,6,6,6
938,42,10,10,2
557,45,13,13,5
402,18,18,2,2
293,37,5,5,5
622,46,14,14,6
928,32,0,0,0
230,38,6,6,6
62,62,30,14,6
970,10,10,10,2
536,24,24,8,0
540,28,28,12,4
117,53,21,5,5
319,63,31,15,7
163,35,3,3,3
52,52,20,4,4
188,60,28,12,4
383,63,31,15,7
215,23,23,7,7
615,39,7,7,7
105,41,9,9,1
471,23,23,7,7
416,32,0,0,0
4,4,4,4,4
283,27,27,11,3
223,31,31,15,7
458,10,10,10,2
733,29,29,13,5
577,1,1,1,1
395,11,11,11,3
532,20,20,4,4
695,55,23,7,7
245,53,21,5,5
809,41,9,9,1
536,24,24,8,0
652,12,12,12,4
955,59,27,11,3
628,52,20,4,4
883,51,19,3,3
706,2,2,2,2
762,58,26,10,2
443,59,27,11,3
41,41,9,9,1
163,35,3,3,3
377,57,25,9,1
353,33,1,1,1
908,12,12,12,4
996,36,4,4,4
340,20,20,4,4
49,49,17,1,1
604,28,28,12,4
21,21,21,5,5
438,54,22,6,6
884,52,20,4,4
981,21,21,5,5
720,16,16,0,0
198,6,6,6,6
907,11,11,11,3
907,11,11,11,3
60,60,28,12,4
710,6,6,6,6
475,27,27,11,3
889,57,25,9,1
55,55,23,7,7
347,27,27,11,3
782,14,14,14,6
176,48,16,0,0
422,38,6,6,6
735,31,31,15,7
856,24,24,8,0
267,11,11,11,3
185,57,25,9,1
676,36,4,4,4
422,38,6,6,6
572,60,28,12,4
500,52,20,4,4
701,61,29,13,5
556,44,12,12,4
457,9,9,9,1
613,37,5,5,5
759,55,23,7,7
127,63,31,15,7
930,34,2,2,2
139,11,11,11,3
57,57,25,9,1
195,3,3,3,3
52,52,20,4,4
206,14,14,14,6
359,39,7,7,7
857,25,25,9,1
524,12,12,12,4
520,8,8,8,0
266,10,10,10,2
598,22,22,6,6
36,36,4,4,4
977,17,17,1,1
239,47,15,15,7
922,26,26,10,2
834,2,2,2,2
797,29,29,13,5
579,3,3,3,3
674,34,2,2,2
548,36,4,4,4
816,48,16,0,0
544,32,0,0,0
720,16,16,0,0
698,58,26,10,2
230,38,6,6,6
240,48,16,0,0
128,0,0,0,0
848,16,16,0,0
806,38,6,6,6
502,54,22,6,6
86,22,22,6,6
112,48,16,0,0
984,24,24,8,0
756,52,20,4,4
483,35,3,3,3
873,41,9,9,1
845,13,13,13,5
948,52,20,4,4
231,39,7,7,7
273,17,17,1,1
883,51,19,3,3
208,16,16,0,0
738,34,2,2,2
86,22,22,6,6
232,40,8,8,0
497,49,17,1,1
294,38,6,6,6
785,17,17,1,1
732,28,28,12,4
273,17,17,1,1
780,12,12,12,4
657,17,17,1,1
856,24,24,8,0
411,27,27,11,3
996,36,4,4,4
156,28,28,12,4
487,39,7,7,7
722,18,18,2,2
601,25,25,9,1
822,54,22,6,6
189,61,29,13,5
610,34,2,2,2
178,50,18,2,2
636,60,28,12,4
246,54,22,6,6
228,36,4,4,4
877,45,13,13,5
803,35,3,3,3
698,58,26,10,2
762,58,26,10,2
215,23,23,7,7
137,9,9,9,1
141,13,13,13,5
829,61,29,13,5
27,27,27,11,3
397,13,13,13,5
864,32,0,0,0
765,61,29,13,5
628,52,20,4,4
658,18,18,2,2
397,13,13,13,5
988,28,28,12,4
908,12,12,12,4
340,20,20,4,4
270,14,14,14,6
137,9,9,9,1
586,10,10,10,2
641,1,1,1,1
71,7,7,7,7
893,61,29,13,5
842,10,10,10,2
9,9,9,9,1
853,21,21,5,5
814,46,14,14,6
212,20,20,4,4
879,47,15,15,7
421,37,5,5,5
645,5,5,5,5
279,23,23,7,7
437,53,21,5,5
780,12,12,12,4
246,54,22,6,6
458,10,10,10,2
651,11,11,11,3
46,46,14,14,6
656,16,16,0,0
188,60,28,12,4
929,33,1,1,1
894,62,30,14,6
508,60,28,12,4
741,37,5,5,5
639,63,31,15,7
455,7,7,7,7
737,33,1,1,1
84,20,20,4,4
90,26,26,10,2
771,3,3,3,3
361,41,9,9,1
961,1,1,1,1
571,59,27,11,3
785,17,17,1,1
119,55,23,7,7
669,29,29,13,5
31,31,31,15,7
291,35,3,3,3
338,18,18,2,2
251,59,27,11,3
36,36,4,4,4
383,63,31,15,7
619,43,11,11,3
816,48,16,0,0
549,37,5,5,5
92,28,28,12,4
66,2,2,2,2
17,17,17,1,1
799,31,31,15,7
323,3,3,3,3
281,25,25,9,1
181,53,21,5,5
401,17,17,1,1
672,32,0,0,0
32,32,0,0,0
688,48,16,0,0
73,9,9,9,1
314,58,26,10,2
167,39,7,7,7
724,20,20,4,4
949,53,21,5,5
202,10,10,10,2
45,45,13,13,5
359,39,7,7,7
79,15,15,15,7
808,40,8,8,0
826,58,26,10,2
986,26,26,10,2
916,20,20,4,4
161,33,1,1,1
227,35,3,3,3
643,3,3,3,3
259,3,3,3,3
620,44,12,12,4
73,9,9,9,1
508,60,28,12,4
713,9,9,9,1
502,54,22,6,6
266,10,10,10,2
769,1,1,1,1
101,37,5,5,5
310,54,22,6,6
530,18,18,2,2
611,35,3,3,3
566,54,22,6,6
358,38,6,6,6
906,10,10,10,2
833,1,1,1,1
748,44,12,12,4
249,57,25,9,1
687,47,15,15,7
501,53,21,5,5
86,22,22,6,6
919,23,23,7,7
746,42,10,10,2
142,14,14,14,6
636,60,28,12,4
779,11,11,11,3
643,3,3,3,3
141,13,13,13,5
962,2,2,2,2
700,60,28,12,4
919,23,23,7,7
867,35,3,3,3
528,16,16,0,0
30,30,30,14,6
286,30,30,14,6
284,28,28,12,4
351,31,31,15,7
893,61,29,13,5
674,34,2,2,2
56,56,24,8,0
570,58,26,10,2
927,31,31,15,7
264,8,8,8,0
411,27,27,11,3
388,4,4,4,4
611,35,3,3,3
138,10,10,10,2
516,4,4,4,4
894,62,30,14,6
242,50,18,2,2
154,26,26,10,2
843,11,11,11,3
284,28,28,12,4
81,17,17,1,1
941,45,13,13,5
364,44,12,12,4
257,1,1,1,1
540,28,28,12,4
118,54,22,6,6
653,13,13,13,5
141,13,13,13,5
550,38,6,6,6
642,2,2,2,2
582,6,6,6,6
62,62,30,14,6
731,27,27,11,3
422,38,6,6,6
947,51,19,3,3
795,27,27,11,3
566,54,22,6,6
690,50,18,2,2
291,35,3,3,3
259,3,3,3,3
546,34,2,2,2
453,5,5,5,5
482,34,2,2,2
469,21,21,5,5
358,38,6,6,6
720,16,16,0,0
16,16,16,0,0
19,19,19,3,3
638,62,30,14,6
953,57,25,9,1
313,57,25,9,1
299,43,11,11,3
603,27,27,11,3
792,24,24,8,0
532,20,20,4,4
249,57,25,9,1
650,10,10,10,2
172,44,12,12,4
748,44,12,12,4
926,30,30,14,6
677,37,5,5,5
458,10,10,10,2
373,53,21,5,5
795,27,27,11,3
519,7,7,7,7
694,54,22,6,6
457,9,9,9,1
500,52,20,4,4
661,21,21,5,5
472,24,24,8,0
311,55,23,7,7
743,39,7,7,7
111,47,15,15,7
196,4,4,4,4
766,62,30,14,6
849,17,17,1,1
45,45,13,13,5
779,11,11,11,3
564,52,20,4,4
677,37,5,5,5
554,42,10,10,2
126,62,30,14,6
600,24,24,8,0
107,43,11,11,3
246,54,22,6,6
30,30,30,14,6
404,20,20,4,4
534,22,22,6,6
950,54,22,6,6
423,39,7,7,7
703,63,31,15,7
421,37,5,5,5
876,44,12,12,4
609,33,1,1,1
520,8,8,8,0
25,25,25,9,1
600,24,24,8,0
94,30,30,14,6
896,0,0,0,0
974,14,14,14,6
674,34,2,2,2
941,45,13,13,5
539,27,27,11,3
773,5,5,5,5
931,35,3,3,3
788,20,20,4,4
474,26,26,10,2
980,20,20,4,4
753,49,17,1,1
577,1,1,1,1
364,44,12,12,4
567,55,23,7,7
943,47,15,15,7
180,52,20,4,4
261,5,5,5,5
844,12,12,12,4
356,36,4,4,4
215,23,23,7,7
516,4,4,4,4
504,56,24,8,0
860,28,28,12,4
768,0,0,0,0
3,3,3,3,3
501,53,21,5,5
96,32,0,0,0
616,40,8,8,0
915,19,19,3,3
351,31,31,15,7
900,4,4,4,4
840,8,8,8,0
233,41,9,9,1
46,46,14,14,6
54,54,22,6,6
128,0,0,0,0
183,55,23,7,7
682,42,10,10,2
418,34,2,2,2
698,58,26,10,2
129,1,1,1,1
39,39,7,7,7
501,53,21,5,5
14,14,14,14,6
855,23,23,7,7
911,15,15,15,7
989,29,29,13,5
976,16,16,0,0
383,63,31,15,7
884,52,20,4,4
310,54,22,6,6
548,36,4,4,4
798,30,30,14,6
630,54,22,6,6
659,19,19,3,3
25,25,25,9,1
775,7,7,7,7
540,28,28,12,4
102,38,6,6,6
660,20,20,4,4
897,1,1,1,1
892,60,28,12,4
868,36,4,4,4
48,48,16,0,0
143,15,15,15,7
571,59,27,11,3
955,59,27,11,3
805,37,5,5,5
402,18,18,2,2
8,8,8,8,0
155,27,27,11,3
261,5,5,5,5
988,28,28,12,4
162,34,2,2,2
485,37,5,5,5
321,1,1,1,1
957,61,29,13,5
360,40,8,8,0
857,25,25,9,1
552,40,8,8,0
543,31,31,15,7
550,38,6,6,6
232,40,8,8,0
815,47,15,15,7
186,58,26,10,2
983,23,23,7,7
992,32,0,0,0
660,20,20,4,4
900,4,4,4,4
361,41,9,9,1
522,10,10,10,2
68,4,4,4,4
222,30,30,14,6
968,8,8,8,0
109,45,13,13,5
732,28,28,12,4
506,58,26,10,2
655,15,15,15,7
203,11,11,11,3
901,5,5,5,5
997,37,5,5,5
91,27,27,11,3
767,63,31,15,7
541,29,29,13,5
273,17,17,1,1
698,58,26,10,2
844,12,12,12,4
947,51,19,3,3
949,53,21,5,5
674,34,2,2,2
587,11,11,11,3
52,52,20,4,4
961,1,1,1,1
120,56,24,8,0
791,23,23,7,7
748,44,12,12,4
921,25,25,9,1
288,32,0,0,0
791,23,23,7,7
890,58,26,10,2
856,24,24,8,0
627,51,19,3,3
26,26,26,10,2
271,15,15,15,7
685,45,13,13,5
329,9,9,9,1
265,9,9,9,1
491,43,11,11,3
531,19,19,3,3
658,18,18,2,2
624,48,16,0,0
452,4,4,4,4
627,51,19,3,3
882,50,18,2,2
63,63,31,15,7
24,24,24,8,0
400,16,16,0,0
651,11,11,11,3
924,28,28,12,4
273,17,17,1,1
454,6,6,6,6
554,42,10,10,2
480,32,0,0,0
239,47,15,15,7
957,61,29,13,5
595,19,19,3,3
723,19,19,3,3
48,48,16,0,0
977,17,17,1,1
307,51,19,3,3
978,18,18,2,2
605,29,29,13,5
756,52,20,4,4
585,9,9,9,1
470,22,22,6,6
404,20,20,4,4
811,43,11,11,3
119,55,23,7,7
735,31,31,15,7
63,63,31,15,7
9,9,9,9,1
932,36,4,4,4
310,54,22,6,6
368,48,16,0,0
69,5,5,5,5
155,27,27,11,3
172,44,12,12,4
403,19,19,3,3
468,20,20,4,4
412,28,28,12,4
943,47,15,15,7
531,19,19,3,3
608,32,0,0,0
832,0,0,0,0
864,32,0,0,0
185,57,25,9,1
514,2,2,2,2
47,47,15,15,7
425,41,9,9,1
120,56,24,8,0
877,45,13,13,5
382,62,30,14,6
668,28,28,12,4
321,1,1,1,1
454,6,6,6,6
310,54,22,6,6
520,8,8,8,0
584,8,8,8,0
331,11,11,11,3
997,37,5,5,5
38,38,6,6,6
309,53,21,5,5
812,44,12,12,4
239,47,15,15,7
719,15,15,15,7
778,10,10,10,2
202,10,10,10,2
373,53,21,5,5
389,5,5,5,5
338,18,18,2,2
679,39,7,7,7
713,9,9,9,1
720,16,16,0,0
300,44,12,12,4
885,53,21,5,5
928,32,0,0,0
589,13,13,13,5
560,48,16,0,0
274,18,18,2,2
628,52,20,4,4
369,49,17,1,1
866,34,2,2,2
745,41,9,9,1
942,46,14,14,6
859,27,27,11,3
174,46,14,14,6
685,45,13,13,5
626,50,18,2,2
153,25,25,9,1
456,8,8,8,0
622,46,14,14,6
25,25,25,9,1
541,29,29,13,5
47,47,15,15,7
155,27,27,11,3
557,45,13,13,5
210,18,18,2,2
744,40,8,8,0
97,33,1,1,1
146,18,18,2,2
369,49,17,1,1
542,30,30,14,6
495,47,15,15,7
265,9,9,9,1
208,16,16,0,0
132,4,4,4,4
79,15,15,15,7
778,10,10,10,2
729,25,25,9,1
637,61,29,13,5
174,46,14,14,6
674,34,2,2,2
215,23,23,7,7
280,24,24,8,0
580,4,4,4,4
699,59,27,11,3
112,48,16,0,0
336,16,16,0,0
971,11,11,11,3
372,52,20,4,4
143,15,15,15,7
568,56,24,8,0
111,47,15,15,7
542,30,30,14,6
6,6,6,6,6
478,30,30,14,6
595,19,19,3,3
537,25,25,9,1
146,18,18,2,2
558,46,14,14,6
148,20,20,4,4
528,16,16,0,0
606,30,30,14,6
52,52,20,4,4
17,17,17,1,1
586,10,10,10,2
461,13,13,13,5
659,19,19,3,3
55,55,23,7,7
794,26,26,10,2
879,47,15,15,7
569,57,25,9,1
887,55,23,7,7
200,8,8,8,0
520,8,8,8,0
365,45,13,13,5
326,6,6,6,6
878,46,14,14,6
181,53,21,5,5
232,40,8,8,0
640,0,0,0,0
68,4,4,4,4
994,34,2,2,2
837,5,5,5,5
636,60,28,12,4
272,16,16,0,0
782,14,14,14,6
917,21,21,5,5
343,23,23,7,7
842,10,10,10,2
62,62,30,14,6
224,32,0,0,0
238,46,14,14,6
773,5,5,5,5
298,42,10,10,2
105,41,9,9,1
771,3,3,3,3
15,15,15,15,7
440,56,24,8,0
614,38,6,6,6
583,7,7,7,7
412,28,28,12,4
935,39,7,7,7
261,5,5,5,5
595,19,19,3,3
696,56,24,8,0
482,34,2,2,2
140,12,12,12,4
228,36,4,4,4
564,52,20,4,4
218,26,26,10,2
389,5,5,5,5
895,63,31,15,7
930,34,2,2,2
480,32,0,0,0
434,50,18,2,2
889,57,25,9,1
810,42,10,10,2
121,57,25,9,1
805,37,5,5,5
505,57,25,9,1
459,11,11,11,3
539,27,27,11,3
959,63,31,15,7
614,38,6,6,6
223,31,31,15,7
647,7,7,7,7
230,38,6,6,6
570,58,26,10,2
814,46,14,14,6
258,2,2,2,2
306,50,18,2,2
610,34,2,2,2
994,34,2,2,2
311,55,23,7,7
81,17,17,1,1
488,40,8,8,0
167,39,7,7,7
97,33,1,1,1
356,36,4,4,4
50,50,18,2,2
155,27,27,11,3
270,14,14,14,6
659,19,19,3,3
971,11,11,11,3
111,47,15,15,7
76,12,12,12,4
177,49,17,1,1
910,14,14,14,6
187,59,27,11,3
969,9,9,9,1
17,17,17,1,1
447,63,31,15,7
567,55,23,7,7
675,35,3,3,3
843,11,11,11,3
912,16,16,0,0
14,14,14,14,6
55,55,23,7,7
241,49,17,1,1
294,38,6,6,6
75,11,11,11,3
625,49,17,1,1
705,1,1,1,1
286,30,30,14,6
295,39,7,7,7
970,10,10,10,2
319,63,31,15,7
994,34,2,2,2
233,41,9,9,1
625,49,17,1,1
471,23,23,7,7
26,26,26,10,2
778,10,10,10,2
348,28,28,12,4
713,9,9,9,1
33,33,1,1,1
54,54,22,6,6
389,5,5,5,5
593,17,17,1,1
699,59,27,11,3
876,44,12,12,4
152,24,24,8,0
921,25,25,9,1
538,26,26,10,2
166,38,6,6,6
746,42,10,10,2
195,3,3,3,3
949,53,21,5,5
381,61,29,13,5
67,3,3,3,3
882,50,18,2,2
821,53,21,5,5
869,37,5,5,5
594,18,18,2,2
335,15,15,15,7
329,9,9,9,1
165,37,5,5,5
158,30,30,14,6
81,17,17,1,1
233,41,9,9,1
145,17,17,1,1
947,51,19,3,3
232,40,8,8,0
51,51,19,3,3
229,37,5,5,5
953,57,25,9,1
191,63,31,15,7
914,18,18,2,2
488,40,8,8,0
515,3,3,3,3
524,12,12,12,4
250,58,26,10,2
291,35,3,3,3
473,25,25,9,1
748,44,12,12,4
30,30,30,14,6
924,28,28,12,4
638,62,30,14,6
943,47,15,15,7
753,49,17,1,1
38,38,6,6,6
943,47,15,15,7
66,2,2,2,2
858,26,26,10,2
901,5,5,5,5
937,41,9,9,1
67,3,3,3,3
509,61,29,13,5
314,58,26,10,2
938,42,10,10,2
626,50,18,2,2
360,40,8,8,0
687,47,15,15,7
511,63,31,15,7
966,6,6,6,6
911,15,15,15,7
529,17,17,1,1
756,52,20,4,4
785,17,17,1,1
509,61,29,13,5
857,25,25,9,1
766,62,30,14,6
508,60,28,12,4
485,37,5,5,5
625,49,17,1,1
222,30,30,14,6
475,27,27,11,3
105,41,9,9,1
641,1,1,1,1
830,62,30,14,6
830,62,30,14,6
615,39,7,7,7
195,3,3,3,3
957,61,29,13,5
176,48,16,0,0
36,36,4,4,4
243,51,19,3,3
779,11,11,11,3
603,27,27,11,3
34,34,2,2,2
851,19,19,3,3
299,43,11,11,3
767,63,31,15,7
347,27,27,11,3
419,35,3,3,3
690,50,18,2,2
284,28,28,12,4
315,59,27,11,3
659,19,19,3,3
25,25,25,9,1
981,21,21,5,5
923,27,27,11,3
958,62,30,14,6
878,46,14,14,6
414,30,30,14,6
807,39,7,7,7
568,56,24,8,0
36,36,4,4,4
211,19,19,3,3
638,62,30,14,6
937,41,9,9,1
268,12,12,12,4
515,3,3,3,3
231,39,7,7,7
274,18,18,2,2
649,9,9,9,1
597,21,21,5,5
102,38,6,6,6
652,12,12,12,4
616,40,8,8,0
716,12,12,12,4
147,19,19,3,3
370,50,18,2,2
86,22,22,6,6
494,46,14,14,6
329,9,9,9,1
150,22,22,6,6
994,34,2,2,2
845,13,13,13,5
731,27,27,11,3
985,25,25,9,1
277,21,21,5,5
746,42,10,10,2
69,5,5,5,5
33,33,1,1,1
215,23,23,7,7
681,41,9,9,1
510,62,30,14,6
663,23,23,7,7
917,21,21,5,5
937,41,9,9,1
693,53,21,5,5
456,8,8,8,0
971,11,11,11,3
140,12,12,12,4
530,18,18,2,2
861,29,29,13,5
30,30,30,14,6
900,4,4,4,4
143,15,15,15,7
525,13,13,13,5
962,2,2,2,2
270,14,14,14,6
102,38,6,6,6
617,41,9,9,1
219,27,27,11,3
551,39,7,7,7
287,31,31,15,7
278,22,22,6,6
904,8,8,8,0
882,50,18,2,2
773,5,5,5,5
763,59,27,11,3
423,39,7,7,7
623,47,15,15,7
256,0,0,0,0
568,56,24,8,0
567,55,23,7,7
722,18,18,2,2
640,0,0,0,0
860,28,28,12,4
239,47,15,15,7
391,7,7,7,7
116,52,20,4,4
716,12,12,12,4
688,48,16,0,0
77,13,13,13,5
676,36,4,4,4
581,5,5,5,5
30,30,30,14,6
491,43,11,11,3
57,57,25,9,1
772,4,4,4,4
955,59,27,11,3
980,20,20,4,4
371,51,19,3,3
90,26,26,10,2
218,26,26,10,2
814,46,14,14,6
139,11,11,11,3
854,22,22,6,6
945,49,17,1,1
840,8,8,8,0
331,11,11,11,3
865,33,1,1,1
663,23,23,7,7
269,13,13,13,5
332,12,12,12,4
905,9,9,9,1
175,47,15,15,7
760,56,24,8,0
962,2,2,2,2
507,59,27,11,3
431,47,15,15,7
759,55,23,7,7
628,52,20,4,4
901,5,5,5,5
369,49,17,1,1
155,27,27,11,3
13,13,13,13,5
340,20,20,4,4
500,52,20,4,4
154,26,26,10,2
979,19,19,3,3
819,51,19,3,3
264,8,8,8,0
703,63,31,15,7
416,32,0,0,0
791,23,23,7,7
511,63,31,15,7
272,16,16,0,0
938,42,10,10,2
813,45,13,13,5
871,39,7,7,7
672,32,0,0,0
26,26,26,10,2
984,24,24,8,0
88,24,24,8,0
443,59,27,11,3
317,61,29,13,5
854,22,22,6,6
352,32,0,0,0
913,17,17,1,1
175,47,15,15,7
880,48,16,0,0
905,9,9,9,1
114,50,18,2,2
397,13,13,13,5
222,30,30,14,6
137,9,9,9,1
598,22,22,6,6
186,58,26,10,2
832,0,0,0,0
262,6,6,6,6
544,32,0,0,0
22,22,22,6,6
890,58,26,10,2
40,40,8,8,0
524,12,12,12,4
259,3,3,3,3
801,33,1,1,1
562,50,18,2,2
921,25,25,9,1
616,40,8,8,0
955,59,27,11,3
114,50,18,2,2
133,5,5,5,5
501,53,21,5,5
639,63,31,15,7
816,48,16,0,0
121,57,25,9,1
866,34,2,2,2
56,56,24,8,0
593,17,17,1,1
462,14,14,14,6
28,28,28,12,4
826,58,26,10,2
302,46,14,14,6
691,51,19,3,3
249,57,25,9,1
979,19,19,3,3
847,15,15,15,7
453,5,5,5,5
176,48,16,0,0
232,40,8,8,0
266,10,10,10,2
966,6,6,6,6
613,37,5,5,5
186,58,26,10,2
26,26,26,10,2
258,2,2,2,2
187,59,27,11,3
959,63,31,15,7
634,58,26,10,2
550,38,6,6,6
977,17,17,1,1
199,7,7,7,7
32,32,0,0,0
334,14,14,14,6
911,15,15,15,7
802,34,2,2,2
549,37,5,5,5
33,33,1,1,1
581,5,5,5,5
527,15,15,15,7
984,24,24,8,0
556,44,12,12,4
675,35,3,3,3
498,50,18,2,2
297,41,9,9,1
296,40,8,8,0
236,44,12,12,4
274,18,18,2,2
798,30,30,14,6
587,11,11,11,3
397,13,13,13,5
173,45,13,13,5
30,30,30,14,6
780,12,12,12,4
555,43,11,11,3
269,13,13,13,5
694,54,22,6,6
85,21,21,5,5
669,29,29,13,5
525,13,13,13,5
831,63,31,15,7
577,1,1,1,1
736,32,0,0,0
810,42,10,10,2
760,56,24,8,0
153,25,25,9,1
169,41,9,9,1
550,38,6,6,6
697,57,25,9,1
239,47,15,15,7
348,28,28,12,4
753,49,17,1,1
234,42,10,10,2
60,60,28,12,4
740,36,4,4,4
496,48,16,0,0
922,26,26,10,2
253,61,29,13,5
632,56,24,8,0
139,11,11,11,3
570,58,26,10,2
223,31,31,15,7
338,18,18,2,2
130,2,2,2,2
37,37,5,5,5
166,38,6,6,6
9,9,9,9,1
701,61,29,13,5
707,3,3,3,3
633,57,25,9,1
455,7,7,7,7
620,44,12,12,4
699,59,27,11,3
119,55,23,7,7
339,19,19,3,3
960,0,0,0,0
910,14,14,14,6
444,60,28,12,4
751,47,15,15,7
448,0,0,0,0
56,56,24,8,0
393,9,9,9,1
751,47,15,15,7
942,46,14,14,6
330,10,10,10,2
314,58,26,10,2
973,13,13,13,5
436,52,20,4,4
45,45,13,13,5
739,35,3,3,3
857,25,25,9,1
510,62,30,14,6
817,49,17,1,1
132,4,4,4,4
559,47,15,15,7
395,11,11,11,3
279,23,23,7,7
718,14,14,14,6
309,53,21,5,5
930,34,2,2,2
853,21,21,5,5
505,57,25,9,1
786,18,18,2,2
312,56,24,8,0
529,17,17,1,1
646,6,6,6,6
244,52,20,4,4
31,31,31,15,7
66,2,2,2,2
662,22,22,6,6
359,39,7,7,7
354,34,2,2,2
605,29,29,13,5
596,20,20,4,4
571,59,27,11,3
728,24,24,8,0
732,28,28,12,4
386,2,2,2,2
572,60,28,12,4
992,32,0,0,0
755,51,19,3,3
222,30,30,14,6
175,47,15,15,7
699,59,27,11,3
619,43,11,11,3
591,15,15,15,7
784,16,16,0,0
529,17,17,1,1
681,41,9,9,1
302,46,14,14,6
404,20,20,4,4
784,16,16,0,0
0,0,0,0,0
758,54,22,6,6
147,19,19,3,3
603,27,27,11,3
250,58,26,10,2
102,38,6,6,6
93,29,29,13,5
14,14,14,14,6
120,56,24,8,0
662,22,22,6,6
662,22,22,6,6
713,9,9,9,1
584,8,8,8,0
117,53,21,5,5
99,35,3,3,3
106,42,10,10,2
67,3,3,3,3
356,36,4,4,4
91,27,27,11,3
930,34,2,2,2
651,11,11,11,3
511,63,31,15,7
934,38,6,6,6
398,14,14,14,6
271,15,15,15,7
816,48,16,0,0
653,13,13,13,5
399,15,15,15,7
12,12,12,12,4
571,59,27,11,3
539,27,27,11,3
489,41,9,9,1
986,26,26,10,2
38,38,6,6,6
44,44,12,12,4
415,31,31,15,7
433,49,17,1,1
179,51,19,3,3
351,31,31,15,7
479,31,31,15,7
446,62,30,14,6
158,30,30,14,6
554,42,10,10,2
300,44,12,12,4
884,52,20,4,4
826,58,26,10,2
951,55,23,7,7
498,50,18,2,2
299,43,11,11,3
840,8,8,8,0
889,57,25,9,1
491,43,11,11,3
2,2,2,2,2
761,57,25,9,1
325,5,5,5,5
574,62,30,14,6
569,57,25,9,1
564,52,20,4,4
112,48,16,0,0
416,32,0,0,0
904,8,8,8,0
532,20,20,4,4
300,44,12,12,4
336,16,16,0,0
709,5,5,5,5
427,43,11,11,3
688,48,16,0,0
714,10,10,10,2
978,18,18,2,2
941,45,13,13,5
913,17,17,1,1
30,30,30,14,6
181,53,21,5,5
465,17,17,1,1
438,54,22,6,6
677,37,5,5,5
406,22,22,6,6
522,10,10,10,2
615,39,7,7,7
216,24,24,8,0
552,40,8,8,0
291,35,3,3,3
334,14,14,14,6
940,44,12,12,4
196,4,4,4,4
896,0,0,0,0
564,52,20,4,4
763,59,27,11,3
665,25,25,9,1
98,34,2,2,2
212,20,20,4,4
760,56,24,8,0
302,46,14,14,6
996,36,4,4,4
81,17,17,1,1
344,24,24,8,0
345,25,25,9,1
741,37,5,5,5
526,14,14,14,6
797,29,29,13,5
534,22,22,6,6
104,40,8,8,0
205,13,13,13,5
366,46,14,14,6
510,62,30,14,6
844,12,12,12,4
489,41,9,9,1
641,1,1,1,1
535,23,23,7,7
644,4,4,4,4
899,3,3,3,3
576,0,0,0,0
406,22,22,6,6
714,10,10,10,2
228,36,4,4,4
229,37,5,5,5
550,38,6,6,6
695,55,23,7,7
583,7,7,7,7
180,52,20,4,4
602,26,26,10,2
728,24,24,8,0
996,36,4,4,4
458,10,10,10,2
518,6,6,6,6
719,15,15,15,7
816,48,16,0,0
519,7,7,7,7
869,37,5,5,5
539,27,27,11,3
798,30,30,14,6
484,36,4,4,4
30,30,30,14,6
895,63,31,15,7
924,28,28,12,4
518,6,6,6,6
474,26,26,10,2
910,14,14,14,6
58,58,26,10,2
924,28,28,12,4
298,42,10,10,2
148,20,20,4,4
306,50,18,2,2
823,55,23,7,7
631,55,23,7,7
941,45,13,13,5
210,18,18,2,2
87,23,23,7,7
245,53,21,5,5
287,31,31,15,7
29,29,29,13,5
86,22,22,6,6
652,12,12,12,4
256,0,0,0,0
571,59,27,11,3
363,43,11,11,3
95,31,31,15,7
518,6,6,6,6
467,19,19,3,3
493,45,13,13,5
747,43,11,11,3
29,29,29,13,5
662,22,22,6,6
544,32,0,0,0
145,17,17,1,1
986,26,26,10,2
676,36,4,4,4
872,40,8,8,0
875,43,11,11,3
514,2,2,2,2
856,24,24,8,0
422,38,6,6,6
650,10,10,10,2
751,47,15,15,7
503,55,23,7,7
639,63,31,15,7
484,36,4,4,4
848,16,16,0,0
678,38,6,6,6
742,38,6,6,6
193,1,1,1,1
402,18,18,2,2
905,9,9,9,1
574,62,30,14,6
391,7,7,7,7
925,29,29,13,5
498,50,18,2,2
315,59,27,11,3
793,25,25,9,1
777,9,9,9,1
872,40,8,8,0
684,44,12,12,4
416,32,0,0,0
909,13,13,13,5
257,1,1,1,1
899,3,3,3,3
244,52,20,4,4
168,40,8,8,0
850,18,18,2,2
898,2,2,2,2
723,19,19,3,3
457,9,9,9,1
225,33,1,1,1
891,59,27,11,3
971,11,11,11,3
981,21,21,5,5
127,63,31,15,7
310,54,22,6,6
26,26,26,10,2
542,30,30,14,6
694,54,22,6,6
762,58,26,10,2
890,58,26,10,2
845,13,13,13,5
976,16,16,0,0
665,25,25,9,1
970,10,10,10,2
525,13,13,13,5
286,30,30,14,6
868,36,4,4,4
639,63,31,15,7
174,46,14,14,6
916,20,20,4,4
517,5,5,5,5
936,40,8,8,0
840,8,8,8,0
693,53,21,5,5
331,11,11,11,3
270,14,14,14,6
774,6,6,6,6
571,59,27,11,3
199,7,7,7,7
271,15,15,15,7
153,25,25,9,1
617,41,9,9,1
436,52,20,4,4
80,16,16,0,0
368,48,16,0,0
817,49,17,1,1
256,0,0,0,0
599,23,23,7,7
936,40,8,8,0
396,12,12,12,4
461,13,13,13,5
767,63,31,15,7
472,24,24,8,0
392,8,8,8,0
878,46,14,14,6
433,49,17,1,1
259,3,3,3,3
815,47,15,15,7
759,55,23,7,7
593,17,17,1,1
722,18,18,2,2
348,28,28,12,4
396,12,12,12,4
821,53,21,5,5
268,12,12,12,4
816,48,16,0,0
300,44,12,12,4
562,50,18,2,2
287,31,31,15,7
749,45,13,13,5
66,2,2,2,2
969,9,9,9,1
906,10,10,10,2
825,57,25,9,1
69,5,5,5,5
171,43,11,11,3
992,32,0,0,0
282,26,26,10,2
96,32,0,0,0
602,26,26,10,2
284,28,28,12,4
415,31,31,15,7
763,59,27,11,3
114,50,18,2,2
815,47,15,15,7
785,17,17,1,1
945,49,17,1,1
853,21,21,5,5
489,41,9,9,1
859,27,27,11,3
674,34,2,2,2
455,7,7,7,7
29,29,29,13,5
178,50,18,2,2
407,23,23,7,7
147,19,19,3,3
815,47,15,15,7
291,35,3,3,3
87,23,23,7,7
354,34,2,2,2
555,43,11,11,3
331,11,11,11,3
606,30,30,14,6
642,2,2,2,2
699,59,27,11,3
419,35,3,3,3
738,34,2,2,2
138,10,10,10,2
764,60,28,12,4
661,21,21,5,5
347,27,27,11,3
706,2,2,2,2
560,48,16,0,0
195,3,3,3,3
315,59,27,11,3
168,40,8,8,0
768,0,0,0,0
463,15,15,15,7
104,40,8,8,0
130,2,2,2,2
390,6,6,6,6
221,29,29,13,5
895,63,31,15,7
742,38,6,6,6
250,58,26,10,2
393,9,9,9,1
270,14,14,14,6
496,48,16,0,0
402,18,18,2,2
512,0,0,0,0
139,11,11,11,3
798,30,30,14,6
686,46,14,14,6
185,57,25,9,1
412,28,28,12,4
133,5,5,5,5
332,12,12,12,4
602,26,26,10,2
333,13,13,13,5
713,9,9,9,1
466,18,18,2,2
409,25,25,9,1
678,38,6,6,6
482,34,2,2,2
259,3,3,3,3
379,59,27,11,3
945,49,17,1,1
37,37,5,5,5
901,5,5,5,5
723,19,19,3,3
396,12,12,12,4
548,36,4,4,4
67,3,3,3,3
13,13,13,13,5
774,6,6,6,6
860,28,28,12,4
19,19,19,3,3
922,26,26,10,2
349,29,29,13,5
132,4,4,4,4
101,37,5,5,5
261,5,5,5,5
855,23,23,7,7
660,20,20,4,4
476,28,28,12,4
439,55,23,7,7
533,21,21,5,5
941,45,13,13,5
929,33,1,1,1
443,59,27,11,3
483,35,3,3,3
587,11,11,11,3
42,42,10,10,2
664,24,24,8,0
939,43,11,11,3
990,30,30,14,6
622,46,14,14,6
81,17,17,1,1
844,12,12,12,4
244,52,20,4,4
817,49,17,1,1
700,60,28,12,4
371,51,19,3,3
676,36,4,4,4
35,35,3,3,3
521,9,9,9,1
393,9,9,9,1
494,46,14,14,6
897,1,1,1,1
774,6,6,6,6
933,37,5,5,5
192,0,0,0,0
873,41,9,9,1
266,10,10,10,2
665,25,25,9,1
906,10,10,10,2
866,34,2,2,2
945,49,17,1,1
423,39,7,7,7
746,42,10,10,2
181,53,21,5,5
701,61,29,13,5
384,0,0,0,0
817,49,17,1,1
864,32,0,0,0
676,36,4,4,4
815,47,15,15,7
881,49,17,1,1
40,40,8,8,0
550,38,6,6,6
632,56,24,8,0
606,30,30,14,6
330,10,10,10,2
586,10,10,10,2
568,56,24,8,0
924,28,28,12,4
684,44,12,12,4
375,55,23,7,7
969,9,9,9,1
229,37,5,5,5
320,0,0,0,0
294,38,6,6,6
835,3,3,3,3
860,28,28,12,4
504,56,24,8,0
955,59,27,11,3
307,51,19,3,3
668,28,28,12,4
494,46,14,14,6
722,18,18,2,2
7,7,7,7,7
937,41,9,9,1
791,23,23,7,7
396,12,12,12,4
742,38,6,6,6
989,29,29,13,5
611,35,3,3,3
775,7,7,7,7
192,0,0,0,0
836,4,4,4,4
269,13,13,13,5
743,39,7,7,7
786,18,18,2,2
168,40,8,8,0
163,35,3,3,3
894,62,30,14,6
702,62,30,14,6
744,40,8,8,0
339,19,19,3,3
419,35,3,3,3
715,11,11,11,3
903,7,7,7,7
339,19,19,3,3
261,5,5,5,5
221,29,29,13,5
819,51,19,3,3
975,15,15,15,7
283,27,27,11,3
802,34,2,2,2
707,3,3,3,3
493,45,13,13,5
881,49,17,1,1
348,28,28,12,4
605,29,29,13,5
413,29,29,13,5
679,39,7,7,7
700,60,28,12,4
449,1,1,1,1
530,18,18,2,2
137,9,9,9,1
348,28,28,12,4
93,29,29,13,5
425,41,9,9,1
127,63,31,15,7
110,46,14,14,6
488,40,8,8,0
306,50,18,2,2
576,0,0,0,0
26,26,26,10,2
368,48,16,0,0
780,12,12,12,4
336,16,16,0,0
452,4,4,4,4
87,23,23,7,7
718,14,14,14,6
863,31,31,15,7
994,34,2,2,2
444,60,28,12,4
841,9,9,9,1
803,35,3,3,3
851,19,19,3,3
601,25,25,9,1
244,52,20,4,4
208,16,16,0,0
337,17,17,1,1
177,49,17,1,1
528,16,16,0,0
43,43,11,11,3
245,53,21,5,5
827,59,27,11,3
422,38,6,6,6
370,50,18,2,2
665,25,25,9,1
486,38,6,6,6
447,63,31,15,7
638,62,30,14,6
925,29,29,13,5
844,12,12,12,4
57,57,25,9,1
116,52,20,4,4
133,5,5,5,5
725,21,21,5,5
500,52,20,4,4
990,30,30,14,6
252,60,28,12,4
486,38,6,6,6
52,52,20,4,4
551,39,7,7,7
588,12,12,12,4
765,61,29,13,5
580,4,4,4,4
623,47,15,15,7
372,52,20,4,4
553,41,9,9,1
372,52,20,4,4
488,40,8,8,0
784,16,16,0,0
74,10,10,10,2
633,57,25,9,1
140,12,12,12,4
882,50,18,2,2
801,33,1,1,1
991,31,31,15,7
496,48,16,0,0
28,28,28,12,4
725,21,21,5,5
422,38,6,6,6
696,56,24,8,0
142,14,14,14,6
887,55,23,7,7
882,50,18,2,2
143,15,15,15,7
171,43,11,11,3
561,49,17,1,1
997,37,5,5,5
910,14,14,14,6
194,2,2,2,2
864,32,0,0,0
73,9,9,9,1
562,50,18,2,2
781,13,13,13,5
723,19,19,3,3
606,30,30,14,6
878,46,14,14,6
402,18,18,2,2
859,27,27,11,3
915,19,19,3,3
538,26,26,10,2
935,39,7,7,7
350,30,30,14,6
643,3,3,3,3
497,49,17,1,1
940,44,12,12,4
861,29,29,13,5
513,1,1,1,1
159,31,31,15,7
59,59,27,11,3
594,18,18,2,2
307,51,19,3,3
737,33,1,1,1
951,55,23,7,7
882,50,18,2,2
419,35,3,3,3
453,5,5,5,5
60,60,28,12,4
78,14,14,14,6
282,26,26,10,2
782,14,14,14,6
480,32,0,0,0
991,31,31,15,7
532,20,20,4,4
644,4,4,4,4
110,46,14,14,6
649,9,9,9,1
6,6,6,6,6
44,44,12,12,4
491,43,11,11,3
349,29,29,13,5
654,14,14,14,6
466,18,18,2,2
612,36,4,4,4
419,35,3,3,3
453,5,5,5,5
100,36,4,4,4
662,22,22,6,6
944,48,16,0,0
471,23,23,7,7
639,63,31,15,7
796,28,28,12,4
145,17,17,1,1
28,28,28,12,4
595,19,19,3,3
867,35,3,3,3
44,44,12,12,4
923,27,27,11,3
674,34,2,2,2
933,37,5,5,5
13,13,13,13,5
385,1,1,1,1
25,25,25,9,1
789,21,21,5,5
526,14,14,14,6
181,53,21,5,5
701,61,29,13,5
871,39,7,7,7
829,61,29,13,5
501,53,21,5,5
639,63,31,15,7
431,47,15,15,7
651,11,11,11,3
126,62,30,14,6
307,51,19,3,3
868,36,4,4,4
157,29,29,13,5
97,33,1,1,1
260,4,4,4,4
206,14,14,14,6
471,23,23,7,7
121,57,25,9,1
714,10,10,10,2
150,22,22,6,6
210,18,18,2,2
698,58,26,10,2
485,37,5,5,5
880,48,16,0,0
736,32,0,0,0
246,54,22,6,6
95,31,31,15,7
201,9,9,9,1
169,41,9,9,1
757,53,21,5,5
180,52,20,4,4
188,60,28,12,4
283,27,27,11,3
916,20,20,4,4
647,7,7,7,7
863,31,31,15,7
269,13,13,13,5
233,41,9,9,1
713,9,9,9,1
445,61,29,13,5
825,57,25,9,1
638,62,30,14,6
17,17,17,1,1
872,40,8,8,0
599,23,23,7,7
853,21,21,5,5
43,43,11,11,3
560,48,16,0,0
453,5,5,5,5
786,18,18,2,2
921,25,25,9,1
147,19,19,3,3
885,53,21,5,5
987,27,27,11,3
664,24,24,8,0
549,37,5,5,5
862,30,30,14,6
407,23,23,7,7
250,58,26,10,2
937,41,9,9,1
286,30,30,14,6
851,19,19,3,3
212,20,20,4,4
343,23,23,7,7
353,33,1,1,1
881,49,17,1,1
541,29,29,13,5
282,26,26,10,2
54,54,22,6,6
374,54,22,6,6
500,52,20,4,4
799,31,31,15,7
615,39,7,7,7
159,31,31,15,7
747,43,11,11,3
525,13,13,13,5
624,48,16,0,0
870,38,6,6,6
988,28,28,12,4
562,50,18,2,2
446,62,30,14,6
332,12,12,12,4
638,62,30,14,6
947,51,19,3,3
570,58,26,10,2
229,37,5,5,5
807,39,7,7,7
220,28,28,12,4
696,56,24,8,0
734,30,30,14,6
820,52,20,4,4
389,5,5,5,5
258,2,2,2,2
704,0,0,0,0
304,48,16,0,0
314,58,26,10,2
237,45,13,13,5
705,1,1,1,1
76,12,12,12,4
82,18,18,2,2
130,2,2,2,2
27,27,27,11,3
949,53,21,5,5
9,9,9,9,1
913,17,17,1,1
725,21,21,5,5
380,60,28,12,4
8,8,8,8,0
247,55,23,7,7
340,20,20,4,4
551,39,7,7,7
521,9,9,9,1
606,30,30,14,6
590,14,14,14,6
217,25,25,9,1
739,35,3,3,3
767,63,31,15,7
759,55,23,7,7
714,10,10,10,2
443,59,27,11,3
738,34,2,2,2
992,32,0,0,0
885,53,21,5,5
398,14,14,14,6
818,50,18,2,2
26,26,26,10,2
552,40,8,8,0
429,45,13,13,5
709,5,5,5,5
713,9,9,9,1
930,34,2,2,2
623,47,15,15,7
317,61,29,13,5
210,18,18,2,2
125,61,29,13,5
787,19,19,3,3
240,48,16,0,0
528,16,16,0,0
814,46,14,14,6
946,50,18,2,2
514,2,2,2,2
242,50,18,2,2
892,60,28,12,4
525,13,13,13,5
634,58,26,10,2
763,59,27,11,3
186,58,26,10,2
456,8,8,8,0
364,44,12,12,4
211,19,19,3,3
712,8,8,8,0
469,21,21,5,5
359,39,7,7,7
136,8,8,8,0
921,25,25,9,1
359,39,7,7,7
116,52,20,4,4
905,9,9,9,1
106,42,10,10,2
173,45,13,13,5
386,2,2,2,2
859,27,27,11,3
337,17,17,1,1
788,20,20,4,4
877,45,13,13,5
750,46,14,14,6
337,17,17,1,1
607,31,31,15,7
165,37,5,5,5
455,7,7,7,7
178,50,18,2,2
292,36,4,4,4
923,27,27,11,3
460,12,12,12,4
381,61,29,13,5
332,12,12,12,4
834,2,2,2,2
362,42,10,10,2
314,58,26,10,2
733,29,29,13,5
92,28,28,12,4
163,35,3,3,3
994,34,2,2,2
553,41,9,9,1
138,10,10,10,2
386,2,2,2,2
895,63,31,15,7
431,47,15,15,7
129,1,1,1,1
209,17,17,1,1
266,10,10,10,2
497,49,17,1,1
981,21,21,5,5
408,24,24,8,0
179,51,19,3,3
972,12,12,12,4
632,56,24,8,0
983,23,23,7,7
690,50,18,2,2
663,23,23,7,7
65,1,1,1,1
471,23,23,7,7
713,9,9,9,1
136,8,8,8,0
879,47,15,15,7
794,26,26,10,2
441,57,25,9,1
429,45,13,13,5
709,5,5,5,5
787,19,19,3,3
83,19,19,3,3
446,62,30,14,6
14,14,14,14,6
681,41,9,9,1
438,54,22,6,6
57,57,25,9,1
628,52,20,4,4
792,24,24,8,0
884,52,20,4,4
221,29,29,13,5
982,22,22,6,6
229,37,5,5,5
376,56,24,8,0
942,46,14,14,6
365,45,13,13,5
23,23,23,7,7
588,12,12,12,4
656,16,16,0,0
547,35,3,3,3
92,28,28,12,4
687,47,15,15,7
137,9,9,9,1
474,26,26,10,2
600,24,24,8,0
855,23,23,7,7
423,39,7,7,7
275,19,19,3,3
267,11,11,11,3
781,13,13,13,5
602,26,26,10,2
745,41,9,9,1
309,53,21,5,5
408,24,24,8,0
850,18,18,2,2
565,53,21,5,5
476,28,28,12,4
94,30,30,14,6
375,55,23,7,7
97,33,1,1,1
234,42,10,10,2
468,20,20,4,4
775,7,7,7,7
403,19,19,3,3
979,19,19,3,3
490,42,10,10,2
563,51,19,3,3
131,3,3,3,3
461,13,13,13,5
454,6,6,6,6
597,21,21,5,5
299,43,11,11,3
129,1,1,1,1
549,37,5,5,5
607,31,31,15,7
864,32,0,0,0
438,54,22,6,6
277,21,21,5,5
600,24,24,8,0
505,57,25,9,1
311,55,23,7,7
621,45,13,13,5
517,5,5,5,5
762,58,26,10,2
835,3,3,3,3
433,49,17,1,1
70,6,6,6,6
336,16,16,0,0
275,19,19,3,3
907,11,11,11,3
881,49,17,1,1
8,8,8,8,0
833,1,1,1,1
483,35,3,3,3
585,9,9,9,1
136,8,8,8,0
169,41,9,9,1
902,6,6,6,6
935,39,7,7,7
491,43,11,11,3
551,39,7,7,7
556,44,12,12,4
588,12,12,12,4
354,34,2,2,2
483,35,3,3,3
668,28,28,12,4
566,54,22,6,6
328,8,8,8,0
803,35,3,3,3
128,0,0,0,0
725,21,21,5,5
687,47,15,15,7
259,3,3,3,3
866,34,2,2,2
358,38,6,6,6
241,49,17,1,1
622,46,14,14,6
960,0,0,0,0
516,4,4,4,4
354,34,2,2,2
233,41,9,9,1
536,24,24,8,0
751,47,15,15,7
483,35,3,3,3
894,62,30,14,6
824,56,24,8,0
13,13,13,13,5
45,45,13,13,5
440,56,24,8,0
836,4,4,4,4
852,20,20,4,4
948,52,20,4,4
555,43,11,11,3
811,43,11,11,3
114,50,18,2,2
195,3,3,3,3
835,3,3,3,3
753,49,17,1,1
886,54,22,6,6
552,40,8,8,0
996,36,4,4,4
740,36,4,4,4
297,41,9,9,1
635,59,27,11,3
216,24,24,8,0
590,14,14,14,6
204,12,12,12,4
523,11,11,11,3
579,3,3,3,3
344,24,24,8,0
151,23,23,7,7
268,12,12,12,4
16,16,16,0,0
576,0,0,0,0
221,29,29,13,5
94,30,30,14,6
685,45,13,13,5
197,5,5,5,5
176,48,16,0,0
984,24,24,8,0
270,14,14,14,6
157,29,29,13,5
742,38,6,6,6
50,50,18,2,2
15,15,15,15,7
70,6,6,6,6
223,31,31,15,7
866,34,2,2,2
777,9,9,9,1
405,21,21,5,5
696,56,24,8,0
474,26,26,10,2
110,46,14,14,6
177,49,17,1,1
668,28,28,12,4
237,45,13,13,5
504,56,24,8,0
331,11,11,11,3
793,25,25,9,1
258,2,2,2,2
695,55,23,7,7
733,29,29,13,5
161,33,1,1,1
248,56,24,8,0
967,7,7,7,7
301,45,13,13,5
179,51,19,3,3
363,43,11,11,3
399,15,15,15,7
169,41,9,9,1
803,35,3,3,3
858,26,26,10,2
284,28,28,12,4
533,21,21,5,5
643,3,3,3,3
902,6,6,6,6
53,53,21,5,5
717,13,13,13,5
190,62,30,14,6
714,10,10,10,2
562,50,18,2,2
706,2,2,2,2
870,38,6,6,6
796,28,28,12,4
966,6,6,6,6
434,50,18,2,2
36,36,4,4,4
850,18,18,2,2
665,25,25,9,1
658,18,18,2,2
617,41,9,9,1
546,34,2,2,2
851,19,19,3,3
350,30,30,14,6
727,23,23,7,7
335,15,15,15,7
561,49,17,1,1
587,11,11,11,3
995,35,3,3,3
688,48,16,0,0
787,19,19,3,3
905,9,9,9,1
765,61,29,13,5
554,42,10,10,2
599,23,23,7,7
324,4,4,4,4
732,28,28,12,4
816,48,16,0,0
882,50,18,2,2
300,44,12,12,4
253,61,29,13,5
172,44,12,12,4
847,15,15,15,7
290,34,2,2,2
858,26,26,10,2
52,52,20,4,4
613,37,5,5,5
971,11,11,11,3
590,14,14,14,6
689,49,17,1,1
285,29,29,13,5
801,33,1,1,1
474,26,26,10,2
635,59,27,11,3
605,29,29,13,5
207,15,15,15,7
17,17,17,1,1
770,2,2,2,2
136,8,8,8,0
224,32,0,0,0
340,20,20,4,4
87,23,23,7,7
683,43,11,11,3
182,54,22,6,6
74,10,10,10,2
959,63,31,15,7
228,36,4,4,4
647,7,7,7,7
216,24,24,8,0
14,14,14,14,6
634,58,26,10,2
111,47,15,15,7
759,55,23,7,7
783,15,15,15,7
621,45,13,13,5
633,57,25,9,1
788,20,20,4,4
559,47,15,15,7
374,54,22,6,6
976,16,16,0,0
766,62,30,14,6
311,55,23,7,7
325,5,5,5,5
649,9,9,9,1
284,28,28,12,4
402,18,18,2,2
166,38,6,6,6
457,9,9,9,1
308,52,20,4,4
849,17,17,1,1
273,17,17,1,1
211,19,19,3,3
974,14,14,14,6
303,47,15,15,7
20,20,20,4,4
830,62,30,14,6
890,58,26,10,2
826,58,26,10,2
499,51,19,3,3
321,1,1,1,1
468,20,20,4,4
661,21,21,5,5
992,32,0,0,0
945,49,17,1,1
34,34,2,2,2
161,33,1,1,1
378,58,26,10,2
847,15,15,15,7
882,50,18,2,2
803,35,3,3,3
856,24,24,8,0
912,16,16,0,0
112,48,16,0,0
141,13,13,13,5
216,24,24,8,0
725,21,21,5,5
141,13,13,13,5
844,12,12,12,4
785,17,17,1,1
837,5,5,5,5
890,58,26,10,2
538,26,26,10,2
40,40,8,8,0
851,19,19,3,3
675,35,3,3,3
793,25,25,9,1
86,22,22,6,6
344,24,24,8,0
542,30,30,14,6
329,9,9,9,1
838,6,6,6,6
992,32,0,0,0
711,7,7,7,7
602,26,26,10,2
198,6,6,6,6
219,27,27,11,3
370,50,18,2,2
299,43,11,11,3
544,32,0,0,0
364,44,12,12,4
970,10,10,10,2
153,25,25,9,1
643,3,3,3,3
611,35,3,3,3
215,23,23,7,7
589,13,13,13,5
790,22,22,6,6
974,14,14,14,6
698,58,26,10,2
774,6,6,6,6
111,47,15,15,7
526,14,14,14,6
11,11,11,11,3
252,60,28,12,4
720,16,16,0,0
165,37,5,5,5
614,38,6,6,6
657,17,17,1,1
341,21,21,5,5
368,48,16,0,0
370,50,18,2,2
655,15,15,15,7
846,14,14,14,6
428,44,12,12,4
699,59,27,11,3
333,13,13,13,5
734,30,30,14,6
39,39,7,7,7
666,26,26,10,2
703,63,31,15,7
44,44,12,12,4
868,36,4,4,4
874,42,10,10,2
871,39,7,7,7
880,48,16,0,0
169,41,9,9,1
4,4,4,4,4
495,47,15,15,7
484,36,4,4,4
392,8,8,8,0
417,33,1,1,1
612,36,4,4,4
502,54,22,6,6
328,8,8,8,0
763,59,27,11,3
925,29,29,13,5
644,4,4,4,4
774,6,6,6,6
662,22,22,6,6
641,1,1,1,1
159,31,31,15,7
125,61,29,13,5
661,21,21,5,5
848,16,16,0,0
8,8,8,8,0
709,5,5,5,5
632,56,24,8,0
306,50,18,2,2
92,28,28,12,4
687,47,15,15,7
969,9,9,9,1
600,24,24,8,0
934,38,6,6,6
786,18,18,2,2
421,37,5,5,5
934,38,6,6,6
364,44,12,12,4
191,63,31,15,7
627,51,19,3,3
463,15,15,15,7
886,54,22,6,6
805,37,5,5,5
145,17,17,1,1
423,39,7,7,7
414,30,30,14,6
499,51,19,3,3
302,46,14,14,6
782,14,14,14,6
238,46,14,14,6
483,35,3,3,3
818,50,18,2,2
239,47,15,15,7
399,15,15,15,7
462,14,14,14,6
911,15,15,15,7
689,49,17,1,1
63,63,31,15,7
453,5,5,5,5
700,60,28,12,4
73,9,9,9,1
352,32,0,0,0
904,8,8,8,0
346,26,26,10,2
245,53,21,5,5
156,28,28,12,4
594,18,18,2,2
189,61,29,13,5
282,26,26,10,2
23,23,23,7,7
389,5,5,5,5
906,10,10,10,2
439,55,23,7,7
835,3,3,3,3
145,17,17,1,1
930,34,2,2,2
136,8,8,8,0
331,11,11,11,3
464,16,16,0,0
74,10,10,10,2
891,59,27,11,3
973,13,13,13,5
189,61,29,13,5
572,60,28,12,4
503,55,23,7,7
305,49,17,1,1
871,39,7,7,7
643,3,3,3,3
55,55,23,7,7
913,17,17,1,1
679,39,7,7,7
463,15,15,15,7
803,35,3,3,3
206,14,14,14,6
649,9,9,9,1
472,24,24,8,0
686,46,14,14,6
396,12,12,12,4
854,22,22,6,6
227,35,3,3,3
233,41,9,9,1
795,27,27,11,3
698,58,26,10,2
549,37,5,5,5
465,17,17,1,1
160,32,0,0,0
403,19,19,3,3
707,3,3,3,3
101,37,5,5,5
23,23,23,7,7
848,16,16,0,0
293,37,5,5,5
84,20,20,4,4
361,41,9,9,1
616,40,8,8,0
810,42,10,10,2
53,53,21,5,5
650,10,10,10,2
401,17,17,1,1
723,19,19,3,3
348,28,28,12,4
93,29,29,13,5
249,57,25,9,1
856,24,24,8,0
641,1,1,1,1
869,37,5,5,5
836,4,4,4,4
711,7,7,7,7
936,40,8,8,0
946,50,18,2,2
133,5,5,5,5
703,63,31,15,7
58,58,26,10,2
754,50,18,2,2
799,31,31,15,7
524,12,12,12,4
450,2,2,2,2
631,55,23,7,7
527,15,15,15,7
226,34,2,2,2
390,6,6,6,6
209,17,17,1,1
781,13,13,13,5
450,2,2,2,2
771,3,3,3,3
75,11,11,11,3
923,27,27,11,3
683,43,11,11,3
186,58,26,10,2
958,62,30,14,6
610,34,2,2,2
296,40,8,8,0
30,30,30,14,6
234,42,10,10,2
514,2,2,2,2
835,3,3,3,3
676,36,4,4,4
385,1,1,1,1
600,24,24,8,0
407,23,23,7,7
64,0,0,0,0
972,12,12,12,4
678,38,6,6,6
997,37,5,5,5
525,13,13,13,5
43,43,11,11,3
947,51,19,3,3
476,28,28,12,4
586,10,10,10,2
239,47,15,15,7
945,49,17,1,1
923,27,27,11,3
487,39,7,7,7
549,37,5,5,5
716,12,12,12,4
757,53,21,5,5
508,60,28,12,4
615,39,7,7,7
463,15,15,15,7
886,54,22,6,6
813,45,13,13,5
658,18,18,2,2
334,14,14,14,6
630,54,22,6,6
366,46,14,14,6
565,53,21,5,5
777,9,9,9,1
236,44,12,12,4
973,13,13,13,5
556,44,12,12,4
450,2,2,2,2
161,33,1,1,1
966,6,6,6,6
85,21,21,5,5
466,18,18,2,2
25,25,25,9,1
174,46,14,14,6
541,29,29,13,5
117,53,21,5,5
719,15,15,15,7
315,59,27,11,3
794,26,26,10,2
393,9,9,9,1
401,17,17,1,1
573,61,29,13,5
108,44,12,12,4
145,17,17,1,1
419,35,3,3,3
981,21,21,5,5
782,14,14,14,6
964,4,4,4,4
100,36,4,4,4
65,1,1,1,1
681,41,9,9,1
454,6,6,6,6
592,16,16,0,0
236,44,12,12,4
60,60,28,12,4
693,53,21,5,5
299,43,11,11,3
756,52,20,4,4
755,51,19,3,3
559,47,15,15,7
197,5,5,5,5
69,5,5,5,5
775,7,7,7,7
422,38,6,6,6
299,43,11,11,3
478,30,30,14,6
357,37,5,5,5
861,29,29,13,5
823,55,23,7,7
563,51,19,3,3
648,8,8,8,0
493,45,13,13,5
479,31,31,15,7
297,41,9,9,1
415,31,31,15,7
346,26,26,10,2
425,41,9,9,1
296,40,8,8,0
916,20,20,4,4
63,63,31,15,7
877,45,13,13,5
38,38,6,6,6
101,37,5,5,5
326,6,6,6,6
407,23,23,7,7
75,11,11,11,3
707,3,3,3,3
643,3,3,3,3
692,52,20,4,4
428,44,12,12,4
131,3,3,3,3
410,26,26,10,2
769,1,1,1,1
930,34,2,2,2
468,20,20,4,4
35,35,3,3,3
828,60,28,12,4
499,51,19,3,3
983,23,23,7,7
166,38,6,6,6
750,46,14,14,6
536,24,24,8,0
847,15,15,15,7
368,48,16,0,0
308,52,20,4,4
816,48,16,0,0
74,10,10,10,2
26,26,26,10,2
701,61,29,13,5
99,35,3,3,3
906,10,10,10,2
805,37,5,5,5
820,52,20,4,4
152,24,24,8,0
546,34,2,2,2
37,37,5,5,5
167,39,7,7,7
772,4,4,4,4
853,21,21,5,5
821,53,21,5,5
24,24,24,8,0
315,59,27,11,3
120,56,24,8,0
506,58,26,10,2
193,1,1,1,1
850,18,18,2,2
150,22,22,6,6
900,4,4,4,4
523,11,11,11,3
885,53,21,5,5
355,35,3,3,3
68,4,4,4,4
564,52,20,4,4
979,19,19,3,3
424,40,8,8,0
216,24,24,8,0
217,25,25,9,1
371,51,19,3,3
707,3,3,3,3
752,48,16,0,0
101,37,5,5,5
261,5,5,5,5
400,16,16,0,0
526,14,14,14,6
947,51,19,3,3
323,3,3,3,3
756,52,20,4,4
542,30,30,14,6
979,19,19,3,3
113,49,17,1,1
713,9,9,9,1
959,63,31,15,7
615,39,7,7,7
55,55,23,7,7
134,6,6,6,6
938,42,10,10,2
597,21,21,5,5
594,18,18,2,2
83,19,19,3,3
288,32,0,0,0
398,14,14,14,6
887,55,23,7,7
572,60,28,12,4
469,21,21,5,5
20,20,20,4,4
856,24,24,8,0
527,15,15,15,7
501,53,21,5,5
979,19,19,3,3
856,24,24,8,0
602,26,26,10,2
400,16,16,0,0
559,47,15,15,7
551,39,7,7,7
249,57,25,9,1
993,33,1,1,1
485,37,5,5,5
137,9,9,9,1
556,44,12,12,4
177,49,17,1,1
668,28,28,12,4
894,62,30,14,6
563,51,19,3,3
838,6,6,6,6
464,16,16,0,0
339,19,19,3,3
676,36,4,4,4
300,44,12,12,4
707,3,3,3,3
67,3,3,3,3
21,21,21,5,5
991,31,31,15,7
102,38,6,6,6
616,40,8,8,0
762,58,26,10,2
942,46,14,14,6
690,50,18,2,2
944,48,16,0,0
597,21,21,5,5
822,54,22,6,6
843,11,11,11,3
118,54,22,6,6
69,5,5,5,5
470,22,22,6,6
124,60,28,12,4
312,56,24,8,0
586,10,10,10,2
731,27,27,11,3
629,53,21,5,5
766,62,30,14,6
911,15,15,15,7
665,25,25,9,1
647,7,7,7,7
888,56,24,8,0
780,12,12,12,4
256,0,0,0,0
157,29,29,13,5
47,47,15,15,7
449,1,1,1,1
905,9,9,9,1
516,4,4,4,4
15,15,15,15,7
157,29,29,13,5
912,16,16,0,0
82,18,18,2,2
361,41,9,9,1
56,56,24,8,0
402,18,18,2,2
738,34,2,2,2
340,20,20,4,4
283,27,27,11,3
786,18,18,2,2
978,18,18,2,2
960,0,0,0,0
917,21,21,5,5
919,23,23,7,7
612,36,4,4,4
829,61,29,13,5
913,17,17,1,1
816,48,16,0,0
605,29,29,13,5
487,39,7,7,7
336,16,16,0,0
113,49,17,1,1
341,21,21,5,5
341,21,21,5,5
766,62,30,14,6
842,10,10,10,2
33,33,1,1,1
634,58,26,10,2
215,23,23,7,7
970,10,10,10,2
206,14,14,14,6
735,31,31,15,7
468,20,20,4,4
954,58,26,10,2
538,26,26,10,2
325,5,5,5,5
222,30,30,14,6
889,57,25,9,1
586,10,10,10,2
847,15,15,15,7
711,7,7,7,7
274,18,18,2,2
881,49,17,1,1
45,45,13,13,5
699,59,27,11,3
734,30,30,14,6
940,44,12,12,4
738,34,2,2,2
235,43,11,11,3
194,2,2,2,2
767,63,31,15,7
905,9,9,9,1
354,34,2,2,2
775,7,7,7,7
479,31,31,15,7
282,26,26,10,2
256,0,0,0,0
136,8,8,8,0
444,60,28,12,4
312,56,24,8,0
803,35,3,3,3
585,9,9,9,1
594,18,18,2,2
550,38,6,6,6
873,41,9,9,1
588,12,12,12,4
222,30,30,14,6
798,30,30,14,6
345,25,25,9,1
924,28,28,12,4
715,11,11,11,3
768,0,0,0,0
488,40,8,8,0
867,35,3,3,3
767,63,31,15,7
702,62,30,14,6
683,43,11,11,3
945,49,17,1,1
835,3,3,3,3
630,54,22,6,6
683,43,11,11,3
769,1,1,1,1
831,63,31,15,7
866,34,2,2,2
619,43,11,11,3
748,44,12,12,4
659,19,19,3,3
364,44,12,12,4
484,36,4,4,4
334,14,14,14,6
368,48,16,0,0
237,45,13,13,5
782,14,14,14,6
234,42,10,10,2
2,2,2,2,2
476,28,28,12,4
595,19,19,3,3
205,13,13,13,5
678,38,6,6,6
42,42,10,10,2
125,61,29,13,5
136,8,8,8,0
441,57,25,9,1
596,20,20,4,4
241,49,17,1,1
816,48,16,0,0
367,47,15,15,7
307,51,19,3,3
912,16,16,0,0
726,22,22,6,6
456,8,8,8,0
918,22,22,6,6
325,5,5,5,5
839,7,7,7,7
380,60,28,12,4
517,5,5,5,5
80,16,16,0,0
734,30,30,14,6
121,57,25,9,1
798,30,30,14,6
953,57,25,9,1
36,36,4,4,4
821,53,21,5,5
758,54,22,6,6
99,35,3,3,3
34,34,2,2,2
923,27,27,11,3
196,4,4,4,4
73,9,9,9,1
933,37,5,5,5
905,9,9,9,1
521,9,9,9,1
425,41,9,9,1
351,31,31,15,7
561,49,17,1,1
558,46,14,14,6
824,56,24,8,0
420,36,4,4,4
864,32,0,0,0
828,60,28,12,4
78,14,14,14,6
53,53,21,5,5
522,10,10,10,2
880,48,16,0,0
266,10,10,10,2
331,11,11,11,3
584,8,8,8,0
47,47,15,15,7
901,5,5,5,5
329,9,9,9,1
274,18,18,2,2
536,24,24,8,0
807,39,7,7,7
378,58,26,10,2
19,19,19,3,3
892,60,28,12,4
915,19,19,3,3
261,5,5,5,5
370,50,18,2,2
478,30,30,14,6
832,0,0,0,0
722,18,18,2,2
313,57,25,9,1
592,16,16,0,0
186,58,26,10,2
498,50,18,2,2
614,38,6,6,6
693,53,21,5,5
584,8,8,8,0
448,0,0,0,0
674,34,2,2,2
539,27,27,11,3
321,1,1,1,1
123,59,27,11,3
806,38,6,6,6
624,48,16,0,0
547,35,3,3,3
84,20,20,4,4
870,38,6,6,6
863,31,31,15,7
721,17,17,1,1
795,27,27,11,3
281,25,25,9,1
908,12,12,12,4
451,3,3,3,3
593,17,17,1,1
164,36,4,4,4
947,51,19,3,3
455,7,7,7,7
899,3,3,3,3
716,12,12,12,4
739,35,3,3,3
74,10,10,10,2
563,51,19,3,3
347,27,27,11,3
335,15,15,15,7
303,47,15,15,7
627,51,19,3,3
548,36,4,4,4
408,24,24,8,0
517,5,5,5,5
477,29,29,13,5
951,55,23,7,7
728,24,24,8,0
904,8,8,8,0
71,7,7,7,7
948,52,20,4,4
860,28,28,12,4
459,11,11,11,3
696,56,24,8,0
574,62,30,14,6
607,31,31,15,7
414,30,30,14,6
928,32,0,0,0
103,39,7,7,7
64,0,0,0,0
768,0,0,0,0
997,37,5,5,5
348,28,28,12,4
863,31,31,15,7
756,52,20,4,4
332,12,12,12,4
958,62,30,14,6
919,23,23,7,7
12,12,12,12,4
335,15,15,15,7
924,28,28,12,4
747,43,11,11,3
737,33,1,1,1
978,18,18,2,2
53,53,21,5,5
981,21,21,5,5
467,19,19,3,3
706,2,2,2,2
20,20,20,4,4
877,45,13,13,5
789,21,21,5,5
876,44,12,12,4
566,54,22,6,6
334,14,14,14,6
955,59,27,11,3
433,49,17,1,1
680,40,8,8,0
213,21,21,5,5
936,40,8,8,0
680,40,8,8,0
504,56,24,8,0
390,6,6,6,6
746,42,10,10,2
803,35,3,3,3
262,6,6,6,6
618,42,10,10,2
512,0,0,0,0
53,53,21,5,5
224,32,0,0,0
598,22,22,6,6
941,45,13,13,5
831,63,31,15,7
979,19,19,3,3
855,23,23,7,7
486,38,6,6,6
196,4,4,4,4
218,26,26,10,2
473,25,25,9,1
133,5,5,5,5
221,29,29,13,5
880,48,16,0,0
334,14,14,14,6
780,12,12,12,4
28,28,28,12,4
236,44,12,12,4
31,31,31,15,7
48,48,16,0,0
46,46,14,14,6
560,48,16,0,0
63,63,31,15,7
871,39,7,7,7
322,2,2,2,2
611,35,3,3,3
991,31,31,15,7
339,19,19,3,3
321,1,1,1,1
432,48,16,0,0
58,58,26,10,2
714,10,10,10,2
643,3,3,3,3
762,58,26,10,2
932,36,4,4,4
369,49,17,1,1
970,10,10,10,2
375,55,23,7,7
405,21,21,5,5
280,24,24,8,0
710,6,6,6,6
840,8,8,8,0
808,40,8,8,0
467,19,19,3,3
146,18,18,2,2
53,53,21,5,5
266,10,10,10,2
521,9,9,9,1
444,60,28,12,4
629,53,21,5,5
700,60,28,12,4
327,7,7,7,7
481,33,1,1,1
654,14,14,14,6
855,23,23,7,7
297,41,9,9,1
698,58,26,10,2
436,52,20,4,4
460,12,12,12,4
344,24,24,8,0
434,50,18,2,2
47,47,15,15,7
930,34,2,2,2
65,1,1,1,1
816,48,16,0,0
448,0,0,0,0
14,14,14,14,6
890,58,26,10,2
152,24,24,8,0
249,57,25,9,1
444,60,28,12,4
774,6,6,6,6
851,19,19,3,3
586,10,10,10,2
747,43,11,11,3
399,15,15,15,7
138,10,10,10,2
258,2,2,2,2
366,46,14,14,6
975,15,15,15,7
495,47,15,15,7
361,41,9,9,1
65,1,1,1,1
525,13,13,13,5
354,34,2,2,2
35,35,3,3,3
900,4,4,4,4
894,62,30,14,6
564,52,20,4,4
748,44,12,12,4
38,38,6,6,6
77,13,13,13,5
169,41,9,9,1
223,31,31,15,7
995,35,3,3,3
288,32,0,0,0
117,53,21,5,5
661,21,21,5,5
520,8,8,8,0
273,17,17,1,1
390,6,6,6,6
362,42,10,10,2
459,11,11,11,3
978,18,18,2,2
928,32,0,0,0
899,3,3,3,3
761,57,25,9,1
274,18,18,2,2
237,45,13,13,5
444,60,28,12,4
554,42,10,10,2
726,22,22,6,6
639,63,31,15,7
78,14,14,14,6
593,17,17,1,1
733,29,29,13,5
868,36,4,4,4
301,45,13,13,5
278,22,22,6,6
689,49,17,1,1
91,27,27,11,3
578,2,2,2,2
975,15,15,15,7
206,14,14,14,6
345,25,25,9,1
764,60,28,12,4
495,47,15,15,7
456,8,8,8,0
373,53,21,5,5
684,44,12,12,4
646,6,6,6,6
328,8,8,8,0
955,59,27,11,3
301,45,13,13,5
900,4,4,4,4
222,30,30,14,6
795,27,27,11,3
824,56,24,8,0
375,55,23,7,7
336,16,16,0,0
219,27,27,11,3
499,51,19,3,3
649,9,9,9,1
429,45,13,13,5
547,35,3,3,3
818,50,18,2,2
948,52,20,4,4
496,48,16,0,0
994,34,2,2,2
924,28,28,12,4
316,60,28,12,4
208,16,16,0,0
643,3,3,3,3
180,52,20,4,4
832,0,0,0,0
424,40,8,8,0
752,48,16,0,0
870,38,6,6,6
374,54,22,6,6
539,27,27,11,3
446,62,30,14,6
951,55,23,7,7
211,19,19,3,3
921,25,25,9,1
300,44,12,12,4
77,13,13,13,5
435,51,19,3,3
447,63,31,15,7
683,43,11,11,3
905,9,9,9,1
272,16,16,0,0
936,40,8,8,0
162,34,2,2,2
110,46,14,14,6
279,23,23,7,7
302,46,14,14,6
494,46,14,14,6
794,26,26,10,2
203,11,11,11,3
485,37,5,5,5
694,54,22,6,6
140,12,12,12,4
746,42,10,10,2
634,58,26,10,2
515,3,3,3,3
318,62,30,14,6
566,54,22,6,6
468,20,20,4,4
195,3,3,3,3
411,27,27,11,3
57,57,25,9,1
634,58,26,10,2
390,6,6,6,6
836,4,4,4,4
567,55,23,7,7
214,22,22,6,6
532,20,20,4,4
5,5,5,5,5
210,18,18,2,2
777,9,9,9,1
825,57,25,9,1
974,14,14,14,6
75,11,11,11,3
103,39,7,7,7
8,8,8,8,0
861,29,29,13,5
177,49,17,1,1
382,62,30,14,6
302,46,14,14,6
93,29,29,13,5
582,6,6,6,6
649,9,9,9,1
696,56,24,8,0
29,29,29,13,5
981,21,21,5,5
126,62,30,14,6
53,53,21,5,5
67,3,3,3,3
935,39,7,7,7
820,52,20,4,4
593,17,17,1,1
204,12,12,12,4
900,4,4,4,4
602,26,26,10,2
100,36,4,4,4
776,8,8,8,0
979,19,19,3,3
359,39,7,7,7
679,39,7,7,7
6,6,6,6,6
38,38,6,6,6
560,48,16,0,0
357,37,5,5,5
80,16,16,0,0
290,34,2,2,2
699,59,27,11,3
608,32,0,0,0
566,54,22,6,6
621,45,13,13,5
58,58,26,10,2
892,60,28,12,4
420,36,4,4,4
158,30,30,14,6
667,27,27,11,3
562,50,18,2,2
848,16,16,0,0
219,27,27,11,3
785,17,17,1,1
257,1,1,1,1
916,20,20,4,4
684,44,12,12,4
358,38,6,6,6
810,42,10,10,2
982,22,22,6,6
260,4,4,4,4
571,59,27,11,3
941,45,13,13,5
503,55,23,7,7
325,5,5,5,5
974,14,14,14,6
535,23,23,7,7
647,7,7,7,7
338,18,18,2,2
484,36,4,4,4
676,36,4,4,4
339,19,19,3,3
49,49,17,1,1
242,50,18,2,2
493,45,13,13,5
604,28,28,12,4
371,51,19,3,3
271,15,15,15,7
466,18,18,2,2
708,4,4,4,4
183,55,23,7,7
716,12,12,12,4
519,7,7,7,7
193,1,1,1,1
28,28,28,12,4
946,50,18,2,2
269,13,13,13,5
906,10,10,10,2
193,1,1,1,1
183,55,23,7,7
695,55,23,7,7
806,38,6,6,6
82,18,18,2,2
588,12,12,12,4
818,50,18,2,2
93,29,29,13,5
9,9,9,9,1
558,46,14,14,6
87,23,23,7,7
93,29,29,13,5
560,48,16,0,0
210,18,18,2,2
654,14,14,14,6
23,23,23,7,7
878,46,14,14,6
814,46,14,14,6
340,20,20,4,4
815,47,15,15,7
778,10,10,10,2
394,10,10,10,2
774,6,6,6,6
720,16,16,0,0
812,44,12,12,4
963,3,3,3,3
26,26,26,10,2
158,30,30,14,6
725,21,21,5,5
917,21,21,5,5
681,41,9,9,1
472,24,24,8,0
277,21,21,5,5
982,22,22,6,6
224,32,0,0,0
347,27,27,11,3
762,58,26,10,2
177,49,17,1,1
238,46,14,14,6
477,29,29,13,5
86,22,22,6,6
956,60,28,12,4
894,62,30,14,6
537,25,25,9,1
626,50,18,2,2
545,33,1,1,1
573,61,29,13,5
743,39,7,7,7
729,25,25,9,1
95,31,31,15,7
85,21,21,5,5
993,33,1,1,1
908,12,12,12,4
777,9,9,9,1
611,35,3,3,3
234,42,10,10,2
269,13,13,13,5
10,10,10,10,2
389,5,5,5,5
493,45,13,13,5
467,19,19,3,3
933,37,5,5,5
437,53,21,5,5
772,4,4,4,4
279,23,23,7,7
708,4,4,4,4
556,44,12,12,4
679,39,7,7,7
57,57,25,9,1
711,7,7,7,7
447,63,31,15,7
253,61,29,13,5
245,53,21,5,5
763,59,27,11,3
59,59,27,11,3
632,56,24,8,0
446,62,30,14,6
693,53,21,5,5
428,44,12,12,4
377,57,25,9,1
50,50,18,2,2
360,40,8,8,0
771,3,3,3,3
540,28,28,12,4
762,58,26,10,2
280,24,24,8,0
983,23,23,7,7
474,26,26,10,2
813,45,13,13,5
488,40,8,8,0
235,43,11,11,3
592,16,16,0,0
985,25,25,9,1
314,58,26,10,2
885,53,21,5,5
253,61,29,13,5
836,4,4,4,4
41,41,9,9,1
177,49,17,1,1
33,33,1,1,1
607,31,31,15,7
979,19,19,3,3
906,10,10,10,2
442,58,26,10,2
871,39,7,7,7
197,5,5,5,5
767,63,31,15,7
966,6,6,6,6
438,54,22,6,6
716,12,12,12,4
951,55,23,7,7
971,11,11,11,3
412,28,28,12,4
592,16,16,0,0
698,58,26,10,2
467,19,19,3,3
833,1,1,1,1
93,29,29,13,5
538,26,26,10,2
677,37,5,5,5
129,1,1,1,1
904,8,8,8,0
673,33,1,1,1
818,50,18,2,2
905,9,9,9,1
384,0,0,0,0
267,11,11,11,3
975,15,15,15,7
133,5,5,5,5
358,38,6,6,6
857,25,25,9,1
494,46,14,14,6
700,60,28,12,4
8,8,8,8,0
987,27,27,11,3
911,15,15,15,7
606,30,30,14,6
285,29,29,13,5
435,51,19,3,3
189,61,29,13,5
247,55,23,7,7
639,63,31,15,7
922,26,26,10,2
524,12,12,12,4
566,54,22,6,6
239,47,15,15,7
966,6,6,6,6
563,51,19,3,3
866,34,2,2,2
908,12,12,12,4
334,14,14,14,6
451,3,3,3,3
952,56,24,8,0
371,51,19,3,3
180,52,20,4,4
890,58,26,10,2
739,35,3,3,3
224,32,0,0,0
351,31,31,15,7
932,36,4,4,4
783,15,15,15,7
490,42,10,10,2
312,56,24,8,0
557,45,13,13,5
648,8,8,8,0
350,30,30,14,6
181,53,21,5,5
201,9,9,9,1
981,21,21,5,5
828,60,28,12,4
330,10,10,10,2
530,18,18,2,2
8,8,8,8,0
608,32,0,0,0
104,40,8,8,0
585,9,9,9,1
575,63,31,15,7
401,17,17,1,1
737,33,1,1,1
272,16,16,0,0
165,37,5,5,5
549,37,5,5,5
407,23,23,7,7
557,45,13,13,5
541,29,29,13,5
858,26,26,10,2
283,27,27,11,3
525,13,13,13,5
671,31,31,15,7
425,41,9,9,1
362,42,10,10,2
490,42,10,10,2
404,20,20,4,4
491,43,11,11,3
134,6,6,6,6
58,58,26,10,2
352,32,0,0,0
459,11,11,11,3
917,21,21,5,5
668,28,28,12,4
734,30,30,14,6
76,12,12,12,4
996,36,4,4,4
132,4,4,4,4
696,56,24,8,0
690,50,18,2,2
655,15,15,15,7
244,52,20,4,4
27,27,27,11,3
114,50,18,2,2
130,2,2,2,2
483,35,3,3,3
336,16,16,0,0
417,33,1,1,1
352,32,0,0,0
885,53,21,5,5
212,20,20,4,4
1,1,1,1,1
801,33,1,1,1
787,19,19,3,3
939,43,11,11,3
62,62,30,14,6
349,29,29,13,5
877,45,13,13,5
438,54,22,6,6
69,5,5,5,5
322,2,2,2,2
66,2,2,2,2
826,58,26,10,2
49,49,17,1,1
68,4,4,4,4
567,55,23,7,7
373,53,21,5,5
432,48,16,0,0
660,20,20,4,4
685,45,13,13,5
118,54,22,6,6
774,6,6,6,6
806,38,6,6,6
408,24,24,8,0
336,16,16,0,0
970,10,10,10,2
422,38,6,6,6
533,21,21,5,5
300,44,12,12,4
293,37,5,5,5
110,46,14,14,6
443,59,27,11,3
827,59,27,11,3
4,4,4,4,4
12,12,12,12,4
54,54,22,6,6
921,25,25,9,1
515,3,3,3,3
243,51,19,3,3
604,28,28,12,4
741,37,5,5,5
693,53,21,5,5
212,20,20,4,4
309,53,21,5,5
583,7,7,7,7
44,44,12,12,4
942,46,14,14,6
76,12,12,12,4
274,18,18,2,2
818,50,18,2,2
557,45,13,13,5
58,58,26,10,2
417,33,1,1,1
475,27,27,11,3
7,7,7,7,7
330,10,10,10,2
162,34,2,2,2
281,25,25,9,1
867,35,3,3,3
382,62,30,14,6
126,62,30,14,6
790,22,22,6,6
519,7,7,7,7
32,32,0,0,0
384,0,0,0,0
348,28,28,12,4
825,57,25,9,1
62,62,30,14,6
633,57,25,9,1
897,1,1,1,1
140,12,12,12,4
555,43,11,11,3
564,52,20,4,4
213,21,21,5,5
321,1,1,1,1
884,52,20,4,4
692,52,20,4,4
280,24,24,8,0
54,54,22,6,6
367,47,15,15,7
415,31,31,15,7
909,13,13,13,5
725,21,21,5,5
866,34,2,2,2
661,21,21,5,5
979,19,19,3,3
696,56,24,8,0
148,20,20,4,4
177,49,17,1,1
958,62,30,14,6
304,48,16,0,0
808,40,8,8,0
320,0,0,0,0
751,47,15,15,7
658,18,18,2,2
229,37,5,5,5
508,60,28,12,4
45,45,13,13,5
185,57,25,9,1
798,30,30,14,6
928,32,0,0,0
421,37,5,5,5
303,47,15,15,7
334,14,14,14,6
565,53,21,5,5
770,2,2,2,2
390,6,6,6,6
876,44,12,12,4
513,1,1,1,1
743,39,7,7,7
910,14,14,14,6
199,7,7,7,7
652,12,12,12,4
540,28,28,12,4
46,46,14,14,6
520,8,8,8,0
152,24,24,8,0
137,9,9,9,1
369,49,17,1,1
101,37,5,5,5
554,42,10,10,2
895,63,31,15,7
133,5,5,5,5
283,27,27,11,3
402,18,18,2,2
461,13,13,13,5
744,40,8,8,0
140,12,12,12,4
302,46,14,14,6
960,0,0,0,0
432,48,16,0,0
857,25,25,9,1
742,38,6,6,6
828,60,28,12,4
342,22,22,6,6
129,1,1,1,1
458,10,10,10,2
212,20,20,4,4
600,24,24,8,0
148,20,20,4,4
561,49,17,1,1
13,13,13,13,5
823,55,23,7,7
705,1,1,1,1
459,11,11,11,3
390,6,6,6,6
606,30,30,14,6
62,62,30,14,6
604,28,28,12,4
254,62,30,14,6
44,44,12,12,4
465,17,17,1,1
217,25,25,9,1
615,39,7,7,7
116,52,20,4,4
365,45,13,13,5
69,5,5,5,5
6,6,6,6,6
83,19,19,3,3
753,49,17,1,1
310,54,22,6,6
361,41,9,9,1
654,14,14,14,6
992,32,0,0,0
561,49,17,1,1
850,18,18,2,2
68,4,4,4,4
353,33,1,1,1
304,48,16,0,0
156,28,28,12,4
730,26,26,10,2
340,20,20,4,4
439,55,23,7,7
456,8,8,8,0
203,11,11,11,3
675,35,3,3,3
294,38,6,6,6
902,6,6,6,6
384,0,0,0,0
777,9,9,9,1
399,15,15,15,7
53,53,21,5,5
454,6,6,6,6
868,36,4,4,4
945,49,17,1,1
229,37,5,5,5
339,19,19,3,3
591,15,15,15,7
365,45,13,13,5
10,10,10,10,2
851,19,19,3,3
658,18,18,2,2
604,28,28,12,4
753,49,17,1,1
30,30,30,14,6
345,25,25,9,1
151,23,23,7,7
706,2,2,2,2
669,29,29,13,5
799,31,31,15,7
660,20,20,4,4
730,26,26,10,2
699,59,27,11,3
720,16,16,0,0
612,36,4,4,4
139,11,11,11,3
213,21,21,5,5
559,47,15,15,7
780,12,12,12,4
902,6,6,6,6
681,41,9,9,1
847,15,15,15,7
303,47,15,15,7
938,42,10,10,2
897,1,1,1,1
807,39,7,7,7
680,40,8,8,0
96,32,0,0,0
724,20,20,4,4
156,28,28,12,4
18,18,18,2,2
226,34,2,2,2
3,3,3,3,3
206,14,14,14,6
664,24,24,8,0
433,49,17,1,1
562,50,18,2,2
124,60,28,12,4
133,5,5,5,5
872,40,8,8,0
301,45,13,13,5
348,28,28,12,4
93,29,29,13,5
829,61,29,13,5
544,32,0,0,0
533,21,21,5,5
868,36,4,4,4
828,60,28,12,4
872,40,8,8,0
265,9,9,9,1
643,3,3,3,3
606,30,30,14,6
835,3,3,3,3
211,19,19,3,3
379,59,27,11,3
676,36,4,4,4
847,15,15,15,7
529,17,17,1,1
824,56,24,8,0
925,29,29,13,5
715,11,11,11,3
914,18,18,2,2
602,26,26,10,2
535,23,23,7,7
664,24,24,8,0
468,20,20,4,4
666,26,26,10,2
252,60,28,12,4
285,29,29,13,5
579,3,3,3,3
365,45,13,13,5
986,26,26,10,2
125,61,29,13,5
805,37,5,5,5
379,59,27,11,3
290,34,2,2,2
768,0,0,0,0
258,2,2,2,2
519,7,7,7,7
237,45,13,13,5
90,26,26,10,2
488,40,8,8,0
260,4,4,4,4
902,6,6,6,6
971,11,11,11,3
167,39,7,7,7
450,2,2,2,2
791,23,23,7,7
56,56,24,8,0
216,24,24,8,0
30,30,30,14,6
371,51,19,3,3
177,49,17,1,1
375,55,23,7,7
855,23,23,7,7
867,35,3,3,3
762,58,26,10,2
715,11,11,11,3
810,42,10,10,2
84,20,20,4,4
575,63,31,15,7
253,61,29,13,5
433,49,17,1,1
613,37,5,5,5
983,23,23,7,7
65,1,1,1,1
769,1,1,1,1
251,59,27,11,3
874,42,10,10,2
211,19,19,3,3
663,23,23,7,7
776,8,8,8,0
728,24,24,8,0
625,49,17,1,1
507,59,27,11,3
735,31,31,15,7
287,31,31,15,7
742,38,6,6,6
472,24,24,8,0
470,22,22,6,6
995,35,3,3,3
628,52,20,4,4
468,20,20,4,4
897,1,1,1,1
909,13,13,13,5
489,41,9,9,1
507,59,27,11,3
456,8,8,8,0
123,59,27,11,3
648,8,8,8,0
702,62,30,14,6
581,5,5,5,5
811,43,11,11,3
105,41,9,9,1
480,32,0,0,0
134,6,6,6,6
252,60,28,12,4
167,39,7,7,7
700,60,28,12,4
133,5,5,5,5
726,22,22,6,6
127,63,31,15,7
136,8,8,8,0
633,57,25,9,1
453,5,5,5,5
332,12,12,12,4
692,52,20,4,4
257,1,1,1,1
180,52,20,4,4
300,44,12,12,4
235,43,11,11,3
299,43,11,11,3
35,35,3,3,3
438,54,22,6,6
513,1,1,1,1
67,3,3,3,3
808,40,8,8,0
712,8,8,8,0
783,15,15,15,7
158,30,30,14,6
735,31,31,15,7
288,32,0,0,0
273,17,17,1,1
36,36,4,4,4
629,53,21,5,5
232,40,8,8,0
979,19,19,3,3
337,17,17,1,1
992,32,0,0,0
702,62,30,14,6
403,19,19,3,3
102,38,6,6,6
998,38,6,6,6
255,63,31,15,7
436,52,20,4,4
167,39,7,7,7
716,12,12,12,4
819,51,19,3,3
920,24,24,8,0
280,24,24,8,0
772,4,4,4,4
450,2,2,2,2
807,39,7,7,7
660,20,20,4,4
639,63,31,15,7
122,58,26,10,2
563,51,19,3,3
668,28,28,12,4
170,42,10,10,2
431,47,15,15,7
159,31,31,15,7
825,57,25,9,1
146,18,18,2,2
995,35,3,3,3
41,41,9,9,1
764,60,28,12,4
764,60,28,12,4
674,34,2,2,2
318,62,30,14,6
271,15,15,15,7
750,46,14,14,6
38,38,6,6,6
156,28,28,12,4
54,54,22,6,6
945,49,17,1,1
532,20,20,4,4
457,9,9,9,1
799,31,31,15,7
23,23,23,7,7
68,4,4,4,4
69,5,5,5,5
899,3,3,3,3
771,3,3,3,3
550,38,6,6,6
274,18,18,2,2
960,0,0,0,0
692,52,20,4,4
336,16,16,0,0
689,49,17,1,1
59,59,27,11,3
139,11,11,11,3
314,58,26,10,2
686,46,14,14,6
549,37,5,5,5
295,39,7,7,7
676,36,4,4,4
963,3,3,3,3
724,20,20,4,4
42,42,10,10,2
796,28,28,12,4
730,26,26,10,2
787,19,19,3,3
282,26,26,10,2
182,54,22,6,6
415,31,31,15,7
583,7,7,7,7
783,15,15,15,7
420,36,4,4,4
382,62,30,14,6
819,51,19,3,3
575,63,31,15,7
558,46,14,14,6
490,42,10,10,2
262,6,6,6,6
439,55,23,7,7
583,7,7,7,7
118,54,22,6,6
148,20,20,4,4
22,22,22,6,6
217,25,25,9,1
580,4,4,4,4
455,7,7,7,7
468,20,20,4,4
64,0,0,0,0
540,28,28,12,4
767,63,31,15,7
671,31,31,15,7
727,23,23,7,7
878,46,14,14,6
539,27,27,11,3
728,24,24,8,0
891,59,27,11,3
330,10,10,10,2
501,53,21,5,5
295,39,7,7,7
585,9,9,9,1
231,39,7,7,7
619,43,11,11,3
49,49,17,1,1
658,18,18,2,2
733,29,29,13,5
388,4,4,4,4
628,52,20,4,4
648,8,8,8,0
714,10,10,10,2
293,37,5,5,5
213,21,21,5,5
896,0,0,0,0
585,9,9,9,1
753,49,17,1,1
913,17,17,1,1
752,48,16,0,0
728,24,24,8,0
226,34,2,2,2
794,26,26,10,2
158,30,30,14,6
946,50,18,2,2
797,29,29,13,5
710,6,6,6,6
938,42,10,10,2
986,26,26,10,2
485,37,5,5,5
222,30,30,14,6
12,12,12,12,4
298,42,10,10,2
624,48,16,0,0
966,6,6,6,6
58,58,26,10,2
610,34,2,2,2
585,9,9,9,1
56,56,24,8,0
978,18,18,2,2
279,23,23,7,7
864,32,0,0,0
814,46,14,14,6
807,39,7,7,7
949,53,21,5,5
250,58,26,10,2
2,2,2,2,2
693,53,21,5,5
980,20,20,4,4
55,55,23,7,7
858,26,26,10,2
360,40,8,8,0
836,4,4,4,4
74,10,10,10,2
742,38,6,6,6
786,18,18,2,2
477,29,29,13,5
907,11,11,11,3
435,51,19,3,3
852,20,20,4,4
745,41,9,9,1
704,0,0,0,0
83,19,19,3,3
911,15,15,15,7
954,58,26,10,2
923,27,27,11,3
966,6,6,6,6
418,34,2,2,2
721,17,17,1,1
961,1,1,1,1
650,10,10,10,2
13,13,13,13,5
433,49,17,1,1
901,5,5,5,5
7,7,7,7,7
86,22,22,6,6
239,47,15,15,7
609,33,1,1,1
413,29,29,13,5
840,8,8,8,0
509,61,29,13,5
521,9,9,9,1
796,28,28,12,4
958,62,30,14,6
855,23,23,7,7
341,21,21,5,5
929,33,1,1,1
775,7,7,7,7
990,30,30,14,6
38,38,6,6,6
936,40,8,8,0
399,15,15,15,7
717,13,13,13,5
965,5,5,5,5
55,55,23,7,7
479,31,31,15,7
728,24,24,8,0
48,48,16,0,0
683,43,11,11,3
144,16,16,0,0
373,53,21,5,5
774,6,6,6,6
224,32,0,0,0
966,6,6,6,6
477,29,29,13,5
364,44,12,12,4
625,49,17,1,1
344,24,24,8,0
267,11,11,11,3
389,5,5,5,5
231,39,7,7,7
434,50,18,2,2
688,48,16,0,0
613,37,5,5,5
583,7,7,7,7
678,38,6,6,6
506,58,26,10,2
829,61,29,13,5
175,47,15,15,7
729,25,25,9,1
552,40,8,8,0
113,49,17,1,1
532,20,20,4,4
629,53,21,5,5
365,45,13,13,5
62,62,30,14,6
212,20,20,4,4
369,49,17,1,1
376,56,24,8,0
434,50,18,2,2
663,23,23,7,7
871,39,7,7,7
331,11,11,11,3
453,5,5,5,5
877,45,13,13,5
149,21,21,5,5
142,14,14,14,6
680,40,8,8,0
550,38,6,6,6
407,23,23,7,7
277,21,21,5,5
729,25,25,9,1
187,59,27,11,3
491,43,11,11,3
427,43,11,11,3
74,10,10,10,2
374,54,22,6,6
376,56,24,8,0
316,60,28,12,4
684,44,12,12,4
372,52,20,4,4
352,32,0,0,0
839,7,7,7,7
954,58,26,10,2
913,17,17,1,1
940,44,12,12,4
245,53,21,5,5
690,50,18,2,2
236,44,12,12,4
565,53,21,5,5
442,58,26,10,2
334,14,14,14,6
471,23,23,7,7
8,8,8,8,0
229,37,5,5,5
98,34,2,2,2
603,27,27,11,3
675,35,3,3,3
306,50,18,2,2
717,13,13,13,5
667,27,27,11,3
956,60,28,12,4
213,21,21,5,5
957,61,29,13,5
531,19,19,3,3
591,15,15,15,7
197,5,5,5,5
738,34,2,2,2
668,28,28,12,4
682,42,10,10,2
28,28,28,12,4
481,33,1,1,1
211,19,19,3,3
763,59,27,11,3
341,21,21,5,5
253,61,29,13,5
459,11,11,11,3
218,26,26,10,2
528,16,16,0,0
511,63,31,15,7
145,17,17,1,1
786,18,18,2,2
794,26,26,10,2
571,59,27,11,3
366,46,14,14,6
239,47,15,15,7
481,33,1,1,1
19,19,19,3,3
873,41,9,9,1
243,51,19,3,3
27,27,27,11,3
359,39,7,7,7
290,34,2,2,2
699,59,27,11,3
429,45,13,13,5
670,30,30,14,6
663,23,23,7,7
880,48,16,0,0
970,10,10,10,2
31,31,31,15,7
949,53,21,5,5
728,24,24,8,0
921,25,25,9,1
590,14,14,14,6
461,13,13,13,5
498,50,18,2,2
301,45,13,13,5
687,47,15,15,7
685,45,13,13,5
686,46,14,14,6
740,36,4,4,4
467,19,19,3,3
986,26,26,10,2
745,41,9,9,1
438,54,22,6,6
566,54,22,6,6
129,1,1,1,1
827,59,27,11,3
512,0,0,0,0
506,58,26,10,2
332,12,12,12,4
727,23,23,7,7
728,24,24,8,0
134,6,6,6,6
464,16,16,0,0
294,38,6,6,6
176,48,16,0,0
305,49,17,1,1
680,40,8,8,0
662,22,22,6,6
781,13,13,13,5
161,33,1,1,1
806,38,6,6,6
676,36,4,4,4
93,29,29,13,5
27,27,27,11,3
37,37,5,5,5
100,36,4,4,4
381,61,29,13,5
491,43,11,11,3
34,34,2,2,2
701,61,29,13,5
647,7,7,7,7
44,44,12,12,4
404,20,20,4,4
554,42,10,10,2
313,57,25,9,1
775,7,7,7,7
757,53,21,5,5
915,19,19,3,3
801,33,1,1,1
743,39,7,7,7
639,63,31,15,7
917,21,21,5,5
510,62,30,14,6
306,50,18,2,2
933,37,5,5,5
820,52,20,4,4
612,36,4,4,4
619,43,11,11,3
981,21,21,5,5
392,8,8,8,0
842,10,10,10,2
394,10,10,10,2
147,19,19,3,3
233,41,9,9,1
729,25,25,9,1
41,41,9,9,1
642,2,2,2,2
289,33,1,1,1
887,55,23,7,7
144,16,16,0,0
237,45,13,13,5
200,8,8,8,0
902,6,6,6,6
643,3,3,3,3
540,28,28,12,4
284,28,28,12,4
718,14,14,14,6
818,50,18,2,2
229,37,5,5,5
528,16,16,0,0
548,36,4,4,4
481,33,1,1,1
341,21,21,5,5
429,45,13,13,5
718,14,14,14,6
132,4,4,4,4
836,4,4,4,4
164,36,4,4,4
204,12,12,12,4
690,50,18,2,2
738,34,2,2,2
696,56,24,8,0
300,44,12,12,4
610,34,2,2,2
585,9,9,9,1
326,6,6,6,6
73,9,9,9,1
167,39,7,7,7
415,31,31,15,7
787,19,19,3,3
729,25,25,9,1
226,34,2,2,2
627,51,19,3,3
655,15,15,15,7
559,47,15,15,7
471,23,23,7,7
292,36,4,4,4
79,15,15,15,7
216,24,24,8,0
979,19,19,3,3
80,16,16,0,0
348,28,28,12,4
843,11,11,11,3
277,21,21,5,5
766,62,30,14,6
884,52,20,4,4
643,3,3,3,3
779,11,11,11,3
577,1,1,1,1
259,3,3,3,3
735,31,31,15,7
83,19,19,3,3
40,40,8,8,0
470,22,22,6,6
834,2,2,2,2
349,29,29,13,5
3,3,3,3,3
526,14,14,14,6
588,12,12,12,4
356,36,4,4,4
982,22,22,6,6
138,10,10,10,2
735,31,31,15,7
824,56,24,8,0
194,2,2,2,2
830,62,30,14,6
185,57,25,9,1
583,7,7,7,7
466,18,18,2,2
895,63,31,15,7
399,15,15,15,7
848,16,16,0,0
939,43,11,11,3
614,38,6,6,6
723,19,19,3,3
375,55,23,7,7
866,34,2,2,2
787,19,19,3,3
463,15,15,15,7
652,12,12,12,4
951,55,23,7,7
477,29,29,13,5
957,61,29,13,5
518,6,6,6,6
491,43,11,11,3
809,41,9,9,1
501,53,21,5,5
728,24,24,8,0
934,38,6,6,6
596,20,20,4,4
158,30,30,14,6
625,49,17,1,1
300,44,12,12,4
963,3,3,3,3
943,47,15,15,7
117,53,21,5,5
621,45,13,13,5
773,5,5,5,5
663,23,23,7,7
504,56,24,8,0
230,38,6,6,6
868,36,4,4,4
554,42,10,10,2
469,21,21,5,5
819,51,19,3,3
420,36,4,4,4
624,48,16,0,0
546,34,2,2,2
171,43,11,11,3
357,37,5,5,5
402,18,18,2,2
31,31,31,15,7
406,22,22,6,6
802,34,2,2,2
600,24,24,8,0
779,11,11,11,3
487,39,7,7,7
733,29,29,13,5
315,59,27,11,3
887,55,23,7,7
466,18,18,2,2
332,12,12,12,4
470,22,22,6,6
718,14,14,14,6
832,0,0,0,0
641,1,1,1,1
321,1,1,1,1
622,46,14,14,6
295,39,7,7,7
106,42,10,10,2
429,45,13,13,5
115,51,19,3,3
873,41,9,9,1
289,33,1,1,1
694,54,22,6,6
701,61,29,13,5
682,42,10,10,2
81,17,17,1,1
371,51,19,3,3
199,7,7,7,7
327,7,7,7,7
59,59,27,11,3
193,1,1,1,1
360,40,8,8,0
810,42,10,10,2
707,3,3,3,3
431,47,15,15,7
860,28,28,12,4
925,29,29,13,5
0,0,0,0,0
44,44,12,12,4
978,18,18,2,2
603,27,27,11,3
460,12,12,12,4
355,35,3,3,3
848,16,16,0,0
769,1,1,1,1
633,57,25,9,1
187,59,27,11,3
988,28,28,12,4
448,0,0,0,0
723,19,19,3,3
569,57,25,9,1
284,28,28,12,4
536,24,24,8,0
218,26,26,10,2
683,43,11,11,3
504,56,24,8,0
936,40,8,8,0
162,34,2,2,2
196,4,4,4,4
101,37,5,5,5
898,2,2,2,2
9,9,9,9,1
849,17,17,1,1
149,21,21,5,5
162,34,2,2,2
399,15,15,15,7
247,55,23,7,7
106,42,10,10,2
339,19,19,3,3
279,23,23,7,7
740,36,4,4,4
455,7,7,7,7
758,54,22,6,6
545,33,1,1,1
87,23,23,7,7
370,50,18,2,2
467,19,19,3,3
12,12,12,12,4
681,41,9,9,1
658,18,18,2,2
127,63,31,15,7
460,12,12,12,4
925,29,29,13,5
473,25,25,9,1
323,3,3,3,3
100,36,4,4,4
587,11,11,11,3
920,24,24,8,0
108,44,12,12,4
627,51,19,3,3
472,24,24,8,0
29,29,29,13,5
664,24,24,8,0
57,57,25,9,1
334,14,14,14,6
458,10,10,10,2
985,25,25,9,1
524,12,12,12,4
0,0,0,0,0
196,4,4,4,4
246,54,22,6,6
77,13,13,13,5
919,23,23,7,7
687,47,15,15,7
731,27,27,11,3
355,35,3,3,3
295,39,7,7,7
381,61,29,13,5
606,30,30,14,6
383,63,31,15,7
342,22,22,6,6
222,30,30,14,6
440,56,24,8,0
2,2,2,2,2
132,4,4,4,4
223,31,31,15,7
561,49,17,1,1
930,34,2,2,2
445,61,29,13,5
859,27,27,11,3
566,54,22,6,6
432,48,16,0,0
56,56,24,8,0
634,58,26,10,2
875,43,11,11,3
33,33,1,1,1
183,55,23,7,7
290,34,2,2,2
945,49,17,1,1
694,54,22,6,6
686,46,14,14,6
664,24,24,8,0
508,60,28,12,4
948,52,20,4,4
414,30,30,14,6
339,19,19,3,3
737,33,1,1,1
617,41,9,9,1
791,23,23,7,7
571,59,27,11,3
39,39,7,7,7
488,40,8,8,0
882,50,18,2,2
565,53,21,5,5
426,42,10,10,2
944,48,16,0,0
335,15,15,15,7
453,5,5,5,5
548,36,4,4,4
753,49,17,1,1
915,19,19,3,3
258,2,2,2,2
807,39,7,7,7
829,61,29,13,5
305,49,17,1,1
778,10,10,10,2
484,36,4,4,4
338,18,18,2,2
113,49,17,1,1
441,57,25,9,1
43,43,11,11,3
795,27,27,11,3
101,37,5,5,5
98,34,2,2,2
329,9,9,9,1
839,7,7,7,7
31,31,31,15,7
834,2,2,2,2
753,49,17,1,1
992,32,0,0,0
942,46,14,14,6
283,27,27,11,3
674,34,2,2,2
26,26,26,10,2
425,41,9,9,1
119,55,23,7,7
374,54,22,6,6
947,51,19,3,3
10,10,10,10,2
374,54,22,6,6
853,21,21,5,5
3,3,3,3,3
188,60,28,12,4
946,50,18,2,2
924,28,28,12,4
483,35,3,3,3
409,25,25,9,1
24,24,24,8,0
298,42,10,10,2
436,52,20,4,4
380,60,28,12,4
794,26,26,10,2
774,6,6,6,6
531,19,19,3,3
371,51,19,3,3
342,22,22,6,6
779,11,11,11,3
924,28,28,12,4
908,12,12,12,4
9,9,9,9,1
802,34,2,2,2
646,6,6,6,6
677,37,5,5,5
831,63,31,15,7
622,46,14,14,6
164,36,4,4,4
966,6,6,6,6
66,2,2,2,2
571,59,27,11,3
816,48,16,0,0
298,42,10,10,2
518,6,6,6,6
666,26,26,10,2
388,4,4,4,4
836,4,4,4,4
168,40,8,8,0
686,46,14,14,6
676,36,4,4,4
146,18,18,2,2
729,25,25,9,1
247,55,23,7,7
6,6,6,6,6
903,7,7,7,7
401,17,17,1,1
558,46,14,14,6
180,52,20,4,4
746,42,10,10,2
209,17,17,1,1
503,55,23,7,7
859,27,27,11,3
910,14,14,14,6
942,46,14,14,6
974,14,14,14,6
328,8,8,8,0
656,16,16,0,0
655,15,15,15,7
550,38,6,6,6
708,4,4,4,4
826,58,26,10,2
614,38,6,6,6
971,11,11,11,3
111,47,15,15,7
291,35,3,3,3
947,51,19,3,3
206,14,14,14,6
924,28,28,12,4
385,1,1,1,1
710,6,6,6,6
906,10,10,10,2
114,50,18,2,2
624,48,16,0,0
112,48,16,0,0
56,56,24,8,0
189,61,29,13,5
712,8,8,8,0
656,16,16,0,0
558,46,14,14,6
535,23,23,7,7
385,1,1,1,1
704,0,0,0,0
774,6,6,6,6
432,48,16,0,0
661,21,21,5,5
450,2,2,2,2
393,9,9,9,1
365,45,13,13,5
602,26,26,10,2
892,60,28,12,4
448,0,0,0,0
29,29,29,13,5
723,19,19,3,3
79,15,15,15,7
164,36,4,4,4
279,23,23,7,7
480,32,0,0,0
805,37,5,5,5
403,19,19,3,3
619,43,11,11,3
80,16,16,0,0
997,37,5,5,5
760,56,24,8,0
765,61,29,13,5
948,52,20,4,4
609,33,1,1,1
444,60,28,12,4
775,7,7,7,7
629,53,21,5,5
552,40,8,8,0
127,63,31,15,7
683,43,11,11,3
441,57,25,9,1
954,58,26,10,2
365,45,13,13,5
667,27,27,11,3
714,10,10,10,2
399,15,15,15,7
691,51,19,3,3
20,20,20,4,4
785,17,17,1,1
67,3,3,3,3
128,0,0,0,0
550,38,6,6,6
159,31,31,15,7
777,9,9,9,1
875,43,11,11,3
447,63,31,15,7
560,48,16,0,0
47,47,15,15,7
663,23,23,7,7
753,49,17,1,1
937,41,9,9,1
918,22,22,6,6
627,51,19,3,3
52,52,20,4,4
550,38,6,6,6
877,45,13,13,5
941,45,13,13,5
390,6,6,6,6
507,59,27,11,3
94,30,30,14,6
114,50,18,2,2
949,53,21,5,5
556,44,12,12,4
139,11,11,11,3
173,45,13,13,5
813,45,13,13,5
799,31,31,15,7
599,23,23,7,7
622,46,14,14,6
36,36,4,4,4
332,12,12,12,4
811,43,11,11,3
259,3,3,3,3
241,49,17,1,1
976,16,16,0,0
833,1,1,1,1
231,39,7,7,7
341,21,21,5,5
141,13,13,13,5
148,20,20,4,4
933,37,5,5,5
897,1,1,1,1
709,5,5,5,5
737,33,1,1,1
569,57,25,9,1
594,18,18,2,2
762,58,26,10,2
694,54,22,6,6
307,51,19,3,3
598,22,22,6,6
909,13,13,13,5
384,0,0,0,0
741,37,5,5,5
385,1,1,1,1
972,12,12,12,4
415,31,31,15,7
785,17,17,1,1
457,9,9,9,1
217,25,25,9,1
48,48,16,0,0
72,8,8,8,0
140,12,12,12,4
352,32,0,0,0
222,30,30,14,6
266,10,10,10,2
686,46,14,14,6
284,28,28,12,4
830,62,30,14,6
121,57,25,9,1
950,54,22,6,6
100,36,4,4,4
699,59,27,11,3
36,36,4,4,4
455,7,7,7,7
413,29,29,13,5
501,53,21,5,5
473,25,25,9,1
155,27,27,11,3
25,25,25,9,1
531,19,19,3,3
922,26,26,10,2
628,52,20,4,4
579,3,3,3,3
285,29,29,13,5
625,49,17,1,1
710,6,6,6,6
644,4,4,4,4
406,22,22,6,6
147,19,19,3,3
542,30,30,14,6
853,21,21,5,5
811,43,11,11,3
71,7,7,7,7
262,6,6,6,6
957,61,29,13,5
773,5,5,5,5
536,24,24,8,0
10,10,10,10,2
526,14,14,14,6
503,55,23,7,7
444,60,28,12,4
749,45,13,13,5
68,4,4,4,4
86,22,22,6,6
119,55,23,7,7
111,47,15,15,7
887,55,23,7,7
546,34,2,2,2
698,58,26,10,2
76,12,12,12,4
798,30,30,14,6
404,20,20,4,4
421,37,5,5,5
404,20,20,4,4
599,23,23,7,7
832,0,0,0,0
88,24,24,8,0
762,58,26,10,2
941,45,13,13,5
375,55,23,7,7
757,53,21,5,5
391,7,7,7,7
899,3,3,3,3
527,15,15,15,7
876,44,12,12,4
987,27,27,11,3
802,34,2,2,2
235,43,11,11,3
788,20,20,4,4
231,39,7,7,7
94,30,30,14,6
436,52,20,4,4
725,21,21,5,5
297,41,9,9,1
684,44,12,12,4
166,38,6,6,6
810,42,10,10,2
840,8,8,8,0
676,36,4,4,4
950,54,22,6,6
981,21,21,5,5
89,25,25,9,1
40,40,8,8,0
781,13,13,13,5
21,21,21,5,5
657,17,17,1,1
629,53,21,5,5
863,31,31,15,7
126,62,30,14,6
392,8,8,8,0
582,6,6,6,6
209,17,17,1,1
50,50,18,2,2
60,60,28,12,4
251,59,27,11,3
866,34,2,2,2
8,8,8,8,0
126,62,30,14,6
389,5,5,5,5
221,29,29,13,5
436,52,20,4,4
773,5,5,5,5
543,31,31,15,7
273,17,17,1,1
731,27,27,11,3
295,39,7,7,7
424,40,8,8,0
201,9,9,9,1
112,48,16,0,0
879,47,15,15,7
434,50,18,2,2
917,21,21,5,5
692,52,20,4,4
428,44,12,12,4
748,44,12,12,4
803,35,3,3,3
112,48,16,0,0
364,44,12,12,4
384,0,0,0,0
422,38,6,6,6
61,61,29,13,5
794,26,26,10,2
308,52,20,4,4
595,19,19,3,3
760,56,24,8,0
978,18,18,2,2
813,45,13,13,5
779,11,11,11,3
848,16,16,0,0
800,32,0,0,0
459,11,11,11,3
332,12,12,12,4
833,1,1,1,1
571,59,27,11,3
770,2,2,2,2
585,9,9,9,1
747,43,11,11,3
867,35,3,3,3
541,29,29,13,5
724,20,20,4,4
154,26,26,10,2
954,58,26,10,2
140,12,12,12,4
103,39,7,7,7
236,44,12,12,4
902,6,6,6,6
907,11,11,11,3
696,56,24,8,0
335,15,15,15,7
723,19,19,3,3
892,60,28,12,4
537,25,25,9,1
779,11,11,11,3
149,21,21,5,5
709,5,5,5,5
958,62,30,14,6
368,48,16,0,0
221,29,29,13,5
915,19,19,3,3
951,55,23,7,7
549,37,5,5,5
688,48,16,0,0
785,17,17,1,1
184,56,24,8,0
634,58,26,10,2
127,63,31,15,7
273,17,17,1,1
793,25,25,9,1
731,27,27,11,3
873,41,9,9,1
413,29,29,13,5
160,32,0,0,0
905,9,9,9,1
193,1,1,1,1
463,15,15,15,7
699,59,27,11,3
644,4,4,4,4
343,23,23,7,7
844,12,12,12,4
504,56,24,8,0
54,54,22,6,6
976,16,16,0,0
886,54,22,6,6
22,22,22,6,6
78,14,14,14,6
345,25,25,9,1
991,31,31,15,7
511,63,31,15,7
572,60,28,12,4
618,42,10,10,2
40,40,8,8,0
18,18,18,2,2
349,29,29,13,5
100,36,4,4,4
506,58,26,10,2
858,26,26,10,2
210,18,18,2,2
311,55,23,7,7
989,29,29,13,5
4,4,4,4,4
800,32,0,0,0
501,53,21,5,5
407,23,23,7,7
478,30,30,14,6
913,17,17,1,1
385,1,1,1,1
814,46,14,14,6
134,6,6,6,6
831,63,31,15,7
774,6,6,6,6
976,16,16,0,0
571,59,27,11,3
190,62,30,14,6
193,1,1,1,1
100,36,4,4,4
309,53,21,5,5
20,20,20,4,4
183,55,23,7,7
677,37,5,5,5
751,47,15,15,7
845,13,13,13,5
167,39,7,7,7
207,15,15,15,7
503,55,23,7,7
647,7,7,7,7
954,58,26,10,2
422,38,6,6,6
208,16,16,0,0
75,11,11,11,3
985,25,25,9,1
315,59,27,11,3
483,35,3,3,3
975,15,15,15,7
357,37,5,5,5
529,17,17,1,1
550,38,6,6,6
831,63,31,15,7
419,35,3,3,3
970,10,10,10,2
793,25,25,9,1
757,53,21,5,5
582,6,6,6,6
597,21,21,5,5
658,18,18,2,2
829,61,29,13,5
345,25,25,9,1
657,17,17,1,1
486,38,6,6,6
580,4,4,4,4
316,60,28,12,4
448,0,0,0,0
869,37,5,5,5
118,54,22,6,6
567,55,23,7,7
64,0,0,0,0
855,23,23,7,7
794,26,26,10,2
992,32,0,0,0
354,34,2,2,2
468,20,20,4,4
789,21,21,5,5
768,0,0,0,0
10,10,10,10,2
912,16,16,0,0
939,43,11,11,3
964,4,4,4,4
750,46,14,14,6
508,60,28,12,4
200,8,8,8,0
810,42,10,10,2
856,24,24,8,0
588,12,12,12,4
828,60,28,12,4
525,13,13,13,5
470,22,22,6,6
302,46,14,14,6
831,63,31,15,7
856,24,24,8,0
180,52,20,4,4
800,32,0,0,0
964,4,4,4,4
589,13,13,13,5
750,46,14,14,6
851,19,19,3,3
383,63,31,15,7
191,63,31,15,7
662,22,22,6,6
527,15,15,15,7
735,31,31,15,7
611,35,3,3,3
252,60,28,12,4
437,53,21,5,5
902,6,6,6,6
907,11,11,11,3
176,48,16,0,0
925,29,29,13,5
822,54,22,6,6
574,62,30,14,6
37,37,5,5,5
932,36,4,4,4
393,9,9,9,1
781,13,13,13,5
98,34,2,2,2
845,13,13,13,5
444,60,28,12,4
957,61,29,13,5
422,38,6,6,6
428,44,12,12,4
288,32,0,0,0
920,24,24,8,0
142,14,14,14,6
88,24,24,8,0
303,47,15,15,7
98,34,2,2,2
610,34,2,2,2
567,55,23,7,7
56,56,24,8,0
464,16,16,0,0
687,47,15,15,7
253,61,29,13,5
921,25,25,9,1
653,13,13,13,5
815,47,15,15,7
319,63,31,15,7
672,32,0,0,0
724,20,20,4,4
578,2,2,2,2
338,18,18,2,2
598,22,22,6,6
548,36,4,4,4
280,24,24,8,0
538,26,26,10,2
25,25,25,9,1
670,30,30,14,6
82,18,18,2,2
796,28,28,12,4
882,50,18,2,2
216,24,24,8,0
645,5,5,5,5
316,60,28,12,4
873,41,9,9,1
28,28,28,12,4
404,20,20,4,4
765,61,29,13,5
788,20,20,4,4
449,1,1,1,1
801,33,1,1,1
540,28,28,12,4
861,29,29,13,5
275,19,19,3,3
946,50,18,2,2
399,15,15,15,7
786,18,18,2,2
379,59,27,11,3
552,40,8,8,0
718,14,14,14,6
967,7,7,7,7
562,50,18,2,2
438,54,22,6,6
309,53,21,5,5
274,18,18,2,2
913,17,17,1,1
310,54,22,6,6
835,3,3,3,3
676,36,4,4,4
326,6,6,6,6
433,49,17,1,1
352,32,0,0,0
103,39,7,7,7
264,8,8,8,0
867,35,3,3,3
834,2,2,2,2
235,43,11,11,3
235,43,11,11,3
731,27,27,11,3
730,26,26,10,2
927,31,31,15,7
257,1,1,1,1
586,10,10,10,2
272,16,16,0,0
405,21,21,5,5
203,11,11,11,3
82,18,18,2,2
0,0,0,0,0
530,18,18,2,2
454,6,6,6,6
717,13,13,13,5
651,11,11,11,3
808,40,8,8,0
109,45,13,13,5
792,24,24,8,0
717,13,13,13,5
861,29,29,13,5
131,3,3,3,3
27,27,27,11,3
990,30,30,14,6
602,26,26,10,2
993,33,1,1,1
590,14,14,14,6
227,35,3,3,3
517,5,5,5,5
478,30,30,14,6
852,20,20,4,4
973,13,13,13,5
346,26,26,10,2
500,52,20,4,4
113,49,17,1,1
218,26,26,10,2
531,19,19,3,3
902,6,6,6,6
818,50,18,2,2
306,50,18,2,2
306,50,18,2,2
633,57,25,9,1
947,51,19,3,3
644,4,4,4,4
500,52,20,4,4
258,2,2,2,2
722,18,18,2,2
297,41,9,9,1
568,56,24,8,0
917,21,21,5,5
117,53,21,5,5
359,39,7,7,7
334,14,14,14,6
962,2,2,2,2
26,26,26,10,2
517,5,5,5,5
760,56,24,8,0
304,48,16,0,0
171,43,11,11,3
47,47,15,15,7
78,14,14,14,6
135,7,7,7,7
662,22,22,6,6
788,20,20,4,4
916,20,20,4,4
777,9,9,9,1
743,39,7,7,7
620,44,12,12,4
348,28,28,12,4
679,39,7,7,7
166,38,6,6,6
414,30,30,14,6
630,54,22,6,6
392,8,8,8,0
140,12,12,12,4
55,55,23,7,7
178,50,18,2,2
776,8,8,8,0
718,14,14,14,6
774,6,6,6,6
15,15,15,15,7
698,58,26,10,2
573,61,29,13,5
264,8,8,8,0
702,62,30,14,6
317,61,29,13,5
329,9,9,9,1
876,44,12,12,4
292,36,4,4,4
950,54,22,6,6
397,13,13,13,5
394,10,10,10,2
314,58,26,10,2
208,16,16,0,0
536,24,24,8,0
294,38,6,6,6
715,11,11,11,3
581,5,5,5,5
231,39,7,7,7
788,20,20,4,4
775,7,7,7,7
735,31,31,15,7
646,6,6,6,6
571,59,27,11,3
868,36,4,4,4
749,45,13,13,5
191,63,31,15,7
503,55,23,7,7
213,21,21,5,5
100,36,4,4,4
187,59,27,11,3
437,53,21,5,5
519,7,7,7,7
803,35,3,3,3
983,23,23,7,7
566,54,22,6,6
721,17,17,1,1
545,33,1,1,1
914,18,18,2,2
965,5,5,5,5
360,40,8,8,0
670,30,30,14,6
817,49,17,1,1
425,41,9,9,1
589,13,13,13,5
463,15,15,15,7
454,6,6,6,6
416,32,0,0,0
182,54,22,6,6
610,34,2,2,2
517,5,5,5,5
251,59,27,11,3
438,54,22,6,6
652,12,12,12,4
526,14,14,14,6
34,34,2,2,2
402,18,18,2,2
98,34,2,2,2
482,34,2,2,2
562,50,18,2,2
4,4,4,4,4
649,9,9,9,1
33,33,1,1,1
370,50,18,2,2
977,17,17,1,1
737,33,1,1,1
267,11,11,11,3
984,24,24,8,0
906,10,10,10,2
214,22,22,6,6
213,21,21,5,5
243,51,19,3,3
952,56,24,8,0
784,16,16,0,0
875,43,11,11,3
770,2,2,2,2
748,44,12,12,4
939,43,11,11,3
147,19,19,3,3
47,47,15,15,7
856,24,24,8,0
403,19,19,3,3
707,3,3,3,3
759,55,23,7,7
361,41,9,9,1
80,16,16,0,0
440,56,24,8,0
250,58,26,10,2
356,36,4,4,4
908,12,12,12,4
102,38,6,6,6
334,14,14,14,6
897,1,1,1,1
949,53,21,5,5
351,31,31,15,7
310,54,22,6,6
756,52,20,4,4
396,12,12,12,4
436,52,20,4,4
119,55,23,7,7
606,30,30,14,6
693,53,21,5,5
679,39,7,7,7
659,19,19,3,3
947,51,19,3,3
847,15,15,15,7
779,11,11,11,3
151,23,23,7,7
869,37,5,5,5
813,45,13,13,5
257,1,1,1,1
829,61,29,13,5
531,19,19,3,3
148,20,20,4,4
436,52,20,4,4
910,14,14,14,6
711,7,7,7,7
950,54,22,6,6
7,7,7,7,7
528,16,16,0,0
35,35,3,3,3
893,61,29,13,5
801,33,1,1,1
323,3,3,3,3
73,9,9,9,1
158,30,30,14,6
440,56,24,8,0
390,6,6,6,6
309,53,21,5,5
784,16,16,0,0
492,44,12,12,4
626,50,18,2,2
794,26,26,10,2
55,55,23,7,7
632,56,24,8,0
929,33,1,1,1
743,39,7,7,7
354,34,2,2,2
803,35,3,3,3
214,22,22,6,6
847,15,15,15,7
145,17,17,1,1
400,16,16,0,0
341,21,21,5,5
160,32,0,0,0
102,38,6,6,6
982,22,22,6,6
512,0,0,0,0
839,7,7,7,7
247,55,23,7,7
343,23,23,7,7
748,44,12,12,4
669,29,29,13,5
60,60,28,12,4
472,24,24,8,0
547,35,3,3,3
585,9,9,9,1
120,56,24,8,0
800,32,0,0,0
521,9,9,9,1
545,33,1,1,1
85,21,21,5,5
690,50,18,2,2
554,42,10,10,2
825,57,25,9,1
710,6,6,6,6
956,60,28,12,4
441,57,25,9,1
981,21,21,5,5
695,55,23,7,7
517,5,5,5,5
198,6,6,6,6
553,41,9,9,1
648,8,8,8,0
38,38,6,6,6
507,59,27,11,3
401,17,17,1,1
2,2,2,2,2
721,17,17,1,1
789,21,21,5,5
585,9,9,9,1
392,8,8,8,0
858,26,26,10,2
174,46,14,14,6
236,44,12,12,4
620,44,12,12,4
661,21,21,5,5
30,30,30,14,6
31,31,31,15,7
694,54,22,6,6
924,28,28,12,4
658,18,18,2,2
424,40,8,8,0
393,9,9,9,1
687,47,15,15,7
175,47,15,15,7
434,50,18,2,2
709,5,5,5,5
887,55,23,7,7
702,62,30,14,6
327,7,7,7,7
599,23,23,7,7
568,56,24,8,0
492,44,12,12,4
659,19,19,3,3
247,55,23,7,7
392,8,8,8,0
201,9,9,9,1
116,52,20,4,4
517,5,5,5,5
634,58,26,10,2
793,25,25,9,1
789,21,21,5,5
360,40,8,8,0
359,39,7,7,7
555,43,11,11,3
884,52,20,4,4
930,34,2,2,2
915,19,19,3,3
303,47,15,15,7
372,52,20,4,4
326,6,6,6,6
487,39,7,7,7
359,39,7,7,7
863,31,31,15,7
102,38,6,6,6
688,48,16,0,0
79,15,15,15,7
54,54,22,6,6
776,8,8,8,0
914,18,18,2,2
391,7,7,7,7
203,11,11,11,3
63,63,31,15,7
248,56,24,8,0
615,39,7,7,7
0,0,0,0,0
980,20,20,4,4
686,46,14,14,6
403,19,19,3,3
778,10,10,10,2
178,50,18,2,2
488,40,8,8,0
139,11,11,11,3
520,8,8,8,0
140,12,12,12,4
580,4,4,4,4
640,0,0,0,0
980,20,20,4,4
588,12,12,12,4
370,50,18,2,2
13,13,13,13,5
142,14,14,14,6
59,59,27,11,3
801,33,1,1,1
215,23,23,7,7
222,30,30,14,6
788,20,20,4,4
690,50,18,2,2
254,62,30,14,6
898,2,2,2,2
530,18,18,2,2
807,39,7,7,7
800,32,0,0,0
839,7,7,7,7
556,44,12,12,4
835,3,3,3,3
951,55,23,7,7
440,56,24,8,0
126,62,30,14,6
991,31,31,15,7
117,53,21,5,5
499,51,19,3,3
215,23,23,7,7
747,43,11,11,3
382,62,30,14,6
804,36,4,4,4
361,41,9,9,1
351,31,31,15,7
927,31,31,15,7
583,7,7,7,7
316,60,28,12,4
315,59,27,11,3
759,55,23,7,7
359,39,7,7,7
737,33,1,1,1
474,26,26,10,2
237,45,13,13,5
593,17,17,1,1
302,46,14,14,6
66,2,2,2,2
465,17,17,1,1
321,1,1,1,1
456,8,8,8,0
58,58,26,10,2
181,53,21,5,5
861,29,29,13,5
166,38,6,6,6
138,10,10,10,2
445,61,29,13,5
493,45,13,13,5
14,14,14,14,6
316,60,28,12,4
286,30,30,14,6
673,33,1,1,1
604,28,28,12,4
760,56,24,8,0
196,4,4,4,4
297,41,9,9,1
481,33,1,1,1
430,46,14,14,6
590,14,14,14,6
861,29,29,13,5
32,32,0,0,0
814,46,14,14,6
546,34,2,2,2
669,29,29,13,5
138,10,10,10,2
317,61,29,13,5
377,57,25,9,1
561,49,17,1,1
711,7,7,7,7
609,33,1,1,1
285,29,29,13,5
462,14,14,14,6
590,14,14,14,6
121,57,25,9,1
434,50,18,2,2
312,56,24,8,0
392,8,8,8,0
245,53,21,5,5
133,5,5,5,5
443,59,27,11,3
815,47,15,15,7
224,32,0,0,0
214,22,22,6,6
0,0,0,0,0
820,52,20,4,4
496,48,16,0,0
876,44,12,12,4
491,43,11,11,3
331,11,11,11,3
52,52,20,4,4
396,12,12,12,4
696,56,24,8,0
329,9,9,9,1
119,55,23,7,7
197,5,5,5,5
32,32,0,0,0
891,59,27,11,3
691,51,19,3,3
27,27,27,11,3
780,12,12,12,4
473,25,25,9,1
826,58,26,10,2
895,63,31,15,7
826,58,26,10,2
629,53,21,5,5
1,1,1,1,1
284,28,28,12,4
968,8,8,8,0
295,39,7,7,7
393,9,9,9,1
711,7,7,7,7
613,37,5,5,5
311,55,23,7,7
530,18,18,2,2
597,21,21,5,5
726,22,22,6,6
387,3,3,3,3
861,29,29,13,5
606,30,30,14,6
659,19,19,3,3
446,62,30,14,6
632,56,24,8,0
965,5,5,5,5
396,12,12,12,4
156,28,28,12,4
582,6,6,6,6
934,38,6,6,6
498,50,18,2,2
564,52,20,4,4
657,17,17,1,1
433,49,17,1,1
39,39,7,7,7
141,13,13,13,5
144,16,16,0,0
117,53,21,5,5
590,14,14,14,6
777,9,9,9,1
174,46,14,14,6
712,8,8,8,0
823,55,23,7,7
841,9,9,9,1
955,59,27,11,3
823,55,23,7,7
484,36,4,4,4
483,35,3,3,3
931,35,3,3,3
5,5,5,5,5
846,14,14,14,6
559,47,15,15,7
102,38,6,6,6
743,39,7,7,7
616,40,8,8,0
524,12,12,12,4
740,36,4,4,4
750,46,14,14,6
27,27,27,11,3
571,59,27,11,3
836,4,4,4,4
818,50,18,2,2
555,43,11,11,3
972,12,12,12,4
758,54,22,6,6
664,24,24,8,0
407,23,23,7,7
296,40,8,8,0
451,3,3,3,3
667,27,27,11,3
506,58,26,10,2
194,2,2,2,2
53,53,21,5,5
443,59,27,11,3
8,8,8,8,0
463,15,15,15,7
730,26,26,10,2
835,3,3,3,3
995,35,3,3,3
523,11,11,11,3
604,28,28,12,4
123,59,27,11,3
706,2,2,2,2
690,50,18,2,2
725,21,21,5,5
718,14,14,14,6
544,32,0,0,0
471,23,23,7,7
125,61,29,13,5
783,15,15,15,7
144,16,16,0,0
899,3,3,3,3
271,15,15,15,7
298,42,10,10,2
788,20,20,4,4
121,57,25,9,1
293,37,5,5,5
578,2,2,2,2
670,30,30,14,6
695,55,23,7,7
26,26,26,10,2
53,53,21,5,5
805,37,5,5,5
103,39,7,7,7
257,1,1,1,1
918,22,22,6,6
384,0,0,0,0
25,25,25,9,1
536,24,24,8,0
163,35,3,3,3
729,25,25,9,1
450,2,2,2,2
918,22,22,6,6
929,33,1,1,1
870,38,6,6,6
84,20,20,4,4
394,10,10,10,2
786,18,18,2,2
28,28,28,12,4
679,39,7,7,7
607,31,31,15,7
541,29,29,13,5
449,1,1,1,1
103,39,7,7,7
617,41,9,9,1
354,34,2,2,2
883,51,19,3,3
23,23,23,7,7
703,63,31,15,7
869,37,5,5,5
594,18,18,2,2
149,21,21,5,5
73,9,9,9,1
103,39,7,7,7
311,55,23,7,7
321,1,1,1,1
924,28,28,12,4
337,17,17,1,1
469,21,21,5,5
890,58,26,10,2
767,63,31,15,7
790,22,22,6,6
453,5,5,5,5
992,32,0,0,0
773,5,5,5,5
913,17,17,1,1
71,7,7,7,7
81,17,17,1,1
56,56,24,8,0
967,7,7,7,7
80,16,16,0,0
399,15,15,15,7
295,39,7,7,7
490,42,10,10,2
325,5,5,5,5
459,11,11,11,3
603,27,27,11,3
295,39,7,7,7
496,48,16,0,0
227,35,3,3,3
843,11,11,11,3
625,49,17,1,1
422,38,6,6,6
556,44,12,12,4
532,20,20,4,4
456,8,8,8,0
847,15,15,15,7
453,5,5,5,5
163,35,3,3,3
519,7,7,7,7
682,42,10,10,2
980,20,20,4,4
317,61,29,13,5
629,53,21,5,5
607,31,31,15,7
828,60,28,12,4
960,0,0,0,0
935,39,7,7,7
464,16,16,0,0
88,24,24,8,0
490,42,10,10,2
199,7,7,7,7
857,25,25,9,1
990,30,30,14,6
926,30,30,14,6
432,48,16,0,0
263,7,7,7,7
644,4,4,4,4
770,2,2,2,2
71,7,7,7,7
693,53,21,5,5
843,11,11,11,3
273,17,17,1,1
187,59,27,11,3
66,2,2,2,2
570,58,26,10,2
136,8,8,8,0
855,23,23,7,7
505,57,25,9,1
998,38,6,6,6
973,13,13,13,5
901,5,5,5,5
898,2,2,2,2
358,38,6,6,6
57,57,25,9,1
8,8,8,8,0
48,48,16,0,0
356,36,4,4,4
54,54,22,6,6
713,9,9,9,1
805,37,5,5,5
993,33,1,1,1
623,47,15,15,7
783,15,15,15,7
942,46,14,14,6
998,38,6,6,6
504,56,24,8,0
751,47,15,15,7
939,43,11,11,3
101,37,5,5,5
710,6,6,6,6
897,1,1,1,1
884,52,20,4,4
180,52,20,4,4
702,62,30,14,6
305,49,17,1,1
784,16,16,0,0
759,55,23,7,7
765,61,29,13,5
358,38,6,6,6
159,31,31,15,7
858,26,26,10,2
397,13,13,13,5
971,11,11,11,3
772,4,4,4,4
194,2,2,2,2
180,52,20,4,4
506,58,26,10,2
212,20,20,4,4
350,30,30,14,6
794,26,26,10,2
370,50,18,2,2
835,3,3,3,3
511,63,31,15,7
465,17,17,1,1
686,46,14,14,6
738,34,2,2,2
610,34,2,2,2
608,32,0,0,0
852,20,20,4,4
980,20,20,4,4
459,11,11,11,3
73,9,9,9,1
943,47,15,15,7
17,17,17,1,1
444,60,28,12,4
176,48,16,0,0
880,48,16,0,0
704,0,0,0,0
245,53,21,5,5
765,61,29,13,5
243,51,19,3,3
952,56,24,8,0
126,62,30,14,6
194,2,2,2,2
206,14,14,14,6
542,30,30,14,6
427,43,11,11,3
541,29,29,13,5
906,10,10,10,2
280,24,24,8,0
449,1,1,1,1
568,56,24,8,0
703,63,31,15,7
980,20,20,4,4
49,49,17,1,1
834,2,2,2,2
959,63,31,15,7
276,20,20,4,4
959,63,31,15,7
329,9,9,9,1
238,46,14,14,6
202,10,10,10,2
128,0,0,0,0
455,7,7,7,7
478,30,30,14,6
449,1,1,1,1
117,53,21,5,5
231,39,7,7,7
782,14,14,14,6
468,20,20,4,4
481,33,1,1,1
748,44,12,12,4
905,9,9,9,1
488,40,8,8,0
157,29,29,13,5
844,12,12,12,4
625,49,17,1,1
170,42,10,10,2
28,28,28,12,4
265,9,9,9,1
727,23,23,7,7
116,52,20,4,4
211,19,19,3,3
426,42,10,10,2
912,16,16,0,0
282,26,26,10,2
145,17,17,1,1
614,38,6,6,6
956,60,28,12,4
221,29,29,13,5
42,42,10,10,2
301,45,13,13,5
451,3,3,3,3
965,5,5,5,5
540,28,28,12,4
996,36,4,4,4
803,35,3,3,3
199,7,7,7,7
190,62,30,14,6
894,62,30,14,6
998,38,6,6,6
501,53,21,5,5
826,58,26,10,2
450,2,2,2,2
545,33,1,1,1
385,1,1,1,1
582,6,6,6,6
447,63,31,15,7
901,5,5,5,5
548,36,4,4,4
652,12,12,12,4
542,30,30,14,6
645,5,5,5,5
188,60,28,12,4
934,38,6,6,6
596,20,20,4,4
70,6,6,6,6
473,25,25,9,1
269,13,13,13,5
628,52,20,4,4
650,10,10,10,2
585,9,9,9,1
136,8,8,8,0
714,10,10,10,2
741,37,5,5,5
890,58,26,10,2
182,54,22,6,6
331,11,11,11,3
579,3,3,3,3
186,58,26,10,2
334,14,14,14,6
222,30,30,14,6
191,63,31,15,7
586,10,10,10,2
748,44,12,12,4
207,15,15,15,7
412,28,28,12,4
820,52,20,4,4
277,21,21,5,5
291,35,3,3,3
326,6,6,6,6
814,46,14,14,6
171,43,11,11,3
509,61,29,13,5
384,0,0,0,0
111,47,15,15,7
90,26,26,10,2
53,53,21,5,5
206,14,14,14,6
735,31,31,15,7
275,19,19,3,3
924,28,28,12,4
204,12,12,12,4
669,29,29,13,5
399,15,15,15,7
148,20,20,4,4
159,31,31,15,7
778,10,10,10,2
256,0,0,0,0
103,39,7,7,7
795,27,27,11,3
13,13,13,13,5
109,45,13,13,5
85,21,21,5,5
315,59,27,11,3
758,54,22,6,6
129,1,1,1,1
9,9,9,9,1
506,58,26,10,2
233,41,9,9,1
309,53,21,5,5
512,0,0,0,0
57,57,25,9,1
146,18,18,2,2
779,11,11,11,3
81,17,17,1,1
754,50,18,2,2
655,15,15,15,7
846,14,14,14,6
526,14,14,14,6
871,39,7,7,7
897,1,1,1,1
336,16,16,0,0
425,41,9,9,1
563,51,19,3,3
387,3,3,3,3
650,10,10,10,2
346,26,26,10,2
794,26,26,10,2
942,46,14,14,6
536,24,24,8,0
654,14,14,14,6
963,3,3,3,3
394,10,10,10,2
846,14,14,14,6
451,3,3,3,3
21,21,21,5,5
846,14,14,14,6
497,49,17,1,1
932,36,4,4,4
676,36,4,4,4
124,60,28,12,4
547,35,3,3,3
642,2,2,2,2
24,24,24,8,0
540,28,28,12,4
965,5,5,5,5
867,35,3,3,3
2,2,2,2,2
969,9,9,9,1
137,9,9,9,1
66,2,2,2,2
857,25,25,9,1
651,11,11,11,3
899,3,3,3,3
359,39,7,7,7
77,13,13,13,5
276,20,20,4,4
809,41,9,9,1
833,1,1,1,1
554,42,10,10,2
851,19,19,3,3
506,58,26,10,2
150,22,22,6,6
235,43,11,11,3
563,51,19,3,3
577,1,1,1,1
458,10,10,10,2
336,16,16,0,0
670,30,30,14,6
140,12,12,12,4
448,0,0,0,0
732,28,28,12,4
688,48,16,0,0
501,53,21,5,5
897,1,1,1,1
946,50,18,2,2
75,11,11,11,3
565,53,21,5,5
448,0,0,0,0
685,45,13,13,5
38,38,6,6,6
694,54,22,6,6
941,45,13,13,5
367,47,15,15,7
762,58,26,10,2
648,8,8,8,0
791,23,23,7,7
636,60,28,12,4
697,57,25,9,1
982,22,22,6,6
523,11,11,11,3
609,33,1,1,1
298,42,10,10,2
988,28,28,12,4
556,44,12,12,4
987,27,27,11,3
469,21,21,5,5
207,15,15,15,7
59,59,27,11,3
340,20,20,4,4
784,16,16,0,0
870,38,6,6,6
491,43,11,11,3
166,38,6,6,6
74,10,10,10,2
544,32,0,0,0
333,13,13,13,5
423,39,7,7,7
814,46,14,14,6
88,24,24,8,0
451,3,3,3,3
974,14,14,14,6
893,61,29,13,5
221,29,29,13,5
448,0,0,0,0
159,31,31,15,7
628,52,20,4,4
102,38,6,6,6
562,50,18,2,2
923,27,27,11,3
528,16,16,0,0
907,11,11,11,3
969,9,9,9,1
972,12,12,12,4
580,4,4,4,4
917,21,21,5,5
3,3,3,3,3
53,53,21,5,5
685,45,13,13,5
706,2,2,2,2
119,55,23,7,7
305,49,17,1,1
88,24,24,8,0
605,29,29,13,5
100,36,4,4,4
909,13,13,13,5
220,28,28,12,4
380,60,28,12,4
229,37,5,5,5
61,61,29,13,5
960,0,0,0,0
382,62,30,14,6
434,50,18,2,2
745,41,9,9,1
720,16,16,0,0
540,28,28,12,4
264,8,8,8,0
7,7,7,7,7
896,0,0,0,0
415,31,31,15,7
826,58,26,10,2
244,52,20,4,4
966,6,6,6,6
770,2,2,2,2
532,20,20,4,4
537,25,25,9,1
618,42,10,10,2
81,17,17,1,1
935,39,7,7,7
599,23,23,7,7
425,41,9,9,1
585,9,9,9,1
493,45,13,13,5
286,30,30,14,6
406,22,22,6,6
110,46,14,14,6
847,15,15,15,7
460,12,12,12,4
744,40,8,8,0
30,30,30,14,6
304,48,16,0,0
251,59,27,11,3
173,45,13,13,5
602,26,26,10,2
72,8,8,8,0
884,52,20,4,4
95,31,31,15,7
709,5,5,5,5
747,43,11,11,3
18,18,18,2,2
841,9,9,9,1
706,2,2,2,2
445,61,29,13,5
215,23,23,7,7
145,17,17,1,1
287,31,31,15,7
799,31,31,15,7
52,52,20,4,4
624,48,16,0,0
198,6,6,6,6
80,16,16,0,0
818,50,18,2,2
402,18,18,2,2
50,50,18,2,2
938,42,10,10,2
98,34,2,2,2
98,34,2,2,2
129,1,1,1,1
805,37,5,5,5
793,25,25,9,1
754,50,18,2,2
169,41,9,9,1
274,18,18,2,2
176,48,16,0,0
16,16,16,0,0
455,7,7,7,7
298,42,10,10,2
100,36,4,4,4
923,27,27,11,3
15,15,15,15,7
332,12,12,12,4
661,21,21,5,5
302,46,14,14,6
286,30,30,14,6
876,44,12,12,4
245,53,21,5,5
916,20,20,4,4
948,52,20,4,4
533,21,21,5,5
909,13,13,13,5
109,45,13,13,5
891,59,27,11,3
56,56,24,8,0
178,50,18,2,2
451,3,3,3,3
591,15,15,15,7
112,48,16,0,0
13,13,13,13,5
231,39,7,7,7
930,34,2,2,2
300,44,12,12,4
487,39,7,7,7
951,55,23,7,7
780,12,12,12,4
732,28,28,12,4
95,31,31,15,7
114,50,18,2,2
472,24,24,8,0
297,41,9,9,1
621,45,13,13,5
157,29,29,13,5
247,55,23,7,7
269,13,13,13,5
106,42,10,10,2
995,35,3,3,3
539,27,27,11,3
418,34,2,2,2
562,50,18,2,2
111,47,15,15,7
61,61,29,13,5
216,24,24,8,0
257,1,1,1,1
949,53,21,5,5
984,24,24,8,0
40,40,8,8,0
713,9,9,9,1
568,56,24,8,0
892,60,28,12,4
494,46,14,14,6
677,37,5,5,5
477,29,29,13,5
595,19,19,3,3
523,11,11,11,3
236,44,12,12,4
88,24,24,8,0
526,14,14,14,6
182,54,22,6,6
834,2,2,2,2
919,23,23,7,7
668,28,28,12,4
700,60,28,12,4
444,60,28,12,4
446,62,30,14,6
919,23,23,7,7
547,35,3,3,3
9,9,9,9,1
947,51,19,3,3
953,57,25,9,1
991,31,31,15,7
411,27,27,11,3
497,49,17,1,1
751,47,15,15,7
89,25,25,9,1
194,2,2,2,2
163,35,3,3,3
346,26,26,10,2
838,6,6,6,6
844,12,12,12,4
242,50,18,2,2
334,14,14,14,6
110,46,14,14,6
306,50,18,2,2
545,33,1,1,1
299,43,11,11,3
920,24,24,8,0
377,57,25,9,1
547,35,3,3,3
528,16,16,0,0
847,15,15,15,7
504,56,24,8,0
562,50,18,2,2
647,7,7,7,7
928,32,0,0,0
206,14,14,14,6
608,32,0,0,0
412,28,28,12,4
910,14,14,14,6
700,60,28,12,4
550,38,6,6,6
217,25,25,9,1
248,56,24,8,0
492,44,12,12,4
731,27,27,11,3
292,36,4,4,4
871,39,7,7,7
888,56,24,8,0
251,59,27,11,3
593,17,17,1,1
42,42,10,10,2
865,33,1,1,1
947,51,19,3,3
40,40,8,8,0
326,6,6,6,6
839,7,7,7,7
722,18,18,2,2
448,0,0,0,0
236,44,12,12,4
747,43,11,11,3
284,28,28,12,4
583,7,7,7,7
937,41,9,9,1
289,33,1,1,1
811,43,11,11,3
684,44,12,12,4
829,61,29,13,5
973,13,13,13,5
850,18,18,2,2
938,42,10,10,2
333,13,13,13,5
601,25,25,9,1
485,37,5,5,5
926,30,30,14,6
251,59,27,11,3
497,49,17,1,1
45,45,13,13,5
699,59,27,11,3
65,1,1,1,1
383,63,31,15,7
909,13,13,13,5
607,31,31,15,7
469,21,21,5,5
464,16,16,0,0
570,58,26,10,2
459,11,11,11,3
468,20,20,4,4
201,9,9,9,1
144,16,16,0,0
34,34,2,2,2
810,42,10,10,2
82,18,18,2,2
612,36,4,4,4
440,56,24,8,0
577,1,1,1,1
884,52,20,4,4
246,54,22,6,6
794,26,26,10,2
558,46,14,14,6
983,23,23,7,7
271,15,15,15,7
860,28,28,12,4
98,34,2,2,2
499,51,19,3,3
721,17,17,1,1
619,43,11,11,3
491,43,11,11,3
965,5,5,5,5
403,19,19,3,3
28,28,28,12,4
381,61,29,13,5
839,7,7,7,7
309,53,21,5,5
790,22,22,6,6
111,47,15,15,7
960,0,0,0,0
136,8,8,8,0
960,0,0,0,0
132,4,4,4,4
32,32,0,0,0
165,37,5,5,5
705,1,1,1,1
557,45,13,13,5
170,42,10,10,2
563,51,19,3,3
715,11,11,11,3
476,28,28,12,4
440,56,24,8,0
638,62,30,14,6
706,2,2,2,2
544,32,0,0,0
64,0,0,0,0
0,0,0,0,0
95,31,31,15,7
86,22,22,6,6
841,9,9,9,1
842,10,10,10,2
977,17,17,1,1
151,23,23,7,7
385,1,1,1,1
156,28,28,12,4
880,48,16,0,0
533,21,21,5,5
558,46,14,14,6
577,1,1,1,1
498,50,18,2,2
459,11,11,11,3
108,44,12,12,4
678,38,6,6,6
389,5,5,5,5
242,50,18,2,2
666,26,26,10,2
48,48,16,0,0
575,63,31,15,7
132,4,4,4,4
643,3,3,3,3
169,41,9,9,1
976,16,16,0,0
160,32,0,0,0
289,33,1,1,1
89,25,25,9,1
861,29,29,13,5
130,2,2,2,2
720,16,16,0,0
189,61,29,13,5
316,60,28,12,4
169,41,9,9,1
297,41,9,9,1
334,14,14,14,6
353,33,1,1,1
631,55,23,7,7
200,8,8,8,0
81,17,17,1,1
24,24,24,8,0
878,46,14,14,6
972,12,12,12,4
495,47,15,15,7
533,21,21,5,5
843,11,11,11,3
72,8,8,8,0
333,13,13,13,5
31,31,31,15,7
379,59,27,11,3
838,6,6,6,6
696,56,24,8,0
850,18,18,2,2
714,10,10,10,2
478,30,30,14,6
210,18,18,2,2
348,28,28,12,4
725,21,21,5,5
852,20,20,4,4
878,46,14,14,6
604,28,28,12,4
976,16,16,0,0
2,2,2,2,2
305,49,17,1,1
182,54,22,6,6
181,53,21,5,5
300,44,12,12,4
725,21,21,5,5
62,62,30,14,6
850,18,18,2,2
746,42,10,10,2
299,43,11,11,3
59,59,27,11,3
387,3,3,3,3
452,4,4,4,4
446,62,30,14,6
84,20,20,4,4
445,61,29,13,5
925,29,29,13,5
630,54,22,6,6
545,33,1,1,1
104,40,8,8,0
774,6,6,6,6
681,41,9,9,1
901,5,5,5,5
579,3,3,3,3
201,9,9,9,1
559,47,15,15,7
456,8,8,8,0
11,11,11,11,3
472,24,24,8,0
145,17,17,1,1
631,55,23,7,7
367,47,15,15,7
170,42,10,10,2
32,32,0,0,0
201,9,9,9,1
744,40,8,8,0
914,18,18,2,2
88,24,24,8,0
281,25,25,9,1
294,38,6,6,6
56,56,24,8,0
529,17,17,1,1
982,22,22,6,6
860,28,28,12,4
150,22,22,6,6
266,10,10,10,2
353,33,1,1,1
304,48,16,0,0
104,40,8,8,0
891,59,27,11,3
656,16,16,0,0
476,28,28,12,4
821,53,21,5,5
16,16,16,0,0
682,42,10,10,2
909,13,13,13,5
946,50,18,2,2
45,45,13,13,5
404,20,20,4,4
949,53,21,5,5
237,45,13,13,5
128,0,0,0,0
871,39,7,7,7
796,28,28,12,4
617,41,9,9,1
143,15,15,15,7
926,30,30,14,6
695,55,23,7,7
963,3,3,3,3
85,21,21,5,5
622,46,14,14,6
106,42,10,10,2
833,1,1,1,1
453,5,5,5,5
536,24,24,8,0
650,10,10,10,2
83,19,19,3,3
31,31,31,15,7
505,57,25,9,1
117,53,21,5,5
917,21,21,5,5
51,51,19,3,3
955,59,27,11,3
284,28,28,12,4
495,47,15,15,7
930,34,2,2,2
230,38,6,6,6
21,21,21,5,5
97,33,1,1,1
417,33,1,1,1
132,4,4,4,4
889,57,25,9,1
958,62,30,14,6
919,23,23,7,7
243,51,19,3,3
550,38,6,6,6
666,26,26,10,2
407,23,23,7,7
404,20,20,4,4
699,59,27,11,3
797,29,29,13,5
697,57,25,9,1
308,52,20,4,4
69,5,5,5,5
732,28,28,12,4
47,47,15,15,7
739,35,3,3,3
214,22,22,6,6
853,21,21,5,5
473,25,25,9,1
305,49,17,1,1
696,56,24,8,0
546,34,2,2,2
532,20,20,4,4
25,25,25,9,1
662,22,22,6,6
215,23,23,7,7
817,49,17,1,1
323,3,3,3,3
21,21,21,5,5
976,16,16,0,0
242,50,18,2,2
530,18,18,2,2
621,45,13,13,5
580,4,4,4,4
765,61,29,13,5
635,59,27,11,3
211,19,19,3,3
905,9,9,9,1
820,52,20,4,4
864,32,0,0,0
375,55,23,7,7
557,45,13,13,5
427,43,11,11,3
733,29,29,13,5
786,18,18,2,2
529,17,17,1,1
978,18,18,2,2
506,58,26,10,2
348,28,28,12,4
993,33,1,1,1
322,2,2,2,2
393,9,9,9,1
781,13,13,13,5
697,57,25,9,1
758,54,22,6,6
45,45,13,13,5
210,18,18,2,2
576,0,0,0,0
432,48,16,0,0
9,9,9,9,1
422,38,6,6,6
108,44,12,12,4
966,6,6,6,6
859,27,27,11,3
539,27,27,11,3
865,33,1,1,1
207,15,15,15,7
909,13,13,13,5
587,11,11,11,3
500,52,20,4,4
443,59,27,11,3
155,27,27,11,3
136,8,8,8,0
95,31,31,15,7
983,23,23,7,7
175,47,15,15,7
577,1,1,1,1
80,16,16,0,0
27,27,27,11,3
698,58,26,10,2
815,47,15,15,7
457,9,9,9,1
126,62,30,14,6
696,56,24,8,0
655,15,15,15,7
651,11,11,11,3
700,60,28,12,4
896,0,0,0,0
697,57,25,9,1
766,62,30,14,6
214,22,22,6,6
377,57,25,9,1
108,44,12,12,4
287,31,31,15,7
468,20,20,4,4
399,15,15,15,7
389,5,5,5,5
505,57,25,9,1
237,45,13,13,5
438,54,22,6,6
311,55,23,7,7
741,37,5,5,5
802,34,2,2,2
63,63,31,15,7
753,49,17,1,1
112,48,16,0,0
15,15,15,15,7
747,43,11,11,3
338,18,18,2,2
37,37,5,5,5
396,12,12,12,4
790,22,22,6,6
722,18,18,2,2
246,54,22,6,6
464,16,16,0,0
817,49,17,1,1
522,10,10,10,2
465,17,17,1,1
552,40,8,8,0
719,15,15,15,7
481,33,1,1,1
91,27,27,11,3
685,45,13,13,5
124,60,28,12,4
7,7,7,7,7
574,62,30,14,6
618,42,10,10,2
587,11,11,11,3
350,30,30,14,6
542,30,30,14,6
180,52,20,4,4
751,47,15,15,7
802,34,2,2,2
420,36,4,4,4
705,1,1,1,1
510,62,30,14,6
230,38,6,6,6
535,23,23,7,7
466,18,18,2,2
94,30,30,14,6
769,1,1,1,1
475,27,27,11,3
381,61,29,13,5
539,27,27,11,3
417,33,1,1,1
120,56,24,8,0
591,15,15,15,7
534,22,22,6,6
37,37,5,5,5
358,38,6,6,6
871,39,7,7,7
793,25,25,9,1
788,20,20,4,4
317,61,29,13,5
218,26,26,10,2
568,56,24,8,0
260,4,4,4,4
855,23,23,7,7
150,22,22,6,6
493,45,13,13,5
755,51,19,3,3
939,43,11,11,3
952,56,24,8,0
429,45,13,13,5
628,52,20,4,4
961,1,1,1,1
457,9,9,9,1
301,45,13,13,5
863,31,31,15,7
931,35,3,3,3
307,51,19,3,3
375,55,23,7,7
187,59,27,11,3
213,21,21,5,5
587,11,11,11,3
957,61,29,13,5
695,55,23,7,7
902,6,6,6,6
581,5,5,5,5
729,25,25,9,1
29,29,29,13,5
738,34,2,2,2
93,29,29,13,5
506,58,26,10,2
740,36,4,4,4
316,60,28,12,4
98,34,2,2,2
386,2,2,2,2
885,53,21,5,5
946,50,18,2,2
707,3,3,3,3
619,43,11,11,3
172,44,12,12,4
113,49,17,1,1
420,36,4,4,4
746,42,10,10,2
2,2,2,2,2
737,33,1,1,1
376,56,24,8,0
75,11,11,11,3
83,19,19,3,3
514,2,2,2,2
273,17,17,1,1
224,32,0,0,0
584,8,8,8,0
372,52,20,4,4
674,34,2,2,2
820,52,20,4,4
333,13,13,13,5
336,16,16,0,0
592,16,16,0,0
310,54,22,6,6
962,2,2,2,2
192,0,0,0,0
464,16,16,0,0
455,7,7,7,7
83,19,19,3,3
702,62,30,14,6
671,31,31,15,7
976,16,16,0,0
293,37,5,5,5
201,9,9,9,1
54,54,22,6,6
144,16,16,0,0
145,17,17,1,1
610,34,2,2,2
860,28,28,12,4
524,12,12,12,4
670,30,30,14,6
64,0,0,0,0
864,32,0,0,0
728,24,24,8,0
536,24,24,8,0
477,29,29,13,5
598,22,22,6,6
438,54,22,6,6
956,60,28,12,4
789,21,21,5,5
709,5,5,5,5
956,60,28,12,4
969,9,9,9,1
908,12,12,12,4
20,20,20,4,4
368,48,16,0,0
551,39,7,7,7
949,53,21,5,5
772,4,4,4,4
262,6,6,6,6
85,21,21,5,5
436,52,20,4,4
68,4,4,4,4
936,40,8,8,0
802,34,2,2,2
884,52,20,4,4
979,19,19,3,3
966,6,6,6,6
692,52,20,4,4
812,44,12,12,4
379,59,27,11,3
81,17,17,1,1
288,32,0,0,0
624,48,16,0,0
804,36,4,4,4
626,50,18,2,2
736,32,0,0,0
625,49,17,1,1
584,8,8,8,0
876,44,12,12,4
138,10,10,10,2
959,63,31,15,7
427,43,11,11,3
844,12,12,12,4
921,25,25,9,1
149,21,21,5,5
654,14,14,14,6
17,17,17,1,1
890,58,26,10,2
166,38,6,6,6
583,7,7,7,7
754,50,18,2,2
814,46,14,14,6
129,1,1,1,1
372,52,20,4,4
157,29,29,13,5
557,45,13,13,5
218,26,26,10,2
830,62,30,14,6
562,50,18,2,2
280,24,24,8,0
67,3,3,3,3
709,5,5,5,5
16,16,16,0,0
277,21,21,5,5
530,18,18,2,2
683,43,11,11,3
529,17,17,1,1
980,20,20,4,4
879,47,15,15,7
931,35,3,3,3
306,50,18,2,2
275,19,19,3,3
155,27,27,11,3
529,17,17,1,1
569,57,25,9,1
546,34,2,2,2
802,34,2,2,2
571,59,27,11,3
335,15,15,15,7
181,53,21,5,5
644,4,4,4,4
550,38,6,6,6
742,38,6,6,6
923,27,27,11,3
358,38,6,6,6
255,63,31,15,7
240,48,16,0,0
375,55,23,7,7
481,33,1,1,1
676,36,4,4,4
107,43,11,11,3
274,18,18,2,2
868,36,4,4,4
205,13,13,13,5
837,5,5,5,5
142,14,14,14,6
776,8,8,8,0
156,28,28,12,4
924,28,28,12,4
364,44,12,12,4
650,10,10,10,2
687,47,15,15,7
78,14,14,14,6
587,11,11,11,3
16,16,16,0,0
254,62,30,14,6
213,21,21,5,5
142,14,14,14,6
509,61,29,13,5
347,27,27,11,3
248,56,24,8,0
626,50,18,2,2
313,57,25,9,1
376,56,24,8,0
977,17,17,1,1
205,13,13,13,5
35,35,3,3,3
203,11,11,11,3
297,41,9,9,1
954,58,26,10,2
341,21,21,5,5
487,39,7,7,7
56,56,24,8,0
360,40,8,8,0
967,7,7,7,7
881,49,17,1,1
926,30,30,14,6
717,13,13,13,5
341,21,21,5,5
49,49,17,1,1
607,31,31,15,7
25,25,25,9,1
778,10,10,10,2
294,38,6,6,6
52,52,20,4,4
782,14,14,14,6
671,31,31,15,7
283,27,27,11,3
354,34,2,2,2
898,2,2,2,2
407,23,23,7,7
912,16,16,0,0
468,20,20,4,4
618,42,10,10,2
664,24,24,8,0
478,30,30,14,6
129,1,1,1,1
627,51,19,3,3
305,49,17,1,1
724,20,20,4,4
417,33,1,1,1
427,43,11,11,3
243,51,19,3,3
35,35,3,3,3
209,17,17,1,1
758,54,22,6,6
259,3,3,3,3
182,54,22,6,6
27,27,27,11,3
905,9,9,9,1
71,7,7,7,7
796,28,28,12,4
45,45,13,13,5
279,23,23,7,7
743,39,7,7,7
493,45,13,13,5
618,42,10,10,2
31,31,31,15,7
66,2,2,2,2
696,56,24,8,0
435,51,19,3,3
559,47,15,15,7
802,34,2,2,2
665,25,25,9,1
249,57,25,9,1
355,35,3,3,3
779,11,11,11,3
172,44,12,12,4
122,58,26,10,2
89,25,25,9,1
853,21,21,5,5
200,8,8,8,0
522,10,10,10,2
701,61,29,13,5
228,36,4,4,4
39,39,7,7,7
788,20,20,4,4
931,35,3,3,3
171,43,11,11,3
442,58,26,10,2
981,21,21,5,5
39,39,7,7,7
988,28,28,12,4
288,32,0,0,0
548,36,4,4,4
341,21,21,5,5
823,55,23,7,7
689,49,17,1,1
733,29,29,13,5
479,31,31,15,7
200,8,8,8,0
66,2,2,2,2
423,39,7,7,7
66,2,2,2,2
37,37,5,5,5
986,26,26,10,2
73,9,9,9,1
339,19,19,3,3
203,11,11,11,3
359,39,7,7,7
656,16,16,0,0
796,28,28,12,4
167,39,7,7,7
172,44,12,12,4
231,39,7,7,7
216,24,24,8,0
12,12,12,12,4
611,35,3,3,3
731,27,27,11,3
515,3,3,3,3
238,46,14,14,6
710,6,6,6,6
585,9,9,9,1
780,12,12,12,4
719,15,15,15,7
84,20,20,4,4
552,40,8,8,0
535,23,23,7,7
277,21,21,5,5
460,12,12,12,4
348,28,28,12,4
227,35,3,3,3
622,46,14,14,6
127,63,31,15,7
591,15,15,15,7
876,44,12,12,4
662,22,22,6,6
83,19,19,3,3
375,55,23,7,7
370,50,18,2,2
351,31,31,15,7
247,55,23,7,7
65,1,1,1,1
453,5,5,5,5
158,30,30,14,6
75,11,11,11,3
552,40,8,8,0
355,35,3,3,3
299,43,11,11,3
954,58,26,10,2
660,20,20,4,4
72,8,8,8,0
419,35,3,3,3
485,37,5,5,5
833,1,1,1,1
238,46,14,14,6
284,28,28,12,4
656,16,16,0,0
825,57,25,9,1
968,8,8,8,0
482,34,2,2,2
10,10,10,10,2
296,40,8,8,0
950,54,22,6,6
581,5,5,5,5
244,52,20,4,4
838,6,6,6,6
19,19,19,3,3
716,12,12,12,4
830,62,30,14,6
808,40,8,8,0
967,7,7,7,7
265,9,9,9,1
359,39,7,7,7
228,36,4,4,4
49,49,17,1,1
525,13,13,13,5
110,46,14,14,6
452,4,4,4,4
472,24,24,8,0
738,34,2,2,2
376,56,24,8,0
218,26,26,10,2
621,45,13,13,5
936,40,8,8,0
185,57,25,9,1
876,44,12,12,4
371,51,19,3,3
572,60,28,12,4
837,5,5,5,5
936,40,8,8,0
835,3,3,3,3
683,43,11,11,3
74,10,10,10,2
594,18,18,2,2
643,3,3,3,3
22,22,22,6,6
47,47,15,15,7
353,33,1,1,1
674,34,2,2,2
796,28,28,12,4
300,44,12,12,4
510,62,30,14,6
921,25,25,9,1
616,40,8,8,0
254,62,30,14,6
52,52,20,4,4
518,6,6,6,6
974,14,14,14,6
106,42,10,10,2
361,41,9,9,1
612,36,4,4,4
437,53,21,5,5
343,23,23,7,7
556,44,12,12,4
812,44,12,12,4
107,43,11,11,3
499,51,19,3,3
382,62,30,14,6
840,8,8,8,0
440,56,24,8,0
641,1,1,1,1
116,52,20,4,4
241,49,17,1,1
722,18,18,2,2
67,3,3,3,3
582,6,6,6,6
322,2,2,2,2
349,29,29,13,5
681,41,9,9,1
837,5,5,5,5
657,17,17,1,1
557,45,13,13,5
942,46,14,14,6
341,21,21,5,5
455,7,7,7,7
304,48,16,0,0
503,55,23,7,7
230,38,6,6,6
307,51,19,3,3
599,23,23,7,7
446,62,30,14,6
927,31,31,15,7
257,1,1,1,1
536,24,24,8,0
971,11,11,11,3
11,11,11,11,3
550,38,6,6,6
948,52,20,4,4
858,26,26,10,2
712,8,8,8,0
730,26,26,10,2
477,29,29,13,5
57,57,25,9,1
503,55,23,7,7
140,12,12,12,4
814,46,14,14,6
984,24,24,8,0
482,34,2,2,2
636,60,28,12,4
592,16,16,0,0
467,19,19,3,3
861,29,29,13,5
368,48,16,0,0
888,56,24,8,0
175,47,15,15,7
699,59,27,11,3
483,35,3,3,3
544,32,0,0,0
800,32,0,0,0
877,45,13,13,5
718,14,14,14,6
528,16,16,0,0
335,15,15,15,7
405,21,21,5,5
365,45,13,13,5
385,1,1,1,1
667,27,27,11,3
696,56,24,8,0
865,33,1,1,1
435,51,19,3,3
752,48,16,0,0
872,40,8,8,0
300,44,12,12,4
830,62,30,14,6
445,61,29,13,5
322,2,2,2,2
694,54,22,6,6
683,43,11,11,3
441,57,25,9,1
1,1,1,1,1
239,47,15,15,7
674,34,2,2,2
292,36,4,4,4
190,62,30,14,6
323,3,3,3,3
349,29,29,13,5
327,7,7,7,7
758,54,22,6,6
27,27,27,11,3
21,21,21,5,5
950,54,22,6,6
147,19,19,3,3
243,51,19,3,3
847,15,15,15,7
163,35,3,3,3
860,28,28,12,4
665,25,25,9,1
727,23,23,7,7
311,55,23,7,7
986,26,26,10,2
958,62,30,14,6
575,63,31,15,7
501,53,21,5,5
195,3,3,3,3
159,31,31,15,7
216,24,24,8,0
564,52,20,4,4
643,3,3,3,3
802,34,2,2,2
483,35,3,3,3
485,37,5,5,5
588,12,12,12,4
256,0,0,0,0
969,9,9,9,1
511,63,31,15,7
456,8,8,8,0
154,26,26,10,2
787,19,19,3,3
283,27,27,11,3
830,62,30,14,6
155,27,27,11,3
349,29,29,13,5
586,10,10,10,2
883,51,19,3,3
996,36,4,4,4
710,6,6,6,6
402,18,18,2,2
500,52,20,4,4
398,14,14,14,6
520,8,8,8,0
868,36,4,4,4
852,20,20,4,4
377,57,25,9,1
149,21,21,5,5
782,14,14,14,6
120,56,24,8,0
441,57,25,9,1
519,7,7,7,7
376,56,24,8,0
683,43,11,11,3
818,50,18,2,2
517,5,5,5,5
849,17,17,1,1
869,37,5,5,5
504,56,24,8,0
332,12,12,12,4
392,8,8,8,0
693,53,21,5,5
948,52,20,4,4
233,41,9,9,1
404,20,20,4,4
88,24,24,8,0
761,57,25,9,1
842,10,10,10,2
88,24,24,8,0
173,45,13,13,5
990,30,30,14,6
628,52,20,4,4
787,19,19,3,3
506,58,26,10,2
259,3,3,3,3
747,43,11,11,3
326,6,6,6,6
272,16,16,0,0
606,30,30,14,6
812,44,12,12,4
909,13,13,13,5
795,27,27,11,3
528,16,16,0,0
516,4,4,4,4
346,26,26,10,2
434,50,18,2,2
706,2,2,2,2
975,15,15,15,7
67,3,3,3,3
361,41,9,9,1
393,9,9,9,1
693,53,21,5,5
591,15,15,15,7
183,55,23,7,7
758,54,22,6,6
999,39,7,7,7
752,48,16,0,0
384,0,0,0,0
158,30,30,14,6
855,23,23,7,7
761,57,25,9,1
746,42,10,10,2
470,22,22,6,6
827,59,27,11,3
586,10,10,10,2
52,52,20,4,4
67,3,3,3,3
264,8,8,8,0
616,40,8,8,0
480,32,0,0,0
642,2,2,2,2
409,25,25,9,1
894,62,30,14,6
770,2,2,2,2
446,62,30,14,6
763,59,27,11,3
364,44,12,12,4
38,38,6,6,6
151,23,23,7,7
608,32,0,0,0
547,35,3,3,3
482,34,2,2,2
316,60,28,12,4
254,62,30,14,6
767,63,31,15,7
749,45,13,13,5
837,5,5,5,5
56,56,24,8,0
321,1,1,1,1
276,20,20,4,4
357,37,5,5,5
582,6,6,6,6
917,21,21,5,5
399,15,15,15,7
407,23,23,7,7
557,45,13,13,5
815,47,15,15,7
863,31,31,15,7
511,63,31,15,7
662,22,22,6,6
6,6,6,6,6
63,63,31,15,7
464,16,16,0,0
828,60,28,12,4
315,59,27,11,3
704,0,0,0,0
967,7,7,7,7
487,39,7,7,7
383,63,31,15,7
850,18,18,2,2
719,15,15,15,7
981,21,21,5,5
482,34,2,2,2
280,24,24,8,0
785,17,17,1,1
989,29,29,13,5
472,24,24,8,0
525,13,13,13,5
661,21,21,5,5
881,49,17,1,1
104,40,8,8,0
862,30,30,14,6
413,29,29,13,5
413,29,29,13,5
979,19,19,3,3
765,61,29,13,5
83,19,19,3,3
640,0,0,0,0
174,46,14,14,6
916,20,20,4,4
447,63,31,15,7
407,23,23,7,7
318,62,30,14,6
337,17,17,1,1
591,15,15,15,7
184,56,24,8,0
275,19,19,3,3
621,45,13,13,5
960,0,0,0,0
257,1,1,1,1
970,10,10,10,2
659,19,19,3,3
157,29,29,13,5
59,59,27,11,3
985,25,25,9,1
828,60,28,12,4
509,61,29,13,5
144,16,16,0,0
817,49,17,1,1
264,8,8,8,0
13,13,13,13,5
882,50,18,2,2
21,21,21,5,5
907,11,11,11,3
495,47,15,15,7
496,48,16,0,0
925,29,29,13,5
523,11,11,11,3
955,59,27,11,3
989,29,29,13,5
124,60,28,12,4
728,24,24,8,0
491,43,11,11,3
84,20,20,4,4
990,30,30,14,6
763,59,27,11,3
651,11,11,11,3
344,24,24,8,0
343,23,23,7,7
534,22,22,6,6
550,38,6,6,6
239,47,15,15,7
925,29,29,13,5
133,5,5,5,5
802,34,2,2,2
133,5,5,5,5
104,40,8,8,0
681,41,9,9,1
427,43,11,11,3
472,24,24,8,0
100,36,4,4,4
88,24,24,8,0
555,43,11,11,3
524,12,12,12,4
501,53,21,5,5
547,35,3,3,3
390,6,6,6,6
882,50,18,2,2
835,3,3,3,3
514,2,2,2,2
13,13,13,13,5
838,6,6,6,6
654,14,14,14,6
911,15,15,15,7
929,33,1,1,1
434,50,18,2,2
767,63,31,15,7
78,14,14,14,6
678,38,6,6,6
81,17,17,1,1
860,28,28,12,4
188,60,28,12,4
912,16,16,0,0
212,20,20,4,4
527,15,15,15,7
301,45,13,13,5
244,52,20,4,4
842,10,10,10,2
626,50,18,2,2
637,61,29,13,5
190,62,30,14,6
32,32,0,0,0
237,45,13,13,5
294,38,6,6,6
403,19,19,3,3
287,31,31,15,7
136,8,8,8,0
460,12,12,12,4
775,7,7,7,7
416,32,0,0,0
294,38,6,6,6
811,43,11,11,3
145,17,17,1,1
463,15,15,15,7
632,56,24,8,0
51,51,19,3,3
479,31,31,15,7
664,24,24,8,0
818,50,18,2,2
271,15,15,15,7
226,34,2,2,2
33,33,1,1,1
165,37,5,5,5
850,18,18,2,2
775,7,7,7,7
344,24,24,8,0
507,59,27,11,3
551,39,7,7,7
431,47,15,15,7
262,6,6,6,6
983,23,23,7,7
863,31,31,15,7
104,40,8,8,0
834,2,2,2,2
325,5,5,5,5
728,24,24,8,0
178,50,18,2,2
109,45,13,13,5
579,3,3,3,3
565,53,21,5,5
380,60,28,12,4
483,35,3,3,3
152,24,24,8,0
202,10,10,10,2
840,8,8,8,0
952,56,24,8,0
910,14,14,14,6
192,0,0,0,0
175,47,15,15,7
584,8,8,8,0
164,36,4,4,4
608,32,0,0,0
678,38,6,6,6
415,31,31,15,7
748,44,12,12,4
922,26,26,10,2
219,27,27,11,3
976,16,16,0,0
536,24,24,8,0
814,46,14,14,6
362,42,10,10,2
955,59,27,11,3
824,56,24,8,0
541,29,29,13,5
638,62,30,14,6
828,60,28,12,4
220,28,28,12,4
218,26,26,10,2
114,50,18,2,2
278,22,22,6,6
736,32,0,0,0
639,63,31,15,7
493,45,13,13,5
545,33,1,1,1
518,6,6,6,6
254,62,30,14,6
473,25,25,9,1
187,59,27,11,3
10,10,10,10,2
73,9,9,9,1
530,18,18,2,2
336,16,16,0,0
271,15,15,15,7
968,8,8,8,0
156,28,28,12,4
425,41,9,9,1
329,9,9,9,1
371,51,19,3,3
350,30,30,14,6
396,12,12,12,4
27,27,27,11,3
878,46,14,14,6
171,43,11,11,3
951,55,23,7,7
328,8,8,8,0
524,12,12,12,4
347,27,27,11,3
753,49,17,1,1
816,48,16,0,0
350,30,30,14,6
530,18,18,2,2
169,41,9,9,1
729,25,25,9,1
842,10,10,10,2
457,9,9,9,1
470,22,22,6,6
844,12,12,12,4
541,29,29,13,5
997,37,5,5,5
752,48,16,0,0
951,55,23,7,7
631,55,23,7,7
194,2,2,2,2
574,62,30,14,6
551,39,7,7,7
164,36,4,4,4
642,2,2,2,2
896,0,0,0,0
78,14,14,14,6
272,16,16,0,0
250,58,26,10,2
459,11,11,11,3
227,35,3,3,3
767,63,31,15,7
632,56,24,8,0
404,20,20,4,4
372,52,20,4,4
969,9,9,9,1
119,55,23,7,7
435,51,19,3,3
392,8,8,8,0
12,12,12,12,4
503,55,23,7,7
801,33,1,1,1
165,37,5,5,5
764,60,28,12,4
161,33,1,1,1
464,16,16,0,0
494,46,14,14,6
736,32,0,0,0
508,60,28,12,4
324,4,4,4,4
652,12,12,12,4
862,30,30,14,6
741,37,5,5,5
979,19,19,3,3
457,9,9,9,1
839,7,7,7,7
361,41,9,9,1
780,12,12,12,4
960,0,0,0,0
863,31,31,15,7
555,43,11,11,3
297,41,9,9,1
702,62,30,14,6
243,51,19,3,3
576,0,0,0,0
215,23,23,7,7
541,29,29,13,5
271,15,15,15,7
948,52,20,4,4
163,35,3,3,3
103,39,7,7,7
503,55,23,7,7
321,1,1,1,1
139,11,11,11,3
543,31,31,15,7
227,35,3,3,3
194,2,2,2,2
543,31,31,15,7
753,49,17,1,1
503,55,23,7,7
224,32,0,0,0
704,0,0,0,0
137,9,9,9,1
397,13,13,13,5
118,54,22,6,6
756,52,20,4,4
17,17,17,1,1
230,38,6,6,6
570,58,26,10,2
981,21,21,5,5
259,3,3,3,3
254,62,30,14,6
461,13,13,13,5
621,45,13,13,5
404,20,20,4,4
170,42,10,10,2
482,34,2,2,2
735,31,31,15,7
909,13,13,13,5
704,0,0,0,0
497,49,17,1,1
951,55,23,7,7
675,35,3,3,3
998,38,6,6,6
126,62,30,14,6
412,28,28,12,4
533,21,21,5,5
21,21,21,5,5
684,44,12,12,4
884,52,20,4,4
724,20,20,4,4
819,51,19,3,3
375,55,23,7,7
513,1,1,1,1
542,30,30,14,6
559,47,15,15,7
212,20,20,4,4
363,43,11,11,3
882,50,18,2,2
243,51,19,3,3
810,42,10,10,2
313,57,25,9,1
366,46,14,14,6
261,5,5,5,5
579,3,3,3,3
851,19,19,3,3
143,15,15,15,7
832,0,0,0,0
882,50,18,2,2
359,39,7,7,7
685,45,13,13,5
686,46,14,14,6
919,23,23,7,7
768,0,0,0,0
533,21,21,5,5
362,42,10,10,2
560,48,16,0,0
604,28,28,12,4
85,21,21,5,5
136,8,8,8,0
907,11,11,11,3
847,15,15,15,7
174,46,14,14,6
653,13,13,13,5
649,9,9,9,1
887,55,23,7,7
316,60,28,12,4
452,4,4,4,4
17,17,17,1,1
617,41,9,9,1
460,12,12,12,4
260,4,4,4,4
562,50,18,2,2
417,33,1,1,1
320,0,0,0,0
653,13,13,13,5
199,7,7,7,7
289,33,1,1,1
410,26,26,10,2
233,41,9,9,1
810,42,10,10,2
576,0,0,0,0
487,39,7,7,7
219,27,27,11,3
274,18,18,2,2
447,63,31,15,7
677,37,5,5,5
581,5,5,5,5
407,23,23,7,7
977,17,17,1,1
635,59,27,11,3
270,14,14,14,6
514,2,2,2,2
96,32,0,0,0
68,4,4,4,4
499,51,19,3,3
82,18,18,2,2
286,30,30,14,6
947,51,19,3,3
952,56,24,8,0
352,32,0,0,0
654,14,14,14,6
460,12,12,12,4
546,34,2,2,2
172,44,12,12,4
387,3,3,3,3
766,62,30,14,6
918,22,22,6,6
537,25,25,9,1
938,42,10,10,2
589,13,13,13,5
689,49,17,1,1
728,24,24,8,0
619,43,11,11,3
371,51,19,3,3
552,40,8,8,0
952,56,24,8,0
171,43,11,11,3
828,60,28,12,4
400,16,16,0,0
918,22,22,6,6
53,53,21,5,5
328,8,8,8,0
503,55,23,7,7
349,29,29,13,5
727,23,23,7,7
67,3,3,3,3
316,60,28,12,4
896,0,0,0,0
322,2,2,2,2
30,30,30,14,6
688,48,16,0,0
81,17,17,1,1
383,63,31,15,7
244,52,20,4,4
854,22,22,6,6
769,1,1,1,1
116,52,20,4,4
873,41,9,9,1
94,30,30,14,6
974,14,14,14,6
814,46,14,14,6
746,42,10,10,2
955,59,27,11,3
621,45,13,13,5
193,1,1,1,1
553,41,9,9,1
535,23,23,7,7
422,38,6,6,6
241,49,17,1,1
399,15,15,15,7
271,15,15,15,7
867,35,3,3,3
970,10,10,10,2
674,34,2,2,2
770,2,2,2,2
855,23,23,7,7
310,54,22,6,6
253,61,29,13,5
523,11,11,11,3
953,57,25,9,1
90,26,26,10,2
176,48,16,0,0
220,28,28,12,4
600,24,24,8,0
401,17,17,1,1
340,20,20,4,4
937,41,9,9,1
134,6,6,6,6
100,36,4,4,4
287,31,31,15,7
785,17,17,1,1
621,45,13,13,5
354,34,2,2,2
42,42,10,10,2
883,51,19,3,3
822,54,22,6,6
63,63,31,15,7
139,11,11,11,3
856,24,24,8,0
528,16,16,0,0
550,38,6,6,6
925,29,29,13,5
446,62,30,14,6
588,12,12,12,4
83,19,19,3,3
459,11,11,11,3
492,44,12,12,4
529,17,17,1,1
616,40,8,8,0
161,33,1,1,1
733,29,29,13,5
600,24,24,8,0
59,59,27,11,3
66,2,2,2,2
612,36,4,4,4
782,14,14,14,6
13,13,13,13,5
225,33,1,1,1
109,45,13,13,5
807,39,7,7,7
850,18,18,2,2
546,34,2,2,2
740,36,4,4,4
429,45,13,13,5
776,8,8,8,0
803,35,3,3,3
309,53,21,5,5
81,17,17,1,1
554,42,10,10,2
523,11,11,11,3
557,45,13,13,5
215,23,23,7,7
554,42,10,10,2
270,14,14,14,6
42,42,10,10,2
9,9,9,9,1
590,14,14,14,6
936,40,8,8,0
859,27,27,11,3
516,4,4,4,4
677,37,5,5,5
313,57,25,9,1
144,16,16,0,0
979,19,19,3,3
973,13,13,13,5
912,16,16,0,0
72,8,8,8,0
317,61,29,13,5
773,5,5,5,5
526,14,14,14,6
125,61,29,13,5
933,37,5,5,5
910,14,14,14,6
257,1,1,1,1
633,57,25,9,1
698,58,26,10,2
142,14,14,14,6
713,9,9,9,1
361,41,9,9,1
703,63,31,15,7
792,24,24,8,0
940,44,12,12,4
900,4,4,4,4
645,5,5,5,5
440,56,24,8,0
702,62,30,14,6
520,8,8,8,0
306,50,18,2,2
338,18,18,2,2
447,63,31,15,7
0,0,0,0,0
127,63,31,15,7
586,10,10,10,2
869,37,5,5,5
65,1,1,1,1
409,25,25,9,1
379,59,27,11,3
164,36,4,4,4
733,29,29,13,5
861,29,29,13,5
411,27,27,11,3
410,26,26,10,2
271,15,15,15,7
632,56,24,8,0
446,62,30,14,6
465,17,17,1,1
667,27,27,11,3
684,44,12,12,4
288,32,0,0,0
753,49,17,1,1
826,58,26,10,2
815,47,15,15,7
74,10,10,10,2
646,6,6,6,6
553,41,9,9,1
619,43,11,11,3
261,5,5,5,5
776,8,8,8,0
385,1,1,1,1
811,43,11,11,3
81,17,17,1,1
835,3,3,3,3
359,39,7,7,7
744,40,8,8,0
957,61,29,13,5
602,26,26,10,2
381,61,29,13,5
202,10,10,10,2
122,58,26,10,2
25,25,25,9,1
400,16,16,0,0
733,29,29,13,5
555,43,11,11,3
486,38,6,6,6
370,50,18,2,2
219,27,27,11,3
598,22,22,6,6
156,28,28,12,4
416,32,0,0,0
520,8,8,8,0
823,55,23,7,7
688,48,16,0,0
214,22,22,6,6
449,1,1,1,1
580,4,4,4,4
652,12,12,12,4
977,17,17,1,1
373,53,21,5,5
234,42,10,10,2
516,4,4,4,4
227,35,3,3,3
318,62,30,14,6
635,59,27,11,3
231,39,7,7,7
914,18,18,2,2
956,60,28,12,4
392,8,8,8,0
215,23,23,7,7
489,41,9,9,1
434,50,18,2,2
77,13,13,13,5
128,0,0,0,0
145,17,17,1,1
932,36,4,4,4
877,45,13,13,5
288,32,0,0,0
260,4,4,4,4
642,2,2,2,2
890,58,26,10,2
923,27,27,11,3
870,38,6,6,6
944,48,16,0,0
540,28,28,12,4
520,8,8,8,0
261,5,5,5,5
961,1,1,1,1
739,35,3,3,3
425,41,9,9,1
925,29,29,13,5
106,42,10,10,2
185,57,25,9,1
836,4,4,4,4
465,17,17,1,1
352,32,0,0,0
946,50,18,2,2
138,10,10,10,2
478,30,30,14,6
680,40,8,8,0
178,50,18,2,2
177,49,17,1,1
553,41,9,9,1
680,40,8,8,0
563,51,19,3,3
321,1,1,1,1
55,55,23,7,7
192,0,0,0,0
367,47,15,15,7
622,46,14,14,6
57,57,25,9,1
220,28,28,12,4
439,55,23,7,7
421,37,5,5,5
924,28,28,12,4
165,37,5,5,5
851,19,19,3,3
986,26,26,10,2
744,40,8,8,0
49,49,17,1,1
460,12,12,12,4
400,16,16,0,0
593,17,17,1,1
706,2,2,2,2
445,61,29,13,5
727,23,23,7,7
283,27,27,11,3
450,2,2,2,2
398,14,14,14,6
814,46,14,14,6
537,25,25,9,1
825,57,25,9,1
991,31,31,15,7
745,41,9,9,1
643,3,3,3,3
60,60,28,12,4
233,41,9,9,1
148,20,20,4,4
552,40,8,8,0
14,14,14,14,6
126,62,30,14,6
893,61,29,13,5
495,47,15,15,7
203,11,11,11,3
990,30,30,14,6
932,36,4,4,4
339,19,19,3,3
38,38,6,6,6
19,19,19,3,3
505,57,25,9,1
105,41,9,9,1
980,20,20,4,4
208,16,16,0,0
707,3,3,3,3
5,5,5,5,5
901,5,5,5,5
227,35,3,3,3
465,17,17,1,1
875,43,11,11,3
708,4,4,4,4
825,57,25,9,1
430,46,14,14,6
835,3,3,3,3
442,58,26,10,2
532,20,20,4,4
588,12,12,12,4
278,22,22,6,6
301,45,13,13,5
617,41,9,9,1
55,55,23,7,7
373,53,21,5,5
803,35,3,3,3
201,9,9,9,1
231,39,7,7,7
897,1,1,1,1
454,6,6,6,6
208,16,16,0,0
707,3,3,3,3
910,14,14,14,6
642,2,2,2,2
625,49,17,1,1
427,43,11,11,3
213,21,21,5,5
522,10,10,10,2
946,50,18,2,2
277,21,21,5,5
710,6,6,6,6
184,56,24,8,0
393,9,9,9,1
302,46,14,14,6
250,58,26,10,2
206,14,14,14,6
632,56,24,8,0
449,1,1,1,1
160,32,0,0,0
147,19,19,3,3
691,51,19,3,3
433,49,17,1,1
477,29,29,13,5
782,14,14,14,6
761,57,25,9,1
441,57,25,9,1
981,21,21,5,5
696,56,24,8,0
932,36,4,4,4
115,51,19,3,3
995,35,3,3,3
150,22,22,6,6
807,39,7,7,7
885,53,21,5,5
104,40,8,8,0
105,41,9,9,1
7,7,7,7,7
907,11,11,11,3
311,55,23,7,7
930,34,2,2,2
204,12,12,12,4
6,6,6,6,6
269,13,13,13,5
880,48,16,0,0
992,32,0,0,0
924,28,28,12,4
758,54,22,6,6
47,47,15,15,7
434,50,18,2,2
567,55,23,7,7
703,63,31,15,7
42,42,10,10,2
660,20,20,4,4
457,9,9,9,1
635,59,27,11,3
296,40,8,8,0
913,17,17,1,1
841,9,9,9,1
16,16,16,0,0
653,13,13,13,5
488,40,8,8,0
617,41,9,9,1
190,62,30,14,6
428,44,12,12,4
605,29,29,13,5
637,61,29,13,5
249,57,25,9,1
40,40,8,8,0
746,42,10,10,2
599,23,23,7,7
885,53,21,5,5
153,25,25,9,1
490,42,10,10,2
512,0,0,0,0
655,15,15,15,7
317,61,29,13,5
255,63,31,15,7
92,28,28,12,4
469,21,21,5,5
356,36,4,4,4
522,10,10,10,2
791,23,23,7,7
558,46,14,14,6
462,14,14,14,6
787,19,19,3,3
280,24,24,8,0
488,40,8,8,0
128,0,0,0,0
973,13,13,13,5
733,29,29,13,5
897,1,1,1,1
96,32,0,0,0
13,13,13,13,5
861,29,29,13,5
328,8,8,8,0
936,40,8,8,0
193,1,1,1,1
850,18,18,2,2
780,12,12,12,4
556,44,12,12,4
948,52,20,4,4
43,43,11,11,3
938,42,10,10,2
816,48,16,0,0
413,29,29,13,5
712,8,8,8,0
831,63,31,15,7
123,59,27,11,3
20,20,20,4,4
956,60,28,12,4
274,18,18,2,2
410,26,26,10,2
842,10,10,10,2
36,36,4,4,4
187,59,27,11,3
87,23,23,7,7
609,33,1,1,1
862,30,30,14,6
750,46,14,14,6
450,2,2,2,2
411,27,27,11,3
737,33,1,1,1
155,27,27,11,3
961,1,1,1,1
680,40,8,8,0
234,42,10,10,2
919,23,23,7,7
25,25,25,9,1
671,31,31,15,7
463,15,15,15,7
203,11,11,11,3
458,10,10,10,2
920,24,24,8,0
100,36,4,4,4
67,3,3,3,3
883,51,19,3,3
629,53,21,5,5
761,57,25,9,1
94,30,30,14,6
838,6,6,6,6
383,63,31,15,7
78,14,14,14,6
947,51,19,3,3
233,41,9,9,1
36,36,4,4,4
913,17,17,1,1
276,20,20,4,4
326,6,6,6,6
588,12,12,12,4
256,0,0,0,0
532,20,20,4,4
106,42,10,10,2
754,50,18,2,2
453,5,5,5,5
993,33,1,1,1
70,6,6,6,6
268,12,12,12,4
995,35,3,3,3
697,57,25,9,1
682,42,10,10,2
480,32,0,0,0
275,19,19,3,3
825,57,25,9,1
942,46,14,14,6
5,5,5,5,5
134,6,6,6,6
753,49,17,1,1
805,37,5,5,5
634,58,26,10,2
580,4,4,4,4
452,4,4,4,4
54,54,22,6,6
698,58,26,10,2
261,5,5,5,5
89,25,25,9,1
436,52,20,4,4
268,12,12,12,4
288,32,0,0,0
786,18,18,2,2
140,12,12,12,4
316,60,28,12,4
921,25,25,9,1
318,62,30,14,6
892,60,28,12,4
169,41,9,9,1
168,40,8,8,0
517,5,5,5,5
695,55,23,7,7
796,28,28,12,4
990,30,30,14,6
34,34,2,2,2
228,36,4,4,4
216,24,24,8,0
683,43,11,11,3
782,14,14,14,6
839,7,7,7,7
73,9,9,9,1
375,55,23,7,7
606,30,30,14,6
418,34,2,2,2
777,9,9,9,1
25,25,25,9,1
916,20,20,4,4
624,48,16,0,0
43,43,11,11,3
367,47,15,15,7
143,15,15,15,7
708,4,4,4,4
772,4,4,4,4
341,21,21,5,5
245,53,21,5,5
48,48,16,0,0
545,33,1,1,1
305,49,17,1,1
567,55,23,7,7
954,58,26,10,2
963,3,3,3,3
904,8,8,8,0
288,32,0,0,0
114,50,18,2,2
121,57,25,9,1
512,0,0,0,0
539,27,27,11,3
810,42,10,10,2
232,40,8,8,0
132,4,4,4,4
188,60,28,12,4
552,40,8,8,0
340,20,20,4,4
559,47,15,15,7
57,57,25,9,1
227,35,3,3,3
828,60,28,12,4
170,42,10,10,2
396,12,12,12,4
10,10,10,10,2
291,35,3,3,3
417,33,1,1,1
698,58,26,10,2
572,60,28,12,4
935,39,7,7,7
842,10,10,10,2
835,3,3,3,3
755,51,19,3,3
886,54,22,6,6
20,20,20,4,4
273,17,17,1,1
102,38,6,6,6
34,34,2,2,2
651,11,11,11,3
970,10,10,10,2
274,18,18,2,2
920,24,24,8,0
342,22,22,6,6
935,39,7,7,7
944,48,16,0,0
57,57,25,9,1
518,6,6,6,6
337,17,17,1,1
235,43,11,11,3
180,52,20,4,4
375,55,23,7,7
488,40,8,8,0
592,16,16,0,0
841,9,9,9,1
46,46,14,14,6
422,38,6,6,6
618,42,10,10,2
917,21,21,5,5
589,13,13,13,5
781,13,13,13,5
449,1,1,1,1
190,62,30,14,6
575,63,31,15,7
973,13,13,13,5
80,16,16,0,0
940,44,12,12,4
687,47,15,15,7
874,42,10,10,2
290,34,2,2,2
350,30,30,14,6
647,7,7,7,7
430,46,14,14,6
585,9,9,9,1
275,19,19,3,3
58,58,26,10,2
185,57,25,9,1
497,49,17,1,1
984,24,24,8,0
134,6,6,6,6
534,22,22,6,6
31,31,31,15,7
306,50,18,2,2
205,13,13,13,5
433,49,17,1,1
25,25,25,9,1
693,53,21,5,5
998,38,6,6,6
356,36,4,4,4
952,56,24,8,0
859,27,27,11,3
169,41,9,9,1
174,46,14,14,6
419,35,3,3,3
823,55,23,7,7
968,8,8,8,0
907,11,11,11,3
355,35,3,3,3
895,63,31,15,7
531,19,19,3,3
134,6,6,6,6
295,39,7,7,7
981,21,21,5,5
812,44,12,12,4
989,29,29,13,5
423,39,7,7,7
817,49,17,1,1
660,20,20,4,4
78,14,14,14,6
827,59,27,11,3
554,42,10,10,2
317,61,29,13,5
213,21,21,5,5
832,0,0,0,0
744,40,8,8,0
82,18,18,2,2
83,19,19,3,3
911,15,15,15,7
325,5,5,5,5
191,63,31,15,7
11,11,11,11,3
22,22,22,6,6
771,3,3,3,3
360,40,8,8,0
717,13,13,13,5
96,32,0,0,0
248,56,24,8,0
861,29,29,13,5
760,56,24,8,0
449,1,1,1,1
802,34,2,2,2
121,57,25,9,1
171,43,11,11,3
31,31,31,15,7
849,17,17,1,1
241,49,17,1,1
948,52,20,4,4
315,59,27,11,3
620,44,12,12,4
145,17,17,1,1
67,3,3,3,3
689,49,17,1,1
977,17,17,1,1
666,26,26,10,2
209,17,17,1,1
995,35,3,3,3
637,61,29,13,5
838,6,6,6,6
497,49,17,1,1
681,41,9,9,1
0,0,0,0,0
971,11,11,11,3
240,48,16,0,0
716,12,12,12,4
23,23,23,7,7
371,51,19,3,3
278,22,22,6,6
838,6,6,6,6
299,43,11,11,3
453,5,5,5,5
654,14,14,14,6
365,45,13,13,5
467,19,19,3,3
671,31,31,15,7
767,63,31,15,7
736,32,0,0,0
335,15,15,15,7
827,59,27,11,3
393,9,9,9,1
880,48,16,0,0
367,47,15,15,7
652,12,12,12,4
401,17,17,1,1
645,5,5,5,5
538,26,26,10,2
754,50,18,2,2
814,46,14,14,6
268,12,12,12,4
780,12,12,12,4
648,8,8,8,0
537,25,25,9,1
810,42,10,10,2
878,46,14,14,6
497,49,17,1,1
892,60,28,12,4
14,14,14,14,6
823,55,23,7,7
980,20,20,4,4
490,42,10,10,2
217,25,25,9,1
118,54,22,6,6
10,10,10,10,2
166,38,6,6,6
63,63,31,15,7
495,47,15,15,7
29,29,29,13,5
258,2,2,2,2
16,16,16,0,0
779,11,11,11,3
70,6,6,6,6
884,52,20,4,4
992,32,0,0,0
957,61,29,13,5
89,25,25,9,1
716,12,12,12,4
642,2,2,2,2
812,44,12,12,4
672,32,0,0,0
407,23,23,7,7
454,6,6,6,6
91,27,27,11,3
373,53,21,5,5
433,49,17,1,1
828,60,28,12,4
515,3,3,3,3
983,23,23,7,7
394,10,10,10,2
558,46,14,14,6
451,3,3,3,3
596,20,20,4,4
848,16,16,0,0
157,29,29,13,5
202,10,10,10,2
59,59,27,11,3
37,37,5,5,5
543,31,31,15,7
8,8,8,8,0
99,35,3,3,3
48,48,16,0,0
829,61,29,13,5
829,61,29,13,5
822,54,22,6,6
619,43,11,11,3
163,35,3,3,3
189,61,29,13,5
676,36,4,4,4
402,18,18,2,2
39,39,7,7,7
138,10,10,10,2
750,46,14,14,6
925,29,29,13,5
174,46,14,14,6
472,24,24,8,0
674,34,2,2,2
890,58,26,10,2
162,34,2,2,2
139,11,11,11,3
815,47,15,15,7
388,4,4,4,4
803,35,3,3,3
283,27,27,11,3
185,57,25,9,1
787,19,19,3,3
625,49,17,1,1
861,29,29,13,5
977,17,17,1,1
909,13,13,13,5
740,36,4,4,4
270,14,14,14,6
794,26,26,10,2
104,40,8,8,0
155,27,27,11,3
21,21,21,5,5
988,28,28,12,4
768,0,0,0,0
28,28,28,12,4
220,28,28,12,4
796,28,28,12,4
241,49,17,1,1
645,5,5,5,5
82,18,18,2,2
849,17,17,1,1
719,15,15,15,7
478,30,30,14,6
237,45,13,13,5
93,29,29,13,5
983,23,23,7,7
688,48,16,0,0
662,22,22,6,6
872,40,8,8,0
837,5,5,5,5
776,8,8,8,0
701,61,29,13,5
568,56,24,8,0
355,35,3,3,3
54,54,22,6,6
231,39,7,7,7
969,9,9,9,1
397,13,13,13,5
40,40,8,8,0
772,4,4,4,4
642,2,2,2,2
26,26,26,10,2
75,11,11,11,3
826,58,26,10,2
122,58,26,10,2
823,55,23,7,7
202,10,10,10,2
171,43,11,11,3
73,9,9,9,1
160,32,0,0,0
588,12,12,12,4
984,24,24,8,0
103,39,7,7,7
28,28,28,12,4
489,41,9,9,1
713,9,9,9,1
591,15,15,15,7
469,21,21,5,5
673,33,1,1,1
415,31,31,15,7
569,57,25,9,1
683,43,11,11,3
382,62,30,14,6
485,37,5,5,5
215,23,23,7,7
85,21,21,5,5
18,18,18,2,2
188,60,28,12,4
694,54,22,6,6
327,7,7,7,7
676,36,4,4,4
539,27,27,11,3
833,1,1,1,1
110,46,14,14,6
754,50,18,2,2
24,24,24,8,0
105,41,9,9,1
807,39,7,7,7
493,45,13,13,5
455,7,7,7,7
757,53,21,5,5
988,28,28,12,4
15,15,15,15,7
693,53,21,5,5
758,54,22,6,6
307,51,19,3,3
452,4,4,4,4
608,32,0,0,0
578,2,2,2,2
398,14,14,14,6
144,16,16,0,0
375,55,23,7,7
645,5,5,5,5
558,46,14,14,6
979,19,19,3,3
935,39,7,7,7
912,16,16,0,0
922,26,26,10,2
824,56,24,8,0
647,7,7,7,7
212,20,20,4,4
204,12,12,12,4
317,61,29,13,5
168,40,8,8,0
267,11,11,11,3
481,33,1,1,1
528,16,16,0,0
641,1,1,1,1
926,30,30,14,6
119,55,23,7,7
711,7,7,7,7
780,12,12,12,4
805,37,5,5,5
999,39,7,7,7
293,37,5,5,5
16,16,16,0,0
90,26,26,10,2
255,63,31,15,7
870,38,6,6,6
669,29,29,13,5
775,7,7,7,7
167,39,7,7,7
648,8,8,8,0
746,42,10,10,2
900,4,4,4,4
293,37,5,5,5
42,42,10,10,2
795,27,27,11,3
619,43,11,11,3
279,23,23,7,7
450,2,2,2,2
920,24,24,8,0
604,28,28,12,4
731,27,27,11,3
845,13,13,13,5
914,18,18,2,2
615,39,7,7,7
405,21,21,5,5
106,42,10,10,2
373,53,21,5,5
582,6,6,6,6
431,47,15,15,7
375,55,23,7,7
903,7,7,7,7
764,60,28,12,4
166,38,6,6,6
54,54,22,6,6
785,17,17,1,1
130,2,2,2,2
420,36,4,4,4
490,42,10,10,2
641,1,1,1,1
934,38,6,6,6
701,61,29,13,5
722,18,18,2,2
21,21,21,5,5
808,40,8,8,0
308,52,20,4,4
844,12,12,12,4
183,55,23,7,7
878,46,14,14,6
882,50,18,2,2
599,23,23,7,7
860,28,28,12,4
161,33,1,1,1
412,28,28,12,4
552,40,8,8,0
578,2,2,2,2
775,7,7,7,7
993,33,1,1,1
848,16,16,0,0
81,17,17,1,1
284,28,28,12,4
412,28,28,12,4
955,59,27,11,3
102,38,6,6,6
355,35,3,3,3
281,25,25,9,1
149,21,21,5,5
525,13,13,13,5
546,34,2,2,2
343,23,23,7,7
205,13,13,13,5
356,36,4,4,4
781,13,13,13,5
343,23,23,7,7
3,3,3,3,3
334,14,14,14,6
732,28,28,12,4
755,51,19,3,3
634,58,26,10,2
269,13,13,13,5
33,33,1,1,1
517,5,5,5,5
22,22,22,6,6
344,24,24,8,0
378,58,26,10,2
186,58,26,10,2
466,18,18,2,2
750,46,14,14,6
728,24,24,8,0
973,13,13,13,5
287,31,31,15,7
243,51,19,3,3
2,2,2,2,2
41,41,9,9,1
989,29,29,13,5
991,31,31,15,7
957,61,29,13,5
171,43,11,11,3
915,19,19,3,3
355,35,3,3,3
305,49,17,1,1
399,15,15,15,7
276,20,20,4,4
333,13,13,13,5
640,0,0,0,0
118,54,22,6,6
853,21,21,5,5
475,27,27,11,3
496,48,16,0,0
116,52,20,4,4
274,18,18,2,2
600,24,24,8,0
606,30,30,14,6
332,12,12,12,4
817,49,17,1,1
757,53,21,5,5
271,15,15,15,7
257,1,1,1,1
523,11,11,11,3
143,15,15,15,7
413,29,29,13,5
597,21,21,5,5
240,48,16,0,0
215,23,23,7,7
622,46,14,14,6
532,20,20,4,4
617,41,9,9,1
731,27,27,11,3
130,2,2,2,2
243,51,19,3,3
200,8,8,8,0
7,7,7,7,7
309,53,21,5,5
964,4,4,4,4
821,53,21,5,5
984,24,24,8,0
737,33,1,1,1
589,13,13,13,5
330,10,10,10,2
777,9,9,9,1
49,49,17,1,1
213,21,21,5,5
566,54,22,6,6
964,4,4,4,4
915,19,19,3,3
377,57,25,9,1
386,2,2,2,2
293,37,5,5,5
801,33,1,1,1
143,15,15,15,7
191,63,31,15,7
910,14,14,14,6
76,12,12,12,4
222,30,30,14,6
278,22,22,6,6
790,22,22,6,6
71,7,7,7,7
805,37,5,5,5
446,62,30,14,6
974,14,14,14,6
517,5,5,5,5
171,43,11,11,3
62,62,30,14,6
760,56,24,8,0
340,20,20,4,4
930,34,2,2,2
551,39,7,7,7
89,25,25,9,1
294,38,6,6,6
872,40,8,8,0
807,39,7,7,7
472,24,24,8,0
418,34,2,2,2
788,20,20,4,4
880,48,16,0,0
267,11,11,11,3
189,61,29,13,5
732,28,28,12,4
907,11,11,11,3
547,35,3,3,3
334,14,14,14,6
929,33,1,1,1
831,63,31,15,7
347,27,27,11,3
949,53,21,5,5
460,12,12,12,4
816,48,16,0,0
199,7,7,7,7
380,60,28,12,4
962,2,2,2,2
640,0,0,0,0
30,30,30,14,6
652,12,12,12,4
209,17,17,1,1
650,10,10,10,2
255,63,31,15,7
453,5,5,5,5
916,20,20,4,4
290,34,2,2,2
582,6,6,6,6
642,2,2,2,2
652,12,12,12,4
634,58,26,10,2
948,52,20,4,4
887,55,23,7,7
418,34,2,2,2
694,54,22,6,6
248,56,24,8,0
380,60,28,12,4
430,46,14,14,6
11,11,11,11,3
438,54,22,6,6
10,10,10,10,2
387,3,3,3,3
549,37,5,5,5
626,50,18,2,2
71,7,7,7,7
769,1,1,1,1
477,29,29,13,5
206,14,14,14,6
363,43,11,11,3
591,15,15,15,7
328,8,8,8,0
308,52,20,4,4
886,54,22,6,6
654,14,14,14,6
553,41,9,9,1
956,60,28,12,4
28,28,28,12,4
667,27,27,11,3
813,45,13,13,5
213,21,21,5,5
802,34,2,2,2
375,55,23,7,7
295,39,7,7,7
666,26,26,10,2
112,48,16,0,0
147,19,19,3,3
787,19,19,3,3
917,21,21,5,5
686,46,14,14,6
459,11,11,11,3
562,50,18,2,2
17,17,17,1,1
54,54,22,6,6
343,23,23,7,7
939,43,11,11,3
977,17,17,1,1
939,43,11,11,3
10,10,10,10,2
293,37,5,5,5
36,36,4,4,4
732,28,28,12,4
793,25,25,9,1
352,32,0,0,0
893,61,29,13,5
919,23,23,7,7
379,59,27,11,3
695,55,23,7,7
582,6,6,6,6
886,54,22,6,6
219,27,27,11,3
979,19,19,3,3
427,43,11,11,3
609,33,1,1,1
631,55,23,7,7
146,18,18,2,2
712,8,8,8,0
14,14,14,14,6
119,55,23,7,7
893,61,29,13,5
911,15,15,15,7
192,0,0,0,0
518,6,6,6,6
305,49,17,1,1
567,55,23,7,7
291,35,3,3,3
517,5,5,5,5
591,15,15,15,7
859,27,27,11,3
3,3,3,3,3
446,62,30,14,6
934,38,6,6,6
733,29,29,13,5
30,30,30,14,6
836,4,4,4,4
795,27,27,11,3
158,30,30,14,6
549,37,5,5,5
333,13,13,13,5
112,48,16,0,0
481,33,1,1,1
590,14,14,14,6
412,28,28,12,4
663,23,23,7,7
296,40,8,8,0
449,1,1,1,1
594,18,18,2,2
703,63,31,15,7
154,26,26,10,2
267,11,11,11,3
149,21,21,5,5
842,10,10,10,2
371,51,19,3,3
10,10,10,10,2
343,23,23,7,7
187,59,27,11,3
616,40,8,8,0
460,12,12,12,4
235,43,11,11,3
381,61,29,13,5
713,9,9,9,1
250,58,26,10,2
718,14,14,14,6
496,48,16,0,0
157,29,29,13,5
892,60,28,12,4
315,59,27,11,3
531,19,19,3,3
152,24,24,8,0
435,51,19,3,3
343,23,23,7,7
339,19,19,3,3
772,4,4,4,4
445,61,29,13,5
189,61,29,13,5
863,31,31,15,7
114,50,18,2,2
72,8,8,8,0
792,24,24,8,0
730,26,26,10,2
597,21,21,5,5
914,18,18,2,2
180,52,20,4,4
166,38,6,6,6
293,37,5,5,5
112,48,16,0,0
345,25,25,9,1
712,8,8,8,0
138,10,10,10,2
447,63,31,15,7
922,26,26,10,2
189,61,29,13,5
771,3,3,3,3
52,52,20,4,4
858,26,26,10,2
392,8,8,8,0
510,62,30,14,6
671,31,31,15,7
293,37,5,5,5
897,1,1,1,1
85,21,21,5,5
798,30,30,14,6
988,28,28,12,4
530,18,18,2,2
868,36,4,4,4
176,48,16,0,0
889,57,25,9,1
924,28,28,12,4
127,63,31,15,7
6,6,6,6,6
70,6,6,6,6
10,10,10,10,2
331,11,11,11,3
307,51,19,3,3
254,62,30,14,6
437,53,21,5,5
946,50,18,2,2
780,12,12,12,4
512,0,0,0,0
779,11,11,11,3
359,39,7,7,7
840,8,8,8,0
402,18,18,2,2
997,37,5,5,5
413,29,29,13,5
30,30,30,14,6
428,44,12,12,4
877,45,13,13,5
945,49,17,1,1
117,53,21,5,5
793,25,25,9,1
955,59,27,11,3
941,45,13,13,5
86,22,22,6,6
487,39,7,7,7
97,33,1,1,1
427,43,11,11,3
884,52,20,4,4
510,62,30,14,6
372,52,20,4,4
861,29,29,13,5
59,59,27,11,3
497,49,17,1,1
400,16,16,0,0
384,0,0,0,0
165,37,5,5,5
225,33,1,1,1
924,28,28,12,4
650,10,10,10,2
544,32,0,0,0
907,11,11,11,3
195,3,3,3,3
501,53,21,5,5
405,21,21,5,5
89,25,25,9,1
450,2,2,2,2
582,6,6,6,6
390,6,6,6,6
880,48,16,0,0
191,63,31,15,7
285,29,29,13,5
925,29,29,13,5
123,59,27,11,3
121,57,25,9,1
6,6,6,6,6
828,60,28,12,4
748,44,12,12,4
816,48,16,0,0
298,42,10,10,2
950,54,22,6,6
334,14,14,14,6
950,54,22,6,6
883,51,19,3,3
451,3,3,3,3
96,32,0,0,0
838,6,6,6,6
671,31,31,15,7
389,5,5,5,5
587,11,11,11,3
616,40,8,8,0
173,45,13,13,5
708,4,4,4,4
564,52,20,4,4
798,30,30,14,6
746,42,10,10,2
701,61,29,13,5
362,42,10,10,2
866,34,2,2,2
483,35,3,3,3
936,40,8,8,0
46,46,14,14,6
298,42,10,10,2
442,58,26,10,2
500,52,20,4,4
326,6,6,6,6
8,8,8,8,0
22,22,22,6,6
90,26,26,10,2
626,50,18,2,2
766,62,30,14,6
37,37,5,5,5
528,16,16,0,0
356,36,4,4,4
807,39,7,7,7
440,56,24,8,0
924,28,28,12,4
946,50,18,2,2
828,60,28,12,4
394,10,10,10,2
700,60,28,12,4
1,1,1,1,1
698,58,26,10,2
649,9,9,9,1
919,23,23,7,7
773,5,5,5,5
276,20,20,4,4
835,3,3,3,3
25,25,25,9,1
750,46,14,14,6
67,3,3,3,3
542,30,30,14,6
10,10,10,10,2
309,53,21,5,5
357,37,5,5,5
673,33,1,1,1
63,63,31,15,7
276,20,20,4,4
481,33,1,1,1
497,49,17,1,1
773,5,5,5,5
336,16,16,0,0
234,42,10,10,2
860,28,28,12,4
735,31,31,15,7
942,46,14,14,6
914,18,18,2,2
129,1,1,1,1
535,23,23,7,7
274,18,18,2,2
697,57,25,9,1
758,54,22,6,6
419,35,3,3,3
461,13,13,13,5
93,29,29,13,5
910,14,14,14,6
443,59,27,11,3
455,7,7,7,7
807,39,7,7,7
396,12,12,12,4
564,52,20,4,4
820,52,20,4,4
304,48,16,0,0
381,61,29,13,5
142,14,14,14,6
396,12,12,12,4
236,44,12,12,4
292,36,4,4,4
129,1,1,1,1
942,46,14,14,6
163,35,3,3,3
411,27,27,11,3
295,39,7,7,7
346,26,26,10,2
56,56,24,8,0
524,12,12,12,4
601,25,25,9,1
348,28,28,12,4
602,26,26,10,2
87,23,23,7,7
279,23,23,7,7
446,62,30,14,6
50,50,18,2,2
430,46,14,14,6
544,32,0,0,0
141,13,13,13,5
478,30,30,14,6
263,7,7,7,7
687,47,15,15,7
793,25,25,9,1
19,19,19,3,3
91,27,27,11,3
691,51,19,3,3
132,4,4,4,4
536,24,24,8,0
32,32,0,0,0
980,20,20,4,4
655,15,15,15,7
908,12,12,12,4
150,22,22,6,6
112,48,16,0,0
609,33,1,1,1
770,2,2,2,2
477,29,29,13,5
583,7,7,7,7
526,14,14,14,6
371,51,19,3,3
638,62,30,14,6
182,54,22,6,6
932,36,4,4,4
865,33,1,1,1
985,25,25,9,1
599,23,23,7,7
293,37,5,5,5
943,47,15,15,7
781,13,13,13,5
190,62,30,14,6
658,18,18,2,2
688,48,16,0,0
235,43,11,11,3
301,45,13,13,5
714,10,10,10,2
558,46,14,14,6
28,28,28,12,4
8,8,8,8,0
314,58,26,10,2
960,0,0,0,0
524,12,12,12,4
761,57,25,9,1
372,52,20,4,4
114,50,18,2,2
842,10,10,10,2
970,10,10,10,2
97,33,1,1,1
261,5,5,5,5
785,17,17,1,1
249,57,25,9,1
960,0,0,0,0
919,23,23,7,7
669,29,29,13,5
150,22,22,6,6
207,15,15,15,7
658,18,18,2,2
595,19,19,3,3
576,0,0,0,0
419,35,3,3,3
451,3,3,3,3
113,49,17,1,1
492,44,12,12,4
754,50,18,2,2
91,27,27,11,3
69,5,5,5,5
264,8,8,8,0
946,50,18,2,2
432,48,16,0,0
17,17,17,1,1
557,45,13,13,5
123,59,27,11,3
497,49,17,1,1
47,47,15,15,7
565,53,21,5,5
576,0,0,0,0
530,18,18,2,2
698,58,26,10,2
726,22,22,6,6
589,13,13,13,5
341,21,21,5,5
631,55,23,7,7
255,63,31,15,7
903,7,7,7,7
861,29,29,13,5
52,52,20,4,4
696,56,24,8,0
372,52,20,4,4
655,15,15,15,7
708,4,4,4,4
853,21,21,5,5
888,56,24,8,0
544,32,0,0,0
781,13,13,13,5
232,40,8,8,0
125,61,29,13,5
76,12,12,12,4
447,63,31,15,7
734,30,30,14,6
475,27,27,11,3
920,24,24,8,0
429,45,13,13,5
617,41,9,9,1
658,18,18,2,2
889,57,25,9,1
170,42,10,10,2
106,42,10,10,2
384,0,0,0,0
456,8,8,8,0
893,61,29,13,5
725,21,21,5,5
505,57,25,9,1
379,59,27,11,3
486,38,6,6,6
339,19,19,3,3
551,39,7,7,7
703,63,31,15,7
360,40,8,8,0
815,47,15,15,7
263,7,7,7,7
934,38,6,6,6
795,27,27,11,3
905,9,9,9,1
786,18,18,2,2
960,0,0,0,0
309,53,21,5,5
11,11,11,11,3
687,47,15,15,7
849,17,17,1,1
604,28,28,12,4
518,6,6,6,6
562,50,18,2,2
267,11,11,11,3
842,10,10,10,2
790,22,22,6,6
22,22,22,6,6
783,15,15,15,7
256,0,0,0,0
692,52,20,4,4
972,12,12,12,4
854,22,22,6,6
706,2,2,2,2
507,59,27,11,3
387,3,3,3,3
536,24,24,8,0
590,14,14,14,6
390,6,6,6,6
990,30,30,14,6
467,19,19,3,3
777,9,9,9,1
550,38,6,6,6
707,3,3,3,3
43,43,11,11,3
348,28,28,12,4
256,0,0,0,0
544,32,0,0,0
969,9,9,9,1
71,7,7,7,7
371,51,19,3,3
236,44,12,12,4
1,1,1,1,1
497,49,17,1,1
354,34,2,2,2
82,18,18,2,2
216,24,24,8,0
420,36,4,4,4
818,50,18,2,2
908,12,12,12,4
435,51,19,3,3
231,39,7,7,7
703,63,31,15,7
862,30,30,14,6
252,60,28,12,4
174,46,14,14,6
304,48,16,0,0
378,58,26,10,2
950,54,22,6,6
426,42,10,10,2
800,32,0,0,0
550,38,6,6,6
176,48,16,0,0
67,3,3,3,3
353,33,1,1,1
879,47,15,15,7
76,12,12,12,4
3,3,3,3,3
591,15,15,15,7
511,63,31,15,7
640,0,0,0,0
261,5,5,5,5
654,14,14,14,6
759,55,23,7,7
881,49,17,1,1
377,57,25,9,1
815,47,15,15,7
481,33,1,1,1
423,39,7,7,7
383,63,31,15,7
252,60,28,12,4
933,37,5,5,5
762,58,26,10,2
430,46,14,14,6
551,39,7,7,7
233,41,9,9,1
58,58,26,10,2
862,30,30,14,6
805,37,5,5,5
824,56,24,8,0
857,25,25,9,1
465,17,17,1,1
806,38,6,6,6
444,60,28,12,4
720,16,16,0,0
825,57,25,9,1
962,2,2,2,2
796,28,28,12,4
592,16,16,0,0
338,18,18,2,2
642,2,2,2,2
291,35,3,3,3
945,49,17,1,1
993,33,1,1,1
656,16,16,0,0
687,47,15,15,7
191,63,31,15,7
836,4,4,4,4
918,22,22,6,6
312,56,24,8,0
433,49,17,1,1
311,55,23,7,7
466,18,18,2,2
356,36,4,4,4
72,8,8,8,0
842,10,10,10,2
133,5,5,5,5
57,57,25,9,1
977,17,17,1,1
359,39,7,7,7
14,14,14,14,6
256,0,0,0,0
324,4,4,4,4
109,45,13,13,5
771,3,3,3,3
115,51,19,3,3
782,14,14,14,6
45,45,13,13,5
542,30,30,14,6
215,23,23,7,7
738,34,2,2,2
177,49,17,1,1
535,23,23,7,7
422,38,6,6,6
769,1,1,1,1
931,35,3,3,3
314,58,26,10,2
182,54,22,6,6
751,47,15,15,7
303,47,15,15,7
418,34,2,2,2
333,13,13,13,5
317,61,29,13,5
615,39,7,7,7
237,45,13,13,5
40,40,8,8,0
707,3,3,3,3
51,51,19,3,3
478,30,30,14,6
341,21,21,5,5
554,42,10,10,2
120,56,24,8,0
735,31,31,15,7
236,44,12,12,4
370,50,18,2,2
398,14,14,14,6
728,24,24,8,0
673,33,1,1,1
519,7,7,7,7
860,28,28,12,4
670,30,30,14,6
88,24,24,8,0
700,60,28,12,4
648,8,8,8,0
453,5,5,5,5
65,1,1,1,1
787,19,19,3,3
858,26,26,10,2
159,31,31,15,7
911,15,15,15,7
733,29,29,13,5
932,36,4,4,4
498,50,18,2,2
866,34,2,2,2
865,33,1,1,1
602,26,26,10,2
176,48,16,0,0
716,12,12,12,4
916,20,20,4,4
375,55,23,7,7
887,55,23,7,7
528,16,16,0,0
194,2,2,2,2
116,52,20,4,4
800,32,0,0,0
87,23,23,7,7
263,7,7,7,7
187,59,27,11,3
755,51,19,3,3
880,48,16,0,0
551,39,7,7,7
292,36,4,4,4
281,25,25,9,1
840,8,8,8,0
999,39,7,7,7
931,35,3,3,3
538,26,26,10,2
230,38,6,6,6
4,4,4,4,4
19,19,19,3,3
743,39,7,7,7
833,1,1,1,1
371,51,19,3,3
423,39,7,7,7
304,48,16,0,0
247,55,23,7,7
536,24,24,8,0
132,4,4,4,4
611,35,3,3,3
582,6,6,6,6
41,41,9,9,1
741,37,5,5,5
33,33,1,1,1
891,59,27,11,3
811,43,11,11,3
697,57,25,9,1
552,40,8,8,0
811,43,11,11,3
789,21,21,5,5
700,60,28,12,4
183,55,23,7,7
383,63,31,15,7
295,39,7,7,7
676,36,4,4,4
668,28,28,12,4
889,57,25,9,1
161,33,1,1,1
695,55,23,7,7
368,48,16,0,0
460,12,12,12,4
10,10,10,10,2
72,8,8,8,0
758,54,22,6,6
532,20,20,4,4
822,54,22,6,6
19,19,19,3,3
933,37,5,5,5
577,1,1,1,1
527,15,15,15,7
585,9,9,9,1
877,45,13,13,5
923,27,27,11,3
523,11,11,11,3
198,6,6,6,6
426,42,10,10,2
184,56,24,8,0
981,21,21,5,5
743,39,7,7,7
995,35,3,3,3
55,55,23,7,7
22,22,22,6,6
667,27,27,11,3
598,22,22,6,6
518,6,6,6,6
41,41,9,9,1
312,56,24,8,0
675,35,3,3,3
886,54,22,6,6
942,46,14,14,6
941,45,13,13,5
482,34,2,2,2
979,19,19,3,3
763,59,27,11,3
287,31,31,15,7
905,9,9,9,1
829,61,29,13,5
906,10,10,10,2
186,58,26,10,2
34,34,2,2,2
633,57,25,9,1
302,46,14,14,6
596,20,20,4,4
791,23,23,7,7
180,52,20,4,4
591,15,15,15,7
350,30,30,14,6
660,20,20,4,4
755,51,19,3,3
753,49,17,1,1
585,9,9,9,1
640,0,0,0,0
494,46,14,14,6
428,44,12,12,4
651,11,11,11,3
309,53,21,5,5
165,37,5,5,5
491,43,11,11,3
926,30,30,14,6
835,3,3,3,3
235,43,11,11,3
916,20,20,4,4
629,53,21,5,5
591,15,15,15,7
16,16,16,0,0
556,44,12,12,4
148,20,20,4,4
96,32,0,0,0
813,45,13,13,5
676,36,4,4,4
210,18,18,2,2
631,55,23,7,7
584,8,8,8,0
420,36,4,4,4
22,22,22,6,6
659,19,19,3,3
840,8,8,8,0
77,13,13,13,5
511,63,31,15,7
412,28,28,12,4
564,52,20,4,4
110,46,14,14,6
803,35,3,3,3
489,41,9,9,1
173,45,13,13,5
411,27,27,11,3
983,23,23,7,7
228,36,4,4,4
763,59,27,11,3
219,27,27,11,3
700,60,28,12,4
749,45,13,13,5
81,17,17,1,1
203,11,11,11,3
268,12,12,12,4
305,49,17,1,1
345,25,25,9,1
197,5,5,5,5
870,38,6,6,6
944,48,16,0,0
396,12,12,12,4
243,51,19,3,3
315,59,27,11,3
231,39,7,7,7
660,20,20,4,4
720,16,16,0,0
164,36,4,4,4
449,1,1,1,1
290,34,2,2,2
377,57,25,9,1
445,61,29,13,5
217,25,25,9,1
200,8,8,8,0
885,53,21,5,5
179,51,19,3,3
364,44,12,12,4
55,55,23,7,7
528,16,16,0,0
840,8,8,8,0
112,48,16,0,0
143,15,15,15,7
719,15,15,15,7
371,51,19,3,3
985,25,25,9,1
65,1,1,1,1
865,33,1,1,1
670,30,30,14,6
813,45,13,13,5
323,3,3,3,3
115,51,19,3,3
971,11,11,11,3
389,5,5,5,5
926,30,30,14,6
42,42,10,10,2
957,61,29,13,5
665,25,25,9,1
437,53,21,5,5
13,13,13,13,5
534,22,22,6,6
268,12,12,12,4
707,3,3,3,3
984,24,24,8,0
537,25,25,9,1
711,7,7,7,7
362,42,10,10,2
595,19,19,3,3
792,24,24,8,0
497,49,17,1,1
437,53,21,5,5
558,46,14,14,6
356,36,4,4,4
684,44,12,12,4
225,33,1,1,1
318,62,30,14,6
826,58,26,10,2
509,61,29,13,5
231,39,7,7,7
395,11,11,11,3
518,6,6,6,6
74,10,10,10,2
477,29,29,13,5
279,23,23,7,7
563,51,19,3,3
518,6,6,6,6
49,49,17,1,1
10,10,10,10,2
358,38,6,6,6
101,37,5,5,5
46,46,14,14,6
648,8,8,8,0
316,60,28,12,4
870,38,6,6,6
163,35,3,3,3
895,63,31,15,7
288,32,0,0,0
483,35,3,3,3
751,47,15,15,7
260,4,4,4,4
905,9,9,9,1
996,36,4,4,4
16,16,16,0,0
206,14,14,14,6
302,46,14,14,6
848,16,16,0,0
670,30,30,14,6
673,33,1,1,1
571,59,27,11,3
178,50,18,2,2
972,12,12,12,4
105,41,9,9,1
777,9,9,9,1
686,46,14,14,6
782,14,14,14,6
403,19,19,3,3
222,30,30,14,6
439,55,23,7,7
990,30,30,14,6
669,29,29,13,5
522,10,10,10,2
735,31,31,15,7
556,44,12,12,4
863,31,31,15,7
954,58,26,10,2
67,3,3,3,3
725,21,21,5,5
720,16,16,0,0
531,19,19,3,3
568,56,24,8,0
15,15,15,15,7
835,3,3,3,3
102,38,6,6,6
326,6,6,6,6
123,59,27,11,3
328,8,8,8,0
354,34,2,2,2
793,25,25,9,1
85,21,21,5,5
827,59,27,11,3
108,44,12,12,4
608,32,0,0,0
423,39,7,7,7
232,40,8,8,0
757,53,21,5,5
11,11,11,11,3
679,39,7,7,7
582,6,6,6,6
782,14,14,14,6
588,12,12,12,4
895,63,31,15,7
860,28,28,12,4
917,21,21,5,5
155,27,27,11,3
244,52,20,4,4
341,21,21,5,5
835,3,3,3,3
993,33,1,1,1
144,16,16,0,0
198,6,6,6,6
920,24,24,8,0
974,14,14,14,6
335,15,15,15,7
237,45,13,13,5
861,29,29,13,5
862,30,30,14,6
734,30,30,14,6
706,2,2,2,2
942,46,14,14,6
379,59,27,11,3
384,0,0,0,0
949,53,21,5,5
701,61,29,13,5
795,27,27,11,3
63,63,31,15,7
438,54,22,6,6
427,43,11,11,3
539,27,27,11,3
660,20,20,4,4
804,36,4,4,4
820,52,20,4,4
553,41,9,9,1
587,11,11,11,3
635,59,27,11,3
719,15,15,15,7
376,56,24,8,0
888,56,24,8,0
309,53,21,5,5
787,19,19,3,3
242,50,18,2,2
557,45,13,13,5
118,54,22,6,6
988,28,28,12,4
772,4,4,4,4
276,20,20,4,4
473,25,25,9,1
921,25,25,9,1
544,32,0,0,0
488,40,8,8,0
231,39,7,7,7
349,29,29,13,5
905,9,9,9,1
803,35,3,3,3
824,56,24,8,0
198,6,6,6,6
737,33,1,1,1
724,20,20,4,4
113,49,17,1,1
835,3,3,3,3
679,39,7,7,7
387,3,3,3,3
464,16,16,0,0
307,51,19,3,3
751,47,15,15,7
907,11,11,11,3
740,36,4,4,4
646,6,6,6,6
778,10,10,10,2
445,61,29,13,5
669,29,29,13,5
106,42,10,10,2
199,7,7,7,7
580,4,4,4,4
639,63,31,15,7
196,4,4,4,4
529,17,17,1,1
231,39,7,7,7
263,7,7,7,7
261,5,5,5,5
502,54,22,6,6
241,49,17,1,1
143,15,15,15,7
25,25,25,9,1
30,30,30,14,6
932,36,4,4,4
821,53,21,5,5
182,54,22,6,6
951,55,23,7,7
652,12,12,12,4
341,21,21,5,5
829,61,29,13,5
185,57,25,9,1
183,55,23,7,7
852,20,20,4,4
725,21,21,5,5
249,57,25,9,1
231,39,7,7,7
761,57,25,9,1
920,24,24,8,0
435,51,19,3,3
684,44,12,12,4
999,39,7,7,7
362,42,10,10,2
221,29,29,13,5
6,6,6,6,6
575,63,31,15,7
450,2,2,2,2
924,28,28,12,4
129,1,1,1,1
378,58,26,10,2
760,56,24,8,0
81,17,17,1,1
211,19,19,3,3
207,15,15,15,7
858,26,26,10,2
128,0,0,0,0
964,4,4,4,4
256,0,0,0,0
679,39,7,7,7
290,34,2,2,2
540,28,28,12,4
313,57,25,9,1
11,11,11,11,3
859,27,27,11,3
745,41,9,9,1
77,13,13,13,5
565,53,21,5,5
950,54,22,6,6
966,6,6,6,6
733,29,29,13,5
426,42,10,10,2
118,54,22,6,6
265,9,9,9,1
18,18,18,2,2
733,29,29,13,5
882,50,18,2,2
542,30,30,14,6
857,25,25,9,1
627,51,19,3,3
744,40,8,8,0
723,19,19,3,3
750,46,14,14,6
554,42,10,10,2
489,41,9,9,1
725,21,21,5,5
989,29,29,13,5
970,10,10,10,2
874,42,10,10,2
164,36,4,4,4
342,22,22,6,6
259,3,3,3,3
830,62,30,14,6
696,56,24,8,0
493,45,13,13,5
252,60,28,12,4
952,56,24,8,0
609,33,1,1,1
953,57,25,9,1
474,26,26,10,2
74,10,10,10,2
390,6,6,6,6
129,1,1,1,1
754,50,18,2,2
605,29,29,13,5
785,17,17,1,1
158,30,30,14,6
409,25,25,9,1
631,55,23,7,7
476,28,28,12,4
683,43,11,11,3
768,0,0,0,0
65,1,1,1,1
52,52,20,4,4
880,48,16,0,0
633,57,25,9,1
305,49,17,1,1
975,15,15,15,7
710,6,6,6,6
789,21,21,5,5
184,56,24,8,0
519,7,7,7,7
121,57,25,9,1
222,30,30,14,6
34,34,2,2,2
107,43,11,11,3
396,12,12,12,4
975,15,15,15,7
389,5,5,5,5
237,45,13,13,5
159,31,31,15,7
580,4,4,4,4
82,18,18,2,2
632,56,24,8,0
121,57,25,9,1
213,21,21,5,5
726,22,22,6,6
887,55,23,7,7
991,31,31,15,7
120,56,24,8,0
715,11,11,11,3
180,52,20,4,4
269,13,13,13,5
499,51,19,3,3
988,28,28,12,4
555,43,11,11,3
941,45,13,13,5
73,9,9,9,1
190,62,30,14,6
343,23,23,7,7
537,25,25,9,1
19,19,19,3,3
960,0,0,0,0
608,32,0,0,0
984,24,24,8,0
535,23,23,7,7
903,7,7,7,7
812,44,12,12,4
145,17,17,1,1
289,33,1,1,1
503,55,23,7,7
621,45,13,13,5
999,39,7,7,7
853,21,21,5,5
303,47,15,15,7
958,62,30,14,6
666,26,26,10,2
289,33,1,1,1
660,20,20,4,4
485,37,5,5,5
534,22,22,6,6
272,16,16,0,0
508,60,28,12,4
386,2,2,2,2
6,6,6,6,6
233,41,9,9,1
997,37,5,5,5
170,42,10,10,2
633,57,25,9,1
480,32,0,0,0
516,4,4,4,4
728,24,24,8,0
998,38,6,6,6
180,52,20,4,4
19,19,19,3,3
772,4,4,4,4
266,10,10,10,2
131,3,3,3,3
164,36,4,4,4
85,21,21,5,5
220,28,28,12,4
755,51,19,3,3
987,27,27,11,3
827,59,27,11,3
781,13,13,13,5
639,63,31,15,7
369,49,17,1,1
361,41,9,9,1
671,31,31,15,7
473,25,25,9,1
272,16,16,0,0
616,40,8,8,0
998,38,6,6,6
710,6,6,6,6
960,0,0,0,0
522,10,10,10,2
59,59,27,11,3
231,39,7,7,7
450,2,2,2,2
920,24,24,8,0
311,55,23,7,7
684,44,12,12,4
825,57,25,9,1
797,29,29,13,5
262,6,6,6,6
629,53,21,5,5
841,9,9,9,1
591,15,15,15,7
269,13,13,13,5
257,1,1,1,1
615,39,7,7,7
663,23,23,7,7
958,62,30,14,6
75,11,11,11,3
220,28,28,12,4
427,43,11,11,3
78,14,14,14,6
411,27,27,11,3
455,7,7,7,7
415,31,31,15,7
305,49,17,1,1
540,28,28,12,4
870,38,6,6,6
557,45,13,13,5
63,63,31,15,7
413,29,29,13,5
670,30,30,14,6
263,7,7,7,7
668,28,28,12,4
659,19,19,3,3
904,8,8,8,0
523,11,11,11,3
456,8,8,8,0
657,17,17,1,1
917,21,21,5,5
921,25,25,9,1
685,45,13,13,5
94,30,30,14,6
349,29,29,13,5
899,3,3,3,3
999,39,7,7,7
698,58,26,10,2
529,17,17,1,1
664,24,24,8,0
481,33,1,1,1
561,49,17,1,1
7,7,7,7,7
397,13,13,13,5
701,61,29,13,5
718,14,14,14,6
236,44,12,12,4
626,50,18,2,2
679,39,7,7,7
381,61,29,13,5
469,21,21,5,5
933,37,5,5,5
996,36,4,4,4
208,16,16,0,0
975,15,15,15,7
861,29,29,13,5
450,2,2,2,2
269,13,13,13,5
68,4,4,4,4
759,55,23,7,7
618,42,10,10,2
627,51,19,3,3
821,53,21,5,5
493,45,13,13,5
722,18,18,2,2
676,36,4,4,4
922,26,26,10,2
449,1,1,1,1
385,1,1,1,1
406,22,22,6,6
955,59,27,11,3
843,11,11,11,3
1,1,1,1,1
825,57,25,9,1
186,58,26,10,2
483,35,3,3,3
148,20,20,4,4
334,14,14,14,6
983,23,23,7,7
91,27,27,11,3
506,58,26,10,2
658,18,18,2,2
186,58,26,10,2
829,61,29,13,5
349,29,29,13,5
487,39,7,7,7
354,34,2,2,2
590,14,14,14,6
349,29,29,13,5
431,47,15,15,7
772,4,4,4,4
645,5,5,5,5
558,46,14,14,6
179,51,19,3,3
378,58,26,10,2
496,48,16,0,0
401,17,17,1,1
243,51,19,3,3
181,53,21,5,5
373,53,21,5,5
264,8,8,8,0
326,6,6,6,6
875,43,11,11,3
684,44,12,12,4
822,54,22,6,6
721,17,17,1,1
998,38,6,6,6
1,1,1,1,1
263,7,7,7,7
840,8,8,8,0
448,0,0,0,0
134,6,6,6,6
427,43,11,11,3
884,52,20,4,4
41,41,9,9,1
889,57,25,9,1
453,5,5,5,5
637,61,29,13,5
61,61,29,13,5
561,49,17,1,1
427,43,11,11,3
777,9,9,9,1
325,5,5,5,5
622,46,14,14,6
339,19,19,3,3
702,62,30,14,6
145,17,17,1,1
341,21,21,5,5
98,34,2,2,2
409,25,25,9,1
498,50,18,2,2
384,0,0,0,0
257,1,1,1,1
196,4,4,4,4
949,53,21,5,5
764,60,28,12,4
717,13,13,13,5
64,0,0,0,0
689,49,17,1,1
475,27,27,11,3
720,16,16,0,0
74,10,10,10,2
262,6,6,6,6
75,11,11,11,3
487,39,7,7,7
567,55,23,7,7
464,16,16,0,0
844,12,12,12,4
794,26,26,10,2
915,19,19,3,3
228,36,4,4,4
743,39,7,7,7
12,12,12,12,4
397,13,13,13,5
586,10,10,10,2
22,22,22,6,6
809,41,9,9,1
770,2,2,2,2
164,36,4,4,4
112,48,16,0,0
739,35,3,3,3
646,6,6,6,6
172,44,12,12,4
803,35,3,3,3
967,7,7,7,7
810,42,10,10,2
36,36,4,4,4
218,26,26,10,2
190,62,30,14,6
538,26,26,10,2
291,35,3,3,3
416,32,0,0,0
512,0,0,0,0
242,50,18,2,2
396,12,12,12,4
665,25,25,9,1
776,8,8,8,0
208,16,16,0,0
724,20,20,4,4
497,49,17,1,1
339,19,19,3,3
768,0,0,0,0
117,53,21,5,5
612,36,4,4,4
917,21,21,5,5
910,14,14,14,6
679,39,7,7,7
126,62,30,14,6
599,23,23,7,7
280,24,24,8,0
849,17,17,1,1
340,20,20,4,4
695,55,23,7,7
220,28,28,12,4
182,54,22,6,6
386,2,2,2,2
302,46,14,14,6
871,39,7,7,7
432,48,16,0,0
730,26,26,10,2
212,20,20,4,4
658,18,18,2,2
26,26,26,10,2
682,42,10,10,2
127,63,31,15,7
289,33,1,1,1
663,23,23,7,7
931,35,3,3,3
129,1,1,1,1
135,7,7,7,7
583,7,7,7,7
62,62,30,14,6
14,14,14,14,6
805,37,5,5,5
918,22,22,6,6
635,59,27,11,3
752,48,16,0,0
973,13,13,13,5
349,29,29,13,5
547,35,3,3,3
189,61,29,13,5
942,46,14,14,6
420,36,4,4,4
58,58,26,10,2
959,63,31,15,7
360,40,8,8,0
817,49,17,1,1
854,22,22,6,6
344,24,24,8,0
632,56,24,8,0
14,14,14,14,6
539,27,27,11,3
41,41,9,9,1
373,53,21,5,5
110,46,14,14,6
150,22,22,6,6
638,62,30,14,6
909,13,13,13,5
778,10,10,10,2
179,51,19,3,3
558,46,14,14,6
936,40,8,8,0
687,47,15,15,7
594,18,18,2,2
401,17,17,1,1
26,26,26,10,2
757,53,21,5,5
60,60,28,12,4
900,4,4,4,4
738,34,2,2,2
594,18,18,2,2
362,42,10,10,2
808,40,8,8,0
389,5,5,5,5
22,22,22,6,6
925,29,29,13,5
28,28,28,12,4
626,50,18,2,2
212,20,20,4,4
627,51,19,3,3
743,39,7,7,7
896,0,0,0,0
943,47,15,15,7
709,5,5,5,5
875,43,11,11,3
508,60,28,12,4
686,46,14,14,6
998,38,6,6,6
224,32,0,0,0
575,63,31,15,7
362,42,10,10,2
642,2,2,2,2
210,18,18,2,2
706,2,2,2,2
7,7,7,7,7
987,27,27,11,3
854,22,22,6,6
903,7,7,7,7
877,45,13,13,5
916,20,20,4,4
994,34,2,2,2
579,3,3,3,3
601,25,25,9,1
372,52,20,4,4
72,8,8,8,0
921,25,25,9,1
874,42,10,10,2
952,56,24,8,0
302,46,14,14,6
28,28,28,12,4
477,29,29,13,5
527,15,15,15,7
876,44,12,12,4
595,19,19,3,3
378,58,26,10,2
861,29,29,13,5
919,23,23,7,7
528,16,16,0,0
914,18,18,2,2
391,7,7,7,7
3,3,3,3,3
714,10,10,10,2
784,16,16,0,0
551,39,7,7,7
193,1,1,1,1
868,36,4,4,4
206,14,14,14,6
321,1,1,1,1
645,5,5,5,5
180,52,20,4,4
60,60,28,12,4
313,57,25,9,1
952,56,24,8,0
86,22,22,6,6
692,52,20,4,4
166,38,6,6,6
796,28,28,12,4
831,63,31,15,7
363,43,11,11,3
157,29,29,13,5
165,37,5,5,5
779,11,11,11,3
477,29,29,13,5
274,18,18,2,2
213,21,21,5,5
257,1,1,1,1
237,45,13,13,5
484,36,4,4,4
631,55,23,7,7
99,35,3,3,3
98,34,2,2,2
373,53,21,5,5
276,20,20,4,4
64,0,0,0,0
411,27,27,11,3
817,49,17,1,1
858,26,26,10,2
317,61,29,13,5
144,16,16,0,0
164,36,4,4,4
441,57,25,9,1
974,14,14,14,6
590,14,14,14,6
995,35,3,3,3
243,51,19,3,3
482,34,2,2,2
677,37,5,5,5
721,17,17,1,1
405,21,21,5,5
673,33,1,1,1
522,10,10,10,2
996,36,4,4,4
72,8,8,8,0
292,36,4,4,4
630,54,22,6,6
939,43,11,11,3
168,40,8,8,0
195,3,3,3,3
685,45,13,13,5
863,31,31,15,7
869,37,5,5,5
386,2,2,2,2
379,59,27,11,3
265,9,9,9,1
634,58,26,10,2
723,19,19,3,3
177,49,17,1,1
379,59,27,11,3
324,4,4,4,4
984,24,24,8,0
973,13,13,13,5
75,11,11,11,3
390,6,6,6,6
771,3,3,3,3
397,13,13,13,5
721,17,17,1,1
496,48,16,0,0
786,18,18,2,2
705,1,1,1,1
360,40,8,8,0
630,54,22,6,6
19,19,19,3,3
380,60,28,12,4
536,24,24,8,0
25,25,25,9,1
777,9,9,9,1
187,59,27,11,3
942,46,14,14,6
308,52,20,4,4
81,17,17,1,1
692,52,20,4,4
175,47,15,15,7
743,39,7,7,7
838,6,6,6,6
356,36,4,4,4
348,28,28,12,4
686,46,14,14,6
496,48,16,0,0
593,17,17,1,1
120,56,24,8,0
894,62,30,14,6
120,56,24,8,0
15,15,15,15,7
443,59,27,11,3
291,35,3,3,3
861,29,29,13,5
719,15,15,15,7
929,33,1,1,1
152,24,24,8,0
444,60,28,12,4
291,35,3,3,3
698,58,26,10,2
492,44,12,12,4
966,6,6,6,6
84,20,20,4,4
776,8,8,8,0
517,5,5,5,5
140,12,12,12,4
246,54,22,6,6
772,4,4,4,4
364,44,12,12,4
398,14,14,14,6
35,35,3,3,3
834,2,2,2,2
389,5,5,5,5
574,62,30,14,6
311,55,23,7,7
567,55,23,7,7
720,16,16,0,0
850,18,18,2,2
570,58,26,10,2
57,57,25,9,1
691,51,19,3,3
958,62,30,14,6
201,9,9,9,1
23,23,23,7,7
689,49,17,1,1
756,52,20,4,4
661,21,21,5,5
924,28,28,12,4
510,62,30,14,6
762,58,26,10,2
614,38,6,6,6
839,7,7,7,7
203,11,11,11,3
239,47,15,15,7
598,22,22,6,6
247,55,23,7,7
433,49,17,1,1
226,34,2,2,2
696,56,24,8,0
625,49,17,1,1
736,32,0,0,0
148,20,20,4,4
659,19,19,3,3
197,5,5,5,5
626,50,18,2,2
30,30,30,14,6
659,19,19,3,3
659,19,19,3,3
623,47,15,15,7
465,17,17,1,1
152,24,24,8,0
78,14,14,14,6
315,59,27,11,3
418,34,2,2,2
528,16,16,0,0
973,13,13,13,5
121,57,25,9,1
183,55,23,7,7
690,50,18,2,2
715,11,11,11,3
399,15,15,15,7
208,16,16,0,0
777,9,9,9,1
540,28,28,12,4
45,45,13,13,5
715,11,11,11,3
854,22,22,6,6
771,3,3,3,3
188,60,28,12,4
908,12,12,12,4
161,33,1,1,1
461,13,13,13,5
818,50,18,2,2
860,28,28,12,4
41,41,9,9,1
548,36,4,4,4
922,26,26,10,2
732,28,28,12,4
948,52,20,4,4
363,43,11,11,3
247,55,23,7,7
695,55,23,7,7
462,14,14,14,6
411,27,27,11,3
187,59,27,11,3
728,24,24,8,0
815,47,15,15,7
28,28,28,12,4
731,27,27,11,3
377,57,25,9,1
36,36,4,4,4
15,15,15,15,7
425,41,9,9,1
695,55,23,7,7
349,29,29,13,5
848,16,16,0,0
27,27,27,11,3
442,58,26,10,2
125,61,29,13,5
43,43,11,11,3
239,47,15,15,7
657,17,17,1,1
395,11,11,11,3
852,20,20,4,4
803,35,3,3,3
352,32,0,0,0
457,9,9,9,1
890,58,26,10,2
515,3,3,3,3
777,9,9,9,1
604,28,28,12,4
511,63,31,15,7
917,21,21,5,5
449,1,1,1,1
649,9,9,9,1
120,56,24,8,0
878,46,14,14,6
154,26,26,10,2
831,63,31,15,7
710,6,6,6,6
733,29,29,13,5
317,61,29,13,5
82,18,18,2,2
666,26,26,10,2
248,56,24,8,0
133,5,5,5,5
134,6,6,6,6
97,33,1,1,1
487,39,7,7,7
300,44,12,12,4
463,15,15,15,7
922,26,26,10,2
321,1,1,1,1
56,56,24,8,0
107,43,11,11,3
412,28,28,12,4
196,4,4,4,4
625,49,17,1,1
17,17,17,1,1
383,63,31,15,7
144,16,16,0,0
656,16,16,0,0
978,18,18,2,2
940,44,12,12,4
595,19,19,3,3
446,62,30,14,6
23,23,23,7,7
539,27,27,11,3
613,37,5,5,5
177,49,17,1,1
888,56,24,8,0
494,46,14,14,6
409,25,25,9,1
265,9,9,9,1
994,34,2,2,2
146,18,18,2,2
905,9,9,9,1
594,18,18,2,2
768,0,0,0,0
347,27,27,11,3
212,20,20,4,4
679,39,7,7,7
395,11,11,11,3
613,37,5,5,5
601,25,25,9,1
51,51,19,3,3
151,23,23,7,7
465,17,17,1,1
205,13,13,13,5
709,5,5,5,5
526,14,14,14,6
587,11,11,11,3
353,33,1,1,1
414,30,30,14,6
371,51,19,3,3
146,18,18,2,2
696,56,24,8,0
605,29,29,13,5
140,12,12,12,4
148,20,20,4,4
919,23,23,7,7
916,20,20,4,4
236,44,12,12,4
54,54,22,6,6
660,20,20,4,4
63,63,31,15,7
76,12,12,12,4
979,19,19,3,3
333,13,13,13,5
946,50,18,2,2
182,54,22,6,6
905,9,9,9,1
814,46,14,14,6
100,36,4,4,4
114,50,18,2,2
3,3,3,3,3
84,20,20,4,4
539,27,27,11,3
309,53,21,5,5
481,33,1,1,1
566,54,22,6,6
850,18,18,2,2
569,57,25,9,1
235,43,11,11,3
561,49,17,1,1
486,38,6,6,6
561,49,17,1,1
194,2,2,2,2
799,31,31,15,7
18,18,18,2,2
359,39,7,7,7
711,7,7,7,7
268,12,12,12,4
332,12,12,12,4
593,17,17,1,1
370,50,18,2,2
550,38,6,6,6
693,53,21,5,5
750,46,14,14,6
469,21,21,5,5
202,10,10,10,2
940,44,12,12,4
93,29,29,13,5
857,25,25,9,1
652,12,12,12,4
19,19,19,3,3
286,30,30,14,6
719,15,15,15,7
9,9,9,9,1
86,22,22,6,6
418,34,2,2,2
703,63,31,15,7
454,6,6,6,6
698,58,26,10,2
973,13,13,13,5
856,24,24,8,0
986,26,26,10,2
542,30,30,14,6
588,12,12,12,4
688,48,16,0,0
377,57,25,9,1
153,25,25,9,1
279,23,23,7,7
59,59,27,11,3
973,13,13,13,5
133,5,5,5,5
64,0,0,0,0
651,11,11,11,3
842,10,10,10,2
248,56,24,8,0
311,55,23,7,7
679,39,7,7,7
371,51,19,3,3
702,62,30,14,6
853,21,21,5,5
570,58,26,10,2
412,28,28,12,4
266,10,10,10,2
280,24,24,8,0
743,39,7,7,7
963,3,3,3,3
836,4,4,4,4
527,15,15,15,7
500,52,20,4,4
358,38,6,6,6
335,15,15,15,7
239,47,15,15,7
60,60,28,12,4
960,0,0,0,0
85,21,21,5,5
654,14,14,14,6
780,12,12,12,4
481,33,1,1,1
805,37,5,5,5
83,19,19,3,3
679,39,7,7,7
325,5,5,5,5
704,0,0,0,0
505,57,25,9,1
286,30,30,14,6
818,50,18,2,2
1,1,1,1,1
626,50,18,2,2
617,41,9,9,1
855,23,23,7,7
71,7,7,7,7
14,14,14,14,6
843,11,11,11,3
319,63,31,15,7
655,15,15,15,7
796,28,28,12,4
719,15,15,15,7
358,38,6,6,6
335,15,15,15,7
179,51,19,3,3
201,9,9,9,1
266,10,10,10,2
97,33,1,1,1
484,36,4,4,4
825,57,25,9,1
850,18,18,2,2
926,30,30,14,6
876,44,12,12,4
504,56,24,8,0
8,8,8,8,0
439,55,23,7,7
174,46,14,14,6
587,11,11,11,3
954,58,26,10,2
901,5,5,5,5
550,38,6,6,6
112,48,16,0,0
680,40,8,8,0
123,59,27,11,3
715,11,11,11,3
638,62,30,14,6
676,36,4,4,4
141,13,13,13,5
509,61,29,13,5
113,49,17,1,1
891,59,27,11,3
36,36,4,4,4
188,60,28,12,4
450,2,2,2,2
253,61,29,13,5
924,28,28,12,4
927,31,31,15,7
37,37,5,5,5
991,31,31,15,7
275,19,19,3,3
648,8,8,8,0
826,58,26,10,2
837,5,5,5,5
413,29,29,13,5
479,31,31,15,7
582,6,6,6,6
466,18,18,2,2
772,4,4,4,4
418,34,2,2,2
133,5,5,5,5
585,9,9,9,1
653,13,13,13,5
154,26,26,10,2
331,11,11,11,3
171,43,11,11,3
2,2,2,2,2
442,58,26,10,2
24,24,24,8,0
805,37,5,5,5
189,61,29,13,5
614,38,6,6,6
260,4,4,4,4
274,18,18,2,2
433,49,17,1,1
327,7,7,7,7
422,38,6,6,6
399,15,15,15,7
721,17,17,1,1
215,23,23,7,7
781,13,13,13,5
972,12,12,12,4
897,1,1,1,1
198,6,6,6,6
182,54,22,6,6
823,55,23,7,7
830,62,30,14,6
179,51,19,3,3
678,38,6,6,6
272,16,16,0,0
636,60,28,12,4
345,25,25,9,1
686,46,14,14,6
658,18,18,2,2
83,19,19,3,3
521,9,9,9,1
388,4,4,4,4
11,11,11,11,3
201,9,9,9,1
423,39,7,7,7
550,38,6,6,6
213,21,21,5,5
895,63,31,15,7
53,53,21,5,5
203,11,11,11,3
95,31,31,15,7
766,62,30,14,6
89,25,25,9,1
4,4,4,4,4
441,57,25,9,1
568,56,24,8,0
807,39,7,7,7
506,58,26,10,2
527,15,15,15,7
972,12,12,12,4
808,40,8,8,0
486,38,6,6,6
441,57,25,9,1
37,37,5,5,5
938,42,10,10,2
92,28,28,12,4
988,28,28,12,4
643,3,3,3,3
645,5,5,5,5
158,30,30,14,6
274,18,18,2,2
516,4,4,4,4
323,3,3,3,3
284,28,28,12,4
845,13,13,13,5
992,32,0,0,0
783,15,15,15,7
847,15,15,15,7
367,47,15,15,7
410,26,26,10,2
706,2,2,2,2
586,10,10,10,2
613,37,5,5,5
958,62,30,14,6
143,15,15,15,7
590,14,14,14,6
359,39,7,7,7
400,16,16,0,0
925,29,29,13,5
542,30,30,14,6
898,2,2,2,2
495,47,15,15,7
587,11,11,11,3
243,51,19,3,3
216,24,24,8,0
900,4,4,4,4
915,19,19,3,3
676,36,4,4,4
681,41,9,9,1
277,21,21,5,5
625,49,17,1,1
302,46,14,14,6
158,30,30,14,6
160,32,0,0,0
921,25,25,9,1
272,16,16,0,0
852,20,20,4,4
443,59,27,11,3
103,39,7,7,7
357,37,5,5,5
974,14,14,14,6
992,32,0,0,0
567,55,23,7,7
651,11,11,11,3
251,59,27,11,3
287,31,31,15,7
142,14,14,14,6
640,0,0,0,0
551,39,7,7,7
251,59,27,11,3
118,54,22,6,6
592,16,16,0,0
352,32,0,0,0
216,24,24,8,0
646,6,6,6,6
441,57,25,9,1
532,20,20,4,4
46,46,14,14,6
518,6,6,6,6
473,25,25,9,1
615,39,7,7,7
996,36,4,4,4
662,22,22,6,6
3,3,3,3,3
503,55,23,7,7
342,22,22,6,6
822,54,22,6,6
287,31,31,15,7
410,26,26,10,2
628,52,20,4,4
827,59,27,11,3
860,28,28,12,4
571,59,27,11,3
712,8,8,8,0
827,59,27,11,3
392,8,8,8,0
982,22,22,6,6
168,40,8,8,0
814,46,14,14,6
818,50,18,2,2
329,9,9,9,1
911,15,15,15,7
373,53,21,5,5
567,55,23,7,7
535,23,23,7,7
88,24,24,8,0
453,5,5,5,5
283,27,27,11,3
542,30,30,14,6
749,45,13,13,5
652,12,12,12,4
555,43,11,11,3
959,63,31,15,7
871,39,7,7,7
620,44,12,12,4
281,25,25,9,1
933,37,5,5,5
48,48,16,0,0
628,52,20,4,4
119,55,23,7,7
644,4,4,4,4
510,62,30,14,6
164,36,4,4,4
634,58,26,10,2
911,15,15,15,7
841,9,9,9,1
698,58,26,10,2
362,42,10,10,2
514,2,2,2,2
567,55,23,7,7
590,14,14,14,6
502,54,22,6,6
156,28,28,12,4
298,42,10,10,2
989,29,29,13,5
200,8,8,8,0
59,59,27,11,3
227,35,3,3,3
274,18,18,2,2
153,25,25,9,1
321,1,1,1,1
812,44,12,12,4
867,35,3,3,3
745,41,9,9,1
760,56,24,8,0
975,15,15,15,7
783,15,15,15,7
210,18,18,2,2
563,51,19,3,3
986,26,26,10,2
571,59,27,11,3
665,25,25,9,1
509,61,29,13,5
319,63,31,15,7
69,5,5,5,5
820,52,20,4,4
533,21,21,5,5
784,16,16,0,0
43,43,11,11,3
769,1,1,1,1
792,24,24,8,0
890,58,26,10,2
677,37,5,5,5
419,35,3,3,3
651,11,11,11,3
12,12,12,12,4
788,20,20,4,4
610,34,2,2,2
901,5,5,5,5
320,0,0,0,0
181,53,21,5,5
37,37,5,5,5
48,48,16,0,0
961,1,1,1,1
704,0,0,0,0
360,40,8,8,0
989,29,29,13,5
200,8,8,8,0
181,53,21,5,5
451,3,3,3,3
183,55,23,7,7
353,33,1,1,1
279,23,23,7,7
145,17,17,1,1
196,4,4,4,4
663,23,23,7,7
921,25,25,9,1
919,23,23,7,7
233,41,9,9,1
204,12,12,12,4
244,52,20,4,4
265,9,9,9,1
481,33,1,1,1
812,44,12,12,4
527,15,15,15,7
493,45,13,13,5
494,46,14,14,6
702,62,30,14,6
905,9,9,9,1
23,23,23,7,7
526,14,14,14,6
984,24,24,8,0
716,12,12,12,4
965,5,5,5,5
48,48,16,0,0
648,8,8,8,0
117,53,21,5,5
995,35,3,3,3
568,56,24,8,0
774,6,6,6,6
312,56,24,8,0
868,36,4,4,4
653,13,13,13,5
834,2,2,2,2
457,9,9,9,1
619,43,11,11,3
217,25,25,9,1
64,0,0,0,0
924,28,28,12,4
90,26,26,10,2
367,47,15,15,7
718,14,14,14,6
827,59,27,11,3
98,34,2,2,2
943,47,15,15,7
774,6,6,6,6
160,32,0,0,0
941,45,13,13,5
611,35,3,3,3
472,24,24,8,0
567,55,23,7,7
914,18,18,2,2
591,15,15,15,7
533,21,21,5,5
307,51,19,3,3
936,40,8,8,0
121,57,25,9,1
595,19,19,3,3
770,2,2,2,2
924,28,28,12,4
790,22,22,6,6
680,40,8,8,0
511,63,31,15,7
184,56,24,8,0
259,3,3,3,3
177,49,17,1,1
438,54,22,6,6
75,11,11,11,3
896,0,0,0,0
265,9,9,9,1
562,50,18,2,2
670,30,30,14,6
517,5,5,5,5
873,41,9,9,1
657,17,17,1,1
717,13,13,13,5
994,34,2,2,2
497,49,17,1,1
549,37,5,5,5
151,23,23,7,7
598,22,22,6,6
82,18,18,2,2
155,27,27,11,3
745,41,9,9,1
393,9,9,9,1
282,26,26,10,2
785,17,17,1,1
996,36,4,4,4
973,13,13,13,5
912,16,16,0,0
72,8,8,8,0
896,0,0,0,0
926,30,30,14,6
437,53,21,5,5
819,51,19,3,3
309,53,21,5,5
769,1,1,1,1
63,63,31,15,7
621,45,13,13,5
414,30,30,14,6
917,21,21,5,5
269,13,13,13,5
75,11,11,11,3
204,12,12,12,4
54,54,22,6,6
929,33,1,1,1
604,28,28,12,4
941,45,13,13,5
55,55,23,7,7
570,58,26,10,2
506,58,26,10,2
965,5,5,5,5
133,5,5,5,5
393,9,9,9,1
896,0,0,0,0
903,7,7,7,7
823,55,23,7,7
407,23,23,7,7
9,9,9,9,1
465,17,17,1,1
383,63,31,15,7
122,58,26,10,2
80,16,16,0,0
91,27,27,11,3
229,37,5,5,5
199,7,7,7,7
182,54,22,6,6
198,6,6,6,6
780,12,12,12,4
541,29,29,13,5
483,35,3,3,3
804,36,4,4,4
929,33,1,1,1
671,31,31,15,7
368,48,16,0,0
890,58,26,10,2
586,10,10,10,2
333,13,13,13,5
227,35,3,3,3
668,28,28,12,4
996,36,4,4,4
874,42,10,10,2
182,54,22,6,6
891,59,27,11,3
122,58,26,10,2
227,35,3,3,3
816,48,16,0,0
889,57,25,9,1
135,7,7,7,7
776,8,8,8,0
665,25,25,9,1
900,4,4,4,4
267,11,11,11,3
64,0,0,0,0
754,50,18,2,2
913,17,17,1,1
145,17,17,1,1
140,12,12,12,4
841,9,9,9,1
67,3,3,3,3
57,57,25,9,1
308,52,20,4,4
630,54,22,6,6
150,22,22,6,6
20,20,20,4,4
98,34,2,2,2
480,32,0,0,0
734,30,30,14,6
822,54,22,6,6
762,58,26,10,2
102,38,6,6,6
250,58,26,10,2
299,43,11,11,3
326,6,6,6,6
504,56,24,8,0
914,18,18,2,2
103,39,7,7,7
353,33,1,1,1
684,44,12,12,4
36,36,4,4,4
331,11,11,11,3
441,57,25,9,1
914,18,18,2,2
892,60,28,12,4
479,31,31,15,7
472,24,24,8,0
587,11,11,11,3
30,30,30,14,6
473,25,25,9,1
407,23,23,7,7
941,45,13,13,5
922,26,26,10,2
909,13,13,13,5
146,18,18,2,2
670,30,30,14,6
296,40,8,8,0
118,54,22,6,6
96,32,0,0,0
460,12,12,12,4
373,53,21,5,5
384,0,0,0,0
45,45,13,13,5
232,40,8,8,0
458,10,10,10,2
318,62,30,14,6
538,26,26,10,2
312,56,24,8,0
924,28,28,12,4
358,38,6,6,6
900,4,4,4,4
689,49,17,1,1
65,1,1,1,1
615,39,7,7,7
861,29,29,13,5
510,62,30,14,6
384,0,0,0,0
174,46,14,14,6
803,35,3,3,3
851,19,19,3,3
184,56,24,8,0
204,12,12,12,4
215,23,23,7,7
926,30,30,14,6
225,33,1,1,1
697,57,25,9,1
426,42,10,10,2
884,52,20,4,4
70,6,6,6,6
336,16,16,0,0
399,15,15,15,7
829,61,29,13,5
142,14,14,14,6
812,44,12,12,4
824,56,24,8,0
337,17,17,1,1
458,10,10,10,2
583,7,7,7,7
993,33,1,1,1
485,37,5,5,5
969,9,9,9,1
429,45,13,13,5
261,5,5,5,5
871,39,7,7,7
11,11,11,11,3
689,49,17,1,1
513,1,1,1,1
7,7,7,7,7
686,46,14,14,6
980,20,20,4,4
731,27,27,11,3
759,55,23,7,7
60,60,28,12,4
849,17,17,1,1
663,23,23,7,7
5,5,5,5,5
582,6,6,6,6
449,1,1,1,1
93,29,29,13,5
764,60,28,12,4
948,52,20,4,4
262,6,6,6,6
715,11,11,11,3
503,55,23,7,7
44,44,12,12,4
961,1,1,1,1
21,21,21,5,5
87,23,23,7,7
786,18,18,2,2
391,7,7,7,7
76,12,12,12,4
969,9,9,9,1
341,21,21,5,5
736,32,0,0,0
664,24,24,8,0
148,20,20,4,4
262,6,6,6,6
666,26,26,10,2
908,12,12,12,4
746,42,10,10,2
217,25,25,9,1
99,35,3,3,3
689,49,17,1,1
658,18,18,2,2
508,60,28,12,4
96,32,0,0,0
100,36,4,4,4
871,39,7,7,7
208,16,16,0,0
407,23,23,7,7
395,11,11,11,3
414,30,30,14,6
355,35,3,3,3
164,36,4,4,4
636,60,28,12,4
552,40,8,8,0
476,28,28,12,4
732,28,28,12,4
430,46,14,14,6
179,51,19,3,3
228,36,4,4,4
829,61,29,13,5
939,43,11,11,3
925,29,29,13,5
748,44,12,12,4
848,16,16,0,0
597,21,21,5,5
514,2,2,2,2
798,30,30,14,6
854,22,22,6,6
122,58,26,10,2
927,31,31,15,7
252,60,28,12,4
699,59,27,11,3
659,19,19,3,3
256,0,0,0,0
969,9,9,9,1
20,20,20,4,4
485,37,5,5,5
56,56,24,8,0
798,30,30,14,6
744,40,8,8,0
829,61,29,13,5
651,11,11,11,3
967,7,7,7,7
355,35,3,3,3
958,62,30,14,6
626,50,18,2,2
872,40,8,8,0
711,7,7,7,7
118,54,22,6,6
679,39,7,7,7
679,39,7,7,7
41,41,9,9,1
663,23,23,7,7
936,40,8,8,0
121,57,25,9,1
210,18,18,2,2
329,9,9,9,1
142,14,14,14,6
201,9,9,9,1
657,17,17,1,1
800,32,0,0,0
139,11,11,11,3
100,36,4,4,4
246,54,22,6,6
822,54,22,6,6
274,18,18,2,2
619,43,11,11,3
574,62,30,14,6
685,45,13,13,5
784,16,16,0,0
303,47,15,15,7
663,23,23,7,7
582,6,6,6,6
187,59,27,11,3
184,56,24,8,0
753,49,17,1,1
600,24,24,8,0
194,2,2,2,2
839,7,7,7,7
404,20,20,4,4
964,4,4,4,4
804,36,4,4,4
946,50,18,2,2
284,28,28,12,4
533,21,21,5,5
714,10,10,10,2
150,22,22,6,6
479,31,31,15,7
181,53,21,5,5
611,35,3,3,3
324,4,4,4,4
358,38,6,6,6
777,9,9,9,1
85,21,21,5,5
917,21,21,5,5
986,26,26,10,2
942,46,14,14,6
404,20,20,4,4
336,16,16,0,0
691,51,19,3,3
496,48,16,0,0
654,14,14,14,6
340,20,20,4,4
157,29,29,13,5
303,47,15,15,7
836,4,4,4,4
195,3,3,3,3
308,52,20,4,4
128,0,0,0,0
251,59,27,11,3
859,27,27,11,3
391,7,7,7,7
834,2,2,2,2
656,16,16,0,0
852,20,20,4,4
943,47,15,15,7
953,57,25,9,1
289,33,1,1,1
690,50,18,2,2
453,5,5,5,5
128,0,0,0,0
115,51,19,3,3
278,22,22,6,6
737,33,1,1,1
980,20,20,4,4
713,9,9,9,1
352,32,0,0,0
882,50,18,2,2
847,15,15,15,7
244,52,20,4,4
531,19,19,3,3
841,9,9,9,1
447,63,31,15,7
793,25,25,9,1
550,38,6,6,6
387,3,3,3,3
704,0,0,0,0
400,16,16,0,0
71,7,7,7,7
689,49,17,1,1
440,56,24,8,0
656,16,16,0,0
683,43,11,11,3
62,62,30,14,6
900,4,4,4,4
919,23,23,7,7
870,38,6,6,6
394,10,10,10,2
999,39,7,7,7
512,0,0,0,0
223,31,31,15,7
754,50,18,2,2
213,21,21,5,5
165,37,5,5,5
910,14,14,14,6
107,43,11,11,3
197,5,5,5,5
193,1,1,1,1
904,8,8,8,0
663,23,23,7,7
154,26,26,10,2
70,6,6,6,6
552,40,8,8,0
705,1,1,1,1
691,51,19,3,3
97,33,1,1,1
484,36,4,4,4
626,50,18,2,2
870,38,6,6,6
212,20,20,4,4
246,54,22,6,6
343,23,23,7,7
994,34,2,2,2
443,59,27,11,3
656,16,16,0,0
739,35,3,3,3
315,59,27,11,3
200,8,8,8,0
402,18,18,2,2
744,40,8,8,0
346,26,26,10,2
374,54,22,6,6
795,27,27,11,3
460,12,12,12,4
934,38,6,6,6
746,42,10,10,2
601,25,25,9,1
487,39,7,7,7
876,44,12,12,4
749,45,13,13,5
668,28,28,12,4
776,8,8,8,0
47,47,15,15,7
718,14,14,14,6
452,4,4,4,4
741,37,5,5,5
532,20,20,4,4
499,51,19,3,3
743,39,7,7,7
408,24,24,8,0
408,24,24,8,0
498,50,18,2,2
413,29,29,13,5
304,48,16,0,0
460,12,12,12,4
658,18,18,2,2
475,27,27,11,3
306,50,18,2,2
98,34,2,2,2
848,16,16,0,0
259,3,3,3,3
731,27,27,11,3
68,4,4,4,4
528,16,16,0,0
842,10,10,10,2
799,31,31,15,7
33,33,1,1,1
196,4,4,4,4
2,2,2,2,2
119,55,23,7,7
212,20,20,4,4
200,8,8,8,0
358,38,6,6,6
22,22,22,6,6
898,2,2,2,2
645,5,5,5,5
681,41,9,9,1
289,33,1,1,1
723,19,19,3,3
745,41,9,9,1
732,28,28,12,4
719,15,15,15,7
140,12,12,12,4
2,2,2,2,2
538,26,26,10,2
324,4,4,4,4
826,58,26,10,2
819,51,19,3,3
885,53,21,5,5
481,33,1,1,1
696,56,24,8,0
644,4,4,4,4
915,19,19,3,3
68,4,4,4,4
354,34,2,2,2
352,32,0,0,0
112,48,16,0,0
370,50,18,2,2
49,49,17,1,1
798,30,30,14,6
21,21,21,5,5
718,14,14,14,6
446,62,30,14,6
944,48,16,0,0
792,24,24,8,0
704,0,0,0,0
224,32,0,0,0
894,62,30,14,6
827,59,27,11,3
684,44,12,12,4
719,15,15,15,7
523,11,11,11,3
733,29,29,13,5
884,52,20,4,4
126,62,30,14,6
975,15,15,15,7
192,0,0,0,0
566,54,22,6,6
282,26,26,10,2
347,27,27,11,3
702,62,30,14,6
911,15,15,15,7
358,38,6,6,6
539,27,27,11,3
759,55,23,7,7
555,43,11,11,3
435,51,19,3,3
711,7,7,7,7
132,4,4,4,4
974,14,14,14,6
861,29,29,13,5
692,52,20,4,4
648,8,8,8,0
572,60,28,12,4
973,13,13,13,5
2,2,2,2,2
69,5,5,5,5
891,59,27,11,3
595,19,19,3,3
856,24,24,8,0
707,3,3,3,3
60,60,28,12,4
285,29,29,13,5
248,56,24,8,0
651,11,11,11,3
209,17,17,1,1
641,1,1,1,1
56,56,24,8,0
989,29,29,13,5
337,17,17,1,1
847,15,15,15,7
925,29,29,13,5
220,28,28,12,4
957,61,29,13,5
370,50,18,2,2
767,63,31,15,7
786,18,18,2,2
861,29,29,13,5
246,54,22,6,6
862,30,30,14,6
687,47,15,15,7
648,8,8,8,0
507,59,27,11,3
522,10,10,10,2
85,21,21,5,5
82,18,18,2,2
93,29,29,13,5
998,38,6,6,6
987,27,27,11,3
337,17,17,1,1
741,37,5,5,5
721,17,17,1,1
709,5,5,5,5
165,37,5,5,5
64,0,0,0,0
510,62,30,14,6
113,49,17,1,1
706,2,2,2,2
434,50,18,2,2
780,12,12,12,4
934,38,6,6,6
482,34,2,2,2
618,42,10,10,2
226,34,2,2,2
222,30,30,14,6
410,26,26,10,2
735,31,31,15,7
754,50,18,2,2
714,10,10,10,2
416,32,0,0,0
974,14,14,14,6
265,9,9,9,1
895,63,31,15,7
774,6,6,6,6
998,38,6,6,6
167,39,7,7,7
134,6,6,6,6
378,58,26,10,2
719,15,15,15,7
33,33,1,1,1
503,55,23,7,7
572,60,28,12,4
573,61,29,13,5
56,56,24,8,0
617,41,9,9,1
80,16,16,0,0
864,32,0,0,0
615,39,7,7,7
499,51,19,3,3
989,29,29,13,5
727,23,23,7,7
80,16,16,0,0
733,29,29,13,5
404,20,20,4,4
389,5,5,5,5
381,61,29,13,5
384,0,0,0,0
718,14,14,14,6
831,63,31,15,7
695,55,23,7,7
858,26,26,10,2
293,37,5,5,5
328,8,8,8,0
900,4,4,4,4
944,48,16,0,0
616,40,8,8,0
738,34,2,2,2
70,6,6,6,6
779,11,11,11,3
543,31,31,15,7
303,47,15,15,7
893,61,29,13,5
889,57,25,9,1
396,12,12,12,4
982,22,22,6,6
717,13,13,13,5
175,47,15,15,7
882,50,18,2,2
3,3,3,3,3
726,22,22,6,6
365,45,13,13,5
518,6,6,6,6
672,32,0,0,0
520,8,8,8,0
869,37,5,5,5
293,37,5,5,5
90,26,26,10,2
853,21,21,5,5
232,40,8,8,0
644,4,4,4,4
627,51,19,3,3
781,13,13,13,5
610,34,2,2,2
160,32,0,0,0
596,20,20,4,4
259,3,3,3,3
919,23,23,7,7
925,29,29,13,5
388,4,4,4,4
467,19,19,3,3
638,62,30,14,6
749,45,13,13,5
615,39,7,7,7
332,12,12,12,4
246,54,22,6,6
299,43,11,11,3
586,10,10,10,2
923,27,27,11,3
896,0,0,0,0
189,61,29,13,5
430,46,14,14,6
546,34,2,2,2
113,49,17,1,1
524,12,12,12,4
464,16,16,0,0
83,19,19,3,3
557,45,13,13,5
978,18,18,2,2
693,53,21,5,5
807,39,7,7,7
575,63,31,15,7
765,61,29,13,5
399,15,15,15,7
877,45,13,13,5
415,31,31,15,7
783,15,15,15,7
286,30,30,14,6
370,50,18,2,2
396,12,12,12,4
358,38,6,6,6
394,10,10,10,2
823,55,23,7,7
771,3,3,3,3
669,29,29,13,5
437,53,21,5,5
437,53,21,5,5
420,36,4,4,4
260,4,4,4,4
914,18,18,2,2
513,1,1,1,1
143,15,15,15,7
821,53,21,5,5
701,61,29,13,5
653,13,13,13,5
556,44,12,12,4
530,18,18,2,2
960,0,0,0,0
138,10,10,10,2
193,1,1,1,1
50,50,18,2,2
282,26,26,10,2
511,63,31,15,7
310,54,22,6,6
875,43,11,11,3
486,38,6,6,6
325,5,5,5,5
257,1,1,1,1
311,55,23,7,7
456,8,8,8,0
976,16,16,0,0
309,53,21,5,5
758,54,22,6,6
413,29,29,13,5
835,3,3,3,3
261,5,5,5,5
152,24,24,8,0
52,52,20,4,4
901,5,5,5,5
647,7,7,7,7
918,22,22,6,6
6,6,6,6,6
798,30,30,14,6
247,55,23,7,7
882,50,18,2,2
567,55,23,7,7
992,32,0,0,0
180,52,20,4,4
490,42,10,10,2
496,48,16,0,0
91,27,27,11,3
690,50,18,2,2
655,15,15,15,7
176,48,16,0,0
450,2,2,2,2
140,12,12,12,4
487,39,7,7,7
920,24,24,8,0
2,2,2,2,2
919,23,23,7,7
41,41,9,9,1
745,41,9,9,1
453,5,5,5,5
66,2,2,2,2
322,2,2,2,2
430,46,14,14,6
340,20,20,4,4
595,19,19,3,3
128,0,0,0,0
589,13,13,13,5
511,63,31,15,7
813,45,13,13,5
151,23,23,7,7
239,47,15,15,7
576,0,0,0,0
978,18,18,2,2
785,17,17,1,1
941,45,13,13,5
604,28,28,12,4
1,1,1,1,1
257,1,1,1,1
8,8,8,8,0
163,35,3,3,3
228,36,4,4,4
88,24,24,8,0
458,10,10,10,2
410,26,26,10,2
494,46,14,14,6
437,53,21,5,5
789,21,21,5,5
926,30,30,14,6
412,28,28,12,4
83,19,19,3,3
161,33,1,1,1
78,14,14,14,6
580,4,4,4,4
7,7,7,7,7
113,49,17,1,1
534,22,22,6,6
257,1,1,1,1
335,15,15,15,7
13,13,13,13,5
732,28,28,12,4
856,24,24,8,0
585,9,9,9,1
991,31,31,15,7
107,43,11,11,3
816,48,16,0,0
383,63,31,15,7
91,27,27,11,3
471,23,23,7,7
505,57,25,9,1
773,5,5,5,5
603,27,27,11,3
278,22,22,6,6
348,28,28,12,4
467,19,19,3,3
569,57,25,9,1
752,48,16,0,0
157,29,29,13,5
969,9,9,9,1
517,5,5,5,5
756,52,20,4,4
529,17,17,1,1
189,61,29,13,5
94,30,30,14,6
299,43,11,11,3
616,40,8,8,0
266,10,10,10,2
161,33,1,1,1
273,17,17,1,1
377,57,25,9,1
730,26,26,10,2
719,15,15,15,7
540,28,28,12,4
612,36,4,4,4
591,15,15,15,7
762,58,26,10,2
784,16,16,0,0
787,19,19,3,3
665,25,25,9,1
175,47,15,15,7
837,5,5,5,5
819,51,19,3,3
349,29,29,13,5
818,50,18,2,2
767,63,31,15,7
5,5,5,5,5
781,13,13,13,5
25,25,25,9,1
455,7,7,7,7
742,38,6,6,6
386,2,2,2,2
546,34,2,2,2
422,38,6,6,6
515,3,3,3,3
618,42,10,10,2
886,54,22,6,6
211,19,19,3,3
193,1,1,1,1
873,41,9,9,1
930,34,2,2,2
465,17,17,1,1
993,33,1,1,1
183,55,23,7,7
173,45,13,13,5
505,57,25,9,1
211,19,19,3,3
607,31,31,15,7
487,39,7,7,7
24,24,24,8,0
873,41,9,9,1
455,7,7,7,7
124,60,28,12,4
758,54,22,6,6
891,59,27,11,3
355,35,3,3,3
233,41,9,9,1
34,34,2,2,2
810,42,10,10,2
750,46,14,14,6
643,3,3,3,3
634,58,26,10,2
553,41,9,9,1
775,7,7,7,7
905,9,9,9,1
352,32,0,0,0
192,0,0,0,0
229,37,5,5,5
124,60,28,12,4
756,52,20,4,4
366,46,14,14,6
712,8,8,8,0
72,8,8,8,0
375,55,23,7,7
571,59,27,11,3
706,2,2,2,2
727,23,23,7,7
97,33,1,1,1
780,12,12,12,4
815,47,15,15,7
376,56,24,8,0
928,32,0,0,0
789,21,21,5,5
17,17,17,1,1
260,4,4,4,4
19,19,19,3,3
77,13,13,13,5
463,15,15,15,7
268,12,12,12,4
900,4,4,4,4
977,17,17,1,1
466,18,18,2,2
734,30,30,14,6
930,34,2,2,2
14,14,14,14,6
371,51,19,3,3
490,42,10,10,2
733,29,29,13,5
602,26,26,10,2
671,31,31,15,7
150,22,22,6,6
130,2,2,2,2
621,45,13,13,5
39,39,7,7,7
510,62,30,14,6
648,8,8,8,0
645,5,5,5,5
357,37,5,5,5
253,61,29,13,5
120,56,24,8,0
115,51,19,3,3
566,54,22,6,6
118,54,22,6,6
667,27,27,11,3
882,50,18,2,2
519,7,7,7,7
750,46,14,14,6
152,24,24,8,0
174,46,14,14,6
215,23,23,7,7
118,54,22,6,6
515,3,3,3,3
310,54,22,6,6
582,6,6,6,6
768,0,0,0,0
157,29,29,13,5
415,31,31,15,7
128,0,0,0,0
561,49,17,1,1
760,56,24,8,0
366,46,14,14,6
778,10,10,10,2
3,3,3,3,3
642,2,2,2,2
97,33,1,1,1
308,52,20,4,4
617,41,9,9,1
758,54,22,6,6
880,48,16,0,0
249,57,25,9,1
903,7,7,7,7
504,56,24,8,0
251,59,27,11,3
148,20,20,4,4
153,25,25,9,1
62,62,30,14,6
593,17,17,1,1
717,13,13,13,5
678,38,6,6,6
550,38,6,6,6
101,37,5,5,5
922,26,26,10,2
877,45,13,13,5
382,62,30,14,6
246,54,22,6,6
990,30,30,14,6
139,11,11,11,3
339,19,19,3,3
689,49,17,1,1
545,33,1,1,1
789,21,21,5,5
450,2,2,2,2
431,47,15,15,7
489,41,9,9,1
890,58,26,10,2
611,35,3,3,3
439,55,23,7,7
348,28,28,12,4
785,17,17,1,1
868,36,4,4,4
107,43,11,11,3
965,5,5,5,5
199,7,7,7,7
720,16,16,0,0
942,46,14,14,6
964,4,4,4,4
859,27,27,11,3
886,54,22,6,6
358,38,6,6,6
47,47,15,15,7
777,9,9,9,1
900,4,4,4,4
878,46,14,14,6
474,26,26,10,2
88,24,24,8,0
53,53,21,5,5
353,33,1,1,1
87,23,23,7,7
253,61,29,13,5
520,8,8,8,0
644,4,4,4,4
404,20,20,4,4
517,5,5,5,5
599,23,23,7,7
849,17,17,1,1
953,57,25,9,1
267,11,11,11,3
276,20,20,4,4
851,19,19,3,3
948,52,20,4,4
365,45,13,13,5
284,28,28,12,4
272,16,16,0,0
613,37,5,5,5
781,13,13,13,5
720,16,16,0,0
824,56,24,8,0
783,15,15,15,7
397,13,13,13,5
428,44,12,12,4
223,31,31,15,7
203,11,11,11,3
117,53,21,5,5
370,50,18,2,2
178,50,18,2,2
717,13,13,13,5
93,29,29,13,5
968,8,8,8,0
794,26,26,10,2
881,49,17,1,1
990,30,30,14,6
877,45,13,13,5
690,50,18,2,2
256,0,0,0,0
975,15,15,15,7
218,26,26,10,2
806,38,6,6,6
635,59,27,11,3
371,51,19,3,3
368,48,16,0,0
513,1,1,1,1
207,15,15,15,7
457,9,9,9,1
44,44,12,12,4
27,27,27,11,3
676,36,4,4,4
873,41,9,9,1
100,36,4,4,4
62,62,30,14,6
220,28,28,12,4
714,10,10,10,2
368,48,16,0,0
73,9,9,9,1
216,24,24,8,0
85,21,21,5,5
538,26,26,10,2
903,7,7,7,7
786,18,18,2,2
983,23,23,7,7
175,47,15,15,7
741,37,5,5,5
851,19,19,3,3
802,34,2,2,2
331,11,11,11,3
804,36,4,4,4
22,22,22,6,6
184,56,24,8,0
834,2,2,2,2
902,6,6,6,6
153,25,25,9,1
112,48,16,0,0
335,15,15,15,7
865,33,1,1,1
964,4,4,4,4
836,4,4,4,4
693,53,21,5,5
90,26,26,10,2
430,46,14,14,6
420,36,4,4,4
758,54,22,6,6
721,17,17,1,1
596,20,20,4,4
89,25,25,9,1
374,54,22,6,6
41,41,9,9,1
369,49,17,1,1
439,55,23,7,7
458,10,10,10,2
870,38,6,6,6
745,41,9,9,1
933,37,5,5,5
51,51,19,3,3
92,28,28,12,4
588,12,12,12,4
788,20,20,4,4
314,58,26,10,2
480,32,0,0,0
910,14,14,14,6
167,39,7,7,7
764,60,28,12,4
719,15,15,15,7
290,34,2,2,2
586,10,10,10,2
978,18,18,2,2
774,6,6,6,6
739,35,3,3,3
828,60,28,12,4
72,8,8,8,0
905,9,9,9,1
669,29,29,13,5
198,6,6,6,6
623,47,15,15,7
295,39,7,7,7
936,40,8,8,0
787,19,19,3,3
984,24,24,8,0
950,54,22,6,6
622,46,14,14,6
891,59,27,11,3
214,22,22,6,6
980,20,20,4,4
810,42,10,10,2
255,63,31,15,7
505,57,25,9,1
637,61,29,13,5
787,19,19,3,3
0,0,0,0,0
163,35,3,3,3
704,0,0,0,0
424,40,8,8,0
476,28,28,12,4
778,10,10,10,2
449,1,1,1,1
922,26,26,10,2
753,49,17,1,1
287,31,31,15,7
926,30,30,14,6
68,4,4,4,4
263,7,7,7,7
628,52,20,4,4
322,2,2,2,2
368,48,16,0,0
386,2,2,2,2
987,27,27,11,3
302,46,14,14,6
560,48,16,0,0
907,11,11,11,3
842,10,10,10,2
929,33,1,1,1
278,22,22,6,6
102,38,6,6,6
254,62,30,14,6
994,34,2,2,2
36,36,4,4,4
516,4,4,4,4
122,58,26,10,2
998,38,6,6,6
824,56,24,8,0
944,48,16,0,0
177,49,17,1,1
404,20,20,4,4
807,39,7,7,7
606,30,30,14,6
970,10,10,10,2
25,25,25,9,1
351,31,31,15,7
329,9,9,9,1
281,25,25,9,1
386,2,2,2,2
516,4,4,4,4
663,23,23,7,7
652,12,12,12,4
972,12,12,12,4
341,21,21,5,5
297,41,9,9,1
79,15,15,15,7
695,55,23,7,7
886,54,22,6,6
935,39,7,7,7
169,41,9,9,1
305,49,17,1,1
965,5,5,5,5
776,8,8,8,0
522,10,10,10,2
845,13,13,13,5
550,38,6,6,6
683,43,11,11,3
820,52,20,4,4
663,23,23,7,7
528,16,16,0,0
539,27,27,11,3
684,44,12,12,4
985,25,25,9,1
640,0,0,0,0
969,9,9,9,1
437,53,21,5,5
671,31,31,15,7
803,35,3,3,3
442,58,26,10,2
618,42,10,10,2
769,1,1,1,1
679,39,7,7,7
29,29,29,13,5
872,40,8,8,0
495,47,15,15,7
935,39,7,7,7
848,16,16,0,0
170,42,10,10,2
540,28,28,12,4
42,42,10,10,2
590,14,14,14,6
787,19,19,3,3
201,9,9,9,1
594,18,18,2,2
557,45,13,13,5
481,33,1,1,1
82,18,18,2,2
487,39,7,7,7
878,46,14,14,6
898,2,2,2,2
86,22,22,6,6
844,12,12,12,4
268,12,12,12,4
848,16,16,0,0
147,19,19,3,3
309,53,21,5,5
405,21,21,5,5
986,26,26,10,2
313,57,25,9,1
304,48,16,0,0
455,7,7,7,7
422,38,6,6,6
259,3,3,3,3
977,17,17,1,1
575,63,31,15,7
105,41,9,9,1
233,41,9,9,1
615,39,7,7,7
775,7,7,7,7
423,39,7,7,7
521,9,9,9,1
642,2,2,2,2
465,17,17,1,1
520,8,8,8,0
872,40,8,8,0
77,13,13,13,5
834,2,2,2,2
758,54,22,6,6
656,16,16,0,0
462,14,14,14,6
962,2,2,2,2
177,49,17,1,1
636,60,28,12,4
773,5,5,5,5
236,44,12,12,4
876,44,12,12,4
315,59,27,11,3
376,56,24,8,0
827,59,27,11,3
841,9,9,9,1
87,23,23,7,7
332,12,12,12,4
241,49,17,1,1
114,50,18,2,2
993,33,1,1,1
172,44,12,12,4
942,46,14,14,6
809,41,9,9,1
165,37,5,5,5
563,51,19,3,3
192,0,0,0,0
435,51,19,3,3
489,41,9,9,1
542,30,30,14,6
910,14,14,14,6
156,28,28,12,4
152,24,24,8,0
81,17,17,1,1
886,54,22,6,6
82,18,18,2,2
718,14,14,14,6
809,41,9,9,1
477,29,29,13,5
264,8,8,8,0
182,54,22,6,6
98,34,2,2,2
16,16,16,0,0
832,0,0,0,0
436,52,20,4,4
154,26,26,10,2
171,43,11,11,3
10,10,10,10,2
32,32,0,0,0
678,38,6,6,6
631,55,23,7,7
625,49,17,1,1
20,20,20,4,4
256,0,0,0,0
862,30,30,14,6
809,41,9,9,1
492,44,12,12,4
764,60,28,12,4
828,60,28,12,4
203,11,11,11,3
159,31,31,15,7
620,44,12,12,4
196,4,4,4,4
643,3,3,3,3
492,44,12,12,4
941,45,13,13,5
527,15,15,15,7
904,8,8,8,0
56,56,24,8,0
490,42,10,10,2
465,17,17,1,1
468,20,20,4,4
135,7,7,7,7
59,59,27,11,3
161,33,1,1,1
312,56,24,8,0
447,63,31,15,7
268,12,12,12,4
411,27,27,11,3
15,15,15,15,7
990,30,30,14,6
842,10,10,10,2
697,57,25,9,1
990,30,30,14,6
787,19,19,3,3
233,41,9,9,1
470,22,22,6,6
229,37,5,5,5
31,31,31,15,7
764,60,28,12,4
324,4,4,4,4
286,30,30,14,6
465,17,17,1,1
604,28,28,12,4
70,6,6,6,6
355,35,3,3,3
816,48,16,0,0
140,12,12,12,4
181,53,21,5,5
864,32,0,0,0
380,60,28,12,4
624,48,16,0,0
238,46,14,14,6
907,11,11,11,3
579,3,3,3,3
965,5,5,5,5
282,26,26,10,2
475,27,27,11,3
468,20,20,4,4
246,54,22,6,6
799,31,31,15,7
626,50,18,2,2
589,13,13,13,5
259,3,3,3,3
588,12,12,12,4
40,40,8,8,0
733,29,29,13,5
814,46,14,14,6
229,37,5,5,5
3,3,3,3,3
660,20,20,4,4
150,22,22,6,6
483,35,3,3,3
303,47,15,15,7
223,31,31,15,7
519,7,7,7,7
785,17,17,1,1
460,12,12,12,4
213,21,21,5,5
407,23,23,7,7
611,35,3,3,3
842,10,10,10,2
410,26,26,10,2
796,28,28,12,4
424,40,8,8,0
224,32,0,0,0
752,48,16,0,0
169,41,9,9,1
768,0,0,0,0
451,3,3,3,3
936,40,8,8,0
0,0,0,0,0
278,22,22,6,6
158,30,30,14,6
915,19,19,3,3
25,25,25,9,1
926,30,30,14,6
596,20,20,4,4
649,9,9,9,1
705,1,1,1,1
188,60,28,12,4
325,5,5,5,5
201,9,9,9,1
416,32,0,0,0
601,25,25,9,1
134,6,6,6,6
659,19,19,3,3
137,9,9,9,1
344,24,24,8,0
112,48,16,0,0
865,33,1,1,1
790,22,22,6,6
287,31,31,15,7
116,52,20,4,4
851,19,19,3,3
238,46,14,14,6
61,61,29,13,5
569,57,25,9,1
194,2,2,2,2
739,35,3,3,3
267,11,11,11,3
730,26,26,10,2
948,52,20,4,4
207,15,15,15,7
660,20,20,4,4
264,8,8,8,0
98,34,2,2,2
185,57,25,9,1
134,6,6,6,6
102,38,6,6,6
291,35,3,3,3
943,47,15,15,7
985,25,25,9,1
229,37,5,5,5
241,49,17,1,1
138,10,10,10,2
104,40,8,8,0
682,42,10,10,2
675,35,3,3,3
176,48,16,0,0
586,10,10,10,2
157,29,29,13,5
166,38,6,6,6
523,11,11,11,3
350,30,30,14,6
589,13,13,13,5
893,61,29,13,5
938,42,10,10,2
414,30,30,14,6
180,52,20,4,4
535,23,23,7,7
749,45,13,13,5
356,36,4,4,4
11,11,11,11,3
924,28,28,12,4
454,6,6,6,6
395,11,11,11,3
787,19,19,3,3
864,32,0,0,0
151,23,23,7,7
155,27,27,11,3
263,7,7,7,7
914,18,18,2,2
563,51,19,3,3
217,25,25,9,1
44,44,12,12,4
167,39,7,7,7
803,35,3,3,3
275,19,19,3,3
897,1,1,1,1
782,14,14,14,6
200,8,8,8,0
283,27,27,11,3
830,62,30,14,6
401,17,17,1,1
800,32,0,0,0
703,63,31,15,7
763,59,27,11,3
155,27,27,11,3
519,7,7,7,7
307,51,19,3,3
390,6,6,6,6
2,2,2,2,2
7,7,7,7,7
970,10,10,10,2
902,6,6,6,6
977,17,17,1,1
191,63,31,15,7
213,21,21,5,5
508,60,28,12,4
57,57,25,9,1
999,39,7,7,7
356,36,4,4,4
450,2,2,2,2
278,22,22,6,6
219,27,27,11,3
396,12,12,12,4
908,12,12,12,4
165,37,5,5,5
543,31,31,15,7
278,22,22,6,6
972,12,12,12,4
926,30,30,14,6
150,22,22,6,6
813,45,13,13,5
19,19,19,3,3
882,50,18,2,2
72,8,8,8,0
481,33,1,1,1
632,56,24,8,0
269,13,13,13,5
101,37,5,5,5
693,53,21,5,5
259,3,3,3,3
459,11,11,11,3
717,13,13,13,5
461,13,13,13,5
941,45,13,13,5
851,19,19,3,3
450,2,2,2,2
835,3,3,3,3
996,36,4,4,4
33,33,1,1,1
829,61,29,13,5
669,29,29,13,5
996,36,4,4,4
675,35,3,3,3
802,34,2,2,2
0,0,0,0,0
275,19,19,3,3
191,63,31,15,7
686,46,14,14,6
501,53,21,5,5
315,59,27,11,3
20,20,20,4,4
112,48,16,0,0
121,57,25,9,1
536,24,24,8,0
166,38,6,6,6
640,0,0,0,0
81,17,17,1,1
670,30,30,14,6
62,62,30,14,6
293,37,5,5,5
797,29,29,13,5
301,45,13,13,5
796,28,28,12,4
926,30,30,14,6
511,63,31,15,7
333,13,13,13,5
719,15,15,15,7
229,37,5,5,5
787,19,19,3,3
914,18,18,2,2
763,59,27,11,3
937,41,9,9,1
543,31,31,15,7
499,51,19,3,3
843,11,11,11,3
417,33,1,1,1
968,8,8,8,0
268,12,12,12,4
870,38,6,6,6
653,13,13,13,5
592,16,16,0,0
367,47,15,15,7
468,20,20,4,4
594,18,18,2,2
138,10,10,10,2
884,52,20,4,4
110,46,14,14,6
789,21,21,5,5
616,40,8,8,0
734,30,30,14,6
703,63,31,15,7
706,2,2,2,2
910,14,14,14,6
607,31,31,15,7
177,49,17,1,1
38,38,6,6,6
254,62,30,14,6
541,29,29,13,5
621,45,13,13,5
12,12,12,12,4
381,61,29,13,5
372,52,20,4,4
677,37,5,5,5
760,56,24,8,0
551,39,7,7,7
542,30,30,14,6
697,57,25,9,1
978,18,18,2,2
687,47,15,15,7
685,45,13,13,5
464,16,16,0,0
774,6,6,6,6
431,47,15,15,7
891,59,27,11,3
587,11,11,11,3
455,7,7,7,7
624,48,16,0,0
298,42,10,10,2
146,18,18,2,2
162,34,2,2,2
91,27,27,11,3
500,52,20,4,4
597,21,21,5,5
555,43,11,11,3
932,36,4,4,4
258,2,2,2,2
195,3,3,3,3
870,38,6,6,6
175,47,15,15,7
955,59,27,11,3
195,3,3,3,3
469,21,21,5,5
565,53,21,5,5
971,11,11,11,3
757,53,21,5,5
503,55,23,7,7
260,4,4,4,4
402,18,18,2,2
233,41,9,9,1
584,8,8,8,0
35,35,3,3,3
493,45,13,13,5
641,1,1,1,1
240,48,16,0,0
258,2,2,2,2
310,54,22,6,6
740,36,4,4,4
426,42,10,10,2
798,30,30,14,6
786,18,18,2,2
500,52,20,4,4
844,12,12,12,4
870,38,6,6,6
736,32,0,0,0
502,54,22,6,6
178,50,18,2,2
138,10,10,10,2
680,40,8,8,0
539,27,27,11,3
498,50,18,2,2
686,46,14,14,6
462,14,14,14,6
44,44,12,12,4
333,13,13,13,5
92,28,28,12,4
664,24,24,8,0
16,16,16,0,0
767,63,31,15,7
46,46,14,14,6
675,35,3,3,3
957,61,29,13,5
620,44,12,12,4
758,54,22,6,6
30,30,30,14,6
960,0,0,0,0
417,33,1,1,1
582,6,6,6,6
234,42,10,10,2
496,48,16,0,0
442,58,26,10,2
689,49,17,1,1
637,61,29,13,5
312,56,24,8,0
88,24,24,8,0
641,1,1,1,1
4,4,4,4,4
749,45,13,13,5
11,11,11,11,3
658,18,18,2,2
664,24,24,8,0
833,1,1,1,1
388,4,4,4,4
575,63,31,15,7
927,31,31,15,7
71,7,7,7,7
191,63,31,15,7
151,23,23,7,7
747,43,11,11,3
402,18,18,2,2
889,57,25,9,1
867,35,3,3,3
324,4,4,4,4
866,34,2,2,2
748,44,12,12,4
119,55,23,7,7
3,3,3,3,3
726,22,22,6,6
848,16,16,0,0
915,19,19,3,3
567,55,23,7,7
757,53,21,5,5
139,11,11,11,3
860,28,28,12,4
868,36,4,4,4
440,56,24,8,0
695,55,23,7,7
176,48,16,0,0
538,26,26,10,2
31,31,31,15,7
419,35,3,3,3
256,0,0,0,0
298,42,10,10,2
376,56,24,8,0
140,12,12,12,4
53,53,21,5,5
748,44,12,12,4
657,17,17,1,1
136,8,8,8,0
793,25,25,9,1
2,2,2,2,2
277,21,21,5,5
31,31,31,15,7
256,0,0,0,0
111,47,15,15,7
29,29,29,13,5
456,8,8,8,0
891,59,27,11,3
754,50,18,2,2
774,6,6,6,6
530,18,18,2,2
505,57,25,9,1
189,61,29,13,5
759,55,23,7,7
924,28,28,12,4
259,3,3,3,3
285,29,29,13,5
936,40,8,8,0
502,54,22,6,6
259,3,3,3,3
319,63,31,15,7
675,35,3,3,3
24,24,24,8,0
365,45,13,13,5
675,35,3,3,3
869,37,5,5,5
80,16,16,0,0
395,11,11,11,3
973,13,13,13,5
57,57,25,9,1
604,28,28,12,4
581,5,5,5,5
27,27,27,11,3
226,34,2,2,2
767,63,31,15,7
162,34,2,2,2
534,22,22,6,6
769,1,1,1,1
932,36,4,4,4
97,33,1,1,1
117,53,21,5,5
467,19,19,3,3
357,37,5,5,5
709,5,5,5,5
667,27,27,11,3
988,28,28,12,4
565,53,21,5,5
846,14,14,14,6
311,55,23,7,7
696,56,24,8,0
705,1,1,1,1
94,30,30,14,6
650,10,10,10,2
898,2,2,2,2
894,62,30,14,6
30,30,30,14,6
851,19,19,3,3
855,23,23,7,7
653,13,13,13,5
901,5,5,5,5
903,7,7,7,7
460,12,12,12,4
605,29,29,13,5
861,29,29,13,5
662,22,22,6,6
861,29,29,13,5
951,55,23,7,7
562,50,18,2,2
563,51,19,3,3
817,49,17,1,1
807,39,7,7,7
20,20,20,4,4
237,45,13,13,5
407,23,23,7,7
883,51,19,3,3
374,54,22,6,6
247,55,23,7,7
260,4,4,4,4
883,51,19,3,3
485,37,5,5,5
302,46,14,14,6
951,55,23,7,7
918,22,22,6,6
433,49,17,1,1
266,10,10,10,2
13,13,13,13,5
968,8,8,8,0
435,51,19,3,3
275,19,19,3,3
392,8,8,8,0
771,3,3,3,3
334,14,14,14,6
163,35,3,3,3
696,56,24,8,0
948,52,20,4,4
743,39,7,7,7
849,17,17,1,1
580,4,4,4,4
688,48,16,0,0
173,45,13,13,5
869,37,5,5,5
212,20,20,4,4
936,40,8,8,0
271,15,15,15,7
20,20,20,4,4
400,16,16,0,0
436,52,20,4,4
761,57,25,9,1
802,34,2,2,2
600,24,24,8,0
61,61,29,13,5
822,54,22,6,6
846,14,14,14,6
495,47,15,15,7
661,21,21,5,5
779,11,11,11,3
844,12,12,12,4
419,35,3,3,3
588,12,12,12,4
280,24,24,8,0
34,34,2,2,2
881,49,17,1,1
511,63,31,15,7
331,11,11,11,3
806,38,6,6,6
688,48,16,0,0
574,62,30,14,6
479,31,31,15,7
186,58,26,10,2
41,41,9,9,1
965,5,5,5,5
552,40,8,8,0
291,35,3,3,3
302,46,14,14,6
817,49,17,1,1
946,50,18,2,2
414,30,30,14,6
794,26,26,10,2
271,15,15,15,7
843,11,11,11,3
58,58,26,10,2
731,27,27,11,3
905,9,9,9,1
344,24,24,8,0
917,21,21,5,5
458,10,10,10,2
281,25,25,9,1
376,56,24,8,0
917,21,21,5,5
419,35,3,3,3
544,32,0,0,0
144,16,16,0,0
224,32,0,0,0
7,7,7,7,7
267,11,11,11,3
599,23,23,7,7
908,12,12,12,4
579,3,3,3,3
115,51,19,3,3
430,46,14,14,6
316,60,28,12,4
947,51,19,3,3
123,59,27,11,3
415,31,31,15,7
264,8,8,8,0
545,33,1,1,1
100,36,4,4,4
660,20,20,4,4
717,13,13,13,5
996,36,4,4,4
828,60,28,12,4
742,38,6,6,6
560,48,16,0,0
955,59,27,11,3
171,43,11,11,3
124,60,28,12,4
823,55,23,7,7
624,48,16,0,0
225,33,1,1,1
267,11,11,11,3
135,7,7,7,7
453,5,5,5,5
739,35,3,3,3
784,16,16,0,0
987,27,27,11,3
233,41,9,9,1
453,5,5,5,5
587,11,11,11,3
297,41,9,9,1
817,49,17,1,1
60,60,28,12,4
844,12,12,12,4
817,49,17,1,1
960,0,0,0,0
425,41,9,9,1
997,37,5,5,5
187,59,27,11,3
724,20,20,4,4
50,50,18,2,2
644,4,4,4,4
981,21,21,5,5
573,61,29,13,5
424,40,8,8,0
850,18,18,2,2
817,49,17,1,1
589,13,13,13,5
771,3,3,3,3
369,49,17,1,1
302,46,14,14,6
374,54,22,6,6
226,34,2,2,2
36,36,4,4,4
218,26,26,10,2
990,30,30,14,6
545,33,1,1,1
174,46,14,14,6
375,55,23,7,7
430,46,14,14,6
414,30,30,14,6
574,62,30,14,6
215,23,23,7,7
927,31,31,15,7
156,28,28,12,4
307,51,19,3,3
470,22,22,6,6
330,10,10,10,2
538,26,26,10,2
624,48,16,0,0
318,62,30,14,6
61,61,29,13,5
97,33,1,1,1
876,44,12,12,4
44,44,12,12,4
444,60,28,12,4
995,35,3,3,3
419,35,3,3,3
710,6,6,6,6
556,44,12,12,4
768,0,0,0,0
576,0,0,0,0
299,43,11,11,3
734,30,30,14,6
208,16,16,0,0
95,31,31,15,7
648,8,8,8,0
965,5,5,5,5
463,15,15,15,7
607,31,31,15,7
332,12,12,12,4
15,15,15,15,7
452,4,4,4,4
901,5,5,5,5
975,15,15,15,7
678,38,6,6,6
941,45,13,13,5
326,6,6,6,6
352,32,0,0,0
90,26,26,10,2
775,7,7,7,7
226,34,2,2,2
913,17,17,1,1
454,6,6,6,6
921,25,25,9,1
952,56,24,8,0
636,60,28,12,4
672,32,0,0,0
667,27,27,11,3
465,17,17,1,1
885,53,21,5,5
997,37,5,5,5
734,30,30,14,6
781,13,13,13,5
567,55,23,7,7
441,57,25,9,1
715,11,11,11,3
322,2,2,2,2
769,1,1,1,1
508,60,28,12,4
428,44,12,12,4
267,11,11,11,3
665,25,25,9,1
671,31,31,15,7
896,0,0,0,0
906,10,10,10,2
514,2,2,2,2
645,5,5,5,5
747,43,11,11,3
478,30,30,14,6
208,16,16,0,0
676,36,4,4,4
245,53,21,5,5
760,56,24,8,0
423,39,7,7,7
770,2,2,2,2
129,1,1,1,1
38,38,6,6,6
966,6,6,6,6
317,61,29,13,5
986,26,26,10,2
78,14,14,14,6
904,8,8,8,0
68,4,4,4,4
602,26,26,10,2
599,23,23,7,7
131,3,3,3,3
48,48,16,0,0
665,25,25,9,1
57,57,25,9,1
350,30,30,14,6
628,52,20,4,4
663,23,23,7,7
431,47,15,15,7
725,21,21,5,5
127,63,31,15,7
254,62,30,14,6
131,3,3,3,3
301,45,13,13,5
260,4,4,4,4
87,23,23,7,7
991,31,31,15,7
941,45,13,13,5
957,61,29,13,5
489,41,9,9,1
601,25,25,9,1
839,7,7,7,7
300,44,12,12,4
965,5,5,5,5
680,40,8,8,0
832,0,0,0,0
425,41,9,9,1
564,52,20,4,4
885,53,21,5,5
658,18,18,2,2
636,60,28,12,4
220,28,28,12,4
841,9,9,9,1
666,26,26,10,2
245,53,21,5,5
18,18,18,2,2
952,56,24,8,0
633,57,25,9,1
809,41,9,9,1
780,12,12,12,4
110,46,14,14,6
944,48,16,0,0
36,36,4,4,4
405,21,21,5,5
656,16,16,0,0
922,26,26,10,2
284,28,28,12,4
610,34,2,2,2
761,57,25,9,1
675,35,3,3,3
915,19,19,3,3
32,32,0,0,0
480,32,0,0,0
740,36,4,4,4
966,6,6,6,6
337,17,17,1,1
198,6,6,6,6
629,53,21,5,5
449,1,1,1,1
8,8,8,8,0
909,13,13,13,5
48,48,16,0,0
982,22,22,6,6
291,35,3,3,3
687,47,15,15,7
665,25,25,9,1
623,47,15,15,7
353,33,1,1,1
672,32,0,0,0
523,11,11,11,3
457,9,9,9,1
587,11,11,11,3
200,8,8,8,0
165,37,5,5,5
329,9,9,9,1
179,51,19,3,3
251,59,27,11,3
462,14,14,14,6
818,50,18,2,2
377,57,25,9,1
281,25,25,9,1
319,63,31,15,7
722,18,18,2,2
800,32,0,0,0
392,8,8,8,0
438,54,22,6,6
898,2,2,2,2
279,23,23,7,7
22,22,22,6,6
268,12,12,12,4
521,9,9,9,1
590,14,14,14,6
575,63,31,15,7
419,35,3,3,3
566,54,22,6,6
432,48,16,0,0
102,38,6,6,6
419,35,3,3,3
37,37,5,5,5
919,23,23,7,7
453,5,5,5,5
296,40,8,8,0
871,39,7,7,7
936,40,8,8,0
323,3,3,3,3
445,61,29,13,5
246,54,22,6,6
151,23,23,7,7
281,25,25,9,1
52,52,20,4,4
913,17,17,1,1
434,50,18,2,2
996,36,4,4,4
335,15,15,15,7
740,36,4,4,4
67,3,3,3,3
901,5,5,5,5
346,26,26,10,2
445,61,29,13,5
498,50,18,2,2
38,38,6,6,6
788,20,20,4,4
888,56,24,8,0
445,61,29,13,5
808,40,8,8,0
782,14,14,14,6
210,18,18,2,2
939,43,11,11,3
304,48,16,0,0
999,39,7,7,7
349,29,29,13,5
27,27,27,11,3
325,5,5,5,5
286,30,30,14,6
976,16,16,0,0
369,49,17,1,1
864,32,0,0,0
590,14,14,14,6
1,1,1,1,1
358,38,6,6,6
608,32,0,0,0
913,17,17,1,1
652,12,12,12,4
99,35,3,3,3
399,15,15,15,7
676,36,4,4,4
231,39,7,7,7
455,7,7,7,7
456,8,8,8,0
95,31,31,15,7
41,41,9,9,1
176,48,16,0,0
20,20,20,4,4
955,59,27,11,3
130,2,2,2,2
705,1,1,1,1
527,15,15,15,7
990,30,30,14,6
121,57,25,9,1
847,15,15,15,7
959,63,31,15,7
729,25,25,9,1
517,5,5,5,5
505,57,25,9,1
582,6,6,6,6
222,30,30,14,6
44,44,12,12,4
275,19,19,3,3
215,23,23,7,7
971,11,11,11,3
861,29,29,13,5
992,32,0,0,0
349,29,29,13,5
743,39,7,7,7
887,55,23,7,7
68,4,4,4,4
662,22,22,6,6
47,47,15,15,7
150,22,22,6,6
814,46,14,14,6
990,30,30,14,6
164,36,4,4,4
462,14,14,14,6
153,25,25,9,1
102,38,6,6,6
581,5,5,5,5
659,19,19,3,3
904,8,8,8,0
218,26,26,10,2
480,32,0,0,0
569,57,25,9,1
6,6,6,6,6
236,44,12,12,4
501,53,21,5,5
445,61,29,13,5
506,58,26,10,2
295,39,7,7,7
438,54,22,6,6
417,33,1,1,1
199,7,7,7,7
725,21,21,5,5
455,7,7,7,7
906,10,10,10,2
619,43,11,11,3
446,62,30,14,6
716,12,12,12,4
57,57,25,9,1
277,21,21,5,5
685,45,13,13,5
75,11,11,11,3
974,14,14,14,6
580,4,4,4,4
853,21,21,5,5
284,28,28,12,4
585,9,9,9,1
916,20,20,4,4
996,36,4,4,4
101,37,5,5,5
341,21,21,5,5
852,20,20,4,4
344,24,24,8,0
157,29,29,13,5
830,62,30,14,6
475,27,27,11,3
947,51,19,3,3
256,0,0,0,0
972,12,12,12,4
953,57,25,9,1
857,25,25,9,1
977,17,17,1,1
395,11,11,11,3
711,7,7,7,7
581,5,5,5,5
429,45,13,13,5
505,57,25,9,1
607,31,31,15,7
343,23,23,7,7
664,24,24,8,0
94,30,30,14,6
728,24,24,8,0
322,2,2,2,2
439,55,23,7,7
995,35,3,3,3
582,6,6,6,6
909,13,13,13,5
202,10,10,10,2
400,16,16,0,0
232,40,8,8,0
648,8,8,8,0
382,62,30,14,6
888,56,24,8,0
197,5,5,5,5
461,13,13,13,5
806,38,6,6,6
226,34,2,2,2
101,37,5,5,5
192,0,0,0,0
917,21,21,5,5
873,41,9,9,1
655,15,15,15,7
648,8,8,8,0
815,47,15,15,7
626,50,18,2,2
620,44,12,12,4
277,21,21,5,5
209,17,17,1,1
191,63,31,15,7
218,26,26,10,2
342,22,22,6,6
589,13,13,13,5
110,46,14,14,6
438,54,22,6,6
600,24,24,8,0
273,17,17,1,1
257,1,1,1,1
628,52,20,4,4
855,23,23,7,7
303,47,15,15,7
837,5,5,5,5
958,62,30,14,6
562,50,18,2,2
324,4,4,4,4
265,9,9,9,1
880,48,16,0,0
746,42,10,10,2
728,24,24,8,0
152,24,24,8,0
723,19,19,3,3
492,44,12,12,4
177,49,17,1,1
594,18,18,2,2
142,14,14,14,6
139,11,11,11,3
712,8,8,8,0
817,49,17,1,1
507,59,27,11,3
475,27,27,11,3
938,42,10,10,2
715,11,11,11,3
903,7,7,7,7
2,2,2,2,2
533,21,21,5,5
145,17,17,1,1
963,3,3,3,3
274,18,18,2,2
923,27,27,11,3
858,26,26,10,2
783,15,15,15,7
356,36,4,4,4
22,22,22,6,6
996,36,4,4,4
213,21,21,5,5
468,20,20,4,4
603,27,27,11,3
721,17,17,1,1
452,4,4,4,4
608,32,0,0,0
976,16,16,0,0
588,12,12,12,4
443,59,27,11,3
481,33,1,1,1
921,25,25,9,1
59,59,27,11,3
438,54,22,6,6
428,44,12,12,4
538,26,26,10,2
473,25,25,9,1
64,0,0,0,0
371,51,19,3,3
138,10,10,10,2
887,55,23,7,7
414,30,30,14,6
972,12,12,12,4
586,10,10,10,2
304,48,16,0,0
833,1,1,1,1
923,27,27,11,3
21,21,21,5,5
391,7,7,7,7
121,57,25,9,1
96,32,0,0,0
571,59,27,11,3
409,25,25,9,1
198,6,6,6,6
819,51,19,3,3
979,19,19,3,3
747,43,11,11,3
446,62,30,14,6
860,28,28,12,4
561,49,17,1,1
907,11,11,11,3
50,50,18,2,2
447,63,31,15,7
759,55,23,7,7
712,8,8,8,0
352,32,0,0,0
610,34,2,2,2
711,7,7,7,7
60,60,28,12,4
624,48,16,0,0
311,55,23,7,7
764,60,28,12,4
763,59,27,11,3
53,53,21,5,5
456,8,8,8,0
50,50,18,2,2
246,54,22,6,6
264,8,8,8,0
615,39,7,7,7
339,19,19,3,3
395,11,11,11,3
190,62,30,14,6
24,24,24,8,0
251,59,27,11,3
490,42,10,10,2
198,6,6,6,6
845,13,13,13,5
91,27,27,11,3
356,36,4,4,4
967,7,7,7,7
630,54,22,6,6
583,7,7,7,7
616,40,8,8,0
298,42,10,10,2
322,2,2,2,2
539,27,27,11,3
330,10,10,10,2
564,52,20,4,4
812,44,12,12,4
398,14,14,14,6
190,62,30,14,6
565,53,21,5,5
282,26,26,10,2
834,2,2,2,2
781,13,13,13,5
668,28,28,12,4
956,60,28,12,4
243,51,19,3,3
253,61,29,13,5
887,55,23,7,7
16,16,16,0,0
376,56,24,8,0
590,14,14,14,6
460,12,12,12,4
179,51,19,3,3
747,43,11,11,3
621,45,13,13,5
157,29,29,13,5
907,11,11,11,3
555,43,11,11,3
938,42,10,10,2
496,48,16,0,0
808,40,8,8,0
908,12,12,12,4
189,61,29,13,5
877,45,13,13,5
462,14,14,14,6
686,46,14,14,6
81,17,17,1,1
470,22,22,6,6
569,57,25,9,1
329,9,9,9,1
322,2,2,2,2
885,53,21,5,5
186,58,26,10,2
146,18,18,2,2
173,45,13,13,5
568,56,24,8,0
587,11,11,11,3
400,16,16,0,0
763,59,27,11,3
638,62,30,14,6
140,12,12,12,4
201,9,9,9,1
245,53,21,5,5
928,32,0,0,0
953,57,25,9,1
619,43,11,11,3
332,12,12,12,4
227,35,3,3,3
265,9,9,9,1
980,20,20,4,4
27,27,27,11,3
147,19,19,3,3
232,40,8,8,0
853,21,21,5,5
780,12,12,12,4
75,11,11,11,3
606,30,30,14,6
499,51,19,3,3
535,23,23,7,7
19,19,19,3,3
146,18,18,2,2
200,8,8,8,0
785,17,17,1,1
137,9,9,9,1
434,50,18,2,2
722,18,18,2,2
693,53,21,5,5
419,35,3,3,3
694,54,22,6,6
658,18,18,2,2
302,46,14,14,6
571,59,27,11,3
281,25,25,9,1
660,20,20,4,4
102,38,6,6,6
297,41,9,9,1
446,62,30,14,6
238,46,14,14,6
651,11,11,11,3
420,36,4,4,4
814,46,14,14,6
543,31,31,15,7
450,2,2,2,2
925,29,29,13,5
367,47,15,15,7
575,63,31,15,7
713,9,9,9,1
357,37,5,5,5
874,42,10,10,2
217,25,25,9,1
386,2,2,2,2
568,56,24,8,0
630,54,22,6,6
733,29,29,13,5
483,35,3,3,3
32,32,0,0,0
901,5,5,5,5
174,46,14,14,6
223,31,31,15,7
481,33,1,1,1
348,28,28,12,4
578,2,2,2,2
760,56,24,8,0
189,61,29,13,5
885,53,21,5,5
346,26,26,10,2
53,53,21,5,5
382,62,30,14,6
415,31,31,15,7
217,25,25,9,1
199,7,7,7,7
142,14,14,14,6
467,19,19,3,3
941,45,13,13,5
103,39,7,7,7
458,10,10,10,2
269,13,13,13,5
255,63,31,15,7
341,21,21,5,5
683,43,11,11,3
241,49,17,1,1
693,53,21,5,5
713,9,9,9,1
763,59,27,11,3
440,56,24,8,0
442,58,26,10,2
178,50,18,2,2
650,10,10,10,2
226,34,2,2,2
549,37,5,5,5
665,25,25,9,1
368,48,16,0,0
180,52,20,4,4
3,3,3,3,3
259,3,3,3,3
956,60,28,12,4
568,56,24,8,0
798,30,30,14,6
723,19,19,3,3
750,46,14,14,6
993,33,1,1,1
387,3,3,3,3
452,4,4,4,4
141,13,13,13,5
196,4,4,4,4
482,34,2,2,2
378,58,26,10,2
877,45,13,13,5
189,61,29,13,5
397,13,13,13,5
847,15,15,15,7
306,50,18,2,2
670,30,30,14,6
609,33,1,1,1
449,1,1,1,1
576,0,0,0,0
942,46,14,14,6
433,49,17,1,1
493,45,13,13,5
997,37,5,5,5
904,8,8,8,0
853,21,21,5,5
347,27,27,11,3
46,46,14,14,6
792,24,24,8,0
553,41,9,9,1
70,6,6,6,6
807,39,7,7,7
486,38,6,6,6
738,34,2,2,2
340,20,20,4,4
206,14,14,14,6
849,17,17,1,1
634,58,26,10,2
468,20,20,4,4
222,30,30,14,6
601,25,25,9,1
507,59,27,11,3
472,24,24,8,0
263,7,7,7,7
960,0,0,0,0
675,35,3,3,3
664,24,24,8,0
328,8,8,8,0
243,51,19,3,3
123,59,27,11,3
346,26,26,10,2
732,28,28,12,4
25,25,25,9,1
791,23,23,7,7
478,30,30,14,6
256,0,0,0,0
710,6,6,6,6
620,44,12,12,4
544,32,0,0,0
853,21,21,5,5
971,11,11,11,3
419,35,3,3,3
660,20,20,4,4
429,45,13,13,5
95,31,31,15,7
705,1,1,1,1
959,63,31,15,7
624,48,16,0,0
301,45,13,13,5
137,9,9,9,1
628,52,20,4,4
112,48,16,0,0
636,60,28,12,4
398,14,14,14,6
534,22,22,6,6
528,16,16,0,0
41,41,9,9,1
899,3,3,3,3
301,45,13,13,5
873,41,9,9,1
35,35,3,3,3
629,53,21,5,5
232,40,8,8,0
556,44,12,12,4
384,0,0,0,0
888,56,24,8,0
27,27,27,11,3
268,12,12,12,4
528,16,16,0,0
222,30,30,14,6
296,40,8,8,0
639,63,31,15,7
590,14,14,14,6
343,23,23,7,7
280,24,24,8,0
222,30,30,14,6
275,19,19,3,3
875,43,11,11,3
43,43,11,11,3
538,26,26,10,2
655,15,15,15,7
989,29,29,13,5
419,35,3,3,3
469,21,21,5,5
564,52,20,4,4
63,63,31,15,7
853,21,21,5,5
73,9,9,9,1
274,18,18,2,2
322,2,2,2,2
879,47,15,15,7
217,25,25,9,1
408,24,24,8,0
217,25,25,9,1
536,24,24,8,0
470,22,22,6,6
361,41,9,9,1
361,41,9,9,1
332,12,12,12,4
352,32,0,0,0
608,32,0,0,0
844,12,12,12,4
883,51,19,3,3
303,47,15,15,7
187,59,27,11,3
537,25,25,9,1
772,4,4,4,4
83,19,19,3,3
546,34,2,2,2
540,28,28,12,4
998,38,6,6,6
969,9,9,9,1
620,44,12,12,4
600,24,24,8,0
470,22,22,6,6
165,37,5,5,5
411,27,27,11,3
5,5,5,5,5
721,17,17,1,1
684,44,12,12,4
597,21,21,5,5
59,59,27,11,3
133,5,5,5,5
420,36,4,4,4
865,33,1,1,1
185,57,25,9,1
149,21,21,5,5
163,35,3,3,3
594,18,18,2,2
62,62,30,14,6
432,48,16,0,0
216,24,24,8,0
940,44,12,12,4
706,2,2,2,2
532,20,20,4,4
111,47,15,15,7
79,15,15,15,7
884,52,20,4,4
346,26,26,10,2
306,50,18,2,2
925,29,29,13,5
949,53,21,5,5
209,17,17,1,1
457,9,9,9,1
3,3,3,3,3
112,48,16,0,0
285,29,29,13,5
675,35,3,3,3
133,5,5,5,5
137,9,9,9,1
232,40,8,8,0
539,27,27,11,3
643,3,3,3,3
555,43,11,11,3
373,53,21,5,5
806,38,6,6,6
763,59,27,11,3
969,9,9,9,1
470,22,22,6,6
382,62,30,14,6
759,55,23,7,7
481,33,1,1,1
382,62,30,14,6
507,59,27,11,3
370,50,18,2,2
806,38,6,6,6
758,54,22,6,6
387,3,3,3,3
984,24,24,8,0
587,11,11,11,3
737,33,1,1,1
496,48,16,0,0
89,25,25,9,1
560,48,16,0,0
689,49,17,1,1
217,25,25,9,1
865,33,1,1,1
817,49,17,1,1
195,3,3,3,3
517,5,5,5,5
984,24,24,8,0
712,8,8,8,0
75,11,11,11,3
734,30,30,14,6
296,40,8,8,0
484,36,4,4,4
338,18,18,2,2
869,37,5,5,5
742,38,6,6,6
514,2,2,2,2
936,40,8,8,0
414,30,30,14,6
66,2,2,2,2
909,13,13,13,5
675,35,3,3,3
966,6,6,6,6
235,43,11,11,3
546,34,2,2,2
635,59,27,11,3
426,42,10,10,2
593,17,17,1,1
751,47,15,15,7
315,59,27,11,3
427,43,11,11,3
323,3,3,3,3
188,60,28,12,4
935,39,7,7,7
587,11,11,11,3
621,45,13,13,5
967,7,7,7,7
765,61,29,13,5
997,37,5,5,5
546,34,2,2,2
554,42,10,10,2
330,10,10,10,2
443,59,27,11,3
704,0,0,0,0
631,55,23,7,7
389,5,5,5,5
25,25,25,9,1
262,6,6,6,6
103,39,7,7,7
279,23,23,7,7
506,58,26,10,2
184,56,24,8,0
402,18,18,2,2
70,6,6,6,6
125,61,29,13,5
995,35,3,3,3
299,43,11,11,3
903,7,7,7,7
546,34,2,2,2
649,9,9,9,1
593,17,17,1,1
295,39,7,7,7
704,0,0,0,0
814,46,14,14,6
457,9,9,9,1
775,7,7,7,7
674,34,2,2,2
306,50,18,2,2
390,6,6,6,6
491,43,11,11,3
771,3,3,3,3
892,60,28,12,4
980,20,20,4,4
998,38,6,6,6
83,19,19,3,3
929,33,1,1,1
12,12,12,12,4
349,29,29,13,5
119,55,23,7,7
828,60,28,12,4
443,59,27,11,3
178,50,18,2,2
628,52,20,4,4
338,18,18,2,2
359,39,7,7,7
649,9,9,9,1
852,20,20,4,4
957,61,29,13,5
986,26,26,10,2
755,51,19,3,3
821,53,21,5,5
457,9,9,9,1
78,14,14,14,6
906,10,10,10,2
813,45,13,13,5
551,39,7,7,7
365,45,13,13,5
313,57,25,9,1
670,30,30,14,6
837,5,5,5,5
177,49,17,1,1
305,49,17,1,1
602,26,26,10,2
180,52,20,4,4
211,19,19,3,3
630,54,22,6,6
11,11,11,11,3
679,39,7,7,7
160,32,0,0,0
848,16,16,0,0
179,51,19,3,3
881,49,17,1,1
934,38,6,6,6
100,36,4,4,4
800,32,0,0,0
786,18,18,2,2
534,22,22,6,6
114,50,18,2,2
325,5,5,5,5
669,29,29,13,5
631,55,23,7,7
923,27,27,11,3
156,28,28,12,4
222,30,30,14,6
800,32,0,0,0
781,13,13,13,5
809,41,9,9,1
391,7,7,7,7
204,12,12,12,4
756,52,20,4,4
608,32,0,0,0
299,43,11,11,3
179,51,19,3,3
517,5,5,5,5
375,55,23,7,7
937,41,9,9,1
991,31,31,15,7
864,32,0,0,0
842,10,10,10,2
557,45,13,13,5
398,14,14,14,6
916,20,20,4,4
845,13,13,13,5
507,59,27,11,3
957,61,29,13,5
247,55,23,7,7
415,31,31,15,7
773,5,5,5,5
74,10,10,10,2
442,58,26,10,2
576,0,0,0,0
737,33,1,1,1
590,14,14,14,6
926,30,30,14,6
617,41,9,9,1
953,57,25,9,1
685,45,13,13,5
297,41,9,9,1
603,27,27,11,3
803,35,3,3,3
212,20,20,4,4
569,57,25,9,1
585,9,9,9,1
370,50,18,2,2
576,0,0,0,0
999,39,7,7,7
531,19,19,3,3
574,62,30,14,6
61,61,29,13,5
293,37,5,5,5
943,47,15,15,7
287,31,31,15,7
92,28,28,12,4
435,51,19,3,3
626,50,18,2,2
633,57,25,9,1
539,27,27,11,3
435,51,19,3,3
873,41,9,9,1
708,4,4,4,4
408,24,24,8,0
820,52,20,4,4
375,55,23,7,7
520,8,8,8,0
2,2,2,2,2
720,16,16,0,0
248,56,24,8,0
340,20,20,4,4
514,2,2,2,2
880,48,16,0,0
241,49,17,1,1
878,46,14,14,6
621,45,13,13,5
813,45,13,13,5
353,33,1,1,1
820,52,20,4,4
684,44,12,12,4
189,61,29,13,5
73,9,9,9,1
217,25,25,9,1
599,23,23,7,7
222,30,30,14,6
379,59,27,11,3
373,53,21,5,5
237,45,13,13,5
816,48,16,0,0
211,19,19,3,3
760,56,24,8,0
67,3,3,3,3
579,3,3,3,3
569,57,25,9,1
801,33,1,1,1
821,53,21,5,5
856,24,24,8,0
126,62,30,14,6
961,1,1,1,1
583,7,7,7,7
188,60,28,12,4
8,8,8,8,0
347,27,27,11,3
786,18,18,2,2
118,54,22,6,6
75,11,11,11,3
342,22,22,6,6
392,8,8,8,0
746,42,10,10,2
233,41,9,9,1
235,43,11,11,3
462,14,14,14,6
76,12,12,12,4
385,1,1,1,1
704,0,0,0,0
558,46,14,14,6
810,42,10,10,2
560,48,16,0,0
842,10,10,10,2
261,5,5,5,5
701,61,29,13,5
751,47,15,15,7
934,38,6,6,6
256,0,0,0,0
35,35,3,3,3
164,36,4,4,4
684,44,12,12,4
158,30,30,14,6
573,61,29,13,5
385,1,1,1,1
432,48,16,0,0
568,56,24,8,0
232,40,8,8,0
393,9,9,9,1
898,2,2,2,2
705,1,1,1,1
578,2,2,2,2
737,33,1,1,1
56,56,24,8,0
781,13,13,13,5
101,37,5,5,5
381,61,29,13,5
266,10,10,10,2
881,49,17,1,1
58,58,26,10,2
888,56,24,8,0
70,6,6,6,6
157,29,29,13,5
241,49,17,1,1
666,26,26,10,2
711,7,7,7,7
878,46,14,14,6
453,5,5,5,5
730,26,26,10,2
569,57,25,9,1
561,49,17,1,1
505,57,25,9,1
323,3,3,3,3
659,19,19,3,3
21,21,21,5,5
170,42,10,10,2
705,1,1,1,1
705,1,1,1,1
964,4,4,4,4
168,40,8,8,0
875,43,11,11,3
970,10,10,10,2
242,50,18,2,2
596,20,20,4,4
479,31,31,15,7
837,5,5,5,5
942,46,14,14,6
899,3,3,3,3
808,40,8,8,0
626,50,18,2,2
555,43,11,11,3
920,24,24,8,0
569,57,25,9,1
389,5,5,5,5
443,59,27,11,3
837,5,5,5,5
18,18,18,2,2
254,62,30,14,6
966,6,6,6,6
687,47,15,15,7
812,44,12,12,4
56,56,24,8,0
9,9,9,9,1
36,36,4,4,4
889,57,25,9,1
218,26,26,10,2
259,3,3,3,3
219,27,27,11,3
895,63,31,15,7
811,43,11,11,3
698,58,26,10,2
602,26,26,10,2
253,61,29,13,5
755,51,19,3,3
116,52,20,4,4
401,17,17,1,1
104,40,8,8,0
444,60,28,12,4
959,63,31,15,7
177,49,17,1,1
509,61,29,13,5
233,41,9,9,1
491,43,11,11,3
169,41,9,9,1
153,25,25,9,1
248,56,24,8,0
752,48,16,0,0
215,23,23,7,7
901,5,5,5,5
416,32,0,0,0
625,49,17,1,1
705,1,1,1,1
762,58,26,10,2
554,42,10,10,2
536,24,24,8,0
742,38,6,6,6
159,31,31,15,7
543,31,31,15,7
556,44,12,12,4
97,33,1,1,1
420,36,4,4,4
884,52,20,4,4
924,28,28,12,4
428,44,12,12,4
340,20,20,4,4
250,58,26,10,2
13,13,13,13,5
12,12,12,12,4
915,19,19,3,3
615,39,7,7,7
123,59,27,11,3
229,37,5,5,5
905,9,9,9,1
139,11,11,11,3
15,15,15,15,7
876,44,12,12,4
902,6,6,6,6
533,21,21,5,5
946,50,18,2,2
462,14,14,14,6
399,15,15,15,7
844,12,12,12,4
144,16,16,0,0
289,33,1,1,1
290,34,2,2,2
165,37,5,5,5
134,6,6,6,6
261,5,5,5,5
874,42,10,10,2
814,46,14,14,6
534,22,22,6,6
667,27,27,11,3
463,15,15,15,7
682,42,10,10,2
475,27,27,11,3
166,38,6,6,6
286,30,30,14,6
446,62,30,14,6
822,54,22,6,6
613,37,5,5,5
102,38,6,6,6
937,41,9,9,1
673,33,1,1,1
59,59,27,11,3
614,38,6,6,6
871,39,7,7,7
174,46,14,14,6
989,29,29,13,5
745,41,9,9,1
116,52,20,4,4
144,16,16,0,0
407,23,23,7,7
998,38,6,6,6
181,53,21,5,5
273,17,17,1,1
309,53,21,5,5
827,59,27,11,3
90,26,26,10,2
163,35,3,3,3
149,21,21,5,5
116,52,20,4,4
64,0,0,0,0
476,28,28,12,4
856,24,24,8,0
666,26,26,10,2
500,52,20,4,4
80,16,16,0,0
613,37,5,5,5
940,44,12,12,4
103,39,7,7,7
255,63,31,15,7
209,17,17,1,1
605,29,29,13,5
147,19,19,3,3
865,33,1,1,1
680,40,8,8,0
401,17,17,1,1
269,13,13,13,5
826,58,26,10,2
203,11,11,11,3
972,12,12,12,4
100,36,4,4,4
244,52,20,4,4
325,5,5,5,5
725,21,21,5,5
88,24,24,8,0
387,3,3,3,3
315,59,27,11,3
638,62,30,14,6
939,43,11,11,3
647,7,7,7,7
405,21,21,5,5
57,57,25,9,1
564,52,20,4,4
86,22,22,6,6
186,58,26,10,2
392,8,8,8,0
108,44,12,12,4
194,2,2,2,2
195,3,3,3,3
656,16,16,0,0
582,6,6,6,6
30,30,30,14,6
825,57,25,9,1
500,52,20,4,4
498,50,18,2,2
116,52,20,4,4
208,16,16,0,0
572,60,28,12,4
768,0,0,0,0
938,42,10,10,2
473,25,25,9,1
754,50,18,2,2
849,17,17,1,1
446,62,30,14,6
617,41,9,9,1
400,16,16,0,0
454,6,6,6,6
550,38,6,6,6
401,17,17,1,1
921,25,25,9,1
254,62,30,14,6
540,28,28,12,4
120,56,24,8,0
493,45,13,13,5
174,46,14,14,6
492,44,12,12,4
113,49,17,1,1
825,57,25,9,1
153,25,25,9,1
50,50,18,2,2
585,9,9,9,1
628,52,20,4,4
975,15,15,15,7
791,23,23,7,7
711,7,7,7,7
444,60,28,12,4
677,37,5,5,5
555,43,11,11,3
483,35,3,3,3
511,63,31,15,7
549,37,5,5,5
585,9,9,9,1
151,23,23,7,7
415,31,31,15,7
152,24,24,8,0
281,25,25,9,1
276,20,20,4,4
280,24,24,8,0
827,59,27,11,3
190,62,30,14,6
236,44,12,12,4
342,22,22,6,6
276,20,20,4,4
702,62,30,14,6
226,34,2,2,2
956,60,28,12,4
459,11,11,11,3
444,60,28,12,4
986,26,26,10,2
283,27,27,11,3
58,58,26,10,2
674,34,2,2,2
211,19,19,3,3
669,29,29,13,5
576,0,0,0,0
39,39,7,7,7
552,40,8,8,0
166,38,6,6,6
13,13,13,13,5
1,1,1,1,1
131,3,3,3,3
173,45,13,13,5
327,7,7,7,7
193,1,1,1,1
85,21,21,5,5
577,1,1,1,1
169,41,9,9,1
936,40,8,8,0
195,3,3,3,3
109,45,13,13,5
420,36,4,4,4
604,28,28,12,4
942,46,14,14,6
845,13,13,13,5
370,50,18,2,2
404,20,20,4,4
135,7,7,7,7
814,46,14,14,6
856,24,24,8,0
900,4,4,4,4
950,54,22,6,6
360,40,8,8,0
24,24,24,8,0
907,11,11,11,3
870,38,6,6,6
596,20,20,4,4
4,4,4,4,4
663,23,23,7,7
961,1,1,1,1
943,47,15,15,7
415,31,31,15,7
368,48,16,0,0
215,23,23,7,7
576,0,0,0,0
682,42,10,10,2
393,9,9,9,1
952,56,24,8,0
226,34,2,2,2
812,44,12,12,4
752,48,16,0,0
96,32,0,0,0
779,11,11,11,3
904,8,8,8,0
955,59,27,11,3
422,38,6,6,6
986,26,26,10,2
129,1,1,1,1
784,16,16,0,0
693,53,21,5,5
299,43,11,11,3
70,6,6,6,6
622,46,14,14,6
148,20,20,4,4
298,42,10,10,2
89,25,25,9,1
208,16,16,0,0
100,36,4,4,4
945,49,17,1,1
922,26,26,10,2
469,21,21,5,5
366,46,14,14,6
339,19,19,3,3
552,40,8,8,0
116,52,20,4,4
436,52,20,4,4
934,38,6,6,6
432,48,16,0,0
702,62,30,14,6
469,21,21,5,5
426,42,10,10,2
703,63,31,15,7
182,54,22,6,6
242,50,18,2,2
939,43,11,11,3
763,59,27,11,3
760,56,24,8,0
193,1,1,1,1
149,21,21,5,5
91,27,27,11,3
545,33,1,1,1
359,39,7,7,7
707,3,3,3,3
292,36,4,4,4
551,39,7,7,7
574,62,30,14,6
585,9,9,9,1
227,35,3,3,3
907,11,11,11,3
548,36,4,4,4
251,59,27,11,3
177,49,17,1,1
347,27,27,11,3
944,48,16,0,0
399,15,15,15,7
563,51,19,3,3
655,15,15,15,7
291,35,3,3,3
788,20,20,4,4
725,21,21,5,5
634,58,26,10,2
209,17,17,1,1
655,15,15,15,7
358,38,6,6,6
346,26,26,10,2
70,6,6,6,6
153,25,25,9,1
585,9,9,9,1
165,37,5,5,5
9,9,9,9,1
941,45,13,13,5
125,61,29,13,5
307,51,19,3,3
342,22,22,6,6
966,6,6,6,6
835,3,3,3,3
971,11,11,11,3
293,37,5,5,5
992,32,0,0,0
591,15,15,15,7
601,25,25,9,1
775,7,7,7,7
729,25,25,9,1
635,59,27,11,3
43,43,11,11,3
211,19,19,3,3
743,39,7,7,7
853,21,21,5,5
194,2,2,2,2
362,42,10,10,2
165,37,5,5,5
399,15,15,15,7
579,3,3,3,3
430,46,14,14,6
19,19,19,3,3
355,35,3,3,3
62,62,30,14,6
665,25,25,9,1
204,12,12,12,4
816,48,16,0,0
613,37,5,5,5
30,30,30,14,6
844,12,12,12,4
564,52,20,4,4
525,13,13,13,5
250,58,26,10,2
162,34,2,2,2
601,25,25,9,1
791,23,23,7,7
685,45,13,13,5
837,5,5,5,5
888,56,24,8,0
130,2,2,2,2
430,46,14,14,6
429,45,13,13,5
184,56,24,8,0
251,59,27,11,3
489,41,9,9,1
851,19,19,3,3
751,47,15,15,7
293,37,5,5,5
533,21,21,5,5
219,27,27,11,3
18,18,18,2,2
777,9,9,9,1
98,34,2,2,2
568,56,24,8,0
851,19,19,3,3
360,40,8,8,0
212,20,20,4,4
649,9,9,9,1
486,38,6,6,6
146,18,18,2,2
723,19,19,3,3
131,3,3,3,3
859,27,27,11,3
899,3,3,3,3
487,39,7,7,7
929,33,1,1,1
293,37,5,5,5
614,38,6,6,6
595,19,19,3,3
389,5,5,5,5
581,5,5,5,5
722,18,18,2,2
432,48,16,0,0
184,56,24,8,0
297,41,9,9,1
601,25,25,9,1
52,52,20,4,4
40,40,8,8,0
110,46,14,14,6
615,39,7,7,7
524,12,12,12,4
74,10,10,10,2
311,55,23,7,7
954,58,26,10,2
460,12,12,12,4
691,51,19,3,3
40,40,8,8,0
441,57,25,9,1
586,10,10,10,2
179,51,19,3,3
792,24,24,8,0
552,40,8,8,0
31,31,31,15,7
87,23,23,7,7
640,0,0,0,0
786,18,18,2,2
934,38,6,6,6
733,29,29,13,5
874,42,10,10,2
955,59,27,11,3
385,1,1,1,1
873,41,9,9,1
445,61,29,13,5
516,4,4,4,4
920,24,24,8,0
460,12,12,12,4
468,20,20,4,4
925,29,29,13,5
893,61,29,13,5
566,54,22,6,6
994,34,2,2,2
795,27,27,11,3
682,42,10,10,2
360,40,8,8,0
944,48,16,0,0
972,12,12,12,4
517,5,5,5,5
271,15,15,15,7
494,46,14,14,6
68,4,4,4,4
488,40,8,8,0
603,27,27,11,3
704,0,0,0,0
912,16,16,0,0
692,52,20,4,4
6,6,6,6,6
31,31,31,15,7
350,30,30,14,6
598,22,22,6,6
117,53,21,5,5
417,33,1,1,1
650,10,10,10,2
315,59,27,11,3
74,10,10,10,2
38,38,6,6,6
1,1,1,1,1
975,15,15,15,7
599,23,23,7,7
534,22,22,6,6
688,48,16,0,0
182,54,22,6,6
267,11,11,11,3
206,14,14,14,6
882,50,18,2,2
319,63,31,15,7
610,34,2,2,2
151,23,23,7,7
660,20,20,4,4
965,5,5,5,5
762,58,26,10,2
164,36,4,4,4
80,16,16,0,0
233,41,9,9,1
902,6,6,6,6
41,41,9,9,1
769,1,1,1,1
127,63,31,15,7
894,62,30,14,6
958,62,30,14,6
442,58,26,10,2
774,6,6,6,6
281,25,25,9,1
522,10,10,10,2
617,41,9,9,1
801,33,1,1,1
607,31,31,15,7
232,40,8,8,0
151,23,23,7,7
448,0,0,0,0
331,11,11,11,3
879,47,15,15,7
853,21,21,5,5
810,42,10,10,2
271,15,15,15,7
191,63,31,15,7
527,15,15,15,7
76,12,12,12,4
462,14,14,14,6
686,46,14,14,6
214,22,22,6,6
965,5,5,5,5
241,49,17,1,1
432,48,16,0,0
403,19,19,3,3
472,24,24,8,0
149,21,21,5,5
896,0,0,0,0
923,27,27,11,3
740,36,4,4,4
494,46,14,14,6
933,37,5,5,5
633,57,25,9,1
971,11,11,11,3
418,34,2,2,2
824,56,24,8,0
290,34,2,2,2
196,4,4,4,4
752,48,16,0,0
151,23,23,7,7
406,22,22,6,6
594,18,18,2,2
254,62,30,14,6
758,54,22,6,6
593,17,17,1,1
91,27,27,11,3
324,4,4,4,4
566,54,22,6,6
995,35,3,3,3
818,50,18,2,2
51,51,19,3,3
675,35,3,3,3
771,3,3,3,3
347,27,27,11,3
8,8,8,8,0
993,33,1,1,1
30,30,30,14,6
81,17,17,1,1
27,27,27,11,3
69,5,5,5,5
282,26,26,10,2
339,19,19,3,3
723,19,19,3,3
598,22,22,6,6
472,24,24,8,0
332,12,12,12,4
743,39,7,7,7
77,13,13,13,5
242,50,18,2,2
34,34,2,2,2
496,48,16,0,0
314,58,26,10,2
84,20,20,4,4
135,7,7,7,7
921,25,25,9,1
495,47,15,15,7
529,17,17,1,1
190,62,30,14,6
329,9,9,9,1
149,21,21,5,5
588,12,12,12,4
695,55,23,7,7
236,44,12,12,4
42,42,10,10,2
738,34,2,2,2
102,38,6,6,6
855,23,23,7,7
283,27,27,11,3
86,22,22,6,6
321,1,1,1,1
742,38,6,6,6
459,11,11,11,3
567,55,23,7,7
39,39,7,7,7
736,32,0,0,0
814,46,14,14,6
734,30,30,14,6
169,41,9,9,1
562,50,18,2,2
894,62,30,14,6
239,47,15,15,7
852,20,20,4,4
90,26,26,10,2
46,46,14,14,6
818,50,18,2,2
817,49,17,1,1
687,47,15,15,7
433,49,17,1,1
787,19,19,3,3
123,59,27,11,3
130,2,2,2,2
556,44,12,12,4
757,53,21,5,5
610,34,2,2,2
214,22,22,6,6
315,59,27,11,3
369,49,17,1,1
607,31,31,15,7
557,45,13,13,5
68,4,4,4,4
975,15,15,15,7
36,36,4,4,4
819,51,19,3,3
106,42,10,10,2
439,55,23,7,7
674,34,2,2,2
227,35,3,3,3
915,19,19,3,3
549,37,5,5,5
582,6,6,6,6
550,38,6,6,6
31,31,31,15,7
323,3,3,3,3
570,58,26,10,2
430,46,14,14,6
295,39,7,7,7
328,8,8,8,0
333,13,13,13,5
578,2,2,2,2
609,33,1,1,1
836,4,4,4,4
263,7,7,7,7
959,63,31,15,7
690,50,18,2,2
937,41,9,9,1
58,58,26,10,2
206,14,14,14,6
549,37,5,5,5
387,3,3,3,3
642,2,2,2,2
611,35,3,3,3
845,13,13,13,5
987,27,27,11,3
40,40,8,8,0
804,36,4,4,4
709,5,5,5,5
95,31,31,15,7
772,4,4,4,4
690,50,18,2,2
132,4,4,4,4
295,39,7,7,7
268,12,12,12,4
224,32,0,0,0
695,55,23,7,7
63,63,31,15,7
214,22,22,6,6
621,45,13,13,5
270,14,14,14,6
311,55,23,7,7
587,11,11,11,3
153,25,25,9,1
699,59,27,11,3
559,47,15,15,7
58,58,26,10,2
457,9,9,9,1
233,41,9,9,1
163,35,3,3,3
345,25,25,9,1
414,30,30,14,6
917,21,21,5,5
659,19,19,3,3
658,18,18,2,2
162,34,2,2,2
460,12,12,12,4
203,11,11,11,3
46,46,14,14,6
658,18,18,2,2
253,61,29,13,5
10,10,10,10,2
924,28,28,12,4
720,16,16,0,0
792,24,24,8,0
834,2,2,2,2
691,51,19,3,3
23,23,23,7,7
53,53,21,5,5
317,61,29,13,5
473,25,25,9,1
784,16,16,0,0
201,9,9,9,1
601,25,25,9,1
117,53,21,5,5
81,17,17,1,1
93,29,29,13,5
747,43,11,11,3
915,19,19,3,3
977,17,17,1,1
194,2,2,2,2
996,36,4,4,4
574,62,30,14,6
816,48,16,0,0
625,49,17,1,1
252,60,28,12,4
643,3,3,3,3
107,43,11,11,3
407,23,23,7,7
125,61,29,13,5
761,57,25,9,1
524,12,12,12,4
743,39,7,7,7
126,62,30,14,6
134,6,6,6,6
633,57,25,9,1
379,59,27,11,3
249,57,25,9,1
702,62,30,14,6
143,15,15,15,7
660,20,20,4,4
722,18,18,2,2
292,36,4,4,4
23,23,23,7,7
896,0,0,0,0
844,12,12,12,4
644,4,4,4,4
784,16,16,0,0
861,29,29,13,5
203,11,11,11,3
471,23,23,7,7
38,38,6,6,6
650,10,10,10,2
758,54,22,6,6
454,6,6,6,6
865,33,1,1,1
866,34,2,2,2
41,41,9,9,1
364,44,12,12,4
954,58,26,10,2
38,38,6,6,6
664,24,24,8,0
552,40,8,8,0
552,40,8,8,0
410,26,26,10,2
893,61,29,13,5
814,46,14,14,6
444,60,28,12,4
570,58,26,10,2
135,7,7,7,7
989,29,29,13,5
689,49,17,1,1
582,6,6,6,6
625,49,17,1,1
512,0,0,0,0
685,45,13,13,5
684,44,12,12,4
963,3,3,3,3
576,0,0,0,0
714,10,10,10,2
945,49,17,1,1
790,22,22,6,6
969,9,9,9,1
56,56,24,8,0
584,8,8,8,0
973,13,13,13,5
802,34,2,2,2
715,11,11,11,3
538,26,26,10,2
559,47,15,15,7
924,28,28,12,4
377,57,25,9,1
899,3,3,3,3
359,39,7,7,7
164,36,4,4,4
592,16,16,0,0
119,55,23,7,7
355,35,3,3,3
458,10,10,10,2
953,57,25,9,1
498,50,18,2,2
121,57,25,9,1
997,37,5,5,5
129,1,1,1,1
343,23,23,7,7
109,45,13,13,5
5,5,5,5,5
752,48,16,0,0
397,13,13,13,5
879,47,15,15,7
507,59,27,11,3
216,24,24,8,0
967,7,7,7,7
118,54,22,6,6
481,33,1,1,1
820,52,20,4,4
950,54,22,6,6
671,31,31,15,7
429,45,13,13,5
777,9,9,9,1
601,25,25,9,1
187,59,27,11,3
7,7,7,7,7
734,30,30,14,6
724,20,20,4,4
703,63,31,15,7
895,63,31,15,7
549,37,5,5,5
491,43,11,11,3
195,3,3,3,3
335,15,15,15,7
984,24,24,8,0
611,35,3,3,3
547,35,3,3,3
716,12,12,12,4
964,4,4,4,4
133,5,5,5,5
721,17,17,1,1
418,34,2,2,2
361,41,9,9,1
885,53,21,5,5
535,23,23,7,7
378,58,26,10,2
353,33,1,1,1
564,52,20,4,4
492,44,12,12,4
389,5,5,5,5
432,48,16,0,0
209,17,17,1,1
231,39,7,7,7
7,7,7,7,7
943,47,15,15,7
257,1,1,1,1
963,3,3,3,3
733,29,29,13,5
465,17,17,1,1
174,46,14,14,6
924,28,28,12,4
65,1,1,1,1
595,19,19,3,3
43,43,11,11,3
105,41,9,9,1
503,55,23,7,7
41,41,9,9,1
751,47,15,15,7
613,37,5,5,5
184,56,24,8,0
916,20,20,4,4
891,59,27,11,3
82,18,18,2,2
827,59,27,11,3
567,55,23,7,7
286,30,30,14,6
85,21,21,5,5
46,46,14,14,6
207,15,15,15,7
285,29,29,13,5
424,40,8,8,0
613,37,5,5,5
172,44,12,12,4
926,30,30,14,6
226,34,2,2,2
168,40,8,8,0
154,26,26,10,2
56,56,24,8,0
646,6,6,6,6
673,33,1,1,1
680,40,8,8,0
675,35,3,3,3
896,0,0,0,0
494,46,14,14,6
438,54,22,6,6
361,41,9,9,1
256,0,0,0,0
674,34,2,2,2
957,61,29,13,5
452,4,4,4,4
240,48,16,0,0
609,33,1,1,1
783,15,15,15,7
46,46,14,14,6
277,21,21,5,5
67,3,3,3,3
715,11,11,11,3
416,32,0,0,0
262,6,6,6,6
980,20,20,4,4
18,18,18,2,2
566,54,22,6,6
390,6,6,6,6
329,9,9,9,1
309,53,21,5,5
833,1,1,1,1
153,25,25,9,1
893,61,29,13,5
567,55,23,7,7
717,13,13,13,5
487,39,7,7,7
666,26,26,10,2
948,52,20,4,4
66,2,2,2,2
347,27,27,11,3
855,23,23,7,7
444,60,28,12,4
663,23,23,7,7
44,44,12,12,4
592,16,16,0,0
537,25,25,9,1
193,1,1,1,1
448,0,0,0,0
871,39,7,7,7
736,32,0,0,0
843,11,11,11,3
16,16,16,0,0
342,22,22,6,6
537,25,25,9,1
293,37,5,5,5
172,44,12,12,4
891,59,27,11,3
342,22,22,6,6
943,47,15,15,7
554,42,10,10,2
106,42,10,10,2
700,60,28,12,4
84,20,20,4,4
273,17,17,1,1
587,11,11,11,3
969,9,9,9,1
250,58,26,10,2
569,57,25,9,1
298,42,10,10,2
356,36,4,4,4
275,19,19,3,3
503,55,23,7,7
873,41,9,9,1
273,17,17,1,1
303,47,15,15,7
959,63,31,15,7
523,11,11,11,3
382,62,30,14,6
352,32,0,0,0
585,9,9,9,1
327,7,7,7,7
724,20,20,4,4
416,32,0,0,0
179,51,19,3,3
576,0,0,0,0
688,48,16,0,0
697,57,25,9,1
722,18,18,2,2
763,59,27,11,3
189,61,29,13,5
881,49,17,1,1
67,3,3,3,3
666,26,26,10,2
809,41,9,9,1
144,16,16,0,0
413,29,29,13,5
646,6,6,6,6
506,58,26,10,2
897,1,1,1,1
903,7,7,7,7
790,22,22,6,6
445,61,29,13,5
833,1,1,1,1
511,63,31,15,7
275,19,19,3,3
324,4,4,4,4
244,52,20,4,4
386,2,2,2,2
511,63,31,15,7
688,48,16,0,0
614,38,6,6,6
914,18,18,2,2
409,25,25,9,1
646,6,6,6,6
699,59,27,11,3
907,11,11,11,3
216,24,24,8,0
863,31,31,15,7
393,9,9,9,1
425,41,9,9,1
287,31,31,15,7
153,25,25,9,1
558,46,14,14,6
507,59,27,11,3
449,1,1,1,1
626,50,18,2,2
231,39,7,7,7
951,55,23,7,7
81,17,17,1,1
977,17,17,1,1
37,37,5,5,5
636,60,28,12,4
213,21,21,5,5
870,38,6,6,6
159,31,31,15,7
963,3,3,3,3
82,18,18,2,2
30,30,30,14,6
778,10,10,10,2
954,58,26,10,2
580,4,4,4,4
935,39,7,7,7
819,51,19,3,3
642,2,2,2,2
426,42,10,10,2
192,0,0,0,0
56,56,24,8,0
791,23,23,7,7
357,37,5,5,5
419,35,3,3,3
85,21,21,5,5
612,36,4,4,4
590,14,14,14,6
433,49,17,1,1
23,23,23,7,7
625,49,17,1,1
754,50,18,2,2
254,62,30,14,6
530,18,18,2,2
421,37,5,5,5
864,32,0,0,0
34,34,2,2,2
329,9,9,9,1
968,8,8,8,0
908,12,12,12,4
699,59,27,11,3
399,15,15,15,7
252,60,28,12,4
596,20,20,4,4
187,59,27,11,3
8,8,8,8,0
989,29,29,13,5
81,17,17,1,1
551,39,7,7,7
293,37,5,5,5
805,37,5,5,5
836,4,4,4,4
731,27,27,11,3
563,51,19,3,3
461,13,13,13,5
958,62,30,14,6
858,26,26,10,2
585,9,9,9,1
959,63,31,15,7
485,37,5,5,5
575,63,31,15,7
818,50,18,2,2
596,20,20,4,4
862,30,30,14,6
272,16,16,0,0
948,52,20,4,4
149,21,21,5,5
623,47,15,15,7
250,58,26,10,2
120,56,24,8,0
455,7,7,7,7
353,33,1,1,1
924,28,28,12,4
50,50,18,2,2
396,12,12,12,4
201,9,9,9,1
717,13,13,13,5
694,54,22,6,6
639,63,31,15,7
133,5,5,5,5
270,14,14,14,6
960,0,0,0,0
282,26,26,10,2
707,3,3,3,3
227,35,3,3,3
636,60,28,12,4
380,60,28,12,4
144,16,16,0,0
228,36,4,4,4
946,50,18,2,2
786,18,18,2,2
813,45,13,13,5
348,28,28,12,4
918,22,22,6,6
845,13,13,13,5
187,59,27,11,3
371,51,19,3,3
799,31,31,15,7
885,53,21,5,5
859,27,27,11,3
449,1,1,1,1
378,58,26,10,2
961,1,1,1,1
16,16,16,0,0
237,45,13,13,5
470,22,22,6,6
778,10,10,10,2
798,30,30,14,6
998,38,6,6,6
53,53,21,5,5
290,34,2,2,2
874,42,10,10,2
311,55,23,7,7
950,54,22,6,6
499,51,19,3,3
371,51,19,3,3
375,55,23,7,7
830,62,30,14,6
238,46,14,14,6
506,58,26,10,2
562,50,18,2,2
473,25,25,9,1
767,63,31,15,7
217,25,25,9,1
103,39,7,7,7
633,57,25,9,1
467,19,19,3,3
918,22,22,6,6
393,9,9,9,1
936,40,8,8,0
624,48,16,0,0
875,43,11,11,3
551,39,7,7,7
947,51,19,3,3
74,10,10,10,2
39,39,7,7,7
353,33,1,1,1
210,18,18,2,2
863,31,31,15,7
768,0,0,0,0
489,41,9,9,1
839,7,7,7,7
505,57,25,9,1
471,23,23,7,7
852,20,20,4,4
680,40,8,8,0
190,62,30,14,6
589,13,13,13,5
820,52,20,4,4
653,13,13,13,5
334,14,14,14,6
862,30,30,14,6
513,1,1,1,1
805,37,5,5,5
67,3,3,3,3
332,12,12,12,4
108,44,12,12,4
118,54,22,6,6
754,50,18,2,2
943,47,15,15,7
524,12,12,12,4
601,25,25,9,1
281,25,25,9,1
171,43,11,11,3
637,61,29,13,5
22,22,22,6,6
713,9,9,9,1
232,40,8,8,0
512,0,0,0,0
673,33,1,1,1
408,24,24,8,0
111,47,15,15,7
950,54,22,6,6
716,12,12,12,4
404,20,20,4,4
304,48,16,0,0
456,8,8,8,0
511,63,31,15,7
200,8,8,8,0
602,26,26,10,2
845,13,13,13,5
99,35,3,3,3
794,26,26,10,2
830,62,30,14,6
633,57,25,9,1
995,35,3,3,3
702,62,30,14,6
802,34,2,2,2
547,35,3,3,3
841,9,9,9,1
893,61,29,13,5
557,45,13,13,5
332,12,12,12,4
540,28,28,12,4
634,58,26,10,2
29,29,29,13,5
420,36,4,4,4
935,39,7,7,7
983,23,23,7,7
81,17,17,1,1
56,56,24,8,0
842,10,10,10,2
541,29,29,13,5
961,1,1,1,1
684,44,12,12,4
430,46,14,14,6
141,13,13,13,5
976,16,16,0,0
451,3,3,3,3
744,40,8,8,0
974,14,14,14,6
307,51,19,3,3
542,30,30,14,6
682,42,10,10,2
448,0,0,0,0
180,52,20,4,4
979,19,19,3,3
747,43,11,11,3
520,8,8,8,0
294,38,6,6,6
401,17,17,1,1
428,44,12,12,4
739,35,3,3,3
653,13,13,13,5
322,2,2,2,2
210,18,18,2,2
425,41,9,9,1
637,61,29,13,5
35,35,3,3,3
93,29,29,13,5
562,50,18,2,2
272,16,16,0,0
298,42,10,10,2
626,50,18,2,2
716,12,12,12,4
548,36,4,4,4
925,29,29,13,5
590,14,14,14,6
231,39,7,7,7
879,47,15,15,7
381,61,29,13,5
277,21,21,5,5
177,49,17,1,1
380,60,28,12,4
475,27,27,11,3
553,41,9,9,1
883,51,19,3,3
552,40,8,8,0
433,49,17,1,1
18,18,18,2,2
328,8,8,8,0
565,53,21,5,5
913,17,17,1,1
829,61,29,13,5
78,14,14,14,6
565,53,21,5,5
354,34,2,2,2
889,57,25,9,1
862,30,30,14,6
542,30,30,14,6
639,63,31,15,7
735,31,31,15,7
922,26,26,10,2
992,32,0,0,0
993,33,1,1,1
108,44,12,12,4
345,25,25,9,1
697,57,25,9,1
571,59,27,11,3
280,24,24,8,0
800,32,0,0,0
531,19,19,3,3
228,36,4,4,4
801,33,1,1,1
506,58,26,10,2
659,19,19,3,3
210,18,18,2,2
957,61,29,13,5
464,16,16,0,0
341,21,21,5,5
883,51,19,3,3
379,59,27,11,3
2,2,2,2,2
373,53,21,5,5
678,38,6,6,6
398,14,14,14,6
620,44,12,12,4
841,9,9,9,1
67,3,3,3,3
880,48,16,0,0
105,41,9,9,1
907,11,11,11,3
34,34,2,2,2
705,1,1,1,1
659,19,19,3,3
243,51,19,3,3
789,21,21,5,5
455,7,7,7,7
356,36,4,4,4
839,7,7,7,7
72,8,8,8,0
220,28,28,12,4
378,58,26,10,2
780,12,12,12,4
221,29,29,13,5
354,34,2,2,2
129,1,1,1,1
490,42,10,10,2
504,56,24,8,0
213,21,21,5,5
428,44,12,12,4
476,28,28,12,4
258,2,2,2,2
426,42,10,10,2
57,57,25,9,1
313,57,25,9,1
31,31,31,15,7
77,13,13,13,5
305,49,17,1,1
101,37,5,5,5
446,62,30,14,6
64,0,0,0,0
151,23,23,7,7
884,52,20,4,4
2,2,2,2,2
837,5,5,5,5
167,39,7,7,7
881,49,17,1,1
262,6,6,6,6
963,3,3,3,3
122,58,26,10,2
620,44,12,12,4
470,22,22,6,6
610,34,2,2,2
491,43,11,11,3
679,39,7,7,7
766,62,30,14,6
972,12,12,12,4
541,29,29,13,5
388,4,4,4,4
261,5,5,5,5
388,4,4,4,4
929,33,1,1,1
540,28,28,12,4
714,10,10,10,2
983,23,23,7,7
328,8,8,8,0
343,23,23,7,7
634,58,26,10,2
267,11,11,11,3
635,59,27,11,3
654,14,14,14,6
4,4,4,4,4
177,49,17,1,1
902,6,6,6,6
288,32,0,0,0
102,38,6,6,6
906,10,10,10,2
332,12,12,12,4
982,22,22,6,6
122,58,26,10,2
245,53,21,5,5
352,32,0,0,0
886,54,22,6,6
407,23,23,7,7
126,62,30,14,6
595,19,19,3,3
725,21,21,5,5
885,53,21,5,5
213,21,21,5,5
677,37,5,5,5
242,50,18,2,2
777,9,9,9,1
909,13,13,13,5
675,35,3,3,3
111,47,15,15,7
954,58,26,10,2
73,9,9,9,1
807,39,7,7,7
562,50,18,2,2
594,18,18,2,2
939,43,11,11,3
943,47,15,15,7
906,10,10,10,2
234,42,10,10,2
684,44,12,12,4
795,27,27,11,3
43,43,11,11,3
464,16,16,0,0
704,0,0,0,0
799,31,31,15,7
968,8,8,8,0
625,49,17,1,1
66,2,2,2,2
359,39,7,7,7
738,34,2,2,2
177,49,17,1,1
11,11,11,11,3
86,22,22,6,6
131,3,3,3,3
536,24,24,8,0
672,32,0,0,0
405,21,21,5,5
571,59,27,11,3
994,34,2,2,2
676,36,4,4,4
477,29,29,13,5
923,27,27,11,3
55,55,23,7,7
125,61,29,13,5
542,30,30,14,6
588,12,12,12,4
907,11,11,11,3
268,12,12,12,4
286,30,30,14,6
700,60,28,12,4
944,48,16,0,0
760,56,24,8,0
715,11,11,11,3
168,40,8,8,0
434,50,18,2,2
189,61,29,13,5
524,12,12,12,4
215,23,23,7,7
616,40,8,8,0
583,7,7,7,7
846,14,14,14,6
356,36,4,4,4
263,7,7,7,7
421,37,5,5,5
517,5,5,5,5
709,5,5,5,5
292,36,4,4,4
488,40,8,8,0
566,54,22,6,6
659,19,19,3,3
341,21,21,5,5
953,57,25,9,1
173,45,13,13,5
712,8,8,8,0
180,52,20,4,4
45,45,13,13,5
126,62,30,14,6
759,55,23,7,7
660,20,20,4,4
917,21,21,5,5
490,42,10,10,2
470,22,22,6,6
720,16,16,0,0
281,25,25,9,1
57,57,25,9,1
770,2,2,2,2
240,48,16,0,0
74,10,10,10,2
132,4,4,4,4
387,3,3,3,3
843,11,11,11,3
222,30,30,14,6
163,35,3,3,3
271,15,15,15,7
60,60,28,12,4
835,3,3,3,3
144,16,16,0,0
542,30,30,14,6
97,33,1,1,1
965,5,5,5,5
422,38,6,6,6
481,33,1,1,1
303,47,15,15,7
920,24,24,8,0
975,15,15,15,7
807,39,7,7,7
57,57,25,9,1
523,11,11,11,3
371,51,19,3,3
718,14,14,14,6
865,33,1,1,1
22,22,22,6,6
437,53,21,5,5
522,10,10,10,2
350,30,30,14,6
949,53,21,5,5
692,52,20,4,4
694,54,22,6,6
782,14,14,14,6
577,1,1,1,1
106,42,10,10,2
629,53,21,5,5
616,40,8,8,0
994,34,2,2,2
857,25,25,9,1
390,6,6,6,6
922,26,26,10,2
43,43,11,11,3
916,20,20,4,4
998,38,6,6,6
845,13,13,13,5
650,10,10,10,2
903,7,7,7,7
793,25,25,9,1
821,53,21,5,5
245,53,21,5,5
223,31,31,15,7
865,33,1,1,1
826,58,26,10,2
724,20,20,4,4
314,58,26,10,2
256,0,0,0,0
462,14,14,14,6
493,45,13,13,5
813,45,13,13,5
499,51,19,3,3
331,11,11,11,3
719,15,15,15,7
555,43,11,11,3
84,20,20,4,4
834,2,2,2,2
990,30,30,14,6
853,21,21,5,5
159,31,31,15,7
246,54,22,6,6
160,32,0,0,0
202,10,10,10,2
675,35,3,3,3
307,51,19,3,3
849,17,17,1,1
941,45,13,13,5
498,50,18,2,2
946,50,18,2,2
720,16,16,0,0
379,59,27,11,3
270,14,14,14,6
246,54,22,6,6
195,3,3,3,3
646,6,6,6,6
871,39,7,7,7
441,57,25,9,1
178,50,18,2,2
490,42,10,10,2
92,28,28,12,4
943,47,15,15,7
747,43,11,11,3
173,45,13,13,5
415,31,31,15,7
471,23,23,7,7
71,7,7,7,7
878,46,14,14,6
457,9,9,9,1
282,26,26,10,2
574,62,30,14,6
280,24,24,8,0
772,4,4,4,4
296,40,8,8,0
447,63,31,15,7
870,38,6,6,6
437,53,21,5,5
404,20,20,4,4
497,49,17,1,1
61,61,29,13,5
319,63,31,15,7
475,27,27,11,3
493,45,13,13,5
960,0,0,0,0
865,33,1,1,1
760,56,24,8,0
149,21,21,5,5
632,56,24,8,0
384,0,0,0,0
201,9,9,9,1
643,3,3,3,3
977,17,17,1,1
48,48,16,0,0
329,9,9,9,1
9,9,9,9,1
616,40,8,8,0
753,49,17,1,1
232,40,8,8,0
267,11,11,11,3
771,3,3,3,3
476,28,28,12,4
286,30,30,14,6
831,63,31,15,7
751,47,15,15,7
113,49,17,1,1
227,35,3,3,3
322,2,2,2,2
197,5,5,5,5
176,48,16,0,0
884,52,20,4,4
645,5,5,5,5
469,21,21,5,5
926,30,30,14,6
140,12,12,12,4
426,42,10,10,2
515,3,3,3,3
306,50,18,2,2
404,20,20,4,4
33,33,1,1,1
187,59,27,11,3
478,30,30,14,6
609,33,1,1,1
168,40,8,8,0
955,59,27,11,3
75,11,11,11,3
36,36,4,4,4
793,25,25,9,1
304,48,16,0,0
578,2,2,2,2
654,14,14,14,6
333,13,13,13,5
159,31,31,15,7
891,59,27,11,3
744,40,8,8,0
47,47,15,15,7
373,53,21,5,5
68,4,4,4,4
58,58,26,10,2
538,26,26,10,2
478,30,30,14,6
737,33,1,1,1
375,55,23,7,7
518,6,6,6,6
25,25,25,9,1
546,34,2,2,2
942,46,14,14,6
601,25,25,9,1
545,33,1,1,1
591,15,15,15,7
990,30,30,14,6
735,31,31,15,7
765,61,29,13,5
356,36,4,4,4
526,14,14,14,6
291,35,3,3,3
530,18,18,2,2
249,57,25,9,1
498,50,18,2,2
22,22,22,6,6
529,17,17,1,1
993,33,1,1,1
346,26,26,10,2
74,10,10,10,2
145,17,17,1,1
51,51,19,3,3
604,28,28,12,4
406,22,22,6,6
976,16,16,0,0
867,35,3,3,3
186,58,26,10,2
136,8,8,8,0
515,3,3,3,3
533,21,21,5,5
945,49,17,1,1
772,4,4,4,4
827,59,27,11,3
397,13,13,13,5
519,7,7,7,7
396,12,12,12,4
949,53,21,5,5
788,20,20,4,4
606,30,30,14,6
562,50,18,2,2
456,8,8,8,0
220,28,28,12,4
62,62,30,14,6
89,25,25,9,1
241,49,17,1,1
390,6,6,6,6
167,39,7,7,7
280,24,24,8,0
434,50,18,2,2
446,62,30,14,6
192,0,0,0,0
346,26,26,10,2
821,53,21,5,5
690,50,18,2,2
306,50,18,2,2
951,55,23,7,7
685,45,13,13,5
694,54,22,6,6
328,8,8,8,0
407,23,23,7,7
733,29,29,13,5
986,26,26,10,2
137,9,9,9,1
772,4,4,4,4
113,49,17,1,1
401,17,17,1,1
527,15,15,15,7
262,6,6,6,6
204,12,12,12,4
998,38,6,6,6
519,7,7,7,7
161,33,1,1,1
641,1,1,1,1
438,54,22,6,6
969,9,9,9,1
761,57,25,9,1
385,1,1,1,1
491,43,11,11,3
876,44,12,12,4
298,42,10,10,2
348,28,28,12,4
646,6,6,6,6
409,25,25,9,1
68,4,4,4,4
650,10,10,10,2
367,47,15,15,7
786,18,18,2,2
662,22,22,6,6
23,23,23,7,7
693,53,21,5,5
791,23,23,7,7
387,3,3,3,3
613,37,5,5,5
596,20,20,4,4
839,7,7,7,7
505,57,25,9,1
344,24,24,8,0
749,45,13,13,5
473,25,25,9,1
541,29,29,13,5
346,26,26,10,2
877,45,13,13,5
439,55,23,7,7
492,44,12,12,4
761,57,25,9,1
936,40,8,8,0
877,45,13,13,5
81,17,17,1,1
253,61,29,13,5
583,7,7,7,7
970,10,10,10,2
255,63,31,15,7
353,33,1,1,1
931,35,3,3,3
504,56,24,8,0
992,32,0,0,0
898,2,2,2,2
165,37,5,5,5
766,62,30,14,6
153,25,25,9,1
234,42,10,10,2
295,39,7,7,7
582,6,6,6,6
528,16,16,0,0
60,60,28,12,4
764,60,28,12,4
639,63,31,15,7
968,8,8,8,0
739,35,3,3,3
111,47,15,15,7
506,58,26,10,2
521,9,9,9,1
119,55,23,7,7
484,36,4,4,4
899,3,3,3,3
808,40,8,8,0
702,62,30,14,6
471,23,23,7,7
406,22,22,6,6
197,5,5,5,5
284,28,28,12,4
163,35,3,3,3
686,46,14,14,6
645,5,5,5,5
258,2,2,2,2
51,51,19,3,3
617,41,9,9,1
619,43,11,11,3
179,51,19,3,3
124,60,28,12,4
393,9,9,9,1
323,3,3,3,3
466,18,18,2,2
27,27,27,11,3
722,18,18,2,2
582,6,6,6,6
176,48,16,0,0
861,29,29,13,5
674,34,2,2,2
965,5,5,5,5
158,30,30,14,6
285,29,29,13,5
492,44,12,12,4
158,30,30,14,6
14,14,14,14,6
994,34,2,2,2
807,39,7,7,7
121,57,25,9,1
660,20,20,4,4
674,34,2,2,2
84,20,20,4,4
573,61,29,13,5
877,45,13,13,5
227,35,3,3,3
894,62,30,14,6
432,48,16,0,0
634,58,26,10,2
197,5,5,5,5
771,3,3,3,3
948,52,20,4,4
513,1,1,1,1
777,9,9,9,1
758,54,22,6,6
501,53,21,5,5
241,49,17,1,1
1,1,1,1,1
679,39,7,7,7
353,33,1,1,1
540,28,28,12,4
52,52,20,4,4
743,39,7,7,7
414,30,30,14,6
839,7,7,7,7
613,37,5,5,5
355,35,3,3,3
706,2,2,2,2
971,11,11,11,3
791,23,23,7,7
552,40,8,8,0
436,52,20,4,4
36,36,4,4,4
578,2,2,2,2
871,39,7,7,7
118,54,22,6,6
172,44,12,12,4
356,36,4,4,4
881,49,17,1,1
252,60,28,12,4
562,50,18,2,2
532,20,20,4,4
37,37,5,5,5
233,41,9,9,1
974,14,14,14,6
248,56,24,8,0
374,54,22,6,6
273,17,17,1,1
544,32,0,0,0
707,3,3,3,3
338,18,18,2,2
841,9,9,9,1
666,26,26,10,2
181,53,21,5,5
930,34,2,2,2
18,18,18,2,2
166,38,6,6,6
22,22,22,6,6
670,30,30,14,6
428,44,12,12,4
836,4,4,4,4
565,53,21,5,5
857,25,25,9,1
904,8,8,8,0
692,52,20,4,4
216,24,24,8,0
56,56,24,8,0
395,11,11,11,3
336,16,16,0,0
339,19,19,3,3
338,18,18,2,2
512,0,0,0,0
122,58,26,10,2
725,21,21,5,5
122,58,26,10,2
1,1,1,1,1
83,19,19,3,3
909,13,13,13,5
637,61,29,13,5
903,7,7,7,7
375,55,23,7,7
309,53,21,5,5
68,4,4,4,4
33,33,1,1,1
713,9,9,9,1
704,0,0,0,0
812,44,12,12,4
775,7,7,7,7
56,56,24,8,0
67,3,3,3,3
512,0,0,0,0
562,50,18,2,2
588,12,12,12,4
849,17,17,1,1
461,13,13,13,5
589,13,13,13,5
832,0,0,0,0
265,9,9,9,1
136,8,8,8,0
913,17,17,1,1
836,4,4,4,4
361,41,9,9,1
58,58,26,10,2
313,57,25,9,1
261,5,5,5,5
744,40,8,8,0
423,39,7,7,7
900,4,4,4,4
205,13,13,13,5
164,36,4,4,4
871,39,7,7,7
854,22,22,6,6
236,44,12,12,4
709,5,5,5,5
986,26,26,10,2
680,40,8,8,0
549,37,5,5,5
518,6,6,6,6
250,58,26,10,2
516,4,4,4,4
331,11,11,11,3
763,59,27,11,3
995,35,3,3,3
510,62,30,14,6
382,62,30,14,6
158,30,30,14,6
480,32,0,0,0
335,15,15,15,7
871,39,7,7,7
850,18,18,2,2
515,3,3,3,3
376,56,24,8,0
190,62,30,14,6
309,53,21,5,5
464,16,16,0,0
341,21,21,5,5
16,16,16,0,0
979,19,19,3,3
161,33,1,1,1
701,61,29,13,5
36,36,4,4,4
583,7,7,7,7
333,13,13,13,5
52,52,20,4,4
200,8,8,8,0
693,53,21,5,5
494,46,14,14,6
233,41,9,9,1
482,34,2,2,2
168,40,8,8,0
570,58,26,10,2
72,8,8,8,0
728,24,24,8,0
147,19,19,3,3
381,61,29,13,5
92,28,28,12,4
571,59,27,11,3
368,48,16,0,0
324,4,4,4,4
682,42,10,10,2
67,3,3,3,3
984,24,24,8,0
166,38,6,6,6
361,41,9,9,1
537,25,25,9,1
430,46,14,14,6
312,56,24,8,0
259,3,3,3,3
309,53,21,5,5
937,41,9,9,1
875,43,11,11,3
278,22,22,6,6
608,32,0,0,0
630,54,22,6,6
273,17,17,1,1
355,35,3,3,3
844,12,12,12,4
20,20,20,4,4
677,37,5,5,5
344,24,24,8,0
994,34,2,2,2
399,15,15,15,7
79,15,15,15,7
151,23,23,7,7
509,61,29,13,5
314,58,26,10,2
950,54,22,6,6
154,26,26,10,2
293,37,5,5,5
899,3,3,3,3
226,34,2,2,2
949,53,21,5,5
73,9,9,9,1
532,20,20,4,4
562,50,18,2,2
214,22,22,6,6
321,1,1,1,1
396,12,12,12,4
948,52,20,4,4
43,43,11,11,3
65,1,1,1,1
907,11,11,11,3
717,13,13,13,5
550,38,6,6,6
644,4,4,4,4
673,33,1,1,1
53,53,21,5,5
747,43,11,11,3
723,19,19,3,3
895,63,31,15,7
312,56,24,8,0
30,30,30,14,6
696,56,24,8,0
412,28,28,12,4
950,54,22,6,6
21,21,21,5,5
707,3,3,3,3
63,63,31,15,7
951,55,23,7,7
899,3,3,3,3
167,39,7,7,7
894,62,30,14,6
9,9,9,9,1
990,30,30,14,6
750,46,14,14,6
82,18,18,2,2
327,7,7,7,7
200,8,8,8,0
586,10,10,10,2
629,53,21,5,5
424,40,8,8,0
964,4,4,4,4
71,7,7,7,7
446,62,30,14,6
698,58,26,10,2
252,60,28,12,4
514,2,2,2,2
864,32,0,0,0
856,24,24,8,0
650,10,10,10,2
916,20,20,4,4
89,25,25,9,1
987,27,27,11,3
248,56,24,8,0
111,47,15,15,7
781,13,13,13,5
744,40,8,8,0
19,19,19,3,3
376,56,24,8,0
825,57,25,9,1
150,22,22,6,6
151,23,23,7,7
349,29,29,13,5
758,54,22,6,6
948,52,20,4,4
365,45,13,13,5
911,15,15,15,7
678,38,6,6,6
668,28,28,12,4
979,19,19,3,3
332,12,12,12,4
953,57,25,9,1
840,8,8,8,0
287,31,31,15,7
150,22,22,6,6
775,7,7,7,7
647,7,7,7,7
789,21,21,5,5
449,1,1,1,1
731,27,27,11,3
185,57,25,9,1
771,3,3,3,3
124,60,28,12,4
805,37,5,5,5
285,29,29,13,5
695,55,23,7,7
417,33,1,1,1
882,50,18,2,2
349,29,29,13,5
983,23,23,7,7
299,43,11,11,3
845,13,13,13,5
550,38,6,6,6
270,14,14,14,6
597,21,21,5,5
591,15,15,15,7
660,20,20,4,4
596,20,20,4,4
512,0,0,0,0
31,31,31,15,7
15,15,15,15,7
175,47,15,15,7
948,52,20,4,4
864,32,0,0,0
12,12,12,12,4
988,28,28,12,4
200,8,8,8,0
215,23,23,7,7
666,26,26,10,2
253,61,29,13,5
877,45,13,13,5
948,52,20,4,4
118,54,22,6,6
835,3,3,3,3
542,30,30,14,6
150,22,22,6,6
97,33,1,1,1
153,25,25,9,1
59,59,27,11,3
913,17,17,1,1
802,34,2,2,2
107,43,11,11,3
65,1,1,1,1
293,37,5,5,5
943,47,15,15,7
179,51,19,3,3
655,15,15,15,7
794,26,26,10,2
96,32,0,0,0
139,11,11,11,3
588,12,12,12,4
570,58,26,10,2
658,18,18,2,2
637,61,29,13,5
187,59,27,11,3
221,29,29,13,5
585,9,9,9,1
628,52,20,4,4
571,59,27,11,3
292,36,4,4,4
218,26,26,10,2
580,4,4,4,4
758,54,22,6,6
812,44,12,12,4
292,36,4,4,4
632,56,24,8,0
196,4,4,4,4
781,13,13,13,5
816,48,16,0,0
406,22,22,6,6
436,52,20,4,4
862,30,30,14,6
743,39,7,7,7
202,10,10,10,2
342,22,22,6,6
646,6,6,6,6
535,23,23,7,7
991,31,31,15,7
285,29,29,13,5
100,36,4,4,4
223,31,31,15,7
279,23,23,7,7
962,2,2,2,2
92,28,28,12,4
47,47,15,15,7
736,32,0,0,0
398,14,14,14,6
455,7,7,7,7
851,19,19,3,3
121,57,25,9,1
779,11,11,11,3
169,41,9,9,1
94,30,30,14,6
22,22,22,6,6
975,15,15,15,7
417,33,1,1,1
73,9,9,9,1
198,6,6,6,6
293,37,5,5,5
897,1,1,1,1
370,50,18,2,2
196,4,4,4,4
224,32,0,0,0
661,21,21,5,5
932,36,4,4,4
732,28,28,12,4
474,26,26,10,2
423,39,7,7,7
742,38,6,6,6
41,41,9,9,1
694,54,22,6,6
918,22,22,6,6
491,43,11,11,3
378,58,26,10,2
487,39,7,7,7
448,0,0,0,0
598,22,22,6,6
222,30,30,14,6
75,11,11,11,3
922,26,26,10,2
201,9,9,9,1
324,4,4,4,4
513,1,1,1,1
993,33,1,1,1
526,14,14,14,6
377,57,25,9,1
382,62,30,14,6
243,51,19,3,3
698,58,26,10,2
214,22,22,6,6
918,22,22,6,6
408,24,24,8,0
923,27,27,11,3
449,1,1,1,1
974,14,14,14,6
687,47,15,15,7
130,2,2,2,2
870,38,6,6,6
259,3,3,3,3
771,3,3,3,3
246,54,22,6,6
480,32,0,0,0
88,24,24,8,0
886,54,22,6,6
713,9,9,9,1
139,11,11,11,3
972,12,12,12,4
929,33,1,1,1
384,0,0,0,0
427,43,11,11,3
862,30,30,14,6
345,25,25,9,1
12,12,12,12,4
715,11,11,11,3
908,12,12,12,4
823,55,23,7,7
771,3,3,3,3
126,62,30,14,6
917,21,21,5,5
659,19,19,3,3
444,60,28,12,4
847,15,15,15,7
173,45,13,13,5
7,7,7,7,7
739,35,3,3,3
328,8,8,8,0
306,50,18,2,2
554,42,10,10,2
411,27,27,11,3
878,46,14,14,6
113,49,17,1,1
598,22,22,6,6
654,14,14,14,6
625,49,17,1,1
79,15,15,15,7
159,31,31,15,7
265,9,9,9,1
727,23,23,7,7
417,33,1,1,1
365,45,13,13,5
228,36,4,4,4
703,63,31,15,7
37,37,5,5,5
341,21,21,5,5
897,1,1,1,1
31,31,31,15,7
818,50,18,2,2
318,62,30,14,6
965,5,5,5,5
936,40,8,8,0
361,41,9,9,1
846,14,14,14,6
39,39,7,7,7
577,1,1,1,1
928,32,0,0,0
159,31,31,15,7
687,47,15,15,7
509,61,29,13,5
446,62,30,14,6
643,3,3,3,3
527,15,15,15,7
82,18,18,2,2
309,53,21,5,5
147,19,19,3,3
337,17,17,1,1
91,27,27,11,3
673,33,1,1,1
925,29,29,13,5
293,37,5,5,5
548,36,4,4,4
265,9,9,9,1
613,37,5,5,5
185,57,25,9,1
83,19,19,3,3
501,53,21,5,5
80,16,16,0,0
201,9,9,9,1
164,36,4,4,4
897,1,1,1,1
397,13,13,13,5
103,39,7,7,7
573,61,29,13,5
444,60,28,12,4
757,53,21,5,5
23,23,23,7,7
205,13,13,13,5
664,24,24,8,0
11,11,11,11,3
626,50,18,2,2
759,55,23,7,7
925,29,29,13,5
292,36,4,4,4
860,28,28,12,4
574,62,30,14,6
449,1,1,1,1
195,3,3,3,3
617,41,9,9,1
821,53,21,5,5
164,36,4,4,4
528,16,16,0,0
145,17,17,1,1
558,46,14,14,6
719,15,15,15,7
922,26,26,10,2
247,55,23,7,7
969,9,9,9,1
458,10,10,10,2
967,7,7,7,7
730,26,26,10,2
221,29,29,13,5
327,7,7,7,7
880,48,16,0,0
619,43,11,11,3
965,5,5,5,5
681,41,9,9,1
636,60,28,12,4
27,27,27,11,3
840,8,8,8,0
710,6,6,6,6
158,30,30,14,6
615,39,7,7,7
206,14,14,14,6
47,47,15,15,7
364,44,12,12,4
967,7,7,7,7
65,1,1,1,1
56,56,24,8,0
211,19,19,3,3
282,26,26,10,2
57,57,25,9,1
416,32,0,0,0
43,43,11,11,3
564,52,20,4,4
741,37,5,5,5
304,48,16,0,0
155,27,27,11,3
135,7,7,7,7
689,49,17,1,1
935,39,7,7,7
686,46,14,14,6
157,29,29,13,5
40,40,8,8,0
880,48,16,0,0
842,10,10,10,2
870,38,6,6,6
939,43,11,11,3
282,26,26,10,2
252,60,28,12,4
968,8,8,8,0
699,59,27,11,3
628,52,20,4,4
20,20,20,4,4
988,28,28,12,4
468,20,20,4,4
779,11,11,11,3
463,15,15,15,7
801,33,1,1,1
869,37,5,5,5
705,1,1,1,1
637,61,29,13,5
846,14,14,14,6
931,35,3,3,3
608,32,0,0,0
38,38,6,6,6
636,60,28,12,4
718,14,14,14,6
836,4,4,4,4
697,57,25,9,1
810,42,10,10,2
994,34,2,2,2
299,43,11,11,3
122,58,26,10,2
16,16,16,0,0
522,10,10,10,2
71,7,7,7,7
394,10,10,10,2
777,9,9,9,1
613,37,5,5,5
820,52,20,4,4
766,62,30,14,6
359,39,7,7,7
177,49,17,1,1
426,42,10,10,2
739,35,3,3,3
812,44,12,12,4
790,22,22,6,6
209,17,17,1,1
966,6,6,6,6
364,44,12,12,4
880,48,16,0,0
100,36,4,4,4
694,54,22,6,6
99,35,3,3,3
749,45,13,13,5
830,62,30,14,6
429,45,13,13,5
176,48,16,0,0
221,29,29,13,5
884,52,20,4,4
722,18,18,2,2
559,47,15,15,7
884,52,20,4,4
960,0,0,0,0
772,4,4,4,4
76,12,12,12,4
238,46,14,14,6
414,30,30,14,6
620,44,12,12,4
665,25,25,9,1
520,8,8,8,0
763,59,27,11,3
336,16,16,0,0
59,59,27,11,3
431,47,15,15,7
231,39,7,7,7
941,45,13,13,5
33,33,1,1,1
514,2,2,2,2
528,16,16,0,0
51,51,19,3,3
90,26,26,10,2
986,26,26,10,2
602,26,26,10,2
339,19,19,3,3
559,47,15,15,7
956,60,28,12,4
594,18,18,2,2
805,37,5,5,5
222,30,30,14,6
204,12,12,12,4
11,11,11,11,3
938,42,10,10,2
195,3,3,3,3
401,17,17,1,1
43,43,11,11,3
111,47,15,15,7
327,7,7,7,7
923,27,27,11,3
237,45,13,13,5
687,47,15,15,7
214,22,22,6,6
713,9,9,9,1
475,27,27,11,3
738,34,2,2,2
982,22,22,6,6
630,54,22,6,6
940,44,12,12,4
761,57,25,9,1
287,31,31,15,7
27,27,27,11,3
951,55,23,7,7
38,38,6,6,6
19,19,19,3,3
493,45,13,13,5
330,10,10,10,2
186,58,26,10,2
709,5,5,5,5
174,46,14,14,6
910,14,14,14,6
952,56,24,8,0
98,34,2,2,2
9,9,9,9,1
817,49,17,1,1
707,3,3,3,3
972,12,12,12,4
269,13,13,13,5
681,41,9,9,1
655,15,15,15,7
574,62,30,14,6
233,41,9,9,1
117,53,21,5,5
763,59,27,11,3
877,45,13,13,5
560,48,16,0,0
210,18,18,2,2
70,6,6,6,6
478,30,30,14,6
456,8,8,8,0
618,42,10,10,2
434,50,18,2,2
982,22,22,6,6
8,8,8,8,0
436,52,20,4,4
416,32,0,0,0
959,63,31,15,7
721,17,17,1,1
169,41,9,9,1
190,62,30,14,6
201,9,9,9,1
266,10,10,10,2
790,22,22,6,6
65,1,1,1,1
216,24,24,8,0
83,19,19,3,3
642,2,2,2,2
127,63,31,15,7
300,44,12,12,4
764,60,28,12,4
243,51,19,3,3
868,36,4,4,4
126,62,30,14,6
999,39,7,7,7
940,44,12,12,4
874,42,10,10,2
961,1,1,1,1
484,36,4,4,4
413,29,29,13,5
858,26,26,10,2
0,0,0,0,0
668,28,28,12,4
64,0,0,0,0
370,50,18,2,2
861,29,29,13,5
246,54,22,6,6
237,45,13,13,5
162,34,2,2,2
256,0,0,0,0
759,55,23,7,7
16,16,16,0,0
154,26,26,10,2
388,4,4,4,4
887,55,23,7,7
792,24,24,8,0
108,44,12,12,4
183,55,23,7,7
578,2,2,2,2
206,14,14,14,6
855,23,23,7,7
650,10,10,10,2
562,50,18,2,2
154,26,26,10,2
253,61,29,13,5
399,15,15,15,7
275,19,19,3,3
340,20,20,4,4
925,29,29,13,5
202,10,10,10,2
481,33,1,1,1
579,3,3,3,3
345,25,25,9,1
873,41,9,9,1
22,22,22,6,6
46,46,14,14,6
368,48,16,0,0
334,14,14,14,6
781,13,13,13,5
762,58,26,10,2
480,32,0,0,0
191,63,31,15,7
609,33,1,1,1
994,34,2,2,2
962,2,2,2,2
16,16,16,0,0
136,8,8,8,0
67,3,3,3,3
417,33,1,1,1
623,47,15,15,7
762,58,26,10,2
553,41,9,9,1
589,13,13,13,5
374,54,22,6,6
610,34,2,2,2
380,60,28,12,4
675,35,3,3,3
126,62,30,14,6
842,10,10,10,2
783,15,15,15,7
506,58,26,10,2
786,18,18,2,2
695,55,23,7,7
857,25,25,9,1
228,36,4,4,4
877,45,13,13,5
795,27,27,11,3
763,59,27,11,3
960,0,0,0,0
589,13,13,13,5
388,4,4,4,4
120,56,24,8,0
864,32,0,0,0
273,17,17,1,1
367,47,15,15,7
930,34,2,2,2
430,46,14,14,6
905,9,9,9,1
122,58,26,10,2
849,17,17,1,1
337,17,17,1,1
583,7,7,7,7
646,6,6,6,6
409,25,25,9,1
563,51,19,3,3
811,43,11,11,3
784,16,16,0,0
768,0,0,0,0
963,3,3,3,3
935,39,7,7,7
705,1,1,1,1
119,55,23,7,7
927,31,31,15,7
787,19,19,3,3
278,22,22,6,6
394,10,10,10,2
443,59,27,11,3
627,51,19,3,3
142,14,14,14,6
174,46,14,14,6
595,19,19,3,3
800,32,0,0,0
17,17,17,1,1
993,33,1,1,1
973,13,13,13,5
293,37,5,5,5
846,14,14,14,6
878,46,14,14,6
426,42,10,10,2
327,7,7,7,7
356,36,4,4,4
464,16,16,0,0
100,36,4,4,4
654,14,14,14,6
369,49,17,1,1
485,37,5,5,5
174,46,14,14,6
4,4,4,4,4
902,6,6,6,6
443,59,27,11,3
526,14,14,14,6
974,14,14,14,6
511,63,31,15,7
793,25,25,9,1
318,62,30,14,6
454,6,6,6,6
723,19,19,3,3
722,18,18,2,2
19,19,19,3,3
980,20,20,4,4
677,37,5,5,5
441,57,25,9,1
763,59,27,11,3
159,31,31,15,7
292,36,4,4,4
191,63,31,15,7
937,41,9,9,1
755,51,19,3,3
537,25,25,9,1
951,55,23,7,7
83,19,19,3,3
530,18,18,2,2
112,48,16,0,0
554,42,10,10,2
781,13,13,13,5
109,45,13,13,5
884,52,20,4,4
538,26,26,10,2
788,20,20,4,4
977,17,17,1,1
32,32,0,0,0
62,62,30,14,6
781,13,13,13,5
854,22,22,6,6
396,12,12,12,4
620,44,12,12,4
111,47,15,15,7
86,22,22,6,6
384,0,0,0,0
479,31,31,15,7
624,48,16,0,0
525,13,13,13,5
688,48,16,0,0
30,30,30,14,6
141,13,13,13,5
75,11,11,11,3
779,11,11,11,3
577,1,1,1,1
866,34,2,2,2
639,63,31,15,7
234,42,10,10,2
953,57,25,9,1
598,22,22,6,6
183,55,23,7,7
590,14,14,14,6
689,49,17,1,1
980,20,20,4,4
923,27,27,11,3
701,61,29,13,5
136,8,8,8,0
223,31,31,15,7
560,48,16,0,0
192,0,0,0,0
909,13,13,13,5
500,52,20,4,4
274,18,18,2,2
212,20,20,4,4
467,19,19,3,3
898,2,2,2,2
966,6,6,6,6
783,15,15,15,7
398,14,14,14,6
453,5,5,5,5
185,57,25,9,1
596,20,20,4,4
970,10,10,10,2
457,9,9,9,1
267,11,11,11,3
556,44,12,12,4
596,20,20,4,4
495,47,15,15,7
14,14,14,14,6
494,46,14,14,6
206,14,14,14,6
717,13,13,13,5
708,4,4,4,4
416,32,0,0,0
525,13,13,13,5
593,17,17,1,1
440,56,24,8,0
976,16,16,0,0
25,25,25,9,1
897,1,1,1,1
235,43,11,11,3
732,28,28,12,4
639,63,31,15,7
790,22,22,6,6
487,39,7,7,7
846,14,14,14,6
175,47,15,15,7
804,36,4,4,4
929,33,1,1,1
282,26,26,10,2
130,2,2,2,2
600,24,24,8,0
90,26,26,10,2
786,18,18,2,2
954,58,26,10,2
921,25,25,9,1
798,30,30,14,6
585,9,9,9,1
379,59,27,11,3
111,47,15,15,7
721,17,17,1,1
979,19,19,3,3
290,34,2,2,2
365,45,13,13,5
547,35,3,3,3
813,45,13,13,5
705,1,1,1,1
46,46,14,14,6
54,54,22,6,6
794,26,26,10,2
423,39,7,7,7
510,62,30,14,6
340,20,20,4,4
126,62,30,14,6
485,37,5,5,5
252,60,28,12,4
672,32,0,0,0
771,3,3,3,3
853,21,21,5,5
182,54,22,6,6
161,33,1,1,1
748,44,12,12,4
105,41,9,9,1
983,23,23,7,7
106,42,10,10,2
981,21,21,5,5
809,41,9,9,1
123,59,27,11,3
671,31,31,15,7
405,21,21,5,5
215,23,23,7,7
82,18,18,2,2
23,23,23,7,7
278,22,22,6,6
279,23,23,7,7
221,29,29,13,5
898,2,2,2,2
225,33,1,1,1
374,54,22,6,6
593,17,17,1,1
166,38,6,6,6
773,5,5,5,5
751,47,15,15,7
103,39,7,7,7
802,34,2,2,2
369,49,17,1,1
756,52,20,4,4
28,28,28,12,4
802,34,2,2,2
708,4,4,4,4
748,44,12,12,4
205,13,13,13,5
374,54,22,6,6
683,43,11,11,3
118,54,22,6,6
251,59,27,11,3
609,33,1,1,1
891,59,27,11,3
555,43,11,11,3
246,54,22,6,6
67,3,3,3,3
776,8,8,8,0
125,61,29,13,5
747,43,11,11,3
910,14,14,14,6
873,41,9,9,1
197,5,5,5,5
327,7,7,7,7
696,56,24,8,0
869,37,5,5,5
349,29,29,13,5
365,45,13,13,5
274,18,18,2,2
342,22,22,6,6
613,37,5,5,5
384,0,0,0,0
364,44,12,12,4
64,0,0,0,0
575,63,31,15,7
374,54,22,6,6
103,39,7,7,7
632,56,24,8,0
485,37,5,5,5
135,7,7,7,7
608,32,0,0,0
56,56,24,8,0
209,17,17,1,1
639,63,31,15,7
53,53,21,5,5
12,12,12,12,4
729,25,25,9,1
726,22,22,6,6
89,25,25,9,1
565,53,21,5,5
582,6,6,6,6
111,47,15,15,7
0,0,0,0,0
602,26,26,10,2
569,57,25,9,1
932,36,4,4,4
873,41,9,9,1
548,36,4,4,4
333,13,13,13,5
830,62,30,14,6
599,23,23,7,7
816,48,16,0,0
198,6,6,6,6
764,60,28,12,4
244,52,20,4,4
458,10,10,10,2
535,23,23,7,7
611,35,3,3,3
339,19,19,3,3
38,38,6,6,6
34,34,2,2,2
633,57,25,9,1
985,25,25,9,1
698,58,26,10,2
173,45,13,13,5
264,8,8,8,0
909,13,13,13,5
412,28,28,12,4
758,54,22,6,6
708,4,4,4,4
729,25,25,9,1
353,33,1,1,1
256,0,0,0,0
15,15,15,15,7
887,55,23,7,7
726,22,22,6,6
602,26,26,10,2
671,31,31,15,7
695,55,23,7,7
537,25,25,9,1
529,17,17,1,1
993,33,1,1,1
531,19,19,3,3
785,17,17,1,1
68,4,4,4,4
448,0,0,0,0
448,0,0,0,0
193,1,1,1,1
636,60,28,12,4
277,21,21,5,5
617,41,9,9,1
964,4,4,4,4
473,25,25,9,1
719,15,15,15,7
788,20,20,4,4
361,41,9,9,1
875,43,11,11,3
228,36,4,4,4
164,36,4,4,4
124,60,28,12,4
68,4,4,4,4
306,50,18,2,2
949,53,21,5,5
601,25,25,9,1
129,1,1,1,1
268,12,12,12,4
164,36,4,4,4
552,40,8,8,0
274,18,18,2,2
911,15,15,15,7
907,11,11,11,3
248,56,24,8,0
480,32,0,0,0
419,35,3,3,3
144,16,16,0,0
345,25,25,9,1
135,7,7,7,7
354,34,2,2,2
490,42,10,10,2
595,19,19,3,3
666,26,26,10,2
549,37,5,5,5
80,16,16,0,0
782,14,14,14,6
751,47,15,15,7
21,21,21,5,5
394,10,10,10,2
252,60,28,12,4
3,3,3,3,3
324,4,4,4,4
897,1,1,1,1
945,49,17,1,1
425,41,9,9,1
228,36,4,4,4
137,9,9,9,1
135,7,7,7,7
957,61,29,13,5
822,54,22,6,6
187,59,27,11,3
370,50,18,2,2
968,8,8,8,0
107,43,11,11,3
89,25,25,9,1
392,8,8,8,0
602,26,26,10,2
126,62,30,14,6
701,61,29,13,5
413,29,29,13,5
181,53,21,5,5
563,51,19,3,3
82,18,18,2,2
485,37,5,5,5
419,35,3,3,3
950,54,22,6,6
701,61,29,13,5
310,54,22,6,6
378,58,26,10,2
688,48,16,0,0
476,28,28,12,4
798,30,30,14,6
246,54,22,6,6
872,40,8,8,0
948,52,20,4,4
137,9,9,9,1
975,15,15,15,7
350,30,30,14,6
976,16,16,0,0
471,23,23,7,7
917,21,21,5,5
199,7,7,7,7
302,46,14,14,6
382,62,30,14,6
951,55,23,7,7
178,50,18,2,2
155,27,27,11,3
37,37,5,5,5
107,43,11,11,3
896,0,0,0,0
666,26,26,10,2
871,39,7,7,7
326,6,6,6,6
199,7,7,7,7
792,24,24,8,0
544,32,0,0,0
239,47,15,15,7
432,48,16,0,0
153,25,25,9,1
349,29,29,13,5
222,30,30,14,6
40,40,8,8,0
859,27,27,11,3
43,43,11,11,3
182,54,22,6,6
280,24,24,8,0
873,41,9,9,1
931,35,3,3,3
188,60,28,12,4
782,14,14,14,6
219,27,27,11,3
674,34,2,2,2
930,34,2,2,2
372,52,20,4,4
683,43,11,11,3
537,25,25,9,1
790,22,22,6,6
346,26,26,10,2
767,63,31,15,7
200,8,8,8,0
416,32,0,0,0
892,60,28,12,4
469,21,21,5,5
373,53,21,5,5
481,33,1,1,1
390,6,6,6,6
162,34,2,2,2
365,45,13,13,5
168,40,8,8,0
632,56,24,8,0
823,55,23,7,7
280,24,24,8,0
948,52,20,4,4
962,2,2,2,2
932,36,4,4,4
573,61,29,13,5
715,11,11,11,3
754,50,18,2,2
980,20,20,4,4
953,57,25,9,1
768,0,0,0,0
341,21,21,5,5
849,17,17,1,1
77,13,13,13,5
608,32,0,0,0
919,23,23,7,7
72,8,8,8,0
101,37,5,5,5
670,30,30,14,6
557,45,13,13,5
464,16,16,0,0
79,15,15,15,7
515,3,3,3,3
45,45,13,13,5
380,60,28,12,4
256,0,0,0,0
878,46,14,14,6
552,40,8,8,0
507,59,27,11,3
300,44,12,12,4
282,26,26,10,2
294,38,6,6,6
554,42,10,10,2
325,5,5,5,5
839,7,7,7,7
753,49,17,1,1
435,51,19,3,3
976,16,16,0,0
355,35,3,3,3
472,24,24,8,0
49,49,17,1,1
656,16,16,0,0
376,56,24,8,0
728,24,24,8,0
388,4,4,4,4
201,9,9,9,1
200,8,8,8,0
131,3,3,3,3
942,46,14,14,6
652,12,12,12,4
279,23,23,7,7
97,33,1,1,1
86,22,22,6,6
103,39,7,7,7
212,20,20,4,4
600,24,24,8,0
118,54,22,6,6
607,31,31,15,7
167,39,7,7,7
17,17,17,1,1
297,41,9,9,1
73,9,9,9,1
811,43,11,11,3
149,21,21,5,5
600,24,24,8,0
564,52,20,4,4
787,19,19,3,3
841,9,9,9,1
889,57,25,9,1
73,9,9,9,1
331,11,11,11,3
700,60,28,12,4
819,51,19,3,3
21,21,21,5,5
145,17,17,1,1
522,10,10,10,2
895,63,31,15,7
136,8,8,8,0
260,4,4,4,4
431,47,15,15,7
120,56,24,8,0
588,12,12,12,4
1,1,1,1,1
608,32,0,0,0
224,32,0,0,0
260,4,4,4,4
713,9,9,9,1
380,60,28,12,4
929,33,1,1,1
442,58,26,10,2
769,1,1,1,1
227,35,3,3,3
159,31,31,15,7
70,6,6,6,6
655,15,15,15,7
939,43,11,11,3
514,2,2,2,2
117,53,21,5,5
732,28,28,12,4
822,54,22,6,6
783,15,15,15,7
291,35,3,3,3
439,55,23,7,7
639,63,31,15,7
900,4,4,4,4
45,45,13,13,5
144,16,16,0,0
215,23,23,7,7
696,56,24,8,0
859,27,27,11,3
450,2,2,2,2
486,38,6,6,6
56,56,24,8,0
118,54,22,6,6
74,10,10,10,2
556,44,12,12,4
945,49,17,1,1
106,42,10,10,2
906,10,10,10,2
824,56,24,8,0
959,63,31,15,7
691,51,19,3,3
818,50,18,2,2
405,21,21,5,5
554,42,10,10,2
569,57,25,9,1
981,21,21,5,5
748,44,12,12,4
585,9,9,9,1
34,34,2,2,2
472,24,24,8,0
376,56,24,8,0
149,21,21,5,5
93,29,29,13,5
928,32,0,0,0
559,47,15,15,7
598,22,22,6,6
53,53,21,5,5
362,42,10,10,2
431,47,15,15,7
865,33,1,1,1
977,17,17,1,1
483,35,3,3,3
692,52,20,4,4
571,59,27,11,3
15,15,15,15,7
22,22,22,6,6
93,29,29,13,5
666,26,26,10,2
987,27,27,11,3
768,0,0,0,0
720,16,16,0,0
464,16,16,0,0
784,16,16,0,0
960,0,0,0,0
422,38,6,6,6
898,2,2,2,2
773,5,5,5,5
369,49,17,1,1
374,54,22,6,6
336,16,16,0,0
819,51,19,3,3
755,51,19,3,3
80,16,16,0,0
492,44,12,12,4
68,4,4,4,4
191,63,31,15,7
514,2,2,2,2
82,18,18,2,2
681,41,9,9,1
970,10,10,10,2
186,58,26,10,2
472,24,24,8,0
473,25,25,9,1
140,12,12,12,4
16,16,16,0,0
759,55,23,7,7
615,39,7,7,7
886,54,22,6,6
149,21,21,5,5
879,47,15,15,7
219,27,27,11,3
832,0,0,0,0
260,4,4,4,4
101,37,5,5,5
524,12,12,12,4
367,47,15,15,7
940,44,12,12,4
616,40,8,8,0
205,13,13,13,5
329,9,9,9,1
680,40,8,8,0
116,52,20,4,4
608,32,0,0,0
988,28,28,12,4
499,51,19,3,3
989,29,29,13,5
200,8,8,8,0
873,41,9,9,1
930,34,2,2,2
801,33,1,1,1
841,9,9,9,1
887,55,23,7,7
241,49,17,1,1
304,48,16,0,0
587,11,11,11,3
716,12,12,12,4
546,34,2,2,2
829,61,29,13,5
253,61,29,13,5
961,1,1,1,1
802,34,2,2,2
898,2,2,2,2
96,32,0,0,0
376,56,24,8,0
758,54,22,6,6
807,39,7,7,7
329,9,9,9,1
683,43,11,11,3
813,45,13,13,5
222,30,30,14,6
971,11,11,11,3
213,21,21,5,5
925,29,29,13,5
980,20,20,4,4
635,59,27,11,3
605,29,29,13,5
890,58,26,10,2
356,36,4,4,4
486,38,6,6,6
953,57,25,9,1
649,9,9,9,1
783,15,15,15,7
776,8,8,8,0
529,17,17,1,1
824,56,24,8,0
489,41,9,9,1
896,0,0,0,0
772,4,4,4,4
984,24,24,8,0
916,20,20,4,4
304,48,16,0,0
618,42,10,10,2
507,59,27,11,3
533,21,21,5,5
246,54,22,6,6
4,4,4,4,4
858,26,26,10,2
580,4,4,4,4
904,8,8,8,0
692,52,20,4,4
840,8,8,8,0
435,51,19,3,3
546,34,2,2,2
427,43,11,11,3
681,41,9,9,1
542,30,30,14,6
223,31,31,15,7
560,48,16,0,0
382,62,30,14,6
484,36,4,4,4
875,43,11,11,3
311,55,23,7,7
504,56,24,8,0
984,24,24,8,0
520,8,8,8,0
97,33,1,1,1
257,1,1,1,1
715,11,11,11,3
368,48,16,0,0
954,58,26,10,2
420,36,4,4,4
654,14,14,14,6
149,21,21,5,5
35,35,3,3,3
952,56,24,8,0
560,48,16,0,0
276,20,20,4,4
1,1,1,1,1
825,57,25,9,1
921,25,25,9,1
798,30,30,14,6
631,55,23,7,7
203,11,11,11,3
249,57,25,9,1
927,31,31,15,7
366,46,14,14,6
602,26,26,10,2
237,45,13,13,5
765,61,29,13,5
851,19,19,3,3
878,46,14,14,6
110,46,14,14,6
875,43,11,11,3
841,9,9,9,1
405,21,21,5,5
889,57,25,9,1
661,21,21,5,5
93,29,29,13,5
942,46,14,14,6
422,38,6,6,6
262,6,6,6,6
640,0,0,0,0
577,1,1,1,1
706,2,2,2,2
688,48,16,0,0
569,57,25,9,1
172,44,12,12,4
511,63,31,15,7
841,9,9,9,1
46,46,14,14,6
164,36,4,4,4
225,33,1,1,1
582,6,6,6,6
553,41,9,9,1
842,10,10,10,2
382,62,30,14,6
441,57,25,9,1
237,45,13,13,5
410,26,26,10,2
814,46,14,14,6
631,55,23,7,7
431,47,15,15,7
563,51,19,3,3
561,49,17,1,1
991,31,31,15,7
332,12,12,12,4
953,57,25,9,1
292,36,4,4,4
412,28,28,12,4
154,26,26,10,2
651,11,11,11,3
511,63,31,15,7
769,1,1,1,1
980,20,20,4,4
374,54,22,6,6
984,24,24,8,0
955,59,27,11,3
123,59,27,11,3
55,55,23,7,7
861,29,29,13,5
253,61,29,13,5
856,24,24,8,0
556,44,12,12,4
751,47,15,15,7
113,49,17,1,1
418,34,2,2,2
959,63,31,15,7
347,27,27,11,3
110,46,14,14,6
637,61,29,13,5
890,58,26,10,2
520,8,8,8,0
274,18,18,2,2
925,29,29,13,5
398,14,14,14,6
800,32,0,0,0
85,21,21,5,5
9,9,9,9,1
656,16,16,0,0
624,48,16,0,0
105,41,9,9,1
611,35,3,3,3
711,7,7,7,7
412,28,28,12,4
153,25,25,9,1
56,56,24,8,0
877,45,13,13,5
770,2,2,2,2
704,0,0,0,0
179,51,19,3,3
120,56,24,8,0
723,19,19,3,3
438,54,22,6,6
675,35,3,3,3
228,36,4,4,4
555,43,11,11,3
966,6,6,6,6
812,44,12,12,4
730,26,26,10,2
213,21,21,5,5
730,26,26,10,2
945,49,17,1,1
831,63,31,15,7
393,9,9,9,1
798,30,30,14,6
385,1,1,1,1
332,12,12,12,4
463,15,15,15,7
747,43,11,11,3
145,17,17,1,1
446,62,30,14,6
529,17,17,1,1
761,57,25,9,1
125,61,29,13,5
851,19,19,3,3
395,11,11,11,3
29,29,29,13,5
631,55,23,7,7
312,56,24,8,0
288,32,0,0,0
380,60,28,12,4
856,24,24,8,0
498,50,18,2,2
741,37,5,5,5
603,27,27,11,3
411,27,27,11,3
370,50,18,2,2
823,55,23,7,7
460,12,12,12,4
186,58,26,10,2
153,25,25,9,1
943,47,15,15,7
676,36,4,4,4
771,3,3,3,3
225,33,1,1,1
364,44,12,12,4
996,36,4,4,4
751,47,15,15,7
453,5,5,5,5
42,42,10,10,2
599,23,23,7,7
323,3,3,3,3
312,56,24,8,0
452,4,4,4,4
369,49,17,1,1
662,22,22,6,6
91,27,27,11,3
405,21,21,5,5
528,16,16,0,0
239,47,15,15,7
399,15,15,15,7
457,9,9,9,1
403,19,19,3,3
912,16,16,0,0
712,8,8,8,0
201,9,9,9,1
391,7,7,7,7
492,44,12,12,4
786,18,18,2,2
215,23,23,7,7
414,30,30,14,6
314,58,26,10,2
820,52,20,4,4
593,17,17,1,1
937,41,9,9,1
783,15,15,15,7
742,38,6,6,6
428,44,12,12,4
257,1,1,1,1
934,38,6,6,6
170,42,10,10,2
591,15,15,15,7
275,19,19,3,3
991,31,31,15,7
715,11,11,11,3
920,24,24,8,0
344,24,24,8,0
36,36,4,4,4
524,12,12,12,4
337,17,17,1,1
670,30,30,14,6
493,45,13,13,5
49,49,17,1,1
600,24,24,8,0
988,28,28,12,4
228,36,4,4,4
321,1,1,1,1
806,38,6,6,6
350,30,30,14,6
602,26,26,10,2
626,50,18,2,2
807,39,7,7,7
20,20,20,4,4
514,2,2,2,2
191,63,31,15,7
551,39,7,7,7
616,40,8,8,0
503,55,23,7,7
98,34,2,2,2
39,39,7,7,7
32,32,0,0,0
874,42,10,10,2
624,48,16,0,0
376,56,24,8,0
260,4,4,4,4
24,24,24,8,0
299,43,11,11,3
498,50,18,2,2
808,40,8,8,0
327,7,7,7,7
776,8,8,8,0
961,1,1,1,1
209,17,17,1,1
404,20,20,4,4
755,51,19,3,3
505,57,25,9,1
262,6,6,6,6
549,37,5,5,5
159,31,31,15,7
290,34,2,2,2
837,5,5,5,5
543,31,31,15,7
665,25,25,9,1
637,61,29,13,5
10,10,10,10,2
985,25,25,9,1
66,2,2,2,2
725,21,21,5,5
672,32,0,0,0
843,11,11,11,3
341,21,21,5,5
611,35,3,3,3
70,6,6,6,6
556,44,12,12,4
847,15,15,15,7
513,1,1,1,1
120,56,24,8,0
488,40,8,8,0
548,36,4,4,4
503,55,23,7,7
32,32,0,0,0
177,49,17,1,1
949,53,21,5,5
42,42,10,10,2
985,25,25,9,1
183,55,23,7,7
879,47,15,15,7
918,22,22,6,6
663,23,23,7,7
154,26,26,10,2
39,39,7,7,7
767,63,31,15,7
240,48,16,0,0
682,42,10,10,2
115,51,19,3,3
455,7,7,7,7
993,33,1,1,1
381,61,29,13,5
36,36,4,4,4
610,34,2,2,2
629,53,21,5,5
438,54,22,6,6
63,63,31,15,7
686,46,14,14,6
12,12,12,12,4
858,26,26,10,2
278,22,22,6,6
676,36,4,4,4
365,45,13,13,5
193,1,1,1,1
650,10,10,10,2
936,40,8,8,0
760,56,24,8,0
935,39,7,7,7
280,24,24,8,0
960,0,0,0,0
692,52,20,4,4
827,59,27,11,3
780,12,12,12,4
125,61,29,13,5
897,1,1,1,1
681,41,9,9,1
90,26,26,10,2
306,50,18,2,2
332,12,12,12,4
119,55,23,7,7
836,4,4,4,4
803,35,3,3,3
125,61,29,13,5
130,2,2,2,2
496,48,16,0,0
697,57,25,9,1
963,3,3,3,3
490,42,10,10,2
726,22,22,6,6
136,8,8,8,0
360,40,8,8,0
289,33,1,1,1
735,31,31,15,7
63,63,31,15,7
795,27,27,11,3
882,50,18,2,2
707,3,3,3,3
138,10,10,10,2
714,10,10,10,2
50,50,18,2,2
894,62,30,14,6
49,49,17,1,1
151,23,23,7,7
796,28,28,12,4
757,53,21,5,5
123,59,27,11,3
301,45,13,13,5
911,15,15,15,7
103,39,7,7,7
570,58,26,10,2
709,5,5,5,5
23,23,23,7,7
247,55,23,7,7
226,34,2,2,2
949,53,21,5,5
495,47,15,15,7
510,62,30,14,6
359,39,7,7,7
745,41,9,9,1
231,39,7,7,7
189,61,29,13,5
105,41,9,9,1
367,47,15,15,7
638,62,30,14,6
289,33,1,1,1
580,4,4,4,4
288,32,0,0,0
832,0,0,0,0
574,62,30,14,6
178,50,18,2,2
322,2,2,2,2
964,4,4,4,4
61,61,29,13,5
443,59,27,11,3
966,6,6,6,6
543,31,31,15,7
831,63,31,15,7
323,3,3,3,3
674,34,2,2,2
708,4,4,4,4
618,42,10,10,2
398,14,14,14,6
16,16,16,0,0
775,7,7,7,7
846,14,14,14,6
675,35,3,3,3
592,16,16,0,0
759,55,23,7,7
73,9,9,9,1
345,25,25,9,1
723,19,19,3,3
162,34,2,2,2
43,43,11,11,3
593,17,17,1,1
993,33,1,1,1
867,35,3,3,3
348,28,28,12,4
335,15,15,15,7
448,0,0,0,0
461,13,13,13,5
505,57,25,9,1
838,6,6,6,6
224,32,0,0,0
11,11,11,11,3
639,63,31,15,7
360,40,8,8,0
877,45,13,13,5
573,61,29,13,5
470,22,22,6,6
519,7,7,7,7
915,19,19,3,3
958,62,30,14,6
634,58,26,10,2
235,43,11,11,3
858,26,26,10,2
260,4,4,4,4
142,14,14,14,6
443,59,27,11,3
426,42,10,10,2
181,53,21,5,5
949,53,21,5,5
347,27,27,11,3
416,32,0,0,0
141,13,13,13,5
902,6,6,6,6
729,25,25,9,1
661,21,21,5,5
78,14,14,14,6
887,55,23,7,7
321,1,1,1,1
83,19,19,3,3
99,35,3,3,3
368,48,16,0,0
231,39,7,7,7
91,27,27,11,3
327,7,7,7,7
747,43,11,11,3
591,15,15,15,7
17,17,17,1,1
674,34,2,2,2
528,16,16,0,0
930,34,2,2,2
177,49,17,1,1
575,63,31,15,7
145,17,17,1,1
433,49,17,1,1
368,48,16,0,0
305,49,17,1,1
541,29,29,13,5
961,1,1,1,1
700,60,28,12,4
336,16,16,0,0
238,46,14,14,6
465,17,17,1,1
117,53,21,5,5
227,35,3,3,3
1,1,1,1,1
248,56,24,8,0
527,15,15,15,7
226,34,2,2,2
448,0,0,0,0
323,3,3,3,3
597,21,21,5,5
19,19,19,3,3
601,25,25,9,1
541,29,29,13,5
114,50,18,2,2
377,57,25,9,1
664,24,24,8,0
840,8,8,8,0
138,10,10,10,2
434,50,18,2,2
141,13,13,13,5
219,27,27,11,3
537,25,25,9,1
362,42,10,10,2
672,32,0,0,0
875,43,11,11,3
801,33,1,1,1
763,59,27,11,3
380,60,28,12,4
513,1,1,1,1
458,10,10,10,2
176,48,16,0,0
773,5,5,5,5
940,44,12,12,4
673,33,1,1,1
358,38,6,6,6
953,57,25,9,1
682,42,10,10,2
462,14,14,14,6
740,36,4,4,4
312,56,24,8,0
4,4,4,4,4
559,47,15,15,7
393,9,9,9,1
808,40,8,8,0
359,39,7,7,7
705,1,1,1,1
377,57,25,9,1
354,34,2,2,2
61,61,29,13,5
69,5,5,5,5
113,49,17,1,1
543,31,31,15,7
902,6,6,6,6
384,0,0,0,0
532,20,20,4,4
432,48,16,0,0
570,58,26,10,2
991,31,31,15,7
500,52,20,4,4
917,21,21,5,5
291,35,3,3,3
29,29,29,13,5
705,1,1,1,1
22,22,22,6,6
1,1,1,1,1
821,53,21,5,5
871,39,7,7,7
545,33,1,1,1
760,56,24,8,0
262,6,6,6,6
77,13,13,13,5
489,41,9,9,1
780,12,12,12,4
864,32,0,0,0
642,2,2,2,2
572,60,28,12,4
573,61,29,13,5
433,49,17,1,1
168,40,8,8,0
643,3,3,3,3
661,21,21,5,5
661,21,21,5,5
576,0,0,0,0
962,2,2,2,2
766,62,30,14,6
499,51,19,3,3
354,34,2,2,2
517,5,5,5,5
690,50,18,2,2
185,57,25,9,1
628,52,20,4,4
848,16,16,0,0
708,4,4,4,4
811,43,11,11,3
743,39,7,7,7
771,3,3,3,3
695,55,23,7,7
128,0,0,0,0
154,26,26,10,2
211,19,19,3,3
366,46,14,14,6
605,29,29,13,5
889,57,25,9,1
80,16,16,0,0
615,39,7,7,7
637,61,29,13,5
696,56,24,8,0
44,44,12,12,4
279,23,23,7,7
300,44,12,12,4
974,14,14,14,6
400,16,16,0,0
664,24,24,8,0
506,58,26,10,2
777,9,9,9,1
869,37,5,5,5
607,31,31,15,7
461,13,13,13,5
414,30,30,14,6
223,31,31,15,7
210,18,18,2,2
447,63,31,15,7
327,7,7,7,7
289,33,1,1,1
69,5,5,5,5
955,59,27,11,3
182,54,22,6,6
685,45,13,13,5
29,29,29,13,5
413,29,29,13,5
480,32,0,0,0
36,36,4,4,4
47,47,15,15,7
204,12,12,12,4
18,18,18,2,2
194,2,2,2,2
55,55,23,7,7
898,2,2,2,2
105,41,9,9,1
884,52,20,4,4
190,62,30,14,6
150,22,22,6,6
130,2,2,2,2
534,22,22,6,6
238,46,14,14,6
409,25,25,9,1
843,11,11,11,3
303,47,15,15,7
67,3,3,3,3
853,21,21,5,5
825,57,25,9,1
318,62,30,14,6
306,50,18,2,2
817,49,17,1,1
149,21,21,5,5
341,21,21,5,5
135,7,7,7,7
77,13,13,13,5
179,51,19,3,3
808,40,8,8,0
186,58,26,10,2
636,60,28,12,4
278,22,22,6,6
207,15,15,15,7
875,43,11,11,3
303,47,15,15,7
862,30,30,14,6
111,47,15,15,7
175,47,15,15,7
115,51,19,3,3
259,3,3,3,3
507,59,27,11,3
988,28,28,12,4
60,60,28,12,4
89,25,25,9,1
479,31,31,15,7
812,44,12,12,4
756,52,20,4,4
684,44,12,12,4
869,37,5,5,5
382,62,30,14,6
723,19,19,3,3
226,34,2,2,2
121,57,25,9,1
839,7,7,7,7
251,59,27,11,3
659,19,19,3,3
804,36,4,4,4
432,48,16,0,0
957,61,29,13,5
84,20,20,4,4
212,20,20,4,4
40,40,8,8,0
645,5,5,5,5
626,50,18,2,2
747,43,11,11,3
595,19,19,3,3
245,53,21,5,5
334,14,14,14,6
606,30,30,14,6
213,21,21,5,5
969,9,9,9,1
595,19,19,3,3
314,58,26,10,2
166,38,6,6,6
977,17,17,1,1
681,41,9,9,1
747,43,11,11,3
188,60,28,12,4
808,40,8,8,0
173,45,13,13,5
972,12,12,12,4
81,17,17,1,1
424,40,8,8,0
650,10,10,10,2
902,6,6,6,6
499,51,19,3,3
584,8,8,8,0
397,13,13,13,5
181,53,21,5,5
13,13,13,13,5
17,17,17,1,1
752,48,16,0,0
264,8,8,8,0
575,63,31,15,7
687,47,15,15,7
331,11,11,11,3
473,25,25,9,1
656,16,16,0,0
223,31,31,15,7
635,59,27,11,3
896,0,0,0,0
475,27,27,11,3
508,60,28,12,4
195,3,3,3,3
202,10,10,10,2
415,31,31,15,7
980,20,20,4,4
734,30,30,14,6
168,40,8,8,0
951,55,23,7,7
187,59,27,11,3
481,33,1,1,1
716,12,12,12,4
733,29,29,13,5
4,4,4,4,4
405,21,21,5,5
900,4,4,4,4
590,14,14,14,6
588,12,12,12,4
944,48,16,0,0
469,21,21,5,5
534,22,22,6,6
333,13,13,13,5
471,23,23,7,7
546,34,2,2,2
924,28,28,12,4
639,63,31,15,7
536,24,24,8,0
615,39,7,7,7
969,9,9,9,1
762,58,26,10,2
734,30,30,14,6
42,42,10,10,2
215,23,23,7,7
807,39,7,7,7
134,6,6,6,6
104,40,8,8,0
810,42,10,10,2
118,54,22,6,6
436,52,20,4,4
149,21,21,5,5
965,5,5,5,5
517,5,5,5,5
319,63,31,15,7
225,33,1,1,1
411,27,27,11,3
566,54,22,6,6
123,59,27,11,3
963,3,3,3,3
270,14,14,14,6
103,39,7,7,7
665,25,25,9,1
137,9,9,9,1
324,4,4,4,4
605,29,29,13,5
480,32,0,0,0
892,60,28,12,4
333,13,13,13,5
498,50,18,2,2
686,46,14,14,6
212,20,20,4,4
802,34,2,2,2
620,44,12,12,4
979,19,19,3,3
933,37,5,5,5
141,13,13,13,5
353,33,1,1,1
398,14,14,14,6
436,52,20,4,4
734,30,30,14,6
608,32,0,0,0
681,41,9,9,1
47,47,15,15,7
414,30,30,14,6
33,33,1,1,1
326,6,6,6,6
856,24,24,8,0
848,16,16,0,0
734,30,30,14,6
482,34,2,2,2
435,51,19,3,3
903,7,7,7,7
726,22,22,6,6
546,34,2,2,2
738,34,2,2,2
145,17,17,1,1
77,13,13,13,5
824,56,24,8,0
511,63,31,15,7
153,25,25,9,1
154,26,26,10,2
295,39,7,7,7
699,59,27,11,3
738,34,2,2,2
830,62,30,14,6
70,6,6,6,6
81,17,17,1,1
277,21,21,5,5
399,15,15,15,7
261,5,5,5,5
583,7,7,7,7
858,26,26,10,2
437,53,21,5,5
735,31,31,15,7
508,60,28,12,4
820,52,20,4,4
532,20,20,4,4
523,11,11,11,3
220,28,28,12,4
927,31,31,15,7
548,36,4,4,4
724,20,20,4,4
849,17,17,1,1
387,3,3,3,3
106,42,10,10,2
738,34,2,2,2
11,11,11,11,3
551,39,7,7,7
225,33,1,1,1
429,45,13,13,5
56,56,24,8,0
58,58,26,10,2
246,54,22,6,6
312,56,24,8,0
580,4,4,4,4
149,21,21,5,5
86,22,22,6,6
296,40,8,8,0
532,20,20,4,4
441,57,25,9,1
106,42,10,10,2
268,12,12,12,4
564,52,20,4,4
601,25,25,9,1
234,42,10,10,2
63,63,31,15,7
875,43,11,11,3
941,45,13,13,5
121,57,25,9,1
198,6,6,6,6
375,55,23,7,7
428,44,12,12,4
978,18,18,2,2
204,12,12,12,4
625,49,17,1,1
358,38,6,6,6
32,32,0,0,0
272,16,16,0,0
716,12,12,12,4
991,31,31,15,7
690,50,18,2,2
516,4,4,4,4
771,3,3,3,3
953,57,25,9,1
707,3,3,3,3
733,29,29,13,5
672,32,0,0,0
92,28,28,12,4
378,58,26,10,2
105,41,9,9,1
235,43,11,11,3
868,36,4,4,4
743,39,7,7,7
514,2,2,2,2
369,49,17,1,1
957,61,29,13,5
438,54,22,6,6
920,24,24,8,0
250,58,26,10,2
764,60,28,12,4
735,31,31,15,7
562,50,18,2,2
814,46,14,14,6
30,30,30,14,6
680,40,8,8,0
464,16,16,0,0
837,5,5,5,5
538,26,26,10,2
915,19,19,3,3
531,19,19,3,3
591,15,15,15,7
658,18,18,2,2
623,47,15,15,7
812,44,12,12,4
680,40,8,8,0
182,54,22,6,6
752,48,16,0,0
607,31,31,15,7
347,27,27,11,3
820,52,20,4,4
705,1,1,1,1
314,58,26,10,2
644,4,4,4,4
281,25,25,9,1
155,27,27,11,3
432,48,16,0,0
561,49,17,1,1
731,27,27,11,3
718,14,14,14,6
932,36,4,4,4
618,42,10,10,2
989,29,29,13,5
318,62,30,14,6
808,40,8,8,0
370,50,18,2,2
800,32,0,0,0
470,22,22,6,6
583,7,7,7,7
560,48,16,0,0
884,52,20,4,4
134,6,6,6,6
429,45,13,13,5
239,47,15,15,7
217,25,25,9,1
808,40,8,8,0
505,57,25,9,1
286,30,30,14,6
785,17,17,1,1
722,18,18,2,2
16,16,16,0,0
209,17,17,1,1
344,24,24,8,0
403,19,19,3,3
251,59,27,11,3
121,57,25,9,1
171,43,11,11,3
56,56,24,8,0
570,58,26,10,2
150,22,22,6,6
912,16,16,0,0
526,14,14,14,6
486,38,6,6,6
679,39,7,7,7
552,40,8,8,0
107,43,11,11,3
353,33,1,1,1
878,46,14,14,6
830,62,30,14,6
635,59,27,11,3
804,36,4,4,4
639,63,31,15,7
93,29,29,13,5
448,0,0,0,0
878,46,14,14,6
168,40,8,8,0
335,15,15,15,7
858,26,26,10,2
745,41,9,9,1
731,27,27,11,3
100,36,4,4,4
758,54,22,6,6
262,6,6,6,6
735,31,31,15,7
830,62,30,14,6
969,9,9,9,1
675,35,3,3,3
541,29,29,13,5
535,23,23,7,7
502,54,22,6,6
15,15,15,15,7
398,14,14,14,6
900,4,4,4,4
548,36,4,4,4
364,44,12,12,4
655,15,15,15,7
733,29,29,13,5
599,23,23,7,7
577,1,1,1,1
926,30,30,14,6
231,39,7,7,7
54,54,22,6,6
302,46,14,14,6
579,3,3,3,3
365,45,13,13,5
613,37,5,5,5
921,25,25,9,1
951,55,23,7,7
725,21,21,5,5
653,13,13,13,5
415,31,31,15,7
95,31,31,15,7
633,57,25,9,1
295,39,7,7,7
727,23,23,7,7
315,59,27,11,3
422,38,6,6,6
885,53,21,5,5
924,28,28,12,4
626,50,18,2,2
383,63,31,15,7
462,14,14,14,6
205,13,13,13,5
580,4,4,4,4
155,27,27,11,3
296,40,8,8,0
921,25,25,9,1
849,17,17,1,1
498,50,18,2,2
541,29,29,13,5
923,27,27,11,3
537,25,25,9,1
144,16,16,0,0
466,18,18,2,2
396,12,12,12,4
493,45,13,13,5
875,43,11,11,3
120,56,24,8,0
500,52,20,4,4
358,38,6,6,6
559,47,15,15,7
928,32,0,0,0
152,24,24,8,0
816,48,16,0,0
370,50,18,2,2
197,5,5,5,5
771,3,3,3,3
568,56,24,8,0
981,21,21,5,5
713,9,9,9,1
215,23,23,7,7
651,11,11,11,3
995,35,3,3,3
220,28,28,12,4
95,31,31,15,7
990,30,30,14,6
127,63,31,15,7
505,57,25,9,1
921,25,25,9,1
50,50,18,2,2
582,6,6,6,6
707,3,3,3,3
824,56,24,8,0
880,48,16,0,0
607,31,31,15,7
172,44,12,12,4
886,54,22,6,6
865,33,1,1,1
44,44,12,12,4
1,1,1,1,1
467,19,19,3,3
81,17,17,1,1
775,7,7,7,7
265,9,9,9,1
327,7,7,7,7
42,42,10,10,2
413,29,29,13,5
179,51,19,3,3
936,40,8,8,0
136,8,8,8,0
868,36,4,4,4
261,5,5,5,5
823,55,23,7,7
624,48,16,0,0
783,15,15,15,7
848,16,16,0,0
284,28,28,12,4
232,40,8,8,0
600,24,24,8,0
995,35,3,3,3
646,6,6,6,6
531,19,19,3,3
565,53,21,5,5
642,2,2,2,2
952,56,24,8,0
773,5,5,5,5
900,4,4,4,4
185,57,25,9,1
421,37,5,5,5
53,53,21,5,5
624,48,16,0,0
457,9,9,9,1
952,56,24,8,0
411,27,27,11,3
326,6,6,6,6
684,44,12,12,4
451,3,3,3,3
321,1,1,1,1
617,41,9,9,1
239,47,15,15,7
859,27,27,11,3
615,39,7,7,7
61,61,29,13,5
42,42,10,10,2
747,43,11,11,3
780,12,12,12,4
643,3,3,3,3
897,1,1,1,1
155,27,27,11,3
986,26,26,10,2
880,48,16,0,0
549,37,5,5,5
143,15,15,15,7
899,3,3,3,3
560,48,16,0,0
418,34,2,2,2
217,25,25,9,1
984,24,24,8,0
846,14,14,14,6
209,17,17,1,1
574,62,30,14,6
977,17,17,1,1
294,38,6,6,6
249,57,25,9,1
878,46,14,14,6
303,47,15,15,7
57,57,25,9,1
926,30,30,14,6
372,52,20,4,4
635,59,27,11,3
935,39,7,7,7
985,25,25,9,1
702,62,30,14,6
66,2,2,2,2
111,47,15,15,7
700,60,28,12,4
315,59,27,11,3
622,46,14,14,6
398,14,14,14,6
863,31,31,15,7
12,12,12,12,4
981,21,21,5,5
226,34,2,2,2
34,34,2,2,2
670,30,30,14,6
228,36,4,4,4
210,18,18,2,2
276,20,20,4,4
548,36,4,4,4
301,45,13,13,5
798,30,30,14,6
142,14,14,14,6
318,62,30,14,6
718,14,14,14,6
484,36,4,4,4
852,20,20,4,4
942,46,14,14,6
843,11,11,11,3
144,16,16,0,0
628,52,20,4,4
405,21,21,5,5
654,14,14,14,6
293,37,5,5,5
226,34,2,2,2
654,14,14,14,6
931,35,3,3,3
635,59,27,11,3
312,56,24,8,0
968,8,8,8,0
469,21,21,5,5
356,36,4,4,4
902,6,6,6,6
674,34,2,2,2
989,29,29,13,5
732,28,28,12,4
978,18,18,2,2
897,1,1,1,1
802,34,2,2,2
335,15,15,15,7
219,27,27,11,3
489,41,9,9,1
440,56,24,8,0
968,8,8,8,0
277,21,21,5,5
913,17,17,1,1
569,57,25,9,1
65,1,1,1,1
11,11,11,11,3
885,53,21,5,5
889,57,25,9,1
215,23,23,7,7
930,34,2,2,2
274,18,18,2,2
892,60,28,12,4
413,29,29,13,5
502,54,22,6,6
941,45,13,13,5
90,26,26,10,2
886,54,22,6,6
398,14,14,14,6
788,20,20,4,4
645,5,5,5,5
278,22,22,6,6
334,14,14,14,6
601,25,25,9,1
322,2,2,2,2
489,41,9,9,1
352,32,0,0,0
632,56,24,8,0
936,40,8,8,0
627,51,19,3,3
219,27,27,11,3
244,52,20,4,4
421,37,5,5,5
63,63,31,15,7
846,14,14,14,6
228,36,4,4,4
234,42,10,10,2
761,57,25,9,1
344,24,24,8,0
639,63,31,15,7
105,41,9,9,1
990,30,30,14,6
920,24,24,8,0
556,44,12,12,4
251,59,27,11,3
173,45,13,13,5
904,8,8,8,0
431,47,15,15,7
743,39,7,7,7
694,54,22,6,6
917,21,21,5,5
915,19,19,3,3
704,0,0,0,0
103,39,7,7,7
862,30,30,14,6
233,41,9,9,1
11,11,11,11,3
101,37,5,5,5
101,37,5,5,5
278,22,22,6,6
698,58,26,10,2
148,20,20,4,4
222,30,30,14,6
171,43,11,11,3
50,50,18,2,2
390,6,6,6,6
361,41,9,9,1
961,1,1,1,1
610,34,2,2,2
580,4,4,4,4
345,25,25,9,1
601,25,25,9,1
866,34,2,2,2
845,13,13,13,5
843,11,11,11,3
681,41,9,9,1
209,17,17,1,1
425,41,9,9,1
34,34,2,2,2
646,6,6,6,6
548,36,4,4,4
350,30,30,14,6
623,47,15,15,7
353,33,1,1,1
464,16,16,0,0
714,10,10,10,2
537,25,25,9,1
347,27,27,11,3
851,19,19,3,3
694,54,22,6,6
15,15,15,15,7
865,33,1,1,1
44,44,12,12,4
700,60,28,12,4
70,6,6,6,6
365,45,13,13,5
835,3,3,3,3
360,40,8,8,0
381,61,29,13,5
749,45,13,13,5
332,12,12,12,4
438,54,22,6,6
536,24,24,8,0
582,6,6,6,6
736,32,0,0,0
41,41,9,9,1
719,15,15,15,7
6,6,6,6,6
863,31,31,15,7
993,33,1,1,1
680,40,8,8,0
132,4,4,4,4
282,26,26,10,2
465,17,17,1,1
779,11,11,11,3
425,41,9,9,1
924,28,28,12,4
70,6,6,6,6
413,29,29,13,5
727,23,23,7,7
50,50,18,2,2
877,45,13,13,5
554,42,10,10,2
594,18,18,2,2
346,26,26,10,2
704,0,0,0,0
814,46,14,14,6
742,38,6,6,6
425,41,9,9,1
650,10,10,10,2
58,58,26,10,2
382,62,30,14,6
84,20,20,4,4
856,24,24,8,0
303,47,15,15,7
342,22,22,6,6
902,6,6,6,6
206,14,14,14,6
584,8,8,8,0
10,10,10,10,2
459,11,11,11,3
46,46,14,14,6
314,58,26,10,2
582,6,6,6,6
130,2,2,2,2
646,6,6,6,6
887,55,23,7,7
932,36,4,4,4
734,30,30,14,6
968,8,8,8,0
692,52,20,4,4
925,29,29,13,5
352,32,0,0,0
421,37,5,5,5
444,60,28,12,4
535,23,23,7,7
162,34,2,2,2
371,51,19,3,3
182,54,22,6,6
177,49,17,1,1
35,35,3,3,3
883,51,19,3,3
214,22,22,6,6
477,29,29,13,5
128,0,0,0,0
497,49,17,1,1
508,60,28,12,4
896,0,0,0,0
439,55,23,7,7
524,12,12,12,4
22,22,22,6,6
603,27,27,11,3
828,60,28,12,4
271,15,15,15,7
336,16,16,0,0
365,45,13,13,5
50,50,18,2,2
737,33,1,1,1
169,41,9,9,1
793,25,25,9,1
848,16,16,0,0
122,58,26,10,2
435,51,19,3,3
22,22,22,6,6
942,46,14,14,6
504,56,24,8,0
491,43,11,11,3
617,41,9,9,1
441,57,25,9,1
235,43,11,11,3
783,15,15,15,7
439,55,23,7,7
812,44,12,12,4
49,49,17,1,1
437,53,21,5,5
30,30,30,14,6
444,60,28,12,4
80,16,16,0,0
922,26,26,10,2
828,60,28,12,4
155,27,27,11,3
534,22,22,6,6
335,15,15,15,7
42,42,10,10,2
433,49,17,1,1
586,10,10,10,2
15,15,15,15,7
539,27,27,11,3
128,0,0,0,0
635,59,27,11,3
191,63,31,15,7
671,31,31,15,7
952,56,24,8,0
350,30,30,14,6
102,38,6,6,6
851,19,19,3,3
634,58,26,10,2
31,31,31,15,7
352,32,0,0,0
990,30,30,14,6
701,61,29,13,5
320,0,0,0,0
562,50,18,2,2
548,36,4,4,4
282,26,26,10,2
390,6,6,6,6
3,3,3,3,3
706,2,2,2,2
115,51,19,3,3
868,36,4,4,4
310,54,22,6,6
211,19,19,3,3
309,53,21,5,5
54,54,22,6,6
972,12,12,12,4
955,59,27,11,3
720,16,16,0,0
325,5,5,5,5
449,1,1,1,1
630,54,22,6,6
804,36,4,4,4
21,21,21,5,5
626,50,18,2,2
972,12,12,12,4
762,58,26,10,2
619,43,11,11,3
397,13,13,13,5
469,21,21,5,5
660,20,20,4,4
614,38,6,6,6
109,45,13,13,5
49,49,17,1,1
512,0,0,0,0
966,6,6,6,6
677,37,5,5,5
335,15,15,15,7
768,0,0,0,0
112,48,16,0,0
210,18,18,2,2
365,45,13,13,5
301,45,13,13,5
763,59,27,11,3
612,36,4,4,4
673,33,1,1,1
356,36,4,4,4
453,5,5,5,5
320,0,0,0,0
734,30,30,14,6
735,31,31,15,7
373,53,21,5,5
184,56,24,8,0
87,23,23,7,7
724,20,20,4,4
307,51,19,3,3
885,53,21,5,5
556,44,12,12,4
676,36,4,4,4
340,20,20,4,4
296,40,8,8,0
692,52,20,4,4
876,44,12,12,4
790,22,22,6,6
334,14,14,14,6
249,57,25,9,1
579,3,3,3,3
343,23,23,7,7
229,37,5,5,5
243,51,19,3,3
716,12,12,12,4
259,3,3,3,3
307,51,19,3,3
911,15,15,15,7
860,28,28,12,4
340,20,20,4,4
952,56,24,8,0
71,7,7,7,7
345,25,25,9,1
484,36,4,4,4
215,23,23,7,7
938,42,10,10,2
395,11,11,11,3
545,33,1,1,1
529,17,17,1,1
647,7,7,7,7
344,24,24,8,0
876,44,12,12,4
631,55,23,7,7
400,16,16,0,0
208,16,16,0,0
822,54,22,6,6
395,11,11,11,3
142,14,14,14,6
702,62,30,14,6
426,42,10,10,2
108,44,12,12,4
707,3,3,3,3
402,18,18,2,2
893,61,29,13,5
678,38,6,6,6
115,51,19,3,3
663,23,23,7,7
544,32,0,0,0
913,17,17,1,1
315,59,27,11,3
747,43,11,11,3
204,12,12,12,4
828,60,28,12,4
200,8,8,8,0
987,27,27,11,3
353,33,1,1,1
796,28,28,12,4
330,10,10,10,2
584,8,8,8,0
295,39,7,7,7
182,54,22,6,6
678,38,6,6,6
619,43,11,11,3
453,5,5,5,5
724,20,20,4,4
316,60,28,12,4
92,28,28,12,4
704,0,0,0,0
769,1,1,1,1
445,61,29,13,5
612,36,4,4,4
941,45,13,13,5
521,9,9,9,1
972,12,12,12,4
759,55,23,7,7
761,57,25,9,1
678,38,6,6,6
939,43,11,11,3
113,49,17,1,1
576,0,0,0,0
183,55,23,7,7
85,21,21,5,5
112,48,16,0,0
572,60,28,12,4
847,15,15,15,7
586,10,10,10,2
649,9,9,9,1
806,38,6,6,6
710,6,6,6,6
622,46,14,14,6
930,34,2,2,2
889,57,25,9,1
746,42,10,10,2
414,30,30,14,6
100,36,4,4,4
627,51,19,3,3
391,7,7,7,7
216,24,24,8,0
159,31,31,15,7
356,36,4,4,4
522,10,10,10,2
421,37,5,5,5
232,40,8,8,0
794,26,26,10,2
853,21,21,5,5
354,34,2,2,2
996,36,4,4,4
705,1,1,1,1
703,63,31,15,7
810,42,10,10,2
982,22,22,6,6
56,56,24,8,0
474,26,26,10,2
235,43,11,11,3
496,48,16,0,0
846,14,14,14,6
408,24,24,8,0
780,12,12,12,4
139,11,11,11,3
968,8,8,8,0
389,5,5,5,5
746,42,10,10,2
451,3,3,3,3
268,12,12,12,4
101,37,5,5,5
707,3,3,3,3
979,19,19,3,3
284,28,28,12,4
487,39,7,7,7
629,53,21,5,5
274,18,18,2,2
63,63,31,15,7
778,10,10,10,2
920,24,24,8,0
110,46,14,14,6
420,36,4,4,4
264,8,8,8,0
208,16,16,0,0
233,41,9,9,1
523,11,11,11,3
727,23,23,7,7
301,45,13,13,5
884,52,20,4,4
415,31,31,15,7
455,7,7,7,7
313,57,25,9,1
515,3,3,3,3
626,50,18,2,2
919,23,23,7,7
725,21,21,5,5
414,30,30,14,6
458,10,10,10,2
226,34,2,2,2
578,2,2,2,2
332,12,12,12,4
623,47,15,15,7
450,2,2,2,2
527,15,15,15,7
426,42,10,10,2
756,52,20,4,4
873,41,9,9,1
524,12,12,12,4
525,13,13,13,5
190,62,30,14,6
635,59,27,11,3
493,45,13,13,5
941,45,13,13,5
730,26,26,10,2
448,0,0,0,0
163,35,3,3,3
886,54,22,6,6
418,34,2,2,2
379,59,27,11,3
614,38,6,6,6
126,62,30,14,6
653,13,13,13,5
886,54,22,6,6
237,45,13,13,5
970,10,10,10,2
51,51,19,3,3
364,44,12,12,4
871,39,7,7,7
569,57,25,9,1
214,22,22,6,6
219,27,27,11,3
387,3,3,3,3
613,37,5,5,5
695,55,23,7,7
940,44,12,12,4
433,49,17,1,1
768,0,0,0,0
666,26,26,10,2
385,1,1,1,1
822,54,22,6,6
212,20,20,4,4
267,11,11,11,3
137,9,9,9,1
88,24,24,8,0
374,54,22,6,6
432,48,16,0,0
693,53,21,5,5
549,37,5,5,5
624,48,16,0,0
17,17,17,1,1
55,55,23,7,7
740,36,4,4,4
616,40,8,8,0
181,53,21,5,5
577,1,1,1,1
466,18,18,2,2
311,55,23,7,7
886,54,22,6,6
69,5,5,5,5
758,54,22,6,6
388,4,4,4,4
488,40,8,8,0
221,29,29,13,5
451,3,3,3,3
919,23,23,7,7
575,63,31,15,7
233,41,9,9,1
484,36,4,4,4
466,18,18,2,2
237,45,13,13,5
928,32,0,0,0
701,61,29,13,5
705,1,1,1,1
20,20,20,4,4
901,5,5,5,5
381,61,29,13,5
835,3,3,3,3
917,21,21,5,5
956,60,28,12,4
966,6,6,6,6
303,47,15,15,7
94,30,30,14,6
794,26,26,10,2
524,12,12,12,4
58,58,26,10,2
842,10,10,10,2
846,14,14,14,6
718,14,14,14,6
750,46,14,14,6
180,52,20,4,4
443,59,27,11,3
179,51,19,3,3
255,63,31,15,7
71,7,7,7,7
37,37,5,5,5
271,15,15,15,7
529,17,17,1,1
861,29,29,13,5
225,33,1,1,1
916,20,20,4,4
984,24,24,8,0
236,44,12,12,4
42,42,10,10,2
897,1,1,1,1
356,36,4,4,4
380,60,28,12,4
644,4,4,4,4
240,48,16,0,0
537,25,25,9,1
993,33,1,1,1
946,50,18,2,2
860,28,28,12,4
497,49,17,1,1
363,43,11,11,3
876,44,12,12,4
485,37,5,5,5
171,43,11,11,3
321,1,1,1,1
355,35,3,3,3
760,56,24,8,0
477,29,29,13,5
280,24,24,8,0
863,31,31,15,7
742,38,6,6,6
813,45,13,13,5
82,18,18,2,2
835,3,3,3,3
274,18,18,2,2
399,15,15,15,7
870,38,6,6,6
334,14,14,14,6
355,35,3,3,3
863,31,31,15,7
558,46,14,14,6
149,21,21,5,5
660,20,20,4,4
430,46,14,14,6
48,48,16,0,0
130,2,2,2,2
546,34,2,2,2
71,7,7,7,7
646,6,6,6,6
609,33,1,1,1
508,60,28,12,4
541,29,29,13,5
401,17,17,1,1
928,32,0,0,0
840,8,8,8,0
479,31,31,15,7
418,34,2,2,2
442,58,26,10,2
67,3,3,3,3
107,43,11,11,3
577,1,1,1,1
84,20,20,4,4
325,5,5,5,5
77,13,13,13,5
245,53,21,5,5
463,15,15,15,7
402,18,18,2,2
84,20,20,4,4
83,19,19,3,3
760,56,24,8,0
456,8,8,8,0
21,21,21,5,5
465,17,17,1,1
619,43,11,11,3
762,58,26,10,2
226,34,2,2,2
101,37,5,5,5
329,9,9,9,1
793,25,25,9,1
764,60,28,12,4
281,25,25,9,1
575,63,31,15,7
907,11,11,11,3
973,13,13,13,5
963,3,3,3,3
450,2,2,2,2
212,20,20,4,4
942,46,14,14,6
971,11,11,11,3
811,43,11,11,3
390,6,6,6,6
170,42,10,10,2
807,39,7,7,7
451,3,3,3,3
808,40,8,8,0
25,25,25,9,1
880,48,16,0,0
570,58,26,10,2
210,18,18,2,2
563,51,19,3,3
691,51,19,3,3
771,3,3,3,3
849,17,17,1,1
175,47,15,15,7
437,53,21,5,5
361,41,9,9,1
800,32,0,0,0
922,26,26,10,2
446,62,30,14,6
467,19,19,3,3
810,42,10,10,2
125,61,29,13,5
796,28,28,12,4
634,58,26,10,2
628,52,20,4,4
22,22,22,6,6
760,56,24,8,0
35,35,3,3,3
783,15,15,15,7
705,1,1,1,1
768,0,0,0,0
329,9,9,9,1
364,44,12,12,4
258,2,2,2,2
683,43,11,11,3
48,48,16,0,0
116,52,20,4,4
864,32,0,0,0
725,21,21,5,5
613,37,5,5,5
844,12,12,12,4
946,50,18,2,2
576,0,0,0,0
582,6,6,6,6
18,18,18,2,2
676,36,4,4,4
829,61,29,13,5
180,52,20,4,4
236,44,12,12,4
848,16,16,0,0
166,38,6,6,6
156,28,28,12,4
672,32,0,0,0
114,50,18,2,2
112,48,16,0,0
64,0,0,0,0
743,39,7,7,7
945,49,17,1,1
852,20,20,4,4
41,41,9,9,1
49,49,17,1,1
404,20,20,4,4
470,22,22,6,6
951,55,23,7,7
533,21,21,5,5
195,3,3,3,3
309,53,21,5,5
717,13,13,13,5
67,3,3,3,3
866,34,2,2,2
961,1,1,1,1
689,49,17,1,1
389,5,5,5,5
537,25,25,9,1
133,5,5,5,5
724,20,20,4,4
745,41,9,9,1
441,57,25,9,1
262,6,6,6,6
922,26,26,10,2
784,16,16,0,0
975,15,15,15,7
657,17,17,1,1
635,59,27,11,3
472,24,24,8,0
167,39,7,7,7
718,14,14,14,6
136,8,8,8,0
904,8,8,8,0
464,16,16,0,0
146,18,18,2,2
346,26,26,10,2
361,41,9,9,1
11,11,11,11,3
800,32,0,0,0
573,61,29,13,5
38,38,6,6,6
478,30,30,14,6
688,48,16,0,0
280,24,24,8,0
815,47,15,15,7
510,62,30,14,6
226,34,2,2,2
775,7,7,7,7
866,34,2,2,2
420,36,4,4,4
655,15,15,15,7
13,13,13,13,5
418,34,2,2,2
741,37,5,5,5
923,27,27,11,3
611,35,3,3,3
635,59,27,11,3
884,52,20,4,4
838,6,6,6,6
139,11,11,11,3
824,56,24,8,0
378,58,26,10,2
35,35,3,3,3
935,39,7,7,7
834,2,2,2,2
244,52,20,4,4
99,35,3,3,3
712,8,8,8,0
183,55,23,7,7
827,59,27,11,3
282,26,26,10,2
203,11,11,11,3
448,0,0,0,0
217,25,25,9,1
395,11,11,11,3
759,55,23,7,7
67,3,3,3,3
138,10,10,10,2
597,21,21,5,5
457,9,9,9,1
339,19,19,3,3
162,34,2,2,2
856,24,24,8,0
759,55,23,7,7
940,44,12,12,4
451,3,3,3,3
464,16,16,0,0
289,33,1,1,1
719,15,15,15,7
344,24,24,8,0
435,51,19,3,3
887,55,23,7,7
249,57,25,9,1
882,50,18,2,2
422,38,6,6,6
152,24,24,8,0
240,48,16,0,0
150,22,22,6,6
205,13,13,13,5
668,28,28,12,4
954,58,26,10,2
793,25,25,9,1
820,52,20,4,4
449,1,1,1,1
760,56,24,8,0
34,34,2,2,2
35,35,3,3,3
415,31,31,15,7
815,47,15,15,7
796,28,28,12,4
523,11,11,11,3
866,34,2,2,2
776,8,8,8,0
908,12,12,12,4
358,38,6,6,6
509,61,29,13,5
840,8,8,8,0
792,24,24,8,0
503,55,23,7,7
920,24,24,8,0
503,55,23,7,7
298,42,10,10,2
822,54,22,6,6
306,50,18,2,2
503,55,23,7,7
603,27,27,11,3
151,23,23,7,7
764,60,28,12,4
614,38,6,6,6
744,40,8,8,0
535,23,23,7,7
324,4,4,4,4
71,7,7,7,7
939,43,11,11,3
531,19,19,3,3
190,62,30,14,6
665,25,25,9,1
356,36,4,4,4
16,16,16,0,0
21,21,21,5,5
513,1,1,1,1
372,52,20,4,4
374,54,22,6,6
680,40,8,8,0
590,14,14,14,6
85,21,21,5,5
556,44,12,12,4
442,58,26,10,2
671,31,31,15,7
437,53,21,5,5
766,62,30,14,6
590,14,14,14,6
350,30,30,14,6
708,4,4,4,4
699,59,27,11,3
185,57,25,9,1
375,55,23,7,7
668,28,28,12,4
137,9,9,9,1
325,5,5,5,5
319,63,31,15,7
116,52,20,4,4
550,38,6,6,6
490,42,10,10,2
379,59,27,11,3
750,46,14,14,6
243,51,19,3,3
202,10,10,10,2
418,34,2,2,2
15,15,15,15,7
648,8,8,8,0
832,0,0,0,0
306,50,18,2,2
92,28,28,12,4
887,55,23,7,7
488,40,8,8,0
686,46,14,14,6
982,22,22,6,6
460,12,12,12,4
818,50,18,2,2
948,52,20,4,4
913,17,17,1,1
397,13,13,13,5
91,27,27,11,3
192,0,0,0,0
271,15,15,15,7
607,31,31,15,7
367,47,15,15,7
135,7,7,7,7
481,33,1,1,1
228,36,4,4,4
722,18,18,2,2
687,47,15,15,7
697,57,25,9,1
943,47,15,15,7
207,15,15,15,7
567,55,23,7,7
478,30,30,14,6
220,28,28,12,4
131,3,3,3,3
836,4,4,4,4
482,34,2,2,2
310,54,22,6,6
310,54,22,6,6
867,35,3,3,3
342,22,22,6,6
946,50,18,2,2
601,25,25,9,1
418,34,2,2,2
20,20,20,4,4
341,21,21,5,5
162,34,2,2,2
525,13,13,13,5
301,45,13,13,5
748,44,12,12,4
401,17,17,1,1
599,23,23,7,7
685,45,13,13,5
456,8,8,8,0
158,30,30,14,6
991,31,31,15,7
877,45,13,13,5
927,31,31,15,7
144,16,16,0,0
577,1,1,1,1
851,19,19,3,3
429,45,13,13,5
115,51,19,3,3
608,32,0,0,0
83,19,19,3,3
874,42,10,10,2
513,1,1,1,1
251,59,27,11,3
497,49,17,1,1
576,0,0,0,0
99,35,3,3,3
337,17,17,1,1
335,15,15,15,7
174,46,14,14,6
257,1,1,1,1
301,45,13,13,5
359,39,7,7,7
54,54,22,6,6
495,47,15,15,7
997,37,5,5,5
790,22,22,6,6
809,41,9,9,1
667,27,27,11,3
410,26,26,10,2
210,18,18,2,2
861,29,29,13,5
486,38,6,6,6
222,30,30,14,6
588,12,12,12,4
397,13,13,13,5
820,52,20,4,4
73,9,9,9,1
52,52,20,4,4
823,55,23,7,7
997,37,5,5,5
758,54,22,6,6
666,26,26,10,2
867,35,3,3,3
500,52,20,4,4
825,57,25,9,1
162,34,2,2,2
222,30,30,14,6
614,38,6,6,6
752,48,16,0,0
516,4,4,4,4
634,58,26,10,2
351,31,31,15,7
595,19,19,3,3
746,42,10,10,2
226,34,2,2,2
184,56,24,8,0
60,60,28,12,4
98,34,2,2,2
335,15,15,15,7
235,43,11,11,3
245,53,21,5,5
971,11,11,11,3
490,42,10,10,2
325,5,5,5,5
590,14,14,14,6
610,34,2,2,2
847,15,15,15,7
281,25,25,9,1
670,30,30,14,6
297,41,9,9,1
65,1,1,1,1
254,62,30,14,6
571,59,27,11,3
228,36,4,4,4
788,20,20,4,4
649,9,9,9,1
931,35,3,3,3
621,45,13,13,5
943,47,15,15,7
265,9,9,9,1
771,3,3,3,3
752,48,16,0,0
413,29,29,13,5
307,51,19,3,3
279,23,23,7,7
944,48,16,0,0
156,28,28,12,4
534,22,22,6,6
649,9,9,9,1
199,7,7,7,7
887,55,23,7,7
531,19,19,3,3
872,40,8,8,0
454,6,6,6,6
269,13,13,13,5
27,27,27,11,3
756,52,20,4,4
51,51,19,3,3
329,9,9,9,1
242,50,18,2,2
45,45,13,13,5
193,1,1,1,1
200,8,8,8,0
798,30,30,14,6
310,54,22,6,6
86,22,22,6,6
88,24,24,8,0
742,38,6,6,6
595,19,19,3,3
769,1,1,1,1
312,56,24,8,0
622,46,14,14,6
560,48,16,0,0
327,7,7,7,7
128,0,0,0,0
711,7,7,7,7
431,47,15,15,7
136,8,8,8,0
23,23,23,7,7
502,54,22,6,6
259,3,3,3,3
395,11,11,11,3
934,38,6,6,6
765,61,29,13,5
991,31,31,15,7
805,37,5,5,5
158,30,30,14,6
495,47,15,15,7
448,0,0,0,0
815,47,15,15,7
323,3,3,3,3
990,30,30,14,6
276,20,20,4,4
520,8,8,8,0
521,9,9,9,1
434,50,18,2,2
765,61,29,13,5
830,62,30,14,6
220,28,28,12,4
160,32,0,0,0
655,15,15,15,7
428,44,12,12,4
899,3,3,3,3
716,12,12,12,4
173,45,13,13,5
209,17,17,1,1
705,1,1,1,1
329,9,9,9,1
359,39,7,7,7
42,42,10,10,2
857,25,25,9,1
727,23,23,7,7
90,26,26,10,2
702,62,30,14,6
293,37,5,5,5
323,3,3,3,3
584,8,8,8,0
120,56,24,8,0
222,30,30,14,6
336,16,16,0,0
526,14,14,14,6
965,5,5,5,5
395,11,11,11,3
407,23,23,7,7
222,30,30,14,6
276,20,20,4,4
149,21,21,5,5
413,29,29,13,5
981,21,21,5,5
146,18,18,2,2
953,57,25,9,1
794,26,26,10,2
5,5,5,5,5
81,17,17,1,1
328,8,8,8,0
282,26,26,10,2
72,8,8,8,0
810,42,10,10,2
352,32,0,0,0
593,17,17,1,1
383,63,31,15,7
825,57,25,9,1
48,48,16,0,0
845,13,13,13,5
900,4,4,4,4
763,59,27,11,3
142,14,14,14,6
377,57,25,9,1
345,25,25,9,1
399,15,15,15,7
875,43,11,11,3
551,39,7,7,7
873,41,9,9,1
193,1,1,1,1
906,10,10,10,2
704,0,0,0,0
94,30,30,14,6
702,62,30,14,6
121,57,25,9,1
635,59,27,11,3
793,25,25,9,1
217,25,25,9,1
637,61,29,13,5
636,60,28,12,4
404,20,20,4,4
496,48,16,0,0
75,11,11,11,3
800,32,0,0,0
330,10,10,10,2
89,25,25,9,1
7,7,7,7,7
798,30,30,14,6
27,27,27,11,3
993,33,1,1,1
328,8,8,8,0
956,60,28,12,4
850,18,18,2,2
709,5,5,5,5
308,52,20,4,4
955,59,27,11,3
233,41,9,9,1
876,44,12,12,4
296,40,8,8,0
97,33,1,1,1
266,10,10,10,2
483,35,3,3,3
428,44,12,12,4
491,43,11,11,3
12,12,12,12,4
147,19,19,3,3
670,30,30,14,6
122,58,26,10,2
642,2,2,2,2
20,20,20,4,4
24,24,24,8,0
989,29,29,13,5
528,16,16,0,0
74,10,10,10,2
190,62,30,14,6
271,15,15,15,7
469,21,21,5,5
435,51,19,3,3
688,48,16,0,0
726,22,22,6,6
582,6,6,6,6
294,38,6,6,6
622,46,14,14,6
59,59,27,11,3
297,41,9,9,1
805,37,5,5,5
110,46,14,14,6
823,55,23,7,7
769,1,1,1,1
14,14,14,14,6
215,23,23,7,7
155,27,27,11,3
904,8,8,8,0
969,9,9,9,1
551,39,7,7,7
529,17,17,1,1
196,4,4,4,4
971,11,11,11,3
979,19,19,3,3
93,29,29,13,5
441,57,25,9,1
207,15,15,15,7
742,38,6,6,6
747,43,11,11,3
931,35,3,3,3
472,24,24,8,0
66,2,2,2,2
994,34,2,2,2
291,35,3,3,3
120,56,24,8,0
794,26,26,10,2
185,57,25,9,1
745,41,9,9,1
939,43,11,11,3
211,19,19,3,3
758,54,22,6,6
782,14,14,14,6
151,23,23,7,7
621,45,13,13,5
959,63,31,15,7
462,14,14,14,6
870,38,6,6,6
259,3,3,3,3
232,40,8,8,0
407,23,23,7,7
106,42,10,10,2
277,21,21,5,5
939,43,11,11,3
485,37,5,5,5
545,33,1,1,1
281,25,25,9,1
910,14,14,14,6
859,27,27,11,3
629,53,21,5,5
125,61,29,13,5
417,33,1,1,1
519,7,7,7,7
439,55,23,7,7
773,5,5,5,5
800,32,0,0,0
379,59,27,11,3
319,63,31,15,7
831,63,31,15,7
275,19,19,3,3
447,63,31,15,7
329,9,9,9,1
12,12,12,12,4
957,61,29,13,5
287,31,31,15,7
776,8,8,8,0
505,57,25,9,1
878,46,14,14,6
548,36,4,4,4
31,31,31,15,7
944,48,16,0,0
870,38,6,6,6
616,40,8,8,0
317,61,29,13,5
540,28,28,12,4
376,56,24,8,0
922,26,26,10,2
744,40,8,8,0
434,50,18,2,2
595,19,19,3,3
516,4,4,4,4
144,16,16,0,0
698,58,26,10,2
899,3,3,3,3
255,63,31,15,7
786,18,18,2,2
596,20,20,4,4
208,16,16,0,0
161,33,1,1,1
856,24,24,8,0
511,63,31,15,7
951,55,23,7,7
120,56,24,8,0
449,1,1,1,1
919,23,23,7,7
602,26,26,10,2
677,37,5,5,5
706,2,2,2,2
264,8,8,8,0
292,36,4,4,4
13,13,13,13,5
536,24,24,8,0
515,3,3,3,3
941,45,13,13,5
261,5,5,5,5
913,17,17,1,1
181,53,21,5,5
579,3,3,3,3
115,51,19,3,3
624,48,16,0,0
715,11,11,11,3
686,46,14,14,6
903,7,7,7,7
285,29,29,13,5
65,1,1,1,1
384,0,0,0,0
831,63,31,15,7
59,59,27,11,3
520,8,8,8,0
640,0,0,0,0
990,30,30,14,6
117,53,21,5,5
870,38,6,6,6
467,19,19,3,3
414,30,30,14,6
983,23,23,7,7
459,11,11,11,3
470,22,22,6,6
205,13,13,13,5
322,2,2,2,2
408,24,24,8,0
504,56,24,8,0
729,25,25,9,1
279,23,23,7,7
268,12,12,12,4
828,60,28,12,4
360,40,8,8,0
927,31,31,15,7
897,1,1,1,1
568,56,24,8,0
482,34,2,2,2
926,30,30,14,6
123,59,27,11,3
298,42,10,10,2
290,34,2,2,2
959,63,31,15,7
537,25,25,9,1
658,18,18,2,2
565,53,21,5,5
212,20,20,4,4
511,63,31,15,7
379,59,27,11,3
673,33,1,1,1
309,53,21,5,5
133,5,5,5,5
101,37,5,5,5
874,42,10,10,2
900,4,4,4,4
174,46,14,14,6
887,55,23,7,7
521,9,9,9,1
21,21,21,5,5
130,2,2,2,2
321,1,1,1,1
675,35,3,3,3
928,32,0,0,0
451,3,3,3,3
526,14,14,14,6
124,60,28,12,4
783,15,15,15,7
194,2,2,2,2
430,46,14,14,6
548,36,4,4,4
549,37,5,5,5
805,37,5,5,5
520,8,8,8,0
409,25,25,9,1
944,48,16,0,0
865,33,1,1,1
680,40,8,8,0
618,42,10,10,2
496,48,16,0,0
237,45,13,13,5
734,30,30,14,6
36,36,4,4,4
205,13,13,13,5
396,12,12,12,4
439,55,23,7,7
810,42,10,10,2
273,17,17,1,1
596,20,20,4,4
214,22,22,6,6
758,54,22,6,6
512,0,0,0,0
388,4,4,4,4
56,56,24,8,0
258,2,2,2,2
56,56,24,8,0
535,23,23,7,7
11,11,11,11,3
533,21,21,5,5
648,8,8,8,0
976,16,16,0,0
868,36,4,4,4
864,32,0,0,0
999,39,7,7,7
910,14,14,14,6
754,50,18,2,2
977,17,17,1,1
938,42,10,10,2
775,7,7,7,7
614,38,6,6,6
765,61,29,13,5
618,42,10,10,2
235,43,11,11,3
188,60,28,12,4
347,27,27,11,3
709,5,5,5,5
427,43,11,11,3
141,13,13,13,5
329,9,9,9,1
71,7,7,7,7
910,14,14,14,6
578,2,2,2,2
976,16,16,0,0
112,48,16,0,0
559,47,15,15,7
550,38,6,6,6
325,5,5,5,5
472,24,24,8,0
789,21,21,5,5
159,31,31,15,7
791,23,23,7,7
560,48,16,0,0
645,5,5,5,5
138,10,10,10,2
260,4,4,4,4
914,18,18,2,2
592,16,16,0,0
118,54,22,6,6
725,21,21,5,5
38,38,6,6,6
282,26,26,10,2
944,48,16,0,0
557,45,13,13,5
866,34,2,2,2
556,44,12,12,4
564,52,20,4,4
291,35,3,3,3
892,60,28,12,4
455,7,7,7,7
673,33,1,1,1
833,1,1,1,1
389,5,5,5,5
486,38,6,6,6
250,58,26,10,2
29,29,29,13,5
376,56,24,8,0
732,28,28,12,4
181,53,21,5,5
701,61,29,13,5
851,19,19,3,3
973,13,13,13,5
245,53,21,5,5
193,1,1,1,1
536,24,24,8,0
335,15,15,15,7
628,52,20,4,4
950,54,22,6,6
840,8,8,8,0
109,45,13,13,5
937,41,9,9,1
334,14,14,14,6
48,48,16,0,0
947,51,19,3,3
958,62,30,14,6
940,44,12,12,4
940,44,12,12,4
336,16,16,0,0
709,5,5,5,5
368,48,16,0,0
508,60,28,12,4
37,37,5,5,5
189,61,29,13,5
191,63,31,15,7
416,32,0,0,0
51,51,19,3,3
37,37,5,5,5
515,3,3,3,3
546,34,2,2,2
139,11,11,11,3
883,51,19,3,3
667,27,27,11,3
375,55,23,7,7
886,54,22,6,6
733,29,29,13,5
974,14,14,14,6
612,36,4,4,4
154,26,26,10,2
72,8,8,8,0
481,33,1,1,1
317,61,29,13,5
565,53,21,5,5
506,58,26,10,2
352,32,0,0,0
58,58,26,10,2
601,25,25,9,1
517,5,5,5,5
97,33,1,1,1
470,22,22,6,6
825,57,25,9,1
635,59,27,11,3
177,49,17,1,1
538,26,26,10,2
110,46,14,14,6
999,39,7,7,7
62,62,30,14,6
363,43,11,11,3
504,56,24,8,0
223,31,31,15,7
377,57,25,9,1
352,32,0,0,0
252,60,28,12,4
180,52,20,4,4
596,20,20,4,4
813,45,13,13,5
985,25,25,9,1
555,43,11,11,3
18,18,18,2,2
822,54,22,6,6
173,45,13,13,5
226,34,2,2,2
626,50,18,2,2
512,0,0,0,0
951,55,23,7,7
532,20,20,4,4
461,13,13,13,5
848,16,16,0,0
512,0,0,0,0
603,27,27,11,3
478,30,30,14,6
752,48,16,0,0
465,17,17,1,1
571,59,27,11,3
901,5,5,5,5
707,3,3,3,3
694,54,22,6,6
907,11,11,11,3
112,48,16,0,0
136,8,8,8,0
683,43,11,11,3
542,30,30,14,6
605,29,29,13,5
848,16,16,0,0
286,30,30,14,6
134,6,6,6,6
326,6,6,6,6
628,52,20,4,4
864,32,0,0,0
849,17,17,1,1
771,3,3,3,3
103,39,7,7,7
382,62,30,14,6
812,44,12,12,4
737,33,1,1,1
389,5,5,5,5
339,19,19,3,3
81,17,17,1,1
245,53,21,5,5
742,38,6,6,6
732,28,28,12,4
512,0,0,0,0
489,41,9,9,1
152,24,24,8,0
260,4,4,4,4
896,0,0,0,0
435,51,19,3,3
567,55,23,7,7
700,60,28,12,4
438,54,22,6,6
823,55,23,7,7
849,17,17,1,1
369,49,17,1,1
862,30,30,14,6
783,15,15,15,7
843,11,11,11,3
916,20,20,4,4
230,38,6,6,6
150,22,22,6,6
447,63,31,15,7
866,34,2,2,2
298,42,10,10,2
130,2,2,2,2
27,27,27,11,3
860,28,28,12,4
147,19,19,3,3
569,57,25,9,1
244,52,20,4,4
411,27,27,11,3
731,27,27,11,3
242,50,18,2,2
524,12,12,12,4
618,42,10,10,2
601,25,25,9,1
482,34,2,2,2
715,11,11,11,3
342,22,22,6,6
28,28,28,12,4
619,43,11,11,3
495,47,15,15,7
817,49,17,1,1
524,12,12,12,4
630,54,22,6,6
916,20,20,4,4
56,56,24,8,0
995,35,3,3,3
367,47,15,15,7
660,20,20,4,4
614,38,6,6,6
75,11,11,11,3
349,29,29,13,5
45,45,13,13,5
148,20,20,4,4
404,20,20,4,4
4,4,4,4,4
597,21,21,5,5
915,19,19,3,3
47,47,15,15,7
557,45,13,13,5
667,27,27,11,3
154,26,26,10,2
177,49,17,1,1
659,19,19,3,3
898,2,2,2,2
481,33,1,1,1
608,32,0,0,0
620,44,12,12,4
687,47,15,15,7
783,15,15,15,7
314,58,26,10,2
248,56,24,8,0
776,8,8,8,0
561,49,17,1,1
80,16,16,0,0
694,54,22,6,6
535,23,23,7,7
8,8,8,8,0
855,23,23,7,7
235,43,11,11,3
25,25,25,9,1
957,61,29,13,5
562,50,18,2,2
785,17,17,1,1
176,48,16,0,0
369,49,17,1,1
194,2,2,2,2
657,17,17,1,1
752,48,16,0,0
352,32,0,0,0
125,61,29,13,5
175,47,15,15,7
181,53,21,5,5
814,46,14,14,6
269,13,13,13,5
391,7,7,7,7
950,54,22,6,6
461,13,13,13,5
455,7,7,7,7
338,18,18,2,2
980,20,20,4,4
792,24,24,8,0
641,1,1,1,1
377,57,25,9,1
270,14,14,14,6
756,52,20,4,4
319,63,31,15,7
319,63,31,15,7
987,27,27,11,3
184,56,24,8,0
204,12,12,12,4
239,47,15,15,7
856,24,24,8,0
978,18,18,2,2
97,33,1,1,1
818,50,18,2,2
529,17,17,1,1
499,51,19,3,3
902,6,6,6,6
134,6,6,6,6
430,46,14,14,6
325,5,5,5,5
170,42,10,10,2
276,20,20,4,4
606,30,30,14,6
820,52,20,4,4
783,15,15,15,7
946,50,18,2,2
435,51,19,3,3
188,60,28,12,4
134,6,6,6,6
279,23,23,7,7
211,19,19,3,3
210,18,18,2,2
464,16,16,0,0
287,31,31,15,7
966,6,6,6,6
303,47,15,15,7
58,58,26,10,2
314,58,26,10,2
25,25,25,9,1
535,23,23,7,7
730,26,26,10,2
773,5,5,5,5
235,43,11,11,3
952,56,24,8,0
570,58,26,10,2
396,12,12,12,4
174,46,14,14,6
230,38,6,6,6
752,48,16,0,0
625,49,17,1,1
586,10,10,10,2
598,22,22,6,6
524,12,12,12,4
527,15,15,15,7
49,49,17,1,1
410,26,26,10,2
14,14,14,14,6
512,0,0,0,0
8,8,8,8,0
582,6,6,6,6
92,28,28,12,4
773,5,5,5,5
972,12,12,12,4
681,41,9,9,1
752,48,16,0,0
219,27,27,11,3
293,37,5,5,5
544,32,0,0,0
394,10,10,10,2
422,38,6,6,6
884,52,20,4,4
606,30,30,14,6
579,3,3,3,3
675,35,3,3,3
444,60,28,12,4
435,51,19,3,3
432,48,16,0,0
372,52,20,4,4
386,2,2,2,2
766,62,30,14,6
12,12,12,12,4
133,5,5,5,5
387,3,3,3,3
285,29,29,13,5
115,51,19,3,3
339,19,19,3,3
181,53,21,5,5
518,6,6,6,6
510,62,30,14,6
636,60,28,12,4
478,30,30,14,6
92,28,28,12,4
11,11,11,11,3
996,36,4,4,4
172,44,12,12,4
268,12,12,12,4
783,15,15,15,7
79,15,15,15,7
155,27,27,11,3
740,36,4,4,4
161,33,1,1,1
804,36,4,4,4
394,10,10,10,2
547,35,3,3,3
599,23,23,7,7
164,36,4,4,4
40,40,8,8,0
593,17,17,1,1
998,38,6,6,6
510,62,30,14,6
554,42,10,10,2
91,27,27,11,3
282,26,26,10,2
136,8,8,8,0
227,35,3,3,3
930,34,2,2,2
925,29,29,13,5
455,7,7,7,7
694,54,22,6,6
665,25,25,9,1
547,35,3,3,3
932,36,4,4,4
165,37,5,5,5
70,6,6,6,6
182,54,22,6,6
477,29,29,13,5
321,1,1,1,1
634,58,26,10,2
29,29,29,13,5
595,19,19,3,3
211,19,19,3,3
769,1,1,1,1
713,9,9,9,1
381,61,29,13,5
973,13,13,13,5
994,34,2,2,2
770,2,2,2,2
824,56,24,8,0
942,46,14,14,6
198,6,6,6,6
315,59,27,11,3
266,10,10,10,2
602,26,26,10,2
189,61,29,13,5
217,25,25,9,1
577,1,1,1,1
567,55,23,7,7
788,20,20,4,4
47,47,15,15,7
328,8,8,8,0
643,3,3,3,3
874,42,10,10,2
265,9,9,9,1
755,51,19,3,3
21,21,21,5,5
730,26,26,10,2
691,51,19,3,3
571,59,27,11,3
528,16,16,0,0
479,31,31,15,7
178,50,18,2,2
415,31,31,15,7
274,18,18,2,2
89,25,25,9,1
723,19,19,3,3
456,8,8,8,0
410,26,26,10,2
469,21,21,5,5
676,36,4,4,4
962,2,2,2,2
771,3,3,3,3
407,23,23,7,7
77,13,13,13,5
192,0,0,0,0
632,56,24,8,0
475,27,27,11,3
373,53,21,5,5
688,48,16,0,0
716,12,12,12,4
830,62,30,14,6
461,13,13,13,5
885,53,21,5,5
944,48,16,0,0
631,55,23,7,7
916,20,20,4,4
229,37,5,5,5
309,53,21,5,5
567,55,23,7,7
642,2,2,2,2
343,23,23,7,7
750,46,14,14,6
478,30,30,14,6
945,49,17,1,1
670,30,30,14,6
336,16,16,0,0
167,39,7,7,7
103,39,7,7,7
785,17,17,1,1
894,62,30,14,6
185,57,25,9,1
975,15,15,15,7
83,19,19,3,3
165,37,5,5,5
415,31,31,15,7
160,32,0,0,0
312,56,24,8,0
392,8,8,8,0
107,43,11,11,3
260,4,4,4,4
56,56,24,8,0
627,51,19,3,3
133,5,5,5,5
248,56,24,8,0
662,22,22,6,6
432,48,16,0,0
478,30,30,14,6
96,32,0,0,0
946,50,18,2,2
505,57,25,9,1
280,24,24,8,0
831,63,31,15,7
262,6,6,6,6
144,16,16,0,0
113,49,17,1,1
199,7,7,7,7
699,59,27,11,3
382,62,30,14,6
962,2,2,2,2
812,44,12,12,4
603,27,27,11,3
173,45,13,13,5
449,1,1,1,1
570,58,26,10,2
57,57,25,9,1
160,32,0,0,0
39,39,7,7,7
111,47,15,15,7
690,50,18,2,2
80,16,16,0,0
512,0,0,0,0
223,31,31,15,7
180,52,20,4,4
407,23,23,7,7
657,17,17,1,1
346,26,26,10,2
856,24,24,8,0
669,29,29,13,5
749,45,13,13,5
522,10,10,10,2
937,41,9,9,1
112,48,16,0,0
366,46,14,14,6
488,40,8,8,0
243,51,19,3,3
408,24,24,8,0
419,35,3,3,3
185,57,25,9,1
495,47,15,15,7
539,27,27,11,3
339,19,19,3,3
718,14,14,14,6
139,11,11,11,3
476,28,28,12,4
7,7,7,7,7
563,51,19,3,3
778,10,10,10,2
291,35,3,3,3
861,29,29,13,5
486,38,6,6,6
359,39,7,7,7
224,32,0,0,0
100,36,4,4,4
709,5,5,5,5
118,54,22,6,6
701,61,29,13,5
541,29,29,13,5
414,30,30,14,6
802,34,2,2,2
158,30,30,14,6
41,41,9,9,1
182,54,22,6,6
410,26,26,10,2
545,33,1,1,1
758,54,22,6,6
982,22,22,6,6
812,44,12,12,4
537,25,25,9,1
437,53,21,5,5
585,9,9,9,1
326,6,6,6,6
877,45,13,13,5
448,0,0,0,0
201,9,9,9,1
686,46,14,14,6
677,37,5,5,5
167,39,7,7,7
37,37,5,5,5
870,38,6,6,6
162,34,2,2,2
885,53,21,5,5
686,46,14,14,6
740,36,4,4,4
299,43,11,11,3
956,60,28,12,4
334,14,14,14,6
617,41,9,9,1
781,13,13,13,5
894,62,30,14,6
262,6,6,6,6
659,19,19,3,3
378,58,26,10,2
946,50,18,2,2
268,12,12,12,4
292,36,4,4,4
450,2,2,2,2
203,11,11,11,3
194,2,2,2,2
468,20,20,4,4
3,3,3,3,3
386,2,2,2,2
351,31,31,15,7
186,58,26,10,2
585,9,9,9,1
286,30,30,14,6
279,23,23,7,7
571,59,27,11,3
794,26,26,10,2
643,3,3,3,3
449,1,1,1,1
823,55,23,7,7
258,2,2,2,2
687,47,15,15,7
949,53,21,5,5
719,15,15,15,7
817,49,17,1,1
947,51,19,3,3
619,43,11,11,3
384,0,0,0,0
62,62,30,14,6
949,53,21,5,5
770,2,2,2,2
211,19,19,3,3
208,16,16,0,0
903,7,7,7,7
485,37,5,5,5
280,24,24,8,0
214,22,22,6,6
808,40,8,8,0
763,59,27,11,3
816,48,16,0,0
675,35,3,3,3
708,4,4,4,4
736,32,0,0,0
605,29,29,13,5
482,34,2,2,2
401,17,17,1,1
864,32,0,0,0
700,60,28,12,4
511,63,31,15,7
761,57,25,9,1
804,36,4,4,4
518,6,6,6,6
192,0,0,0,0
706,2,2,2,2
195,3,3,3,3
591,15,15,15,7
831,63,31,15,7
314,58,26,10,2
248,56,24,8,0
941,45,13,13,5
455,7,7,7,7
71,7,7,7,7
349,29,29,13,5
920,24,24,8,0
609,33,1,1,1
482,34,2,2,2
201,9,9,9,1
236,44,12,12,4
375,55,23,7,7
39,39,7,7,7
998,38,6,6,6
742,38,6,6,6
642,2,2,2,2
563,51,19,3,3
66,2,2,2,2
856,24,24,8,0
317,61,29,13,5
499,51,19,3,3
146,18,18,2,2
423,39,7,7,7
260,4,4,4,4
82,18,18,2,2
496,48,16,0,0
634,58,26,10,2
906,10,10,10,2
177,49,17,1,1
687,47,15,15,7
937,41,9,9,1
104,40,8,8,0
553,41,9,9,1
485,37,5,5,5
206,14,14,14,6
902,6,6,6,6
302,46,14,14,6
174,46,14,14,6
142,14,14,14,6
536,24,24,8,0
68,4,4,4,4
839,7,7,7,7
930,34,2,2,2
262,6,6,6,6
533,21,21,5,5
867,35,3,3,3
789,21,21,5,5
386,2,2,2,2
185,57,25,9,1
772,4,4,4,4
886,54,22,6,6
460,12,12,12,4
519,7,7,7,7
229,37,5,5,5
125,61,29,13,5
629,53,21,5,5
608,32,0,0,0
467,19,19,3,3
482,34,2,2,2
17,17,17,1,1
485,37,5,5,5
827,59,27,11,3
535,23,23,7,7
675,35,3,3,3
166,38,6,6,6
588,12,12,12,4
99,35,3,3,3
572,60,28,12,4
850,18,18,2,2
900,4,4,4,4
454,6,6,6,6
447,63,31,15,7
600,24,24,8,0
0,0,0,0,0
991,31,31,15,7
25,25,25,9,1
313,57,25,9,1
394,10,10,10,2
378,58,26,10,2
170,42,10,10,2
691,51,19,3,3
319,63,31,15,7
783,15,15,15,7
744,40,8,8,0
245,53,21,5,5
774,6,6,6,6
682,42,10,10,2
688,48,16,0,0
40,40,8,8,0
993,33,1,1,1
68,4,4,4,4
23,23,23,7,7
893,61,29,13,5
175,47,15,15,7
204,12,12,12,4
820,52,20,4,4
146,18,18,2,2
596,20,20,4,4
140,12,12,12,4
662,22,22,6,6
820,52,20,4,4
942,46,14,14,6
718,14,14,14,6
911,15,15,15,7
663,23,23,7,7
906,10,10,10,2
760,56,24,8,0
46,46,14,14,6
102,38,6,6,6
212,20,20,4,4
677,37,5,5,5
678,38,6,6,6
726,22,22,6,6
265,9,9,9,1
958,62,30,14,6
744,40,8,8,0
490,42,10,10,2
266,10,10,10,2
664,24,24,8,0
421,37,5,5,5
694,54,22,6,6
596,20,20,4,4
544,32,0,0,0
961,1,1,1,1
951,55,23,7,7
840,8,8,8,0
775,7,7,7,7
442,58,26,10,2
173,45,13,13,5
176,48,16,0,0
151,23,23,7,7
964,4,4,4,4
821,53,21,5,5
294,38,6,6,6
575,63,31,15,7
226,34,2,2,2
564,52,20,4,4
825,57,25,9,1
795,27,27,11,3
723,19,19,3,3
450,2,2,2,2
651,11,11,11,3
455,7,7,7,7
743,39,7,7,7
307,51,19,3,3
751,47,15,15,7
685,45,13,13,5
88,24,24,8,0
683,43,11,11,3
583,7,7,7,7
404,20,20,4,4
956,60,28,12,4
956,60,28,12,4
265,9,9,9,1
472,24,24,8,0
517,5,5,5,5
999,39,7,7,7
999,39,7,7,7
336,16,16,0,0
437,53,21,5,5
0,0,0,0,0
975,15,15,15,7
525,13,13,13,5
989,29,29,13,5
353,33,1,1,1
74,10,10,10,2
714,10,10,10,2
549,37,5,5,5
696,56,24,8,0
761,57,25,9,1
555,43,11,11,3
597,21,21,5,5
554,42,10,10,2
219,27,27,11,3
57,57,25,9,1
146,18,18,2,2
904,8,8,8,0
918,22,22,6,6
291,35,3,3,3
275,19,19,3,3
618,42,10,10,2
137,9,9,9,1
370,50,18,2,2
3,3,3,3,3
513,1,1,1,1
740,36,4,4,4
666,26,26,10,2
847,15,15,15,7
177,49,17,1,1
883,51,19,3,3
317,61,29,13,5
741,37,5,5,5
792,24,24,8,0
77,13,13,13,5
648,8,8,8,0
845,13,13,13,5
158,30,30,14,6
668,28,28,12,4
896,0,0,0,0
447,63,31,15,7
339,19,19,3,3
805,37,5,5,5
43,43,11,11,3
760,56,24,8,0
972,12,12,12,4
497,49,17,1,1
194,2,2,2,2
533,21,21,5,5
777,9,9,9,1
416,32,0,0,0
819,51,19,3,3
962,2,2,2,2
464,16,16,0,0
58,58,26,10,2
842,10,10,10,2
521,9,9,9,1
396,12,12,12,4
621,45,13,13,5
327,7,7,7,7
640,0,0,0,0
452,4,4,4,4
104,40,8,8,0
548,36,4,4,4
991,31,31,15,7
750,46,14,14,6
329,9,9,9,1
346,26,26,10,2
260,4,4,4,4
970,10,10,10,2
877,45,13,13,5
24,24,24,8,0
231,39,7,7,7
781,13,13,13,5
790,22,22,6,6
64,0,0,0,0
847,15,15,15,7
759,55,23,7,7
108,44,12,12,4
410,26,26,10,2
468,20,20,4,4
199,7,7,7,7
412,28,28,12,4
814,46,14,14,6
52,52,20,4,4
554,42,10,10,2
143,15,15,15,7
418,34,2,2,2
900,4,4,4,4
497,49,17,1,1
20,20,20,4,4
617,41,9,9,1
367,47,15,15,7
947,51,19,3,3
828,60,28,12,4
37,37,5,5,5
626,50,18,2,2
440,56,24,8,0
251,59,27,11,3
964,4,4,4,4
465,17,17,1,1
453,5,5,5,5
887,55,23,7,7
26,26,26,10,2
736,32,0,0,0
429,45,13,13,5
729,25,25,9,1
997,37,5,5,5
184,56,24,8,0
644,4,4,4,4
43,43,11,11,3
474,26,26,10,2
606,30,30,14,6
801,33,1,1,1
298,42,10,10,2
725,21,21,5,5
59,59,27,11,3
982,22,22,6,6
385,1,1,1,1
29,29,29,13,5
70,6,6,6,6
795,27,27,11,3
28,28,28,12,4
734,30,30,14,6
510,62,30,14,6
675,35,3,3,3
411,27,27,11,3
384,0,0,0,0
448,0,0,0,0
518,6,6,6,6
150,22,22,6,6
862,30,30,14,6
524,12,12,12,4
806,38,6,6,6
412,28,28,12,4
681,41,9,9,1
309,53,21,5,5
622,46,14,14,6
851,19,19,3,3
507,59,27,11,3
920,24,24,8,0
751,47,15,15,7
442,58,26,10,2
602,26,26,10,2
969,9,9,9,1
776,8,8,8,0
486,38,6,6,6
102,38,6,6,6
726,22,22,6,6
632,56,24,8,0
170,42,10,10,2
508,60,28,12,4
41,41,9,9,1
184,56,24,8,0
763,59,27,11,3
284,28,28,12,4
180,52,20,4,4
577,1,1,1,1
177,49,17,1,1
1,1,1,1,1
815,47,15,15,7
402,18,18,2,2
772,4,4,4,4
690,50,18,2,2
629,53,21,5,5
758,54,22,6,6
147,19,19,3,3
705,1,1,1,1
157,29,29,13,5
107,43,11,11,3
485,37,5,5,5
324,4,4,4,4
825,57,25,9,1
753,49,17,1,1
957,61,29,13,5
829,61,29,13,5
464,16,16,0,0
262,6,6,6,6
275,19,19,3,3
171,43,11,11,3
605,29,29,13,5
804,36,4,4,4
377,57,25,9,1
710,6,6,6,6
436,52,20,4,4
249,57,25,9,1
910,14,14,14,6
240,48,16,0,0
246,54,22,6,6
408,24,24,8,0
30,30,30,14,6
885,53,21,5,5
555,43,11,11,3
26,26,26,10,2
137,9,9,9,1
931,35,3,3,3
792,24,24,8,0
610,34,2,2,2
681,41,9,9,1
562,50,18,2,2
954,58,26,10,2
138,10,10,10,2
382,62,30,14,6
652,12,12,12,4
278,22,22,6,6
83,19,19,3,3
409,25,25,9,1
581,5,5,5,5
694,54,22,6,6
806,38,6,6,6
365,45,13,13,5
366,46,14,14,6
775,7,7,7,7
344,24,24,8,0
650,10,10,10,2
230,38,6,6,6
183,55,23,7,7
768,0,0,0,0
564,52,20,4,4
98,34,2,2,2
471,23,23,7,7
887,55,23,7,7
117,53,21,5,5
655,15,15,15,7
347,27,27,11,3
129,1,1,1,1
535,23,23,7,7
651,11,11,11,3
906,10,10,10,2
217,25,25,9,1
779,11,11,11,3
571,59,27,11,3
505,57,25,9,1
3,3,3,3,3
509,61,29,13,5
98,34,2,2,2
327,7,7,7,7
296,40,8,8,0
799,31,31,15,7
592,16,16,0,0
352,32,0,0,0
153,25,25,9,1
114,50,18,2,2
147,19,19,3,3
280,24,24,8,0
817,49,17,1,1
37,37,5,5,5
185,57,25,9,1
406,22,22,6,6
174,46,14,14,6
104,40,8,8,0
547,35,3,3,3
659,19,19,3,3
265,9,9,9,1
512,0,0,0,0
539,27,27,11,3
880,48,16,0,0
394,10,10,10,2
906,10,10,10,2
271,15,15,15,7
446,62,30,14,6
591,15,15,15,7
450,2,2,2,2
433,49,17,1,1
56,56,24,8,0
574,62,30,14,6
348,28,28,12,4
947,51,19,3,3
218,26,26,10,2
185,57,25,9,1
840,8,8,8,0
811,43,11,11,3
323,3,3,3,3
405,21,21,5,5
67,3,3,3,3
847,15,15,15,7
781,13,13,13,5
583,7,7,7,7
743,39,7,7,7
558,46,14,14,6
835,3,3,3,3
308,52,20,4,4
812,44,12,12,4
401,17,17,1,1
220,28,28,12,4
848,16,16,0,0
738,34,2,2,2
979,19,19,3,3
703,63,31,15,7
551,39,7,7,7
649,9,9,9,1
104,40,8,8,0
980,20,20,4,4
969,9,9,9,1
740,36,4,4,4
803,35,3,3,3
648,8,8,8,0
396,12,12,12,4
862,30,30,14,6
954,58,26,10,2
605,29,29,13,5
819,51,19,3,3
998,38,6,6,6
598,22,22,6,6
145,17,17,1,1
988,28,28,12,4
908,12,12,12,4
220,28,28,12,4
802,34,2,2,2
989,29,29,13,5
679,39,7,7,7
290,34,2,2,2
486,38,6,6,6
754,50,18,2,2
812,44,12,12,4
381,61,29,13,5
968,8,8,8,0
165,37,5,5,5
767,63,31,15,7
745,41,9,9,1
152,24,24,8,0
241,49,17,1,1
286,30,30,14,6
915,19,19,3,3
476,28,28,12,4
42,42,10,10,2
699,59,27,11,3
879,47,15,15,7
824,56,24,8,0
708,4,4,4,4
691,51,19,3,3
728,24,24,8,0
485,37,5,5,5
614,38,6,6,6
912,16,16,0,0
956,60,28,12,4
351,31,31,15,7
408,24,24,8,0
58,58,26,10,2
531,19,19,3,3
193,1,1,1,1
100,36,4,4,4
785,17,17,1,1
664,24,24,8,0
236,44,12,12,4
785,17,17,1,1
28,28,28,12,4
838,6,6,6,6
891,59,27,11,3
215,23,23,7,7
61,61,29,13,5
344,24,24,8,0
36,36,4,4,4
34,34,2,2,2
493,45,13,13,5
826,58,26,10,2
384,0,0,0,0
951,55,23,7,7
264,8,8,8,0
120,56,24,8,0
257,1,1,1,1
226,34,2,2,2
866,34,2,2,2
748,44,12,12,4
882,50,18,2,2
95,31,31,15,7
732,28,28,12,4
833,1,1,1,1
576,0,0,0,0
205,13,13,13,5
344,24,24,8,0
191,63,31,15,7
25,25,25,9,1
166,38,6,6,6
478,30,30,14,6
713,9,9,9,1
42,42,10,10,2
997,37,5,5,5
196,4,4,4,4
402,18,18,2,2
403,19,19,3,3
474,26,26,10,2
425,41,9,9,1
668,28,28,12,4
657,17,17,1,1
243,51,19,3,3
701,61,29,13,5
337,17,17,1,1
691,51,19,3,3
242,50,18,2,2
529,17,17,1,1
978,18,18,2,2
846,14,14,14,6
384,0,0,0,0
686,46,14,14,6
834,2,2,2,2
228,36,4,4,4
145,17,17,1,1
686,46,14,14,6
222,30,30,14,6
286,30,30,14,6
338,18,18,2,2
454,6,6,6,6
534,22,22,6,6
292,36,4,4,4
659,19,19,3,3
709,5,5,5,5
26,26,26,10,2
563,51,19,3,3
363,43,11,11,3
57,57,25,9,1
461,13,13,13,5
404,20,20,4,4
78,14,14,14,6
153,25,25,9,1
815,47,15,15,7
64,0,0,0,0
437,53,21,5,5
864,32,0,0,0
262,6,6,6,6
113,49,17,1,1
466,18,18,2,2
813,45,13,13,5
724,20,20,4,4
561,49,17,1,1
855,23,23,7,7
280,24,24,8,0
323,3,3,3,3
914,18,18,2,2
305,49,17,1,1
485,37,5,5,5
523,11,11,11,3
746,42,10,10,2
493,45,13,13,5
909,13,13,13,5
690,50,18,2,2
223,31,31,15,7
498,50,18,2,2
949,53,21,5,5
162,34,2,2,2
613,37,5,5,5
156,28,28,12,4
354,34,2,2,2
392,8,8,8,0
343,23,23,7,7
340,20,20,4,4
931,35,3,3,3
811,43,11,11,3
995,35,3,3,3
727,23,23,7,7
666,26,26,10,2
455,7,7,7,7
160,32,0,0,0
482,34,2,2,2
184,56,24,8,0
671,31,31,15,7
984,24,24,8,0
653,13,13,13,5
853,21,21,5,5
439,55,23,7,7
692,52,20,4,4
288,32,0,0,0
245,53,21,5,5
897,1,1,1,1
422,38,6,6,6
919,23,23,7,7
350,30,30,14,6
182,54,22,6,6
689,49,17,1,1
687,47,15,15,7
109,45,13,13,5
447,63,31,15,7
509,61,29,13,5
814,46,14,14,6
770,2,2,2,2
985,25,25,9,1
955,59,27,11,3
928,32,0,0,0
642,2,2,2,2
231,39,7,7,7
941,45,13,13,5
845,13,13,13,5
555,43,11,11,3
74,10,10,10,2
160,32,0,0,0
948,52,20,4,4
135,7,7,7,7
888,56,24,8,0
435,51,19,3,3
235,43,11,11,3
668,28,28,12,4
141,13,13,13,5
980,20,20,4,4
502,54,22,6,6
93,29,29,13,5
502,54,22,6,6
683,43,11,11,3
404,20,20,4,4
216,24,24,8,0
204,12,12,12,4
505,57,25,9,1
334,14,14,14,6
829,61,29,13,5
347,27,27,11,3
493,45,13,13,5
737,33,1,1,1
674,34,2,2,2
575,63,31,15,7
604,28,28,12,4
723,19,19,3,3
215,23,23,7,7
936,40,8,8,0
809,41,9,9,1
660,20,20,4,4
497,49,17,1,1
38,38,6,6,6
19,19,19,3,3
507,59,27,11,3
450,2,2,2,2
450,2,2,2,2
4,4,4,4,4
369,49,17,1,1
830,62,30,14,6
268,12,12,12,4
653,13,13,13,5
72,8,8,8,0
953,57,25,9,1
362,42,10,10,2
512,0,0,0,0
517,5,5,5,5
303,47,15,15,7
837,5,5,5,5
985,25,25,9,1
637,61,29,13,5
50,50,18,2,2
990,30,30,14,6
822,54,22,6,6
111,47,15,15,7
866,34,2,2,2
181,53,21,5,5
962,2,2,2,2
388,4,4,4,4
428,44,12,12,4
276,20,20,4,4
690,50,18,2,2
197,5,5,5,5
25,25,25,9,1
619,43,11,11,3
50,50,18,2,2
489,41,9,9,1
607,31,31,15,7
536,24,24,8,0
441,57,25,9,1
686,46,14,14,6
388,4,4,4,4
145,17,17,1,1
616,40,8,8,0
969,9,9,9,1
754,50,18,2,2
976,16,16,0,0
425,41,9,9,1
310,54,22,6,6
747,43,11,11,3
554,42,10,10,2
461,13,13,13,5
547,35,3,3,3
345,25,25,9,1
716,12,12,12,4
824,56,24,8,0
881,49,17,1,1
594,18,18,2,2
3,3,3,3,3
189,61,29,13,5
199,7,7,7,7
834,2,2,2,2
225,33,1,1,1
619,43,11,11,3
255,63,31,15,7
114,50,18,2,2
266,10,10,10,2
507,59,27,11,3
0,0,0,0,0
555,43,11,11,3
954,58,26,10,2
302,46,14,14,6
269,13,13,13,5
395,11,11,11,3
994,34,2,2,2
418,34,2,2,2
213,21,21,5,5
526,14,14,14,6
315,59,27,11,3
49,49,17,1,1
179,51,19,3,3
86,22,22,6,6
600,24,24,8,0
970,10,10,10,2
854,22,22,6,6
74,10,10,10,2
174,46,14,14,6
972,12,12,12,4
600,24,24,8,0
300,44,12,12,4
648,8,8,8,0
772,4,4,4,4
581,5,5,5,5
282,26,26,10,2
443,59,27,11,3
639,63,31,15,7
406,22,22,6,6
183,55,23,7,7
817,49,17,1,1
597,21,21,5,5
93,29,29,13,5
693,53,21,5,5
859,27,27,11,3
942,46,14,14,6
328,8,8,8,0
160,32,0,0,0
852,20,20,4,4
703,63,31,15,7
42,42,10,10,2
2,2,2,2,2
89,25,25,9,1
386,2,2,2,2
501,53,21,5,5
868,36,4,4,4
194,2,2,2,2
954,58,26,10,2
685,45,13,13,5
771,3,3,3,3
957,61,29,13,5
448,0,0,0,0
679,39,7,7,7
245,53,21,5,5
575,63,31,15,7
414,30,30,14,6
822,54,22,6,6
866,34,2,2,2
819,51,19,3,3
727,23,23,7,7
950,54,22,6,6
164,36,4,4,4
495,47,15,15,7
318,62,30,14,6
549,37,5,5,5
401,17,17,1,1
456,8,8,8,0
810,42,10,10,2
187,59,27,11,3
409,25,25,9,1
116,52,20,4,4
210,18,18,2,2
998,38,6,6,6
214,22,22,6,6
605,29,29,13,5
9,9,9,9,1
591,15,15,15,7
353,33,1,1,1
286,30,30,14,6
440,56,24,8,0
998,38,6,6,6
385,1,1,1,1
808,40,8,8,0
781,13,13,13,5
177,49,17,1,1
709,5,5,5,5
564,52,20,4,4
791,23,23,7,7
925,29,29,13,5
751,47,15,15,7
706,2,2,2,2
186,58,26,10,2
620,44,12,12,4
982,22,22,6,6
533,21,21,5,5
326,6,6,6,6
825,57,25,9,1
342,22,22,6,6
334,14,14,14,6
178,50,18,2,2
319,63,31,15,7
893,61,29,13,5
248,56,24,8,0
931,35,3,3,3
250,58,26,10,2
279,23,23,7,7
984,24,24,8,0
857,25,25,9,1
391,7,7,7,7
815,47,15,15,7
391,7,7,7,7
277,21,21,5,5
403,19,19,3,3
980,20,20,4,4
254,62,30,14,6
391,7,7,7,7
683,43,11,11,3
295,39,7,7,7
745,41,9,9,1
738,34,2,2,2
242,50,18,2,2
639,63,31,15,7
308,52,20,4,4
409,25,25,9,1
208,16,16,0,0
501,53,21,5,5
322,2,2,2,2
320,0,0,0,0
688,48,16,0,0
318,62,30,14,6
906,10,10,10,2
334,14,14,14,6
14,14,14,14,6
590,14,14,14,6
911,15,15,15,7
310,54,22,6,6
457,9,9,9,1
311,55,23,7,7
469,21,21,5,5
93,29,29,13,5
923,27,27,11,3
73,9,9,9,1
319,63,31,15,7
743,39,7,7,7
625,49,17,1,1
406,22,22,6,6
226,34,2,2,2
268,12,12,12,4
53,53,21,5,5
625,49,17,1,1
814,46,14,14,6
452,4,4,4,4
689,49,17,1,1
936,40,8,8,0
952,56,24,8,0
374,54,22,6,6
660,20,20,4,4
829,61,29,13,5
969,9,9,9,1
551,39,7,7,7
490,42,10,10,2
169,41,9,9,1
809,41,9,9,1
669,29,29,13,5
868,36,4,4,4
168,40,8,8,0
246,54,22,6,6
364,44,12,12,4
490,42,10,10,2
381,61,29,13,5
950,54,22,6,6
853,21,21,5,5
453,5,5,5,5
335,15,15,15,7
425,41,9,9,1
822,54,22,6,6
306,50,18,2,2
219,27,27,11,3
242,50,18,2,2
312,56,24,8,0
837,5,5,5,5
862,30,30,14,6
335,15,15,15,7
197,5,5,5,5
726,22,22,6,6
409,25,25,9,1
565,53,21,5,5
963,3,3,3,3
724,20,20,4,4
114,50,18,2,2
907,11,11,11,3
285,29,29,13,5
893,61,29,13,5
612,36,4,4,4
986,26,26,10,2
186,58,26,10,2
725,21,21,5,5
540,28,28,12,4
826,58,26,10,2
755,51,19,3,3
276,20,20,4,4
943,47,15,15,7
952,56,24,8,0
373,53,21,5,5
111,47,15,15,7
963,3,3,3,3
614,38,6,6,6
274,18,18,2,2
235,43,11,11,3
538,26,26,10,2
41,41,9,9,1
377,57,25,9,1
992,32,0,0,0
453,5,5,5,5
613,37,5,5,5
741,37,5,5,5
682,42,10,10,2
278,22,22,6,6
404,20,20,4,4
880,48,16,0,0
254,62,30,14,6
861,29,29,13,5
830,62,30,14,6
811,43,11,11,3
55,55,23,7,7
23,23,23,7,7
288,32,0,0,0
132,4,4,4,4
88,24,24,8,0
772,4,4,4,4
579,3,3,3,3
953,57,25,9,1
581,5,5,5,5
24,24,24,8,0
215,23,23,7,7
839,7,7,7,7
92,28,28,12,4
658,18,18,2,2
283,27,27,11,3
436,52,20,4,4
267,11,11,11,3
384,0,0,0,0
363,43,11,11,3
388,4,4,4,4
155,27,27,11,3
33,33,1,1,1
143,15,15,15,7
457,9,9,9,1
918,22,22,6,6
72,8,8,8,0
413,29,29,13,5
764,60,28,12,4
137,9,9,9,1
629,53,21,5,5
649,9,9,9,1
683,43,11,11,3
786,18,18,2,2
201,9,9,9,1
326,6,6,6,6
731,27,27,11,3
680,40,8,8,0
165,37,5,5,5
844,12,12,12,4
314,58,26,10,2
36,36,4,4,4
743,39,7,7,7
9,9,9,9,1
932,36,4,4,4
621,45,13,13,5
294,38,6,6,6
611,35,3,3,3
946,50,18,2,2
441,57,25,9,1
478,30,30,14,6
508,60,28,12,4
474,26,26,10,2
669,29,29,13,5
726,22,22,6,6
326,6,6,6,6
327,7,7,7,7
312,56,24,8,0
669,29,29,13,5
769,1,1,1,1
966,6,6,6,6
31,31,31,15,7
225,33,1,1,1
604,28,28,12,4
247,55,23,7,7
379,59,27,11,3
899,3,3,3,3
749,45,13,13,5
53,53,21,5,5
905,9,9,9,1
441,57,25,9,1
959,63,31,15,7
709,5,5,5,5
444,60,28,12,4
187,59,27,11,3
634,58,26,10,2
868,36,4,4,4
66,2,2,2,2
688,48,16,0,0
421,37,5,5,5
496,48,16,0,0
255,63,31,15,7
312,56,24,8,0
618,42,10,10,2
415,31,31,15,7
604,28,28,12,4
569,57,25,9,1
658,18,18,2,2
310,54,22,6,6
545,33,1,1,1
856,24,24,8,0
346,26,26,10,2
139,11,11,11,3
481,33,1,1,1
331,11,11,11,3
984,24,24,8,0
169,41,9,9,1
518,6,6,6,6
886,54,22,6,6
492,44,12,12,4
477,29,29,13,5
26,26,26,10,2
262,6,6,6,6
630,54,22,6,6
415,31,31,15,7
418,34,2,2,2
192,0,0,0,0
215,23,23,7,7
126,62,30,14,6
329,9,9,9,1
883,51,19,3,3
238,46,14,14,6
504,56,24,8,0
811,43,11,11,3
114,50,18,2,2
675,35,3,3,3
339,19,19,3,3
259,3,3,3,3
189,61,29,13,5
961,1,1,1,1
134,6,6,6,6
364,44,12,12,4
732,28,28,12,4
156,28,28,12,4
587,11,11,11,3
287,31,31,15,7
451,3,3,3,3
254,62,30,14,6
311,55,23,7,7
498,50,18,2,2
635,59,27,11,3
209,17,17,1,1
115,51,19,3,3
812,44,12,12,4
864,32,0,0,0
251,59,27,11,3
226,34,2,2,2
872,40,8,8,0
563,51,19,3,3
336,16,16,0,0
747,43,11,11,3
269,13,13,13,5
988,28,28,12,4
991,31,31,15,7
657,17,17,1,1
966,6,6,6,6
122,58,26,10,2
3,3,3,3,3
251,59,27,11,3
903,7,7,7,7
118,54,22,6,6
214,22,22,6,6
891,59,27,11,3
587,11,11,11,3
222,30,30,14,6
904,8,8,8,0
93,29,29,13,5
218,26,26,10,2
397,13,13,13,5
425,41,9,9,1
635,59,27,11,3
235,43,11,11,3
620,44,12,12,4
944,48,16,0,0
388,4,4,4,4
389,5,5,5,5
576,0,0,0,0
443,59,27,11,3
764,60,28,12,4
595,19,19,3,3
63,63,31,15,7
255,63,31,15,7
414,30,30,14,6
101,37,5,5,5
367,47,15,15,7
100,36,4,4,4
101,37,5,5,5
614,38,6,6,6
378,58,26,10,2
720,16,16,0,0
273,17,17,1,1
749,45,13,13,5
615,39,7,7,7
440,56,24,8,0
36,36,4,4,4
766,62,30,14,6
247,55,23,7,7
294,38,6,6,6
147,19,19,3,3
351,31,31,15,7
283,27,27,11,3
583,7,7,7,7
99,35,3,3,3
124,60,28,12,4
637,61,29,13,5
472,24,24,8,0
415,31,31,15,7
446,62,30,14,6
571,59,27,11,3
637,61,29,13,5
113,49,17,1,1
917,21,21,5,5
369,49,17,1,1
137,9,9,9,1
854,22,22,6,6
828,60,28,12,4
239,47,15,15,7
679,39,7,7,7
514,2,2,2,2
97,33,1,1,1
759,55,23,7,7
388,4,4,4,4
618,42,10,10,2
558,46,14,14,6
952,56,24,8,0
12,12,12,12,4
636,60,28,12,4
541,29,29,13,5
632,56,24,8,0
753,49,17,1,1
391,7,7,7,7
747,43,11,11,3
193,1,1,1,1
846,14,14,14,6
235,43,11,11,3
33,33,1,1,1
425,41,9,9,1
984,24,24,8,0
190,62,30,14,6
171,43,11,11,3
658,18,18,2,2
659,19,19,3,3
569,57,25,9,1
255,63,31,15,7
703,63,31,15,7
814,46,14,14,6
774,6,6,6,6
297,41,9,9,1
380,60,28,12,4
871,39,7,7,7
914,18,18,2,2
23,23,23,7,7
131,3,3,3,3
646,6,6,6,6
532,20,20,4,4
277,21,21,5,5
399,15,15,15,7
430,46,14,14,6
778,10,10,10,2
922,26,26,10,2
165,37,5,5,5
199,7,7,7,7
179,51,19,3,3
185,57,25,9,1
94,30,30,14,6
230,38,6,6,6
826,58,26,10,2
985,25,25,9,1
885,53,21,5,5
151,23,23,7,7
238,46,14,14,6
893,61,29,13,5
461,13,13,13,5
173,45,13,13,5
836,4,4,4,4
287,31,31,15,7
547,35,3,3,3
595,19,19,3,3
258,2,2,2,2
832,0,0,0,0
519,7,7,7,7
235,43,11,11,3
839,7,7,7,7
363,43,11,11,3
744,40,8,8,0
126,62,30,14,6
272,16,16,0,0
65,1,1,1,1
643,3,3,3,3
420,36,4,4,4
838,6,6,6,6
829,61,29,13,5
755,51,19,3,3
810,42,10,10,2
50,50,18,2,2
862,30,30,14,6
505,57,25,9,1
172,44,12,12,4
681,41,9,9,1
195,3,3,3,3
108,44,12,12,4
438,54,22,6,6
171,43,11,11,3
102,38,6,6,6
731,27,27,11,3
292,36,4,4,4
856,24,24,8,0
477,29,29,13,5
812,44,12,12,4
369,49,17,1,1
848,16,16,0,0
206,14,14,14,6
457,9,9,9,1
416,32,0,0,0
198,6,6,6,6
636,60,28,12,4
639,63,31,15,7
248,56,24,8,0
652,12,12,12,4
632,56,24,8,0
341,21,21,5,5
510,62,30,14,6
362,42,10,10,2
521,9,9,9,1
581,5,5,5,5
294,38,6,6,6
701,61,29,13,5
750,46,14,14,6
595,19,19,3,3
26,26,26,10,2
861,29,29,13,5
356,36,4,4,4
674,34,2,2,2
788,20,20,4,4
366,46,14,14,6
218,26,26,10,2
400,16,16,0,0
33,33,1,1,1
871,39,7,7,7
384,0,0,0,0
757,53,21,5,5
771,3,3,3,3
623,47,15,15,7
654,14,14,14,6
17,17,17,1,1
455,7,7,7,7
628,52,20,4,4
547,35,3,3,3
191,63,31,15,7
588,12,12,12,4
818,50,18,2,2
982,22,22,6,6
442,58,26,10,2
280,24,24,8,0
574,62,30,14,6
316,60,28,12,4
486,38,6,6,6
618,42,10,10,2
713,9,9,9,1
652,12,12,12,4
578,2,2,2,2
724,20,20,4,4
172,44,12,12,4
638,62,30,14,6
986,26,26,10,2
788,20,20,4,4
821,53,21,5,5
861,29,29,13,5
433,49,17,1,1
872,40,8,8,0
501,53,21,5,5
136,8,8,8,0
796,28,28,12,4
11,11,11,11,3
492,44,12,12,4
923,27,27,11,3
727,23,23,7,7
555,43,11,11,3
161,33,1,1,1
867,35,3,3,3
259,3,3,3,3
358,38,6,6,6
34,34,2,2,2
192,0,0,0,0
43,43,11,11,3
950,54,22,6,6
412,28,28,12,4
22,22,22,6,6
732,28,28,12,4
245,53,21,5,5
325,5,5,5,5
947,51,19,3,3
974,14,14,14,6
849,17,17,1,1
394,10,10,10,2
486,38,6,6,6
154,26,26,10,2
35,35,3,3,3
591,15,15,15,7
88,24,24,8,0
259,3,3,3,3
509,61,29,13,5
938,42,10,10,2
894,62,30,14,6
191,63,31,15,7
944,48,16,0,0
941,45,13,13,5
435,51,19,3,3
745,41,9,9,1
686,46,14,14,6
682,42,10,10,2
647,7,7,7,7
917,21,21,5,5
802,34,2,2,2
335,15,15,15,7
833,1,1,1,1
860,28,28,12,4
480,32,0,0,0
582,6,6,6,6
550,38,6,6,6
876,44,12,12,4
92,28,28,12,4
977,17,17,1,1
821,53,21,5,5
278,22,22,6,6
695,55,23,7,7
850,18,18,2,2
255,63,31,15,7
240,48,16,0,0
936,40,8,8,0
336,16,16,0,0
36,36,4,4,4
806,38,6,6,6
107,43,11,11,3
801,33,1,1,1
588,12,12,12,4
831,63,31,15,7
528,16,16,0,0
335,15,15,15,7
50,50,18,2,2
141,13,13,13,5
999,39,7,7,7
728,24,24,8,0
192,0,0,0,0
382,62,30,14,6
180,52,20,4,4
832,0,0,0,0
852,20,20,4,4
26,26,26,10,2
961,1,1,1,1
67,3,3,3,3
848,16,16,0,0
543,31,31,15,7
398,14,14,14,6
713,9,9,9,1
465,17,17,1,1
95,31,31,15,7
756,52,20,4,4
955,59,27,11,3
74,10,10,10,2
678,38,6,6,6
338,18,18,2,2
964,4,4,4,4
809,41,9,9,1
504,56,24,8,0
540,28,28,12,4
864,32,0,0,0
341,21,21,5,5
309,53,21,5,5
477,29,29,13,5
51,51,19,3,3
761,57,25,9,1
394,10,10,10,2
911,15,15,15,7
170,42,10,10,2
637,61,29,13,5
397,13,13,13,5
538,26,26,10,2
394,10,10,10,2
934,38,6,6,6
821,53,21,5,5
95,31,31,15,7
732,28,28,12,4
256,0,0,0,0
695,55,23,7,7
922,26,26,10,2
248,56,24,8,0
671,31,31,15,7
582,6,6,6,6
940,44,12,12,4
664,24,24,8,0
604,28,28,12,4
380,60,28,12,4
627,51,19,3,3
474,26,26,10,2
281,25,25,9,1
36,36,4,4,4
97,33,1,1,1
108,44,12,12,4
792,24,24,8,0
749,45,13,13,5
833,1,1,1,1
728,24,24,8,0
519,7,7,7,7
822,54,22,6,6
785,17,17,1,1
59,59,27,11,3
32,32,0,0,0
508,60,28,12,4
128,0,0,0,0
550,38,6,6,6
912,16,16,0,0
660,20,20,4,4
308,52,20,4,4
197,5,5,5,5
28,28,28,12,4
773,5,5,5,5
368,48,16,0,0
314,58,26,10,2
691,51,19,3,3
213,21,21,5,5
248,56,24,8,0
648,8,8,8,0
437,53,21,5,5
46,46,14,14,6
85,21,21,5,5
481,33,1,1,1
228,36,4,4,4
95,31,31,15,7
162,34,2,2,2
241,49,17,1,1
569,57,25,9,1
790,22,22,6,6
355,35,3,3,3
804,36,4,4,4
840,8,8,8,0
652,12,12,12,4
747,43,11,11,3
572,60,28,12,4
323,3,3,3,3
349,29,29,13,5
807,39,7,7,7
941,45,13,13,5
11,11,11,11,3
422,38,6,6,6
186,58,26,10,2
854,22,22,6,6
216,24,24,8,0
589,13,13,13,5
619,43,11,11,3
74,10,10,10,2
973,13,13,13,5
211,19,19,3,3
660,20,20,4,4
252,60,28,12,4
443,59,27,11,3
180,52,20,4,4
421,37,5,5,5
373,53,21,5,5
755,51,19,3,3
364,44,12,12,4
10,10,10,10,2
406,22,22,6,6
387,3,3,3,3
496,48,16,0,0
83,19,19,3,3
745,41,9,9,1
404,20,20,4,4
174,46,14,14,6
626,50,18,2,2
190,62,30,14,6
49,49,17,1,1
502,54,22,6,6
647,7,7,7,7
982,22,22,6,6
573,61,29,13,5
959,63,31,15,7
338,18,18,2,2
414,30,30,14,6
93,29,29,13,5
557,45,13,13,5
509,61,29,13,5
536,24,24,8,0
110,46,14,14,6
40,40,8,8,0
952,56,24,8,0
711,7,7,7,7
731,27,27,11,3
8,8,8,8,0
248,56,24,8,0
145,17,17,1,1
125,61,29,13,5
830,62,30,14,6
748,44,12,12,4
651,11,11,11,3
226,34,2,2,2
690,50,18,2,2
221,29,29,13,5
999,39,7,7,7
242,50,18,2,2
65,1,1,1,1
183,55,23,7,7
850,18,18,2,2
138,10,10,10,2
458,10,10,10,2
716,12,12,12,4
976,16,16,0,0
475,27,27,11,3
223,31,31,15,7
193,1,1,1,1
906,10,10,10,2
775,7,7,7,7
40,40,8,8,0
850,18,18,2,2
620,44,12,12,4
161,33,1,1,1
941,45,13,13,5
301,45,13,13,5
316,60,28,12,4
78,14,14,14,6
915,19,19,3,3
818,50,18,2,2
291,35,3,3,3
96,32,0,0,0
213,21,21,5,5
827,59,27,11,3
509,61,29,13,5
316,60,28,12,4
504,56,24,8,0
357,37,5,5,5
249,57,25,9,1
897,1,1,1,1
376,56,24,8,0
442,58,26,10,2
465,17,17,1,1
422,38,6,6,6
752,48,16,0,0
60,60,28,12,4
259,3,3,3,3
531,19,19,3,3
372,52,20,4,4
472,24,24,8,0
111,47,15,15,7
74,10,10,10,2
533,21,21,5,5
993,33,1,1,1
315,59,27,11,3
124,60,28,12,4
127,63,31,15,7
925,29,29,13,5
899,3,3,3,3
584,8,8,8,0
598,22,22,6,6
491,43,11,11,3
676,36,4,4,4
206,14,14,14,6
225,33,1,1,1
309,53,21,5,5
976,16,16,0,0
829,61,29,13,5
780,12,12,12,4
610,34,2,2,2
508,60,28,12,4
876,44,12,12,4
760,56,24,8,0
386,2,2,2,2
766,62,30,14,6
895,63,31,15,7
423,39,7,7,7
888,56,24,8,0
818,50,18,2,2
770,2,2,2,2
353,33,1,1,1
5,5,5,5,5
39,39,7,7,7
8,8,8,8,0
610,34,2,2,2
612,36,4,4,4
995,35,3,3,3
677,37,5,5,5
958,62,30,14,6
977,17,17,1,1
350,30,30,14,6
62,62,30,14,6
856,24,24,8,0
378,58,26,10,2
944,48,16,0,0
821,53,21,5,5
224,32,0,0,0
786,18,18,2,2
357,37,5,5,5
595,19,19,3,3
454,6,6,6,6
597,21,21,5,5
599,23,23,7,7
780,12,12,12,4
387,3,3,3,3
471,23,23,7,7
16,16,16,0,0
666,26,26,10,2
383,63,31,15,7
973,13,13,13,5
688,48,16,0,0
806,38,6,6,6
295,39,7,7,7
323,3,3,3,3
215,23,23,7,7
243,51,19,3,3
417,33,1,1,1
936,40,8,8,0
298,42,10,10,2
891,59,27,11,3
828,60,28,12,4
673,33,1,1,1
294,38,6,6,6
398,14,14,14,6
903,7,7,7,7
849,17,17,1,1
566,54,22,6,6
354,34,2,2,2
204,12,12,12,4
819,51,19,3,3
240,48,16,0,0
227,35,3,3,3
115,51,19,3,3
277,21,21,5,5
805,37,5,5,5
835,3,3,3,3
84,20,20,4,4
669,29,29,13,5
330,10,10,10,2
778,10,10,10,2
872,40,8,8,0
601,25,25,9,1
595,19,19,3,3
114,50,18,2,2
439,55,23,7,7
255,63,31,15,7
828,60,28,12,4
744,40,8,8,0
260,4,4,4,4
509,61,29,13,5
38,38,6,6,6
789,21,21,5,5
134,6,6,6,6
582,6,6,6,6
162,34,2,2,2
102,38,6,6,6
452,4,4,4,4
8,8,8,8,0
353,33,1,1,1
398,14,14,14,6
3,3,3,3,3
121,57,25,9,1
282,26,26,10,2
263,7,7,7,7
667,27,27,11,3
444,60,28,12,4
549,37,5,5,5
86,22,22,6,6
257,1,1,1,1
65,1,1,1,1
858,26,26,10,2
146,18,18,2,2
468,20,20,4,4
578,2,2,2,2
234,42,10,10,2
539,27,27,11,3
25,25,25,9,1
678,38,6,6,6
189,61,29,13,5
776,8,8,8,0
909,13,13,13,5
660,20,20,4,4
918,22,22,6,6
97,33,1,1,1
109,45,13,13,5
556,44,12,12,4
572,60,28,12,4
254,62,30,14,6
546,34,2,2,2
885,53,21,5,5
165,37,5,5,5
164,36,4,4,4
356,36,4,4,4
569,57,25,9,1
811,43,11,11,3
281,25,25,9,1
217,25,25,9,1
643,3,3,3,3
936,40,8,8,0
192,0,0,0,0
109,45,13,13,5
932,36,4,4,4
356,36,4,4,4
11,11,11,11,3
65,1,1,1,1
199,7,7,7,7
252,60,28,12,4
421,37,5,5,5
277,21,21,5,5
178,50,18,2,2
373,53,21,5,5
501,53,21,5,5
946,50,18,2,2
101,37,5,5,5
780,12,12,12,4
615,39,7,7,7
891,59,27,11,3
266,10,10,10,2
76,12,12,12,4
195,3,3,3,3
947,51,19,3,3
923,27,27,11,3
775,7,7,7,7
182,54,22,6,6
756,52,20,4,4
672,32,0,0,0
307,51,19,3,3
743,39,7,7,7
179,51,19,3,3
764,60,28,12,4
863,31,31,15,7
585,9,9,9,1
458,10,10,10,2
731,27,27,11,3
197,5,5,5,5
115,51,19,3,3
558,46,14,14,6
774,6,6,6,6
43,43,11,11,3
736,32,0,0,0
712,8,8,8,0
795,27,27,11,3
88,24,24,8,0
965,5,5,5,5
471,23,23,7,7
583,7,7,7,7
565,53,21,5,5
769,1,1,1,1
317,61,29,13,5
252,60,28,12,4
714,10,10,10,2
121,57,25,9,1
409,25,25,9,1
5,5,5,5,5
82,18,18,2,2
633,57,25,9,1
159,31,31,15,7
126,62,30,14,6
598,22,22,6,6
871,39,7,7,7
880,48,16,0,0
296,40,8,8,0
780,12,12,12,4
335,15,15,15,7
402,18,18,2,2
138,10,10,10,2
151,23,23,7,7
790,22,22,6,6
927,31,31,15,7
34,34,2,2,2
205,13,13,13,5
292,36,4,4,4
718,14,14,14,6
904,8,8,8,0
436,52,20,4,4
958,62,30,14,6
116,52,20,4,4
620,44,12,12,4
195,3,3,3,3
383,63,31,15,7
1,1,1,1,1
278,22,22,6,6
425,41,9,9,1
946,50,18,2,2
175,47,15,15,7
716,12,12,12,4
843,11,11,11,3
409,25,25,9,1
966,6,6,6,6
659,19,19,3,3
630,54,22,6,6
117,53,21,5,5
198,6,6,6,6
59,59,27,11,3
369,49,17,1,1
738,34,2,2,2
139,11,11,11,3
460,12,12,12,4
891,59,27,11,3
660,20,20,4,4
195,3,3,3,3
117,53,21,5,5
918,22,22,6,6
772,4,4,4,4
608,32,0,0,0
6,6,6,6,6
127,63,31,15,7
459,11,11,11,3
799,31,31,15,7
358,38,6,6,6
745,41,9,9,1
362,42,10,10,2
209,17,17,1,1
945,49,17,1,1
492,44,12,12,4
932,36,4,4,4
87,23,23,7,7
499,51,19,3,3
491,43,11,11,3
788,20,20,4,4
827,59,27,11,3
372,52,20,4,4
643,3,3,3,3
170,42,10,10,2
630,54,22,6,6
383,63,31,15,7
274,18,18,2,2
984,24,24,8,0
842,10,10,10,2
186,58,26,10,2
362,42,10,10,2
239,47,15,15,7
138,10,10,10,2
511,63,31,15,7
118,54,22,6,6
84,20,20,4,4
487,39,7,7,7
180,52,20,4,4
742,38,6,6,6
11,11,11,11,3
321,1,1,1,1
310,54,22,6,6
676,36,4,4,4
107,43,11,11,3
986,26,26,10,2
501,53,21,5,5
772,4,4,4,4
256,0,0,0,0
751,47,15,15,7
826,58,26,10,2
224,32,0,0,0
682,42,10,10,2
953,57,25,9,1
520,8,8,8,0
910,14,14,14,6
949,53,21,5,5
744,40,8,8,0
611,35,3,3,3
325,5,5,5,5
208,16,16,0,0
979,19,19,3,3
133,5,5,5,5
746,42,10,10,2
16,16,16,0,0
161,33,1,1,1
423,39,7,7,7
356,36,4,4,4
569,57,25,9,1
895,63,31,15,7
213,21,21,5,5
292,36,4,4,4
267,11,11,11,3
890,58,26,10,2
689,49,17,1,1
430,46,14,14,6
755,51,19,3,3
74,10,10,10,2
689,49,17,1,1
574,62,30,14,6
744,40,8,8,0
913,17,17,1,1
963,3,3,3,3
20,20,20,4,4
997,37,5,5,5
691,51,19,3,3
444,60,28,12,4
132,4,4,4,4
208,16,16,0,0
322,2,2,2,2
13,13,13,13,5
499,51,19,3,3
302,46,14,14,6
414,30,30,14,6
659,19,19,3,3
461,13,13,13,5
111,47,15,15,7
512,0,0,0,0
416,32,0,0,0
66,2,2,2,2
407,23,23,7,7
265,9,9,9,1
741,37,5,5,5
993,33,1,1,1
152,24,24,8,0
324,4,4,4,4
460,12,12,12,4
788,20,20,4,4
883,51,19,3,3
640,0,0,0,0
145,17,17,1,1
97,33,1,1,1
77,13,13,13,5
951,55,23,7,7
335,15,15,15,7
301,45,13,13,5
462,14,14,14,6
608,32,0,0,0
323,3,3,3,3
122,58,26,10,2
116,52,20,4,4
393,9,9,9,1
570,58,26,10,2
260,4,4,4,4
772,4,4,4,4
135,7,7,7,7
161,33,1,1,1
557,45,13,13,5
541,29,29,13,5
540,28,28,12,4
244,52,20,4,4
862,30,30,14,6
413,29,29,13,5
636,60,28,12,4
195,3,3,3,3
951,55,23,7,7
922,26,26,10,2
706,2,2,2,2
155,27,27,11,3
722,18,18,2,2
386,2,2,2,2
614,38,6,6,6
104,40,8,8,0
489,41,9,9,1
461,13,13,13,5
272,16,16,0,0
157,29,29,13,5
104,40,8,8,0
886,54,22,6,6
172,44,12,12,4
870,38,6,6,6
364,44,12,12,4
732,28,28,12,4
392,8,8,8,0
208,16,16,0,0
807,39,7,7,7
294,38,6,6,6
38,38,6,6,6
500,52,20,4,4
530,18,18,2,2
521,9,9,9,1
351,31,31,15,7
150,22,22,6,6
169,41,9,9,1
477,29,29,13,5
618,42,10,10,2
938,42,10,10,2
462,14,14,14,6
859,27,27,11,3
213,21,21,5,5
4,4,4,4,4
621,45,13,13,5
389,5,5,5,5
356,36,4,4,4
150,22,22,6,6
961,1,1,1,1
49,49,17,1,1
762,58,26,10,2
514,2,2,2,2
123,59,27,11,3
723,19,19,3,3
371,51,19,3,3
624,48,16,0,0
355,35,3,3,3
158,30,30,14,6
266,10,10,10,2
382,62,30,14,6
101,37,5,5,5
230,38,6,6,6
699,59,27,11,3
987,27,27,11,3
85,21,21,5,5
132,4,4,4,4
444,60,28,12,4
361,41,9,9,1
477,29,29,13,5
74,10,10,10,2
893,61,29,13,5
68,4,4,4,4
993,33,1,1,1
453,5,5,5,5
301,45,13,13,5
709,5,5,5,5
44,44,12,12,4
453,5,5,5,5
509,61,29,13,5
941,45,13,13,5
824,56,24,8,0
493,45,13,13,5
874,42,10,10,2
909,13,13,13,5
543,31,31,15,7
878,46,14,14,6
389,5,5,5,5
994,34,2,2,2
832,0,0,0,0
590,14,14,14,6
691,51,19,3,3
961,1,1,1,1
932,36,4,4,4
419,35,3,3,3
477,29,29,13,5
682,42,10,10,2
257,1,1,1,1
178,50,18,2,2
417,33,1,1,1
247,55,23,7,7
123,59,27,11,3
45,45,13,13,5
10,10,10,10,2
668,28,28,12,4
57,57,25,9,1
787,19,19,3,3
632,56,24,8,0
352,32,0,0,0
476,28,28,12,4
840,8,8,8,0
143,15,15,15,7
815,47,15,15,7
118,54,22,6,6
706,2,2,2,2
344,24,24,8,0
45,45,13,13,5
753,49,17,1,1
293,37,5,5,5
469,21,21,5,5
491,43,11,11,3
204,12,12,12,4
380,60,28,12,4
759,55,23,7,7
511,63,31,15,7
618,42,10,10,2
180,52,20,4,4
904,8,8,8,0
704,0,0,0,0
182,54,22,6,6
716,12,12,12,4
421,37,5,5,5
48,48,16,0,0
641,1,1,1,1
860,28,28,12,4
25,25,25,9,1
842,10,10,10,2
549,37,5,5,5
930,34,2,2,2
97,33,1,1,1
63,63,31,15,7
864,32,0,0,0
801,33,1,1,1
625,49,17,1,1
217,25,25,9,1
75,11,11,11,3
475,27,27,11,3
820,52,20,4,4
330,10,10,10,2
108,44,12,12,4
798,30,30,14,6
552,40,8,8,0
864,32,0,0,0
848,16,16,0,0
581,5,5,5,5
998,38,6,6,6
637,61,29,13,5
550,38,6,6,6
352,32,0,0,0
928,32,0,0,0
634,58,26,10,2
158,30,30,14,6
645,5,5,5,5
270,14,14,14,6
467,19,19,3,3
461,13,13,13,5
370,50,18,2,2
77,13,13,13,5
530,18,18,2,2
797,29,29,13,5
419,35,3,3,3
873,41,9,9,1
245,53,21,5,5
464,16,16,0,0
965,5,5,5,5
598,22,22,6,6
279,23,23,7,7
754,50,18,2,2
523,11,11,11,3
293,37,5,5,5
58,58,26,10,2
874,42,10,10,2
354,34,2,2,2
257,1,1,1,1
574,62,30,14,6
834,2,2,2,2
574,62,30,14,6
153,25,25,9,1
822,54,22,6,6
696,56,24,8,0
845,13,13,13,5
170,42,10,10,2
22,22,22,6,6
85,21,21,5,5
160,32,0,0,0
897,1,1,1,1
813,45,13,13,5
571,59,27,11,3
682,42,10,10,2
129,1,1,1,1
505,57,25,9,1
345,25,25,9,1
82,18,18,2,2
889,57,25,9,1
746,42,10,10,2
793,25,25,9,1
34,34,2,2,2
286,30,30,14,6
390,6,6,6,6
109,45,13,13,5
55,55,23,7,7
372,52,20,4,4
704,0,0,0,0
329,9,9,9,1
682,42,10,10,2
923,27,27,11,3
296,40,8,8,0
711,7,7,7,7
890,58,26,10,2
403,19,19,3,3
715,11,11,11,3
592,16,16,0,0
24,24,24,8,0
765,61,29,13,5
446,62,30,14,6
625,49,17,1,1
582,6,6,6,6
249,57,25,9,1
662,22,22,6,6
259,3,3,3,3
16,16,16,0,0
702,62,30,14,6
827,59,27,11,3
467,19,19,3,3
951,55,23,7,7
360,40,8,8,0
143,15,15,15,7
24,24,24,8,0
778,10,10,10,2
544,32,0,0,0
371,51,19,3,3
17,17,17,1,1
986,26,26,10,2
22,22,22,6,6
257,1,1,1,1
767,63,31,15,7
536,24,24,8,0
416,32,0,0,0
770,2,2,2,2
210,18,18,2,2
854,22,22,6,6
472,24,24,8,0
429,45,13,13,5
52,52,20,4,4
721,17,17,1,1
547,35,3,3,3
570,58,26,10,2
514,2,2,2,2
920,24,24,8,0
515,3,3,3,3
597,21,21,5,5
210,18,18,2,2
792,24,24,8,0
813,45,13,13,5
52,52,20,4,4
126,62,30,14,6
232,40,8,8,0
298,42,10,10,2
10,10,10,10,2
331,11,11,11,3
162,34,2,2,2
825,57,25,9,1
5,5,5,5,5
19,19,19,3,3
687,47,15,15,7
90,26,26,10,2
769,1,1,1,1
440,56,24,8,0
853,21,21,5,5
703,63,31,15,7
336,16,16,0,0
841,9,9,9,1
500,52,20,4,4
436,52,20,4,4
915,19,19,3,3
106,42,10,10,2
67,3,3,3,3
921,25,25,9,1
725,21,21,5,5
647,7,7,7,7
735,31,31,15,7
513,1,1,1,1
342,22,22,6,6
961,1,1,1,1
613,37,5,5,5
866,34,2,2,2
36,36,4,4,4
604,28,28,12,4
850,18,18,2,2
967,7,7,7,7
787,19,19,3,3
701,61,29,13,5
976,16,16,0,0
978,18,18,2,2
430,46,14,14,6
931,35,3,3,3
945,49,17,1,1
552,40,8,8,0
351,31,31,15,7
820,52,20,4,4
458,10,10,10,2
298,42,10,10,2
972,12,12,12,4
875,43,11,11,3
760,56,24,8,0
110,46,14,14,6
109,45,13,13,5
32,32,0,0,0
545,33,1,1,1
805,37,5,5,5
493,45,13,13,5
267,11,11,11,3
192,0,0,0,0
332,12,12,12,4
760,56,24,8,0
253,61,29,13,5
973,13,13,13,5
889,57,25,9,1
865,33,1,1,1
192,0,0,0,0
314,58,26,10,2
285,29,29,13,5
946,50,18,2,2
742,38,6,6,6
494,46,14,14,6
643,3,3,3,3
845,13,13,13,5
414,30,30,14,6
310,54,22,6,6
516,4,4,4,4
819,51,19,3,3
455,7,7,7,7
397,13,13,13,5
390,6,6,6,6
18,18,18,2,2
104,40,8,8,0
664,24,24,8,0
23,23,23,7,7
618,42,10,10,2
715,11,11,11,3
252,60,28,12,4
131,3,3,3,3
996,36,4,4,4
921,25,25,9,1
345,25,25,9,1
196,4,4,4,4
644,4,4,4,4
413,29,29,13,5
138,10,10,10,2
560,48,16,0,0
957,61,29,13,5
612,36,4,4,4
407,23,23,7,7
880,48,16,0,0
191,63,31,15,7
956,60,28,12,4
712,8,8,8,0
381,61,29,13,5
912,16,16,0,0
696,56,24,8,0
387,3,3,3,3
662,22,22,6,6
38,38,6,6,6
330,10,10,10,2
87,23,23,7,7
910,14,14,14,6
236,44,12,12,4
387,3,3,3,3
891,59,27,11,3
560,48,16,0,0
731,27,27,11,3
986,26,26,10,2
541,29,29,13,5
220,28,28,12,4
752,48,16,0,0
908,12,12,12,4
141,13,13,13,5
583,7,7,7,7
55,55,23,7,7
845,13,13,13,5
168,40,8,8,0
212,20,20,4,4
710,6,6,6,6
689,49,17,1,1
18,18,18,2,2
338,18,18,2,2
508,60,28,12,4
491,43,11,11,3
352,32,0,0,0
90,26,26,10,2
857,25,25,9,1
627,51,19,3,3
435,51,19,3,3
92,28,28,12,4
834,2,2,2,2
699,59,27,11,3
884,52,20,4,4
885,53,21,5,5
33,33,1,1,1
876,44,12,12,4
887,55,23,7,7
387,3,3,3,3
670,30,30,14,6
958,62,30,14,6
253,61,29,13,5
639,63,31,15,7
568,56,24,8,0
961,1,1,1,1
16,16,16,0,0
618,42,10,10,2
663,23,23,7,7
458,10,10,10,2
42,42,10,10,2
888,56,24,8,0
289,33,1,1,1
83,19,19,3,3
260,4,4,4,4
688,48,16,0,0
300,44,12,12,4
645,5,5,5,5
819,51,19,3,3
818,50,18,2,2
822,54,22,6,6
50,50,18,2,2
348,28,28,12,4
656,16,16,0,0
659,19,19,3,3
984,24,24,8,0
744,40,8,8,0
16,16,16,0,0
387,3,3,3,3
868,36,4,4,4
431,47,15,15,7
200,8,8,8,0
989,29,29,13,5
767,63,31,15,7
823,55,23,7,7
919,23,23,7,7
893,61,29,13,5
915,19,19,3,3
188,60,28,12,4
729,25,25,9,1
575,63,31,15,7
153,25,25,9,1
55,55,23,7,7
39,39,7,7,7
370,50,18,2,2
772,4,4,4,4
801,33,1,1,1
815,47,15,15,7
72,8,8,8,0
829,61,29,13,5
536,24,24,8,0
199,7,7,7,7
257,1,1,1,1
504,56,24,8,0
9,9,9,9,1
696,56,24,8,0
596,20,20,4,4
174,46,14,14,6
888,56,24,8,0
986,26,26,10,2
648,8,8,8,0
400,16,16,0,0
195,3,3,3,3
239,47,15,15,7
983,23,23,7,7
984,24,24,8,0
492,44,12,12,4
821,53,21,5,5
911,15,15,15,7
91,27,27,11,3
705,1,1,1,1
789,21,21,5,5
79,15,15,15,7
792,24,24,8,0
487,39,7,7,7
69,5,5,5,5
775,7,7,7,7
785,17,17,1,1
779,11,11,11,3
68,4,4,4,4
313,57,25,9,1
878,46,14,14,6
270,14,14,14,6
972,12,12,12,4
38,38,6,6,6
452,4,4,4,4
728,24,24,8,0
840,8,8,8,0
479,31,31,15,7
189,61,29,13,5
488,40,8,8,0
509,61,29,13,5
385,1,1,1,1
942,46,14,14,6
476,28,28,12,4
303,47,15,15,7
87,23,23,7,7
61,61,29,13,5
477,29,29,13,5
570,58,26,10,2
292,36,4,4,4
732,28,28,12,4
779,11,11,11,3
890,58,26,10,2
45,45,13,13,5
13,13,13,13,5
15,15,15,15,7
88,24,24,8,0
929,33,1,1,1
220,28,28,12,4
465,17,17,1,1
574,62,30,14,6
949,53,21,5,5
404,20,20,4,4
400,16,16,0,0
755,51,19,3,3
303,47,15,15,7
555,43,11,11,3
180,52,20,4,4
538,26,26,10,2
185,57,25,9,1
433,49,17,1,1
762,58,26,10,2
863,31,31,15,7
210,18,18,2,2
826,58,26,10,2
966,6,6,6,6
882,50,18,2,2
921,25,25,9,1
775,7,7,7,7
326,6,6,6,6
129,1,1,1,1
219,27,27,11,3
195,3,3,3,3
48,48,16,0,0
233,41,9,9,1
930,34,2,2,2
291,35,3,3,3
635,59,27,11,3
814,46,14,14,6
132,4,4,4,4
33,33,1,1,1
307,51,19,3,3
450,2,2,2,2
285,29,29,13,5
212,20,20,4,4
775,7,7,7,7
10,10,10,10,2
243,51,19,3,3
289,33,1,1,1
215,23,23,7,7
787,19,19,3,3
921,25,25,9,1
46,46,14,14,6
532,20,20,4,4
664,24,24,8,0
428,44,12,12,4
698,58,26,10,2
857,25,25,9,1
256,0,0,0,0
266,10,10,10,2
519,7,7,7,7
83,19,19,3,3
133,5,5,5,5
118,54,22,6,6
426,42,10,10,2
352,32,0,0,0
868,36,4,4,4
275,19,19,3,3
804,36,4,4,4
377,57,25,9,1
805,37,5,5,5
839,7,7,7,7
910,14,14,14,6
228,36,4,4,4
102,38,6,6,6
762,58,26,10,2
569,57,25,9,1
62,62,30,14,6
867,35,3,3,3
674,34,2,2,2
319,63,31,15,7
104,40,8,8,0
157,29,29,13,5
118,54,22,6,6
804,36,4,4,4
249,57,25,9,1
156,28,28,12,4
279,23,23,7,7
152,24,24,8,0
634,58,26,10,2
805,37,5,5,5
935,39,7,7,7
917,21,21,5,5
675,35,3,3,3
63,63,31,15,7
890,58,26,10,2
852,20,20,4,4
9,9,9,9,1
506,58,26,10,2
313,57,25,9,1
794,26,26,10,2
971,11,11,11,3
918,22,22,6,6
569,57,25,9,1
839,7,7,7,7
203,11,11,11,3
199,7,7,7,7
764,60,28,12,4
449,1,1,1,1
604,28,28,12,4
0,0,0,0,0
352,32,0,0,0
174,46,14,14,6
683,43,11,11,3
164,36,4,4,4
540,28,28,12,4
115,51,19,3,3
57,57,25,9,1
972,12,12,12,4
124,60,28,12,4
413,29,29,13,5
843,11,11,11,3
442,58,26,10,2
334,14,14,14,6
268,12,12,12,4
172,44,12,12,4
667,27,27,11,3
842,10,10,10,2
589,13,13,13,5
798,30,30,14,6
518,6,6,6,6
694,54,22,6,6
502,54,22,6,6
309,53,21,5,5
252,60,28,12,4
743,39,7,7,7
13,13,13,13,5
374,54,22,6,6
900,4,4,4,4
549,37,5,5,5
454,6,6,6,6
458,10,10,10,2
169,41,9,9,1
16,16,16,0,0
316,60,28,12,4
363,43,11,11,3
957,61,29,13,5
376,56,24,8,0
161,33,1,1,1
55,55,23,7,7
505,57,25,9,1
613,37,5,5,5
618,42,10,10,2
218,26,26,10,2
60,60,28,12,4
512,0,0,0,0
718,14,14,14,6
768,0,0,0,0
378,58,26,10,2
7,7,7,7,7
653,13,13,13,5
705,1,1,1,1
676,36,4,4,4
594,18,18,2,2
733,29,29,13,5
182,54,22,6,6
99,35,3,3,3
445,61,29,13,5
774,6,6,6,6
12,12,12,12,4
78,14,14,14,6
741,37,5,5,5
494,46,14,14,6
971,11,11,11,3
347,27,27,11,3
476,28,28,12,4
959,63,31,15,7
7,7,7,7,7
752,48,16,0,0
816,48,16,0,0
217,25,25,9,1
512,0,0,0,0
323,3,3,3,3
788,20,20,4,4
980,20,20,4,4
388,4,4,4,4
434,50,18,2,2
460,12,12,12,4
385,1,1,1,1
90,26,26,10,2
209,17,17,1,1
936,40,8,8,0
32,32,0,0,0
777,9,9,9,1
933,37,5,5,5
328,8,8,8,0
268,12,12,12,4
894,62,30,14,6
59,59,27,11,3
652,12,12,12,4
163,35,3,3,3
300,44,12,12,4
882,50,18,2,2
312,56,24,8,0
502,54,22,6,6
448,0,0,0,0
54,54,22,6,6
200,8,8,8,0
960,0,0,0,0
364,44,12,12,4
126,62,30,14,6
438,54,22,6,6
136,8,8,8,0
83,19,19,3,3
881,49,17,1,1
755,51,19,3,3
563,51,19,3,3
712,8,8,8,0
841,9,9,9,1
11,11,11,11,3
147,19,19,3,3
663,23,23,7,7
391,7,7,7,7
17,17,17,1,1
129,1,1,1,1
870,38,6,6,6
689,49,17,1,1
768,0,0,0,0
930,34,2,2,2
988,28,28,12,4
581,5,5,5,5
395,11,11,11,3
866,34,2,2,2
971,11,11,11,3
997,37,5,5,5
246,54,22,6,6
603,27,27,11,3
481,33,1,1,1
844,12,12,12,4
39,39,7,7,7
504,56,24,8,0
484,36,4,4,4
950,54,22,6,6
21,21,21,5,5
520,8,8,8,0
224,32,0,0,0
172,44,12,12,4
398,14,14,14,6
829,61,29,13,5
327,7,7,7,7
109,45,13,13,5
114,50,18,2,2
577,1,1,1,1
424,40,8,8,0
132,4,4,4,4
953,57,25,9,1
160,32,0,0,0
949,53,21,5,5
619,43,11,11,3
745,41,9,9,1
251,59,27,11,3
636,60,28,12,4
295,39,7,7,7
993,33,1,1,1
15,15,15,15,7
377,57,25,9,1
709,5,5,5,5
183,55,23,7,7
927,31,31,15,7
186,58,26,10,2
829,61,29,13,5
157,29,29,13,5
122,58,26,10,2
18,18,18,2,2
349,29,29,13,5
543,31,31,15,7
461,13,13,13,5
978,18,18,2,2
926,30,30,14,6
888,56,24,8,0
21,21,21,5,5
961,1,1,1,1
724,20,20,4,4
850,18,18,2,2
794,26,26,10,2
812,44,12,12,4
436,52,20,4,4
862,30,30,14,6
673,33,1,1,1
256,0,0,0,0
655,15,15,15,7
188,60,28,12,4
416,32,0,0,0
79,15,15,15,7
41,41,9,9,1
544,32,0,0,0
798,30,30,14,6
810,42,10,10,2
356,36,4,4,4
552,40,8,8,0
586,10,10,10,2
211,19,19,3,3
827,59,27,11,3
302,46,14,14,6
338,18,18,2,2
133,5,5,5,5
155,27,27,11,3
365,45,13,13,5
204,12,12,12,4
447,63,31,15,7
116,52,20,4,4
440,56,24,8,0
123,59,27,11,3
126,62,30,14,6
262,6,6,6,6
205,13,13,13,5
72,8,8,8,0
794,26,26,10,2
661,21,21,5,5
812,44,12,12,4
509,61,29,13,5
341,21,21,5,5
139,11,11,11,3
60,60,28,12,4
987,27,27,11,3
671,31,31,15,7
254,62,30,14,6
822,54,22,6,6
885,53,21,5,5
836,4,4,4,4
107,43,11,11,3
496,48,16,0,0
953,57,25,9,1
607,31,31,15,7
542,30,30,14,6
665,25,25,9,1
800,32,0,0,0
167,39,7,7,7
81,17,17,1,1
36,36,4,4,4
944,48,16,0,0
391,7,7,7,7
866,34,2,2,2
401,17,17,1,1
260,4,4,4,4
293,37,5,5,5
602,26,26,10,2
996,36,4,4,4
5,5,5,5,5
208,16,16,0,0
458,10,10,10,2
920,24,24,8,0
308,52,20,4,4
346,26,26,10,2
874,42,10,10,2
700,60,28,12,4
90,26,26,10,2
132,4,4,4,4
34,34,2,2,2
159,31,31,15,7
712,8,8,8,0
780,12,12,12,4
755,51,19,3,3
450,2,2,2,2
950,54,22,6,6
685,45,13,13,5
684,44,12,12,4
23,23,23,7,7
76,12,12,12,4
283,27,27,11,3
833,1,1,1,1
555,43,11,11,3
208,16,16,0,0
815,47,15,15,7
370,50,18,2,2
100,36,4,4,4
313,57,25,9,1
571,59,27,11,3
908,12,12,12,4
917,21,21,5,5
105,41,9,9,1
388,4,4,4,4
127,63,31,15,7
123,59,27,11,3
574,62,30,14,6
145,17,17,1,1
802,34,2,2,2
564,52,20,4,4
395,11,11,11,3
423,39,7,7,7
789,21,21,5,5
471,23,23,7,7
951,55,23,7,7
133,5,5,5,5
776,8,8,8,0
480,32,0,0,0
929,33,1,1,1
785,17,17,1,1
372,52,20,4,4
665,25,25,9,1
977,17,17,1,1
345,25,25,9,1
736,32,0,0,0
558,46,14,14,6
705,1,1,1,1
880,48,16,0,0
269,13,13,13,5
135,7,7,7,7
837,5,5,5,5
776,8,8,8,0
958,62,30,14,6
429,45,13,13,5
95,31,31,15,7
694,54,22,6,6
555,43,11,11,3
442,58,26,10,2
26,26,26,10,2
288,32,0,0,0
851,19,19,3,3
557,45,13,13,5
750,46,14,14,6
968,8,8,8,0
804,36,4,4,4
463,15,15,15,7
879,47,15,15,7
332,12,12,12,4
23,23,23,7,7
22,22,22,6,6
21,21,21,5,5
948,52,20,4,4
911,15,15,15,7
677,37,5,5,5
600,24,24,8,0
480,32,0,0,0
924,28,28,12,4
868,36,4,4,4
454,6,6,6,6
914,18,18,2,2
610,34,2,2,2
793,25,25,9,1
356,36,4,4,4
87,23,23,7,7
806,38,6,6,6
437,53,21,5,5
751,47,15,15,7
195,3,3,3,3
100,36,4,4,4
969,9,9,9,1
721,17,17,1,1
31,31,31,15,7
91,27,27,11,3
239,47,15,15,7
67,3,3,3,3
91,27,27,11,3
369,49,17,1,1
450,2,2,2,2
962,2,2,2,2
521,9,9,9,1
528,16,16,0,0
102,38,6,6,6
242,50,18,2,2
405,21,21,5,5
69,5,5,5,5
337,17,17,1,1
563,51,19,3,3
190,62,30,14,6
634,58,26,10,2
610,34,2,2,2
778,10,10,10,2
472,24,24,8,0
234,42,10,10,2
447,63,31,15,7
619,43,11,11,3
546,34,2,2,2
103,39,7,7,7
702,62,30,14,6
498,50,18,2,2
421,37,5,5,5
670,30,30,14,6
892,60,28,12,4
480,32,0,0,0
377,57,25,9,1
647,7,7,7,7
220,28,28,12,4
443,59,27,11,3
77,13,13,13,5
272,16,16,0,0
749,45,13,13,5
355,35,3,3,3
887,55,23,7,7
45,45,13,13,5
167,39,7,7,7
902,6,6,6,6
507,59,27,11,3
914,18,18,2,2
627,51,19,3,3
721,17,17,1,1
937,41,9,9,1
735,31,31,15,7
414,30,30,14,6
932,36,4,4,4
929,33,1,1,1
258,2,2,2,2
363,43,11,11,3
518,6,6,6,6
331,11,11,11,3
173,45,13,13,5
288,32,0,0,0
647,7,7,7,7
876,44,12,12,4
530,18,18,2,2
992,32,0,0,0
907,11,11,11,3
489,41,9,9,1
758,54,22,6,6
647,7,7,7,7
765,61,29,13,5
160,32,0,0,0
664,24,24,8,0
928,32,0,0,0
8,8,8,8,0
682,42,10,10,2
77,13,13,13,5
16,16,16,0,0
749,45,13,13,5
307,51,19,3,3
634,58,26,10,2
936,40,8,8,0
498,50,18,2,2
660,20,20,4,4
936,40,8,8,0
663,23,23,7,7
359,39,7,7,7
678,38,6,6,6
136,8,8,8,0
38,38,6,6,6
933,37,5,5,5
82,18,18,2,2
204,12,12,12,4
277,21,21,5,5
436,52,20,4,4
990,30,30,14,6
423,39,7,7,7
246,54,22,6,6
351,31,31,15,7
663,23,23,7,7
900,4,4,4,4
931,35,3,3,3
881,49,17,1,1
693,53,21,5,5
117,53,21,5,5
698,58,26,10,2
605,29,29,13,5
795,27,27,11,3
633,57,25,9,1
685,45,13,13,5
538,26,26,10,2
407,23,23,7,7
934,38,6,6,6
912,16,16,0,0
939,43,11,11,3
163,35,3,3,3
252,60,28,12,4
966,6,6,6,6
610,34,2,2,2
57,57,25,9,1
694,54,22,6,6
880,48,16,0,0
719,15,15,15,7
441,57,25,9,1
49,49,17,1,1
44,44,12,12,4
291,35,3,3,3
936,40,8,8,0
845,13,13,13,5
709,5,5,5,5
894,62,30,14,6
273,17,17,1,1
747,43,11,11,3
320,0,0,0,0
624,48,16,0,0
659,19,19,3,3
779,11,11,11,3
165,37,5,5,5
847,15,15,15,7
678,38,6,6,6
562,50,18,2,2
404,20,20,4,4
614,38,6,6,6
535,23,23,7,7
723,19,19,3,3
366,46,14,14,6
280,24,24,8,0
927,31,31,15,7
832,0,0,0,0
574,62,30,14,6
861,29,29,13,5
395,11,11,11,3
777,9,9,9,1
441,57,25,9,1
338,18,18,2,2
776,8,8,8,0
281,25,25,9,1
711,7,7,7,7
142,14,14,14,6
651,11,11,11,3
380,60,28,12,4
188,60,28,12,4
975,15,15,15,7
56,56,24,8,0
590,14,14,14,6
2,2,2,2,2
73,9,9,9,1
139,11,11,11,3
818,50,18,2,2
576,0,0,0,0
800,32,0,0,0
964,4,4,4,4
960,0,0,0,0
180,52,20,4,4
179,51,19,3,3
648,8,8,8,0
130,2,2,2,2
395,11,11,11,3
301,45,13,13,5
553,41,9,9,1
507,59,27,11,3
162,34,2,2,2
63,63,31,15,7
819,51,19,3,3
324,4,4,4,4
907,11,11,11,3
378,58,26,10,2
234,42,10,10,2
702,62,30,14,6
580,4,4,4,4
765,61,29,13,5
658,18,18,2,2
220,28,28,12,4
847,15,15,15,7
148,20,20,4,4
388,4,4,4,4
267,11,11,11,3
266,10,10,10,2
687,47,15,15,7
770,2,2,2,2
275,19,19,3,3
193,1,1,1,1
54,54,22,6,6
818,50,18,2,2
570,58,26,10,2
969,9,9,9,1
344,24,24,8,0
290,34,2,2,2
681,41,9,9,1
728,24,24,8,0
489,41,9,9,1
500,52,20,4,4
813,45,13,13,5
966,6,6,6,6
136,8,8,8,0
613,37,5,5,5
224,32,0,0,0
190,62,30,14,6
663,23,23,7,7
162,34,2,2,2
156,28,28,12,4
506,58,26,10,2
34,34,2,2,2
127,63,31,15,7
189,61,29,13,5
237,45,13,13,5
796,28,28,12,4
814,46,14,14,6
715,11,11,11,3
31,31,31,15,7
471,23,23,7,7
641,1,1,1,1
11,11,11,11,3
882,50,18,2,2
36,36,4,4,4
62,62,30,14,6
263,7,7,7,7
369,49,17,1,1
879,47,15,15,7
561,49,17,1,1
641,1,1,1,1
9,9,9,9,1
685,45,13,13,5
876,44,12,12,4
145,17,17,1,1
71,7,7,7,7
154,26,26,10,2
261,5,5,5,5
389,5,5,5,5
730,26,26,10,2
660,20,20,4,4
703,63,31,15,7
116,52,20,4,4
580,4,4,4,4
887,55,23,7,7
615,39,7,7,7
748,44,12,12,4
473,25,25,9,1
690,50,18,2,2
981,21,21,5,5
337,17,17,1,1
415,31,31,15,7
877,45,13,13,5
879,47,15,15,7
94,30,30,14,6
451,3,3,3,3
934,38,6,6,6
809,41,9,9,1
960,0,0,0,0
76,12,12,12,4
146,18,18,2,2
895,63,31,15,7
380,60,28,12,4
75,11,11,11,3
433,49,17,1,1
318,62,30,14,6
782,14,14,14,6
328,8,8,8,0
968,8,8,8,0
531,19,19,3,3
383,63,31,15,7
368,48,16,0,0
837,5,5,5,5
382,62,30,14,6
26,26,26,10,2
810,42,10,10,2
50,50,18,2,2
22,22,22,6,6
4,4,4,4,4
894,62,30,14,6
962,2,2,2,2
87,23,23,7,7
431,47,15,15,7
375,55,23,7,7
118,54,22,6,6
611,35,3,3,3
837,5,5,5,5
499,51,19,3,3
966,6,6,6,6
213,21,21,5,5
417,33,1,1,1
450,2,2,2,2
540,28,28,12,4
505,57,25,9,1
968,8,8,8,0
709,5,5,5,5
918,22,22,6,6
875,43,11,11,3
459,11,11,11,3
770,2,2,2,2
807,39,7,7,7
847,15,15,15,7
778,10,10,10,2
981,21,21,5,5
141,13,13,13,5
585,9,9,9,1
172,44,12,12,4
933,37,5,5,5
513,1,1,1,1
142,14,14,14,6
503,55,23,7,7
248,56,24,8,0
558,46,14,14,6
18,18,18,2,2
925,29,29,13,5
22,22,22,6,6
478,30,30,14,6
43,43,11,11,3
344,24,24,8,0
858,26,26,10,2
845,13,13,13,5
22,22,22,6,6
36,36,4,4,4
981,21,21,5,5
433,49,17,1,1
831,63,31,15,7
873,41,9,9,1
421,37,5,5,5
410,26,26,10,2
442,58,26,10,2
312,56,24,8,0
399,15,15,15,7
584,8,8,8,0
314,58,26,10,2
385,1,1,1,1
729,25,25,9,1
409,25,25,9,1
46,46,14,14,6
216,24,24,8,0
657,17,17,1,1
584,8,8,8,0
657,17,17,1,1
918,22,22,6,6
649,9,9,9,1
422,38,6,6,6
439,55,23,7,7
321,1,1,1,1
661,21,21,5,5
843,11,11,11,3
895,63,31,15,7
313,57,25,9,1
650,10,10,10,2
726,22,22,6,6
868,36,4,4,4
622,46,14,14,6
800,32,0,0,0
152,24,24,8,0
800,32,0,0,0
359,39,7,7,7
872,40,8,8,0
377,57,25,9,1
636,60,28,12,4
939,43,11,11,3
909,13,13,13,5
441,57,25,9,1
571,59,27,11,3
251,59,27,11,3
892,60,28,12,4
981,21,21,5,5
453,5,5,5,5
408,24,24,8,0
814,46,14,14,6
443,59,27,11,3
738,34,2,2,2
136,8,8,8,0
389,5,5,5,5
535,23,23,7,7
783,15,15,15,7
779,11,11,11,3
327,7,7,7,7
238,46,14,14,6
598,22,22,6,6
180,52,20,4,4
578,2,2,2,2
481,33,1,1,1
75,11,11,11,3
625,49,17,1,1
976,16,16,0,0
706,2,2,2,2
569,57,25,9,1
954,58,26,10,2
964,4,4,4,4
486,38,6,6,6
172,44,12,12,4
825,57,25,9,1
942,46,14,14,6
620,44,12,12,4
524,12,12,12,4
886,54,22,6,6
209,17,17,1,1
997,37,5,5,5
140,12,12,12,4
567,55,23,7,7
230,38,6,6,6
986,26,26,10,2
225,33,1,1,1
342,22,22,6,6
286,30,30,14,6
508,60,28,12,4
578,2,2,2,2
760,56,24,8,0
845,13,13,13,5
378,58,26,10,2
68,4,4,4,4
77,13,13,13,5
851,19,19,3,3
434,50,18,2,2
429,45,13,13,5
299,43,11,11,3
421,37,5,5,5
720,16,16,0,0
184,56,24,8,0
692,52,20,4,4
60,60,28,12,4
135,7,7,7,7
516,4,4,4,4
543,31,31,15,7
604,28,28,12,4
711,7,7,7,7
332,12,12,12,4
198,6,6,6,6
297,41,9,9,1
123,59,27,11,3
926,30,30,14,6
894,62,30,14,6
288,32,0,0,0
762,58,26,10,2
981,21,21,5,5
185,57,25,9,1
528,16,16,0,0
637,61,29,13,5
508,60,28,12,4
273,17,17,1,1
309,53,21,5,5
687,47,15,15,7
390,6,6,6,6
31,31,31,15,7
103,39,7,7,7
14,14,14,14,6
451,3,3,3,3
495,47,15,15,7
498,50,18,2,2
902,6,6,6,6
396,12,12,12,4
265,9,9,9,1
608,32,0,0,0
495,47,15,15,7
846,14,14,14,6
332,12,12,12,4
474,26,26,10,2
778,10,10,10,2
663,23,23,7,7
289,33,1,1,1
690,50,18,2,2
115,51,19,3,3
439,55,23,7,7
916,20,20,4,4
792,24,24,8,0
297,41,9,9,1
593,17,17,1,1
297,41,9,9,1
979,19,19,3,3
133,5,5,5,5
685,45,13,13,5
836,4,4,4,4
642,2,2,2,2
209,17,17,1,1
377,57,25,9,1
152,24,24,8,0
65,1,1,1,1
858,26,26,10,2
788,20,20,4,4
410,26,26,10,2
371,51,19,3,3
955,59,27,11,3
984,24,24,8,0
547,35,3,3,3
861,29,29,13,5
167,39,7,7,7
844,12,12,12,4
633,57,25,9,1
447,63,31,15,7
623,47,15,15,7
868,36,4,4,4
916,20,20,4,4
691,51,19,3,3
865,33,1,1,1
700,60,28,12,4
252,60,28,12,4
930,34,2,2,2
663,23,23,7,7
591,15,15,15,7
72,8,8,8,0
821,53,21,5,5
851,19,19,3,3
662,22,22,6,6
888,56,24,8,0
233,41,9,9,1
367,47,15,15,7
638,62,30,14,6
997,37,5,5,5
538,26,26,10,2
512,0,0,0,0
895,63,31,15,7
264,8,8,8,0
670,30,30,14,6
768,0,0,0,0
978,18,18,2,2
447,63,31,15,7
987,27,27,11,3
273,17,17,1,1
66,2,2,2,2
523,11,11,11,3
316,60,28,12,4
418,34,2,2,2
224,32,0,0,0
349,29,29,13,5
479,31,31,15,7
210,18,18,2,2
97,33,1,1,1
677,37,5,5,5
474,26,26,10,2
911,15,15,15,7
273,17,17,1,1
424,40,8,8,0
898,2,2,2,2
215,23,23,7,7
819,51,19,3,3
98,34,2,2,2
199,7,7,7,7
500,52,20,4,4
762,58,26,10,2
649,9,9,9,1
4,4,4,4,4
205,13,13,13,5
838,6,6,6,6
999,39,7,7,7
335,15,15,15,7
577,1,1,1,1
227,35,3,3,3
385,1,1,1,1
341,21,21,5,5
368,48,16,0,0
966,6,6,6,6
394,10,10,10,2
238,46,14,14,6
582,6,6,6,6
549,37,5,5,5
877,45,13,13,5
705,1,1,1,1
82,18,18,2,2
456,8,8,8,0
622,46,14,14,6
32,32,0,0,0
624,48,16,0,0
12,12,12,12,4
819,51,19,3,3
229,37,5,5,5
450,2,2,2,2
376,56,24,8,0
348,28,28,12,4
885,53,21,5,5
643,3,3,3,3
160,32,0,0,0
970,10,10,10,2
299,43,11,11,3
983,23,23,7,7
691,51,19,3,3
817,49,17,1,1
270,14,14,14,6
635,59,27,11,3
22,22,22,6,6
250,58,26,10,2
503,55,23,7,7
130,2,2,2,2
45,45,13,13,5
250,58,26,10,2
950,54,22,6,6
290,34,2,2,2
912,16,16,0,0
970,10,10,10,2
863,31,31,15,7
757,53,21,5,5
634,58,26,10,2
243,51,19,3,3
515,3,3,3,3
603,27,27,11,3
756,52,20,4,4
919,23,23,7,7
619,43,11,11,3
729,25,25,9,1
112,48,16,0,0
979,19,19,3,3
45,45,13,13,5
864,32,0,0,0
453,5,5,5,5
73,9,9,9,1
967,7,7,7,7
103,39,7,7,7
640,0,0,0,0
635,59,27,11,3
692,52,20,4,4
198,6,6,6,6
900,4,4,4,4
880,48,16,0,0
190,62,30,14,6
364,44,12,12,4
562,50,18,2,2
688,48,16,0,0
338,18,18,2,2
473,25,25,9,1
671,31,31,15,7
574,62,30,14,6
23,23,23,7,7
886,54,22,6,6
977,17,17,1,1
503,55,23,7,7
940,44,12,12,4
594,18,18,2,2
881,49,17,1,1
781,13,13,13,5
416,32,0,0,0
488,40,8,8,0
879,47,15,15,7
486,38,6,6,6
627,51,19,3,3
973,13,13,13,5
877,45,13,13,5
273,17,17,1,1
319,63,31,15,7
220,28,28,12,4
763,59,27,11,3
966,6,6,6,6
111,47,15,15,7
92,28,28,12,4
239,47,15,15,7
245,53,21,5,5
578,2,2,2,2
260,4,4,4,4
506,58,26,10,2
754,50,18,2,2
706,2,2,2,2
277,21,21,5,5
66,2,2,2,2
746,42,10,10,2
185,57,25,9,1
764,60,28,12,4
504,56,24,8,0
1,1,1,1,1
203,11,11,11,3
62,62,30,14,6
106,42,10,10,2
659,19,19,3,3
632,56,24,8,0
127,63,31,15,7
414,30,30,14,6
216,24,24,8,0
287,31,31,15,7
333,13,13,13,5
295,39,7,7,7
784,16,16,0,0
584,8,8,8,0
896,0,0,0,0
718,14,14,14,6
902,6,6,6,6
666,26,26,10,2
457,9,9,9,1
259,3,3,3,3
732,28,28,12,4
60,60,28,12,4
71,7,7,7,7
360,40,8,8,0
35,35,3,3,3
90,26,26,10,2
207,15,15,15,7
754,50,18,2,2
487,39,7,7,7
841,9,9,9,1
242,50,18,2,2
182,54,22,6,6
900,4,4,4,4
973,13,13,13,5
335,15,15,15,7
407,23,23,7,7
663,23,23,7,7
500,52,20,4,4
327,7,7,7,7
365,45,13,13,5
863,31,31,15,7
842,10,10,10,2
128,0,0,0,0
454,6,6,6,6
741,37,5,5,5
338,18,18,2,2
451,3,3,3,3
350,30,30,14,6
84,20,20,4,4
331,11,11,11,3
240,48,16,0,0
56,56,24,8,0
796,28,28,12,4
483,35,3,3,3
579,3,3,3,3
454,6,6,6,6
708,4,4,4,4
253,61,29,13,5
841,9,9,9,1
606,30,30,14,6
88,24,24,8,0
161,33,1,1,1
46,46,14,14,6
985,25,25,9,1
406,22,22,6,6
912,16,16,0,0
893,61,29,13,5
19,19,19,3,3
689,49,17,1,1
161,33,1,1,1
213,21,21,5,5
690,50,18,2,2
826,58,26,10,2
213,21,21,5,5
231,39,7,7,7
59,59,27,11,3
120,56,24,8,0
366,46,14,14,6
552,40,8,8,0
764,60,28,12,4
220,28,28,12,4
768,0,0,0,0
939,43,11,11,3
675,35,3,3,3
111,47,15,15,7
421,37,5,5,5
253,61,29,13,5
384,0,0,0,0
544,32,0,0,0
903,7,7,7,7
279,23,23,7,7
833,1,1,1,1
830,62,30,14,6
956,60,28,12,4
859,27,27,11,3
582,6,6,6,6
138,10,10,10,2
76,12,12,12,4
83,19,19,3,3
212,20,20,4,4
830,62,30,14,6
296,40,8,8,0
676,36,4,4,4
699,59,27,11,3
695,55,23,7,7
887,55,23,7,7
688,48,16,0,0
677,37,5,5,5
978,18,18,2,2
1,1,1,1,1
369,49,17,1,1
584,8,8,8,0
96,32,0,0,0
707,3,3,3,3
266,10,10,10,2
912,16,16,0,0
390,6,6,6,6
626,50,18,2,2
162,34,2,2,2
41,41,9,9,1
394,10,10,10,2
64,0,0,0,0
318,62,30,14,6
984,24,24,8,0
149,21,21,5,5
661,21,21,5,5
253,61,29,13,5
301,45,13,13,5
450,2,2,2,2
78,14,14,14,6
331,11,11,11,3
505,57,25,9,1
379,59,27,11,3
511,63,31,15,7
173,45,13,13,5
860,28,28,12,4
413,29,29,13,5
952,56,24,8,0
95,31,31,15,7
731,27,27,11,3
27,27,27,11,3
319,63,31,15,7
961,1,1,1,1
913,17,17,1,1
495,47,15,15,7
703,63,31,15,7
480,32,0,0,0
31,31,31,15,7
523,11,11,11,3
790,22,22,6,6
34,34,2,2,2
860,28,28,12,4
241,49,17,1,1
167,39,7,7,7
902,6,6,6,6
52,52,20,4,4
466,18,18,2,2
625,49,17,1,1
63,63,31,15,7
476,28,28,12,4
606,30,30,14,6
397,13,13,13,5
817,49,17,1,1
123,59,27,11,3
886,54,22,6,6
80,16,16,0,0
887,55,23,7,7
348,28,28,12,4
22,22,22,6,6
550,38,6,6,6
580,4,4,4,4
535,23,23,7,7
123,59,27,11,3
955,59,27,11,3
491,43,11,11,3
405,21,21,5,5
656,16,16,0,0
362,42,10,10,2
150,22,22,6,6
549,37,5,5,5
705,1,1,1,1
419,35,3,3,3
395,11,11,11,3
412,28,28,12,4
829,61,29,13,5
381,61,29,13,5
929,33,1,1,1
892,60,28,12,4
346,26,26,10,2
124,60,28,12,4
172,44,12,12,4
729,25,25,9,1
186,58,26,10,2
716,12,12,12,4
319,63,31,15,7
581,5,5,5,5
279,23,23,7,7
177,49,17,1,1
109,45,13,13,5
90,26,26,10,2
569,57,25,9,1
940,44,12,12,4
486,38,6,6,6
246,54,22,6,6
169,41,9,9,1
614,38,6,6,6
261,5,5,5,5
962,2,2,2,2
914,18,18,2,2
520,8,8,8,0
963,3,3,3,3
125,61,29,13,5
951,55,23,7,7
952,56,24,8,0
209,17,17,1,1
372,52,20,4,4
511,63,31,15,7
972,12,12,12,4
599,23,23,7,7
299,43,11,11,3
987,27,27,11,3
844,12,12,12,4
9,9,9,9,1
65,1,1,1,1
682,42,10,10,2
72,8,8,8,0
46,46,14,14,6
904,8,8,8,0
913,17,17,1,1
996,36,4,4,4
863,31,31,15,7
933,37,5,5,5
381,61,29,13,5
34,34,2,2,2
840,8,8,8,0
648,8,8,8,0
539,27,27,11,3
584,8,8,8,0
231,39,7,7,7
934,38,6,6,6
338,18,18,2,2
100,36,4,4,4
58,58,26,10,2
810,42,10,10,2
820,52,20,4,4
499,51,19,3,3
57,57,25,9,1
843,11,11,11,3
508,60,28,12,4
418,34,2,2,2
519,7,7,7,7
136,8,8,8,0
587,11,11,11,3
70,6,6,6,6
514,2,2,2,2
734,30,30,14,6
791,23,23,7,7
372,52,20,4,4
311,55,23,7,7
568,56,24,8,0
831,63,31,15,7
922,26,26,10,2
235,43,11,11,3
195,3,3,3,3
993,33,1,1,1
188,60,28,12,4
178,50,18,2,2
999,39,7,7,7
536,24,24,8,0
368,48,16,0,0
713,9,9,9,1
934,38,6,6,6
986,26,26,10,2
113,49,17,1,1
810,42,10,10,2
665,25,25,9,1
168,40,8,8,0
235,43,11,11,3
601,25,25,9,1
485,37,5,5,5
63,63,31,15,7
291,35,3,3,3
934,38,6,6,6
219,27,27,11,3
365,45,13,13,5
648,8,8,8,0
452,4,4,4,4
695,55,23,7,7
125,61,29,13,5
688,48,16,0,0
49,49,17,1,1
225,33,1,1,1
774,6,6,6,6
741,37,5,5,5
926,30,30,14,6
236,44,12,12,4
317,61,29,13,5
508,60,28,12,4
920,24,24,8,0
294,38,6,6,6
403,19,19,3,3
840,8,8,8,0
821,53,21,5,5
248,56,24,8,0
964,4,4,4,4
385,1,1,1,1
828,60,28,12,4
511,63,31,15,7
166,38,6,6,6
475,27,27,11,3
605,29,29,13,5
964,4,4,4,4
744,40,8,8,0
73,9,9,9,1
722,18,18,2,2
117,53,21,5,5
861,29,29,13,5
839,7,7,7,7
558,46,14,14,6
548,36,4,4,4
159,31,31,15,7
582,6,6,6,6
807,39,7,7,7
467,19,19,3,3
497,49,17,1,1
88,24,24,8,0
203,11,11,11,3
568,56,24,8,0
445,61,29,13,5
17,17,17,1,1
765,61,29,13,5
504,56,24,8,0
471,23,23,7,7
726,22,22,6,6
539,27,27,11,3
645,5,5,5,5
47,47,15,15,7
776,8,8,8,0
705,1,1,1,1
968,8,8,8,0
852,20,20,4,4
32,32,0,0,0
61,61,29,13,5
595,19,19,3,3
929,33,1,1,1
444,60,28,12,4
914,18,18,2,2
382,62,30,14,6
709,5,5,5,5
178,50,18,2,2
751,47,15,15,7
355,35,3,3,3
30,30,30,14,6
611,35,3,3,3
7,7,7,7,7
677,37,5,5,5
524,12,12,12,4
472,24,24,8,0
71,7,7,7,7
499,51,19,3,3
347,27,27,11,3
523,11,11,11,3
674,34,2,2,2
122,58,26,10,2
867,35,3,3,3
744,40,8,8,0
608,32,0,0,0
128,0,0,0,0
100,36,4,4,4
197,5,5,5,5
241,49,17,1,1
227,35,3,3,3
678,38,6,6,6
600,24,24,8,0
670,30,30,14,6
254,62,30,14,6
50,50,18,2,2
340,20,20,4,4
568,56,24,8,0
416,32,0,0,0
94,30,30,14,6
122,58,26,10,2
121,57,25,9,1
19,19,19,3,3
237,45,13,13,5
458,10,10,10,2
581,5,5,5,5
164,36,4,4,4
903,7,7,7,7
263,7,7,7,7
424,40,8,8,0
699,59,27,11,3
964,4,4,4,4
992,32,0,0,0
691,51,19,3,3
473,25,25,9,1
52,52,20,4,4
211,19,19,3,3
508,60,28,12,4
538,26,26,10,2
976,16,16,0,0
584,8,8,8,0
384,0,0,0,0
749,45,13,13,5
932,36,4,4,4
574,62,30,14,6
909,13,13,13,5
867,35,3,3,3
684,44,12,12,4
951,55,23,7,7
447,63,31,15,7
126,62,30,14,6
954,58,26,10,2
519,7,7,7,7
650,10,10,10,2
72,8,8,8,0
171,43,11,11,3
852,20,20,4,4
90,26,26,10,2
823,55,23,7,7
422,38,6,6,6
823,55,23,7,7
357,37,5,5,5
425,41,9,9,1
334,14,14,14,6
570,58,26,10,2
987,27,27,11,3
499,51,19,3,3
147,19,19,3,3
760,56,24,8,0
509,61,29,13,5
65,1,1,1,1
821,53,21,5,5
965,5,5,5,5
705,1,1,1,1
350,30,30,14,6
606,30,30,14,6
99,35,3,3,3
100,36,4,4,4
718,14,14,14,6
381,61,29,13,5
928,32,0,0,0
497,49,17,1,1
329,9,9,9,1
899,3,3,3,3
821,53,21,5,5
378,58,26,10,2
753,49,17,1,1
154,26,26,10,2
115,51,19,3,3
509,61,29,13,5
263,7,7,7,7
911,15,15,15,7
498,50,18,2,2
854,22,22,6,6
415,31,31,15,7
952,56,24,8,0
374,54,22,6,6
43,43,11,11,3
854,22,22,6,6
899,3,3,3,3
162,34,2,2,2
359,39,7,7,7
280,24,24,8,0
122,58,26,10,2
795,27,27,11,3
334,14,14,14,6
207,15,15,15,7
163,35,3,3,3
996,36,4,4,4
562,50,18,2,2
745,41,9,9,1
536,24,24,8,0
22,22,22,6,6
563,51,19,3,3
475,27,27,11,3
90,26,26,10,2
964,4,4,4,4
491,43,11,11,3
697,57,25,9,1
785,17,17,1,1
588,12,12,12,4
262,6,6,6,6
53,53,21,5,5
570,58,26,10,2
927,31,31,15,7
13,13,13,13,5
507,59,27,11,3
96,32,0,0,0
33,33,1,1,1
703,63,31,15,7
545,33,1,1,1
497,49,17,1,1
425,41,9,9,1
964,4,4,4,4
362,42,10,10,2
384,0,0,0,0
832,0,0,0,0
191,63,31,15,7
252,60,28,12,4
827,59,27,11,3
594,18,18,2,2
840,8,8,8,0
331,11,11,11,3
950,54,22,6,6
282,26,26,10,2
629,53,21,5,5
82,18,18,2,2
196,4,4,4,4
426,42,10,10,2
76,12,12,12,4
476,28,28,12,4
483,35,3,3,3
753,49,17,1,1
212,20,20,4,4
872,40,8,8,0
988,28,28,12,4
193,1,1,1,1
402,18,18,2,2
802,34,2,2,2
886,54,22,6,6
387,3,3,3,3
706,2,2,2,2
234,42,10,10,2
923,27,27,11,3
380,60,28,12,4
86,22,22,6,6
27,27,27,11,3
833,1,1,1,1
104,40,8,8,0
13,13,13,13,5
112,48,16,0,0
742,38,6,6,6
799,31,31,15,7
538,26,26,10,2
841,9,9,9,1
443,59,27,11,3
540,28,28,12,4
195,3,3,3,3
121,57,25,9,1
870,38,6,6,6
873,41,9,9,1
499,51,19,3,3
998,38,6,6,6
723,19,19,3,3
283,27,27,11,3
293,37,5,5,5
570,58,26,10,2
458,10,10,10,2
417,33,1,1,1
376,56,24,8,0
192,0,0,0,0
995,35,3,3,3
532,20,20,4,4
501,53,21,5,5
8,8,8,8,0
689,49,17,1,1
248,56,24,8,0
308,52,20,4,4
727,23,23,7,7
854,22,22,6,6
85,21,21,5,5
479,31,31,15,7
430,46,14,14,6
724,20,20,4,4
659,19,19,3,3
716,12,12,12,4
183,55,23,7,7
986,26,26,10,2
364,44,12,12,4
352,32,0,0,0
331,11,11,11,3
711,7,7,7,7
280,24,24,8,0
195,3,3,3,3
577,1,1,1,1
520,8,8,8,0
640,0,0,0,0
645,5,5,5,5
791,23,23,7,7
621,45,13,13,5
846,14,14,14,6
307,51,19,3,3
215,23,23,7,7
256,0,0,0,0
359,39,7,7,7
26,26,26,10,2
522,10,10,10,2
176,48,16,0,0
220,28,28,12,4
497,49,17,1,1
109,45,13,13,5
529,17,17,1,1
708,4,4,4,4
68,4,4,4,4
96,32,0,0,0
371,51,19,3,3
654,14,14,14,6
367,47,15,15,7
583,7,7,7,7
292,36,4,4,4
760,56,24,8,0
577,1,1,1,1
432,48,16,0,0
266,10,10,10,2
264,8,8,8,0
122,58,26,10,2
993,33,1,1,1
235,43,11,11,3
2,2,2,2,2
152,24,24,8,0
77,13,13,13,5
790,22,22,6,6
749,45,13,13,5
769,1,1,1,1
931,35,3,3,3
173,45,13,13,5
342,22,22,6,6
196,4,4,4,4
71,7,7,7,7
155,27,27,11,3
911,15,15,15,7
446,62,30,14,6
656,16,16,0,0
471,23,23,7,7
659,19,19,3,3
163,35,3,3,3
647,7,7,7,7
411,27,27,11,3
709,5,5,5,5
169,41,9,9,1
325,5,5,5,5
543,31,31,15,7
991,31,31,15,7
967,7,7,7,7
327,7,7,7,7
481,33,1,1,1
298,42,10,10,2
700,60,28,12,4
483,35,3,3,3
83,19,19,3,3
297,41,9,9,1
313,57,25,9,1
836,4,4,4,4
559,47,15,15,7
456,8,8,8,0
943,47,15,15,7
978,18,18,2,2
50,50,18,2,2
144,16,16,0,0
200,8,8,8,0
896,0,0,0,0
344,24,24,8,0
65,1,1,1,1
754,50,18,2,2
900,4,4,4,4
930,34,2,2,2
38,38,6,6,6
154,26,26,10,2
379,59,27,11,3
159,31,31,15,7
117,53,21,5,5
701,61,29,13,5
909,13,13,13,5
848,16,16,0,0
638,62,30,14,6
759,55,23,7,7
90,26,26,10,2
485,37,5,5,5
369,49,17,1,1
225,33,1,1,1
359,39,7,7,7
57,57,25,9,1
235,43,11,11,3
570,58,26,10,2
81,17,17,1,1
139,11,11,11,3
851,19,19,3,3
388,4,4,4,4
166,38,6,6,6
60,60,28,12,4
527,15,15,15,7
215,23,23,7,7
982,22,22,6,6
772,4,4,4,4
80,16,16,0,0
517,5,5,5,5
165,37,5,5,5
978,18,18,2,2
230,38,6,6,6
6,6,6,6,6
987,27,27,11,3
257,1,1,1,1
330,10,10,10,2
279,23,23,7,7
809,41,9,9,1
92,28,28,12,4
691,51,19,3,3
653,13,13,13,5
628,52,20,4,4
316,60,28,12,4
915,19,19,3,3
474,26,26,10,2
119,55,23,7,7
403,19,19,3,3
934,38,6,6,6
116,52,20,4,4
683,43,11,11,3
180,52,20,4,4
404,20,20,4,4
397,13,13,13,5
387,3,3,3,3
744,40,8,8,0
717,13,13,13,5
319,63,31,15,7
608,32,0,0,0
134,6,6,6,6
197,5,5,5,5
433,49,17,1,1
133,5,5,5,5
827,59,27,11,3
492,44,12,12,4
23,23,23,7,7
750,46,14,14,6
848,16,16,0,0
208,16,16,0,0
550,38,6,6,6
576,0,0,0,0
194,2,2,2,2
845,13,13,13,5
404,20,20,4,4
558,46,14,14,6
39,39,7,7,7
598,22,22,6,6
179,51,19,3,3
359,39,7,7,7
610,34,2,2,2
74,10,10,10,2
585,9,9,9,1
796,28,28,12,4
958,62,30,14,6
976,16,16,0,0
170,42,10,10,2
68,4,4,4,4
112,48,16,0,0
97,33,1,1,1
16,16,16,0,0
880,48,16,0,0
395,11,11,11,3
266,10,10,10,2
991,31,31,15,7
391,7,7,7,7
952,56,24,8,0
633,57,25,9,1
905,9,9,9,1
111,47,15,15,7
555,43,11,11,3
888,56,24,8,0
771,3,3,3,3
392,8,8,8,0
212,20,20,4,4
188,60,28,12,4
953,57,25,9,1
289,33,1,1,1
366,46,14,14,6
862,30,30,14,6
151,23,23,7,7
951,55,23,7,7
485,37,5,5,5
276,20,20,4,4
68,4,4,4,4
740,36,4,4,4
970,10,10,10,2
797,29,29,13,5
369,49,17,1,1
849,17,17,1,1
801,33,1,1,1
101,37,5,5,5
452,4,4,4,4
550,38,6,6,6
202,10,10,10,2
91,27,27,11,3
496,48,16,0,0
936,40,8,8,0
581,5,5,5,5
82,18,18,2,2
661,21,21,5,5
75,11,11,11,3
339,19,19,3,3
181,53,21,5,5
48,48,16,0,0
475,27,27,11,3
82,18,18,2,2
861,29,29,13,5
177,49,17,1,1
419,35,3,3,3
105,41,9,9,1
610,34,2,2,2
314,58,26,10,2
815,47,15,15,7
470,22,22,6,6
428,44,12,12,4
517,5,5,5,5
757,53,21,5,5
222,30,30,14,6
87,23,23,7,7
675,35,3,3,3
959,63,31,15,7
501,53,21,5,5
96,32,0,0,0
193,1,1,1,1
825,57,25,9,1
847,15,15,15,7
387,3,3,3,3
26,26,26,10,2
981,21,21,5,5
836,4,4,4,4
947,51,19,3,3
798,30,30,14,6
910,14,14,14,6
528,16,16,0,0
590,14,14,14,6
286,30,30,14,6
61,61,29,13,5
442,58,26,10,2
703,63,31,15,7
418,34,2,2,2
350,30,30,14,6
860,28,28,12,4
769,1,1,1,1
381,61,29,13,5
108,44,12,12,4
539,27,27,11,3
18,18,18,2,2
784,16,16,0,0
953,57,25,9,1
148,20,20,4,4
789,21,21,5,5
466,18,18,2,2
846,14,14,14,6
77,13,13,13,5
356,36,4,4,4
783,15,15,15,7
619,43,11,11,3
940,44,12,12,4
480,32,0,0,0
765,61,29,13,5
164,36,4,4,4
612,36,4,4,4
794,26,26,10,2
779,11,11,11,3
713,9,9,9,1
780,12,12,12,4
486,38,6,6,6
508,60,28,12,4
863,31,31,15,7
997,37,5,5,5
833,1,1,1,1
147,19,19,3,3
146,18,18,2,2
546,34,2,2,2
578,2,2,2,2
970,10,10,10,2
249,57,25,9,1
765,61,29,13,5
314,58,26,10,2
467,19,19,3,3
915,19,19,3,3
816,48,16,0,0
194,2,2,2,2
33,33,1,1,1
62,62,30,14,6
447,63,31,15,7
465,17,17,1,1
545,33,1,1,1
92,28,28,12,4
147,19,19,3,3
913,17,17,1,1
124,60,28,12,4
303,47,15,15,7
634,58,26,10,2
716,12,12,12,4
713,9,9,9,1
732,28,28,12,4
899,3,3,3,3
426,42,10,10,2
438,54,22,6,6
585,9,9,9,1
386,2,2,2,2
90,26,26,10,2
458,10,10,10,2
371,51,19,3,3
238,46,14,14,6
5,5,5,5,5
635,59,27,11,3
808,40,8,8,0
380,60,28,12,4
84,20,20,4,4
987,27,27,11,3
236,44,12,12,4
588,12,12,12,4
683,43,11,11,3
267,11,11,11,3
476,28,28,12,4
574,62,30,14,6
897,1,1,1,1
890,58,26,10,2
87,23,23,7,7
552,40,8,8,0
566,54,22,6,6
754,50,18,2,2
786,18,18,2,2
936,40,8,8,0
596,20,20,4,4
673,33,1,1,1
477,29,29,13,5
810,42,10,10,2
794,26,26,10,2
494,46,14,14,6
969,9,9,9,1
430,46,14,14,6
252,60,28,12,4
578,2,2,2,2
369,49,17,1,1
586,10,10,10,2
378,58,26,10,2
706,2,2,2,2
931,35,3,3,3
739,35,3,3,3
222,30,30,14,6
200,8,8,8,0
378,58,26,10,2
440,56,24,8,0
815,47,15,15,7
389,5,5,5,5
739,35,3,3,3
44,44,12,12,4
862,30,30,14,6
453,5,5,5,5
246,54,22,6,6
892,60,28,12,4
435,51,19,3,3
145,17,17,1,1
152,24,24,8,0
15,15,15,15,7
751,47,15,15,7
54,54,22,6,6
590,14,14,14,6
550,38,6,6,6
256,0,0,0,0
104,40,8,8,0
840,8,8,8,0
727,23,23,7,7
403,19,19,3,3
986,26,26,10,2
297,41,9,9,1
110,46,14,14,6
158,30,30,14,6
499,51,19,3,3
388,4,4,4,4
724,20,20,4,4
917,21,21,5,5
111,47,15,15,7
377,57,25,9,1
538,26,26,10,2
732,28,28,12,4
231,39,7,7,7
317,61,29,13,5
347,27,27,11,3
471,23,23,7,7
185,57,25,9,1
889,57,25,9,1
846,14,14,14,6
833,1,1,1,1
56,56,24,8,0
632,56,24,8,0
439,55,23,7,7
223,31,31,15,7
486,38,6,6,6
291,35,3,3,3
498,50,18,2,2
614,38,6,6,6
548,36,4,4,4
635,59,27,11,3
632,56,24,8,0
303,47,15,15,7
268,12,12,12,4
852,20,20,4,4
764,60,28,12,4
356,36,4,4,4
30,30,30,14,6
471,23,23,7,7
227,35,3,3,3
458,10,10,10,2
332,12,12,12,4
467,19,19,3,3
56,56,24,8,0
686,46,14,14,6
379,59,27,11,3
211,19,19,3,3
769,1,1,1,1
662,22,22,6,6
509,61,29,13,5
802,34,2,2,2
67,3,3,3,3
246,54,22,6,6
765,61,29,13,5
48,48,16,0,0
3,3,3,3,3
849,17,17,1,1
140,12,12,12,4
905,9,9,9,1
984,24,24,8,0
14,14,14,14,6
729,25,25,9,1
987,27,27,11,3
377,57,25,9,1
740,36,4,4,4
451,3,3,3,3
880,48,16,0,0
985,25,25,9,1
129,1,1,1,1
991,31,31,15,7
0,0,0,0,0
43,43,11,11,3
644,4,4,4,4
124,60,28,12,4
993,33,1,1,1
586,10,10,10,2
946,50,18,2,2
965,5,5,5,5
698,58,26,10,2
138,10,10,10,2
773,5,5,5,5
368,48,16,0,0
827,59,27,11,3
88,24,24,8,0
332,12,12,12,4
613,37,5,5,5
600,24,24,8,0
606,30,30,14,6
901,5,5,5,5
514,2,2,2,2
191,63,31,15,7
997,37,5,5,5
132,4,4,4,4
289,33,1,1,1
637,61,29,13,5
751,47,15,15,7
718,14,14,14,6
458,10,10,10,2
606,30,30,14,6
437,53,21,5,5
92,28,28,12,4
945,49,17,1,1
688,48,16,0,0
548,36,4,4,4
434,50,18,2,2
638,62,30,14,6
57,57,25,9,1
4,4,4,4,4
209,17,17,1,1
102,38,6,6,6
307,51,19,3,3
623,47,15,15,7
797,29,29,13,5
777,9,9,9,1
374,54,22,6,6
255,63,31,15,7
446,62,30,14,6
105,41,9,9,1
256,0,0,0,0
250,58,26,10,2
525,13,13,13,5
53,53,21,5,5
591,15,15,15,7
869,37,5,5,5
353,33,1,1,1
207,15,15,15,7
690,50,18,2,2
93,29,29,13,5
261,5,5,5,5
441,57,25,9,1
221,29,29,13,5
132,4,4,4,4
572,60,28,12,4
394,10,10,10,2
53,53,21,5,5
355,35,3,3,3
317,61,29,13,5
613,37,5,5,5
234,42,10,10,2
363,43,11,11,3
612,36,4,4,4
206,14,14,14,6
495,47,15,15,7
616,40,8,8,0
587,11,11,11,3
596,20,20,4,4
557,45,13,13,5
495,47,15,15,7
392,8,8,8,0
263,7,7,7,7
389,5,5,5,5
824,56,24,8,0
830,62,30,14,6
383,63,31,15,7
858,26,26,10,2
685,45,13,13,5
847,15,15,15,7
830,62,30,14,6
197,5,5,5,5
686,46,14,14,6
14,14,14,14,6
151,23,23,7,7
274,18,18,2,2
24,24,24,8,0
694,54,22,6,6
198,6,6,6,6
215,23,23,7,7
758,54,22,6,6
975,15,15,15,7
387,3,3,3,3
899,3,3,3,3
950,54,22,6,6
196,4,4,4,4
103,39,7,7,7
965,5,5,5,5
106,42,10,10,2
303,47,15,15,7
24,24,24,8,0
742,38,6,6,6
632,56,24,8,0
126,62,30,14,6
823,55,23,7,7
23,23,23,7,7
424,40,8,8,0
908,12,12,12,4
92,28,28,12,4
938,42,10,10,2
300,44,12,12,4
499,51,19,3,3
323,3,3,3,3
175,47,15,15,7
619,43,11,11,3
799,31,31,15,7
783,15,15,15,7
534,22,22,6,6
341,21,21,5,5
180,52,20,4,4
860,28,28,12,4
637,61,29,13,5
147,19,19,3,3
90,26,26,10,2
217,25,25,9,1
402,18,18,2,2
997,37,5,5,5
461,13,13,13,5
433,49,17,1,1
934,38,6,6,6
665,25,25,9,1
992,32,0,0,0
108,44,12,12,4
823,55,23,7,7
102,38,6,6,6
90,26,26,10,2
74,10,10,10,2
594,18,18,2,2
528,16,16,0,0
192,0,0,0,0
547,35,3,3,3
536,24,24,8,0
647,7,7,7,7
262,6,6,6,6
18,18,18,2,2
278,22,22,6,6
435,51,19,3,3
975,15,15,15,7
281,25,25,9,1
565,53,21,5,5
925,29,29,13,5
51,51,19,3,3
895,63,31,15,7
179,51,19,3,3
950,54,22,6,6
413,29,29,13,5
450,2,2,2,2
488,40,8,8,0
639,63,31,15,7
561,49,17,1,1
22,22,22,6,6
312,56,24,8,0
100,36,4,4,4
931,35,3,3,3
642,2,2,2,2
998,38,6,6,6
626,50,18,2,2
987,27,27,11,3
312,56,24,8,0
163,35,3,3,3
118,54,22,6,6
449,1,1,1,1
385,1,1,1,1
872,40,8,8,0
363,43,11,11,3
386,2,2,2,2
982,22,22,6,6
972,12,12,12,4
36,36,4,4,4
530,18,18,2,2
962,2,2,2,2
84,20,20,4,4
81,17,17,1,1
611,35,3,3,3
175,47,15,15,7
506,58,26,10,2
671,31,31,15,7
519,7,7,7,7
326,6,6,6,6
283,27,27,11,3
781,13,13,13,5
385,1,1,1,1
894,62,30,14,6
928,32,0,0,0
812,44,12,12,4
968,8,8,8,0
633,57,25,9,1
217,25,25,9,1
883,51,19,3,3
811,43,11,11,3
899,3,3,3,3
59,59,27,11,3
671,31,31,15,7
6,6,6,6,6
322,2,2,2,2
629,53,21,5,5
637,61,29,13,5
247,55,23,7,7
651,11,11,11,3
173,45,13,13,5
179,51,19,3,3
911,15,15,15,7
984,24,24,8,0
238,46,14,14,6
182,54,22,6,6
354,34,2,2,2
901,5,5,5,5
397,13,13,13,5
620,44,12,12,4
654,14,14,14,6
492,44,12,12,4
725,21,21,5,5
269,13,13,13,5
753,49,17,1,1
987,27,27,11,3
314,58,26,10,2
571,59,27,11,3
190,62,30,14,6
760,56,24,8,0
59,59,27,11,3
28,28,28,12,4
252,60,28,12,4
670,30,30,14,6
666,26,26,10,2
359,39,7,7,7
633,57,25,9,1
549,37,5,5,5
571,59,27,11,3
386,2,2,2,2
711,7,7,7,7
507,59,27,11,3
547,35,3,3,3
743,39,7,7,7
182,54,22,6,6
640,0,0,0,0
336,16,16,0,0
526,14,14,14,6
247,55,23,7,7
541,29,29,13,5
894,62,30,14,6
331,11,11,11,3
888,56,24,8,0
213,21,21,5,5
930,34,2,2,2
50,50,18,2,2
496,48,16,0,0
441,57,25,9,1
908,12,12,12,4
214,22,22,6,6
350,30,30,14,6
242,50,18,2,2
726,22,22,6,6
25,25,25,9,1
200,8,8,8,0
351,31,31,15,7
631,55,23,7,7
982,22,22,6,6
6,6,6,6,6
906,10,10,10,2
765,61,29,13,5
303,47,15,15,7
856,24,24,8,0
789,21,21,5,5
887,55,23,7,7
558,46,14,14,6
963,3,3,3,3
848,16,16,0,0
621,45,13,13,5
324,4,4,4,4
745,41,9,9,1
871,39,7,7,7
566,54,22,6,6
561,49,17,1,1
360,40,8,8,0
508,60,28,12,4
619,43,11,11,3
772,4,4,4,4
390,6,6,6,6
295,39,7,7,7
896,0,0,0,0
492,44,12,12,4
542,30,30,14,6
635,59,27,11,3
407,23,23,7,7
327,7,7,7,7
438,54,22,6,6
169,41,9,9,1
102,38,6,6,6
920,24,24,8,0
434,50,18,2,2
793,25,25,9,1
256,0,0,0,0
497,49,17,1,1
173,45,13,13,5
495,47,15,15,7
269,13,13,13,5
374,54,22,6,6
772,4,4,4,4
973,13,13,13,5
84,20,20,4,4
427,43,11,11,3
491,43,11,11,3
379,59,27,11,3
70,6,6,6,6
129,1,1,1,1
8,8,8,8,0
17,17,17,1,1
169,41,9,9,1
399,15,15,15,7
617,41,9,9,1
237,45,13,13,5
952,56,24,8,0
387,3,3,3,3
912,16,16,0,0
209,17,17,1,1
887,55,23,7,7
111,47,15,15,7
587,11,11,11,3
823,55,23,7,7
308,52,20,4,4
695,55,23,7,7
466,18,18,2,2
370,50,18,2,2
104,40,8,8,0
415,31,31,15,7
353,33,1,1,1
810,42,10,10,2
860,28,28,12,4
359,39,7,7,7
601,25,25,9,1
776,8,8,8,0
383,63,31,15,7
781,13,13,13,5
670,30,30,14,6
153,25,25,9,1
507,59,27,11,3
986,26,26,10,2
753,49,17,1,1
310,54,22,6,6
829,61,29,13,5
323,3,3,3,3
211,19,19,3,3
235,43,11,11,3
902,6,6,6,6
566,54,22,6,6
437,53,21,5,5
553,41,9,9,1
95,31,31,15,7
282,26,26,10,2
678,38,6,6,6
28,28,28,12,4
531,19,19,3,3
138,10,10,10,2
525,13,13,13,5
113,49,17,1,1
133,5,5,5,5
576,0,0,0,0
206,14,14,14,6
440,56,24,8,0
187,59,27,11,3
525,13,13,13,5
749,45,13,13,5
299,43,11,11,3
338,18,18,2,2
986,26,26,10,2
467,19,19,3,3
551,39,7,7,7
280,24,24,8,0
4,4,4,4,4
956,60,28,12,4
703,63,31,15,7
947,51,19,3,3
806,38,6,6,6
323,3,3,3,3
151,23,23,7,7
841,9,9,9,1
523,11,11,11,3
688,48,16,0,0
720,16,16,0,0
823,55,23,7,7
634,58,26,10,2
12,12,12,12,4
212,20,20,4,4
446,62,30,14,6
905,9,9,9,1
553,41,9,9,1
600,24,24,8,0
439,55,23,7,7
574,62,30,14,6
417,33,1,1,1
162,34,2,2,2
284,28,28,12,4
410,26,26,10,2
546,34,2,2,2
862,30,30,14,6
378,58,26,10,2
243,51,19,3,3
406,22,22,6,6
259,3,3,3,3
357,37,5,5,5
284,28,28,12,4
577,1,1,1,1
911,15,15,15,7
884,52,20,4,4
324,4,4,4,4
390,6,6,6,6
816,48,16,0,0
547,35,3,3,3
109,45,13,13,5
860,28,28,12,4
969,9,9,9,1
319,63,31,15,7
896,0,0,0,0
170,42,10,10,2
76,12,12,12,4
353,33,1,1,1
405,21,21,5,5
832,0,0,0,0
112,48,16,0,0
867,35,3,3,3
929,33,1,1,1
727,23,23,7,7
836,4,4,4,4
587,11,11,11,3
725,21,21,5,5
778,10,10,10,2
813,45,13,13,5
189,61,29,13,5
271,15,15,15,7
629,53,21,5,5
675,35,3,3,3
305,49,17,1,1
769,1,1,1,1
183,55,23,7,7
44,44,12,12,4
472,24,24,8,0
458,10,10,10,2
968,8,8,8,0
726,22,22,6,6
872,40,8,8,0
260,4,4,4,4
483,35,3,3,3
192,0,0,0,0
653,13,13,13,5
696,56,24,8,0
924,28,28,12,4
212,20,20,4,4
141,13,13,13,5
108,44,12,12,4
922,26,26,10,2
423,39,7,7,7
46,46,14,14,6
186,58,26,10,2
108,44,12,12,4
156,28,28,12,4
377,57,25,9,1
632,56,24,8,0
226,34,2,2,2
173,45,13,13,5
989,29,29,13,5
102,38,6,6,6
722,18,18,2,2
130,2,2,2,2
828,60,28,12,4
591,15,15,15,7
619,43,11,11,3
645,5,5,5,5
95,31,31,15,7
640,0,0,0,0
555,43,11,11,3
339,19,19,3,3
982,22,22,6,6
880,48,16,0,0
80,16,16,0,0
81,17,17,1,1
538,26,26,10,2
988,28,28,12,4
451,3,3,3,3
610,34,2,2,2
376,56,24,8,0
420,36,4,4,4
634,58,26,10,2
19,19,19,3,3
765,61,29,13,5
823,55,23,7,7
50,50,18,2,2
464,16,16,0,0
928,32,0,0,0
74,10,10,10,2
168,40,8,8,0
206,14,14,14,6
210,18,18,2,2
726,22,22,6,6
228,36,4,4,4
892,60,28,12,4
812,44,12,12,4
341,21,21,5,5
644,4,4,4,4
362,42,10,10,2
119,55,23,7,7
104,40,8,8,0
863,31,31,15,7
610,34,2,2,2
575,63,31,15,7
434,50,18,2,2
652,12,12,12,4
322,2,2,2,2
963,3,3,3,3
160,32,0,0,0
651,11,11,11,3
172,44,12,12,4
796,28,28,12,4
816,48,16,0,0
184,56,24,8,0
837,5,5,5,5
236,44,12,12,4
367,47,15,15,7
295,39,7,7,7
561,49,17,1,1
930,34,2,2,2
294,38,6,6,6
353,33,1,1,1
519,7,7,7,7
116,52,20,4,4
664,24,24,8,0
120,56,24,8,0
792,24,24,8,0
483,35,3,3,3
501,53,21,5,5
694,54,22,6,6
522,10,10,10,2
278,22,22,6,6
178,50,18,2,2
583,7,7,7,7
694,54,22,6,6
677,37,5,5,5
842,10,10,10,2
841,9,9,9,1
930,34,2,2,2
201,9,9,9,1
256,0,0,0,0
132,4,4,4,4
616,40,8,8,0
656,16,16,0,0
843,11,11,11,3
932,36,4,4,4
564,52,20,4,4
841,9,9,9,1
403,19,19,3,3
652,12,12,12,4
126,62,30,14,6
916,20,20,4,4
375,55,23,7,7
29,29,29,13,5
200,8,8,8,0
972,12,12,12,4
388,4,4,4,4
522,10,10,10,2
445,61,29,13,5
734,30,30,14,6
828,60,28,12,4
986,26,26,10,2
176,48,16,0,0
603,27,27,11,3
707,3,3,3,3
567,55,23,7,7
865,33,1,1,1
337,17,17,1,1
783,15,15,15,7
748,44,12,12,4
704,0,0,0,0
279,23,23,7,7
423,39,7,7,7
774,6,6,6,6
786,18,18,2,2
993,33,1,1,1
455,7,7,7,7
343,23,23,7,7
186,58,26,10,2
225,33,1,1,1
721,17,17,1,1
905,9,9,9,1
96,32,0,0,0
791,23,23,7,7
996,36,4,4,4
614,38,6,6,6
208,16,16,0,0
696,56,24,8,0
236,44,12,12,4
595,19,19,3,3
748,44,12,12,4
252,60,28,12,4
730,26,26,10,2
670,30,30,14,6
236,44,12,12,4
897,1,1,1,1
281,25,25,9,1
498,50,18,2,2
509,61,29,13,5
933,37,5,5,5
9,9,9,9,1
180,52,20,4,4
823,55,23,7,7
999,39,7,7,7
749,45,13,13,5
428,44,12,12,4
240,48,16,0,0
90,26,26,10,2
34,34,2,2,2
74,10,10,10,2
949,53,21,5,5
311,55,23,7,7
223,31,31,15,7
175,47,15,15,7
757,53,21,5,5
842,10,10,10,2
465,17,17,1,1
377,57,25,9,1
470,22,22,6,6
539,27,27,11,3
976,16,16,0,0
581,5,5,5,5
20,20,20,4,4
880,48,16,0,0
798,30,30,14,6
398,14,14,14,6
606,30,30,14,6
651,11,11,11,3
529,17,17,1,1
998,38,6,6,6
992,32,0,0,0
389,5,5,5,5
642,2,2,2,2
717,13,13,13,5
985,25,25,9,1
487,39,7,7,7
538,26,26,10,2
891,59,27,11,3
731,27,27,11,3
720,16,16,0,0
809,41,9,9,1
196,4,4,4,4
156,28,28,12,4
162,34,2,2,2
390,6,6,6,6
675,35,3,3,3
758,54,22,6,6
998,38,6,6,6
442,58,26,10,2
447,63,31,15,7
823,55,23,7,7
285,29,29,13,5
319,63,31,15,7
269,13,13,13,5
905,9,9,9,1
970,10,10,10,2
384,0,0,0,0
877,45,13,13,5
310,54,22,6,6
755,51,19,3,3
65,1,1,1,1
429,45,13,13,5
311,55,23,7,7
722,18,18,2,2
583,7,7,7,7
828,60,28,12,4
909,13,13,13,5
211,19,19,3,3
731,27,27,11,3
67,3,3,3,3
302,46,14,14,6
967,7,7,7,7
914,18,18,2,2
181,53,21,5,5
830,62,30,14,6
286,30,30,14,6
192,0,0,0,0
747,43,11,11,3
941,45,13,13,5
765,61,29,13,5
728,24,24,8,0
595,19,19,3,3
212,20,20,4,4
313,57,25,9,1
97,33,1,1,1
257,1,1,1,1
904,8,8,8,0
996,36,4,4,4
739,35,3,3,3
925,29,29,13,5
277,21,21,5,5
419,35,3,3,3
721,17,17,1,1
531,19,19,3,3
329,9,9,9,1
559,47,15,15,7
34,34,2,2,2
522,10,10,10,2
345,25,25,9,1
665,25,25,9,1
285,29,29,13,5
470,22,22,6,6
489,41,9,9,1
975,15,15,15,7
521,9,9,9,1
264,8,8,8,0
991,31,31,15,7
975,15,15,15,7
799,31,31,15,7
864,32,0,0,0
602,26,26,10,2
966,6,6,6,6
447,63,31,15,7
706,2,2,2,2
390,6,6,6,6
480,32,0,0,0
213,21,21,5,5
73,9,9,9,1
450,2,2,2,2
378,58,26,10,2
337,17,17,1,1
744,40,8,8,0
98,34,2,2,2
206,14,14,14,6
927,31,31,15,7
183,55,23,7,7
831,63,31,15,7
554,42,10,10,2
184,56,24,8,0
38,38,6,6,6
301,45,13,13,5
444,60,28,12,4
432,48,16,0,0
470,22,22,6,6
663,23,23,7,7
977,17,17,1,1
384,0,0,0,0
586,10,10,10,2
18,18,18,2,2
870,38,6,6,6
137,9,9,9,1
464,16,16,0,0
48,48,16,0,0
602,26,26,10,2
414,30,30,14,6
929,33,1,1,1
613,37,5,5,5
918,22,22,6,6
54,54,22,6,6
604,28,28,12,4
399,15,15,15,7
597,21,21,5,5
934,38,6,6,6
453,5,5,5,5
378,58,26,10,2
280,24,24,8,0
582,6,6,6,6
208,16,16,0,0
454,6,6,6,6
352,32,0,0,0
669,29,29,13,5
223,31,31,15,7
953,57,25,9,1
199,7,7,7,7
944,48,16,0,0
745,41,9,9,1
780,12,12,12,4
985,25,25,9,1
354,34,2,2,2
228,36,4,4,4
88,24,24,8,0
623,47,15,15,7
433,49,17,1,1
609,33,1,1,1
545,33,1,1,1
544,32,0,0,0
24,24,24,8,0
989,29,29,13,5
860,28,28,12,4
832,0,0,0,0
646,6,6,6,6
631,55,23,7,7
19,19,19,3,3
743,39,7,7,7
278,22,22,6,6
589,13,13,13,5
655,15,15,15,7
716,12,12,12,4
764,60,28,12,4
412,28,28,12,4
566,54,22,6,6
887,55,23,7,7
376,56,24,8,0
54,54,22,6,6
986,26,26,10,2
436,52,20,4,4
954,58,26,10,2
341,21,21,5,5
968,8,8,8,0
529,17,17,1,1
511,63,31,15,7
243,51,19,3,3
842,10,10,10,2
722,18,18,2,2
44,44,12,12,4
57,57,25,9,1
42,42,10,10,2
566,54,22,6,6
149,21,21,5,5
595,19,19,3,3
871,39,7,7,7
739,35,3,3,3
239,47,15,15,7
984,24,24,8,0
74,10,10,10,2
319,63,31,15,7
394,10,10,10,2
557,45,13,13,5
851,19,19,3,3
84,20,20,4,4
253,61,29,13,5
460,12,12,12,4
221,29,29,13,5
688,48,16,0,0
818,50,18,2,2
889,57,25,9,1
29,29,29,13,5
531,19,19,3,3
983,23,23,7,7
332,12,12,12,4
898,2,2,2,2
44,44,12,12,4
399,15,15,15,7
359,39,7,7,7
436,52,20,4,4
632,56,24,8,0
495,47,15,15,7
348,28,28,12,4
79,15,15,15,7
872,40,8,8,0
80,16,16,0,0
832,0,0,0,0
479,31,31,15,7
651,11,11,11,3
736,32,0,0,0
276,20,20,4,4
115,51,19,3,3
689,49,17,1,1
945,49,17,1,1
772,4,4,4,4
517,5,5,5,5
866,34,2,2,2
334,14,14,14,6
333,13,13,13,5
724,20,20,4,4
949,53,21,5,5
845,13,13,13,5
152,24,24,8,0
199,7,7,7,7
180,52,20,4,4
281,25,25,9,1
827,59,27,11,3
677,37,5,5,5
351,31,31,15,7
955,59,27,11,3
905,9,9,9,1
258,2,2,2,2
604,28,28,12,4
163,35,3,3,3
561,49,17,1,1
974,14,14,14,6
80,16,16,0,0
951,55,23,7,7
803,35,3,3,3
949,53,21,5,5
179,51,19,3,3
529,17,17,1,1
8,8,8,8,0
871,39,7,7,7
892,60,28,12,4
681,41,9,9,1
991,31,31,15,7
476,28,28,12,4
209,17,17,1,1
643,3,3,3,3
463,15,15,15,7
613,37,5,5,5
333,13,13,13,5
24,24,24,8,0
927,31,31,15,7
676,36,4,4,4
997,37,5,5,5
97,33,1,1,1
907,11,11,11,3
792,24,24,8,0
927,31,31,15,7
330,10,10,10,2
132,4,4,4,4
888,56,24,8,0
558,46,14,14,6
998,38,6,6,6
252,60,28,12,4
200,8,8,8,0
516,4,4,4,4
854,22,22,6,6
471,23,23,7,7
940,44,12,12,4
254,62,30,14,6
962,2,2,2,2
924,28,28,12,4
575,63,31,15,7
159,31,31,15,7
427,43,11,11,3
363,43,11,11,3
725,21,21,5,5
372,52,20,4,4
846,14,14,14,6
833,1,1,1,1
491,43,11,11,3
511,63,31,15,7
515,3,3,3,3
37,37,5,5,5
211,19,19,3,3
516,4,4,4,4
922,26,26,10,2
50,50,18,2,2
14,14,14,14,6
895,63,31,15,7
354,34,2,2,2
599,23,23,7,7
567,55,23,7,7
84,20,20,4,4
800,32,0,0,0
88,24,24,8,0
628,52,20,4,4
879,47,15,15,7
454,6,6,6,6
580,4,4,4,4
737,33,1,1,1
334,14,14,14,6
279,23,23,7,7
439,55,23,7,7
944,48,16,0,0
318,62,30,14,6
71,7,7,7,7
826,58,26,10,2
338,18,18,2,2
955,59,27,11,3
998,38,6,6,6
611,35,3,3,3
467,19,19,3,3
941,45,13,13,5
264,8,8,8,0
980,20,20,4,4
573,61,29,13,5
541,29,29,13,5
50,50,18,2,2
661,21,21,5,5
956,60,28,12,4
436,52,20,4,4
169,41,9,9,1
755,51,19,3,3
999,39,7,7,7
57,57,25,9,1
845,13,13,13,5
94,30,30,14,6
269,13,13,13,5
80,16,16,0,0
978,18,18,2,2
651,11,11,11,3
392,8,8,8,0
708,4,4,4,4
872,40,8,8,0
385,1,1,1,1
974,14,14,14,6
695,55,23,7,7
508,60,28,12,4
922,26,26,10,2
301,45,13,13,5
404,20,20,4,4
283,27,27,11,3
164,36,4,4,4
443,59,27,11,3
815,47,15,15,7
854,22,22,6,6
79,15,15,15,7
554,42,10,10,2
203,11,11,11,3
615,39,7,7,7
779,11,11,11,3
10,10,10,10,2
228,36,4,4,4
746,42,10,10,2
151,23,23,7,7
960,0,0,0,0
188,60,28,12,4
503,55,23,7,7
445,61,29,13,5
991,31,31,15,7
822,54,22,6,6
610,34,2,2,2
754,50,18,2,2
468,20,20,4,4
278,22,22,6,6
106,42,10,10,2
568,56,24,8,0
200,8,8,8,0
484,36,4,4,4
772,4,4,4,4
554,42,10,10,2
776,8,8,8,0
677,37,5,5,5
335,15,15,15,7
391,7,7,7,7
731,27,27,11,3
877,45,13,13,5
957,61,29,13,5
407,23,23,7,7
503,55,23,7,7
25,25,25,9,1
169,41,9,9,1
529,17,17,1,1
911,15,15,15,7
752,48,16,0,0
367,47,15,15,7
259,3,3,3,3
868,36,4,4,4
991,31,31,15,7
17,17,17,1,1
118,54,22,6,6
635,59,27,11,3
64,0,0,0,0
444,60,28,12,4
228,36,4,4,4
69,5,5,5,5
248,56,24,8,0
901,5,5,5,5
865,33,1,1,1
944,48,16,0,0
829,61,29,13,5
850,18,18,2,2
602,26,26,10,2
790,22,22,6,6
653,13,13,13,5
403,19,19,3,3
364,44,12,12,4
882,50,18,2,2
261,5,5,5,5
250,58,26,10,2
775,7,7,7,7
124,60,28,12,4
324,4,4,4,4
640,0,0,0,0
367,47,15,15,7
828,60,28,12,4
460,12,12,12,4
757,53,21,5,5
932,36,4,4,4
510,62,30,14,6
45,45,13,13,5
567,55,23,7,7
405,21,21,5,5
535,23,23,7,7
730,26,26,10,2
164,36,4,4,4
749,45,13,13,5
860,28,28,12,4
258,2,2,2,2
894,62,30,14,6
806,38,6,6,6
70,6,6,6,6
121,57,25,9,1
704,0,0,0,0
711,7,7,7,7
500,52,20,4,4
387,3,3,3,3
65,1,1,1,1
347,27,27,11,3
718,14,14,14,6
158,30,30,14,6
175,47,15,15,7
21,21,21,5,5
800,32,0,0,0
189,61,29,13,5
114,50,18,2,2
281,25,25,9,1
462,14,14,14,6
750,46,14,14,6
624,48,16,0,0
458,10,10,10,2
39,39,7,7,7
539,27,27,11,3
237,45,13,13,5
639,63,31,15,7
399,15,15,15,7
880,48,16,0,0
714,10,10,10,2
701,61,29,13,5
741,37,5,5,5
834,2,2,2,2
709,5,5,5,5
957,61,29,13,5
699,59,27,11,3
648,8,8,8,0
333,13,13,13,5
471,23,23,7,7
122,58,26,10,2
57,57,25,9,1
829,61,29,13,5
511,63,31,15,7
342,22,22,6,6
948,52,20,4,4
400,16,16,0,0
491,43,11,11,3
8,8,8,8,0
584,8,8,8,0
90,26,26,10,2
431,47,15,15,7
742,38,6,6,6
140,12,12,12,4
844,12,12,12,4
666,26,26,10,2
259,3,3,3,3
5,5,5,5,5
467,19,19,3,3
108,44,12,12,4
675,35,3,3,3
609,33,1,1,1
881,49,17,1,1
688,48,16,0,0
710,6,6,6,6
491,43,11,11,3
643,3,3,3,3
996,36,4,4,4
767,63,31,15,7
134,6,6,6,6
825,57,25,9,1
961,1,1,1,1
305,49,17,1,1
298,42,10,10,2
122,58,26,10,2
647,7,7,7,7
205,13,13,13,5
493,45,13,13,5
300,44,12,12,4
741,37,5,5,5
234,42,10,10,2
675,35,3,3,3
117,53,21,5,5
324,4,4,4,4
361,41,9,9,1
877,45,13,13,5
219,27,27,11,3
464,16,16,0,0
563,51,19,3,3
579,3,3,3,3
566,54,22,6,6
458,10,10,10,2
561,49,17,1,1
985,25,25,9,1
325,5,5,5,5
763,59,27,11,3
567,55,23,7,7
315,59,27,11,3
569,57,25,9,1
263,7,7,7,7
774,6,6,6,6
312,56,24,8,0
939,43,11,11,3
806,38,6,6,6
861,29,29,13,5
909,13,13,13,5
589,13,13,13,5
910,14,14,14,6
706,2,2,2,2
874,42,10,10,2
268,12,12,12,4
218,26,26,10,2
952,56,24,8,0
993,33,1,1,1
176,48,16,0,0
347,27,27,11,3
80,16,16,0,0
835,3,3,3,3
499,51,19,3,3
324,4,4,4,4
856,24,24,8,0
949,53,21,5,5
910,14,14,14,6
966,6,6,6,6
203,11,11,11,3
482,34,2,2,2
180,52,20,4,4
524,12,12,12,4
271,15,15,15,7
862,30,30,14,6
71,7,7,7,7
310,54,22,6,6
731,27,27,11,3
20,20,20,4,4
375,55,23,7,7
557,45,13,13,5
791,23,23,7,7
190,62,30,14,6
501,53,21,5,5
684,44,12,12,4
236,44,12,12,4
820,52,20,4,4
817,49,17,1,1
875,43,11,11,3
279,23,23,7,7
644,4,4,4,4
695,55,23,7,7
154,26,26,10,2
32,32,0,0,0
103,39,7,7,7
111,47,15,15,7
977,17,17,1,1
691,51,19,3,3
819,51,19,3,3
26,26,26,10,2
743,39,7,7,7
650,10,10,10,2
620,44,12,12,4
261,5,5,5,5
834,2,2,2,2
304,48,16,0,0
412,28,28,12,4
99,35,3,3,3
439,55,23,7,7
128,0,0,0,0
149,21,21,5,5
695,55,23,7,7
571,59,27,11,3
745,41,9,9,1
246,54,22,6,6
140,12,12,12,4
431,47,15,15,7
38,38,6,6,6
18,18,18,2,2
611,35,3,3,3
634,58,26,10,2
801,33,1,1,1
581,5,5,5,5
183,55,23,7,7
529,17,17,1,1
647,7,7,7,7
728,24,24,8,0
959,63,31,15,7
730,26,26,10,2
520,8,8,8,0
249,57,25,9,1
301,45,13,13,5
943,47,15,15,7
675,35,3,3,3
804,36,4,4,4
629,53,21,5,5
254,62,30,14,6
97,33,1,1,1
756,52,20,4,4
957,61,29,13,5
870,38,6,6,6
532,20,20,4,4
798,30,30,14,6
96,32,0,0,0
918,22,22,6,6
551,39,7,7,7
135,7,7,7,7
233,41,9,9,1
886,54,22,6,6
273,17,17,1,1
945,49,17,1,1
766,62,30,14,6
962,2,2,2,2
121,57,25,9,1
996,36,4,4,4
870,38,6,6,6
737,33,1,1,1
920,24,24,8,0
735,31,31,15,7
544,32,0,0,0
481,33,1,1,1
88,24,24,8,0
795,27,27,11,3
789,21,21,5,5
270,14,14,14,6
394,10,10,10,2
973,13,13,13,5
462,14,14,14,6
467,19,19,3,3
99,35,3,3,3
725,21,21,5,5
164,36,4,4,4
47,47,15,15,7
248,56,24,8,0
952,56,24,8,0
12,12,12,12,4
380,60,28,12,4
262,6,6,6,6
196,4,4,4,4
349,29,29,13,5
397,13,13,13,5
658,18,18,2,2
315,59,27,11,3
430,46,14,14,6
496,48,16,0,0
498,50,18,2,2
905,9,9,9,1
99,35,3,3,3
572,60,28,12,4
32,32,0,0,0
626,50,18,2,2
768,0,0,0,0
141,13,13,13,5
620,44,12,12,4
698,58,26,10,2
384,0,0,0,0
978,18,18,2,2
495,47,15,15,7
643,3,3,3,3
781,13,13,13,5
492,44,12,12,4
749,45,13,13,5
401,17,17,1,1
636,60,28,12,4
350,30,30,14,6
921,25,25,9,1
575,63,31,15,7
270,14,14,14,6
866,34,2,2,2
612,36,4,4,4
626,50,18,2,2
760,56,24,8,0
721,17,17,1,1
650,10,10,10,2
681,41,9,9,1
740,36,4,4,4
786,18,18,2,2
295,39,7,7,7
911,15,15,15,7
391,7,7,7,7
659,19,19,3,3
73,9,9,9,1
75,11,11,11,3
727,23,23,7,7
547,35,3,3,3
212,20,20,4,4
800,32,0,0,0
25,25,25,9,1
205,13,13,13,5
860,28,28,12,4
279,23,23,7,7
899,3,3,3,3
13,13,13,13,5
459,11,11,11,3
105,41,9,9,1
454,6,6,6,6
911,15,15,15,7
733,29,29,13,5
690,50,18,2,2
769,1,1,1,1
469,21,21,5,5
730,26,26,10,2
104,40,8,8,0
625,49,17,1,1
324,4,4,4,4
918,22,22,6,6
934,38,6,6,6
809,41,9,9,1
941,45,13,13,5
813,45,13,13,5
950,54,22,6,6
309,53,21,5,5
856,24,24,8,0
759,55,23,7,7
770,2,2,2,2
542,30,30,14,6
432,48,16,0,0
191,63,31,15,7
852,20,20,4,4
496,48,16,0,0
159,31,31,15,7
616,40,8,8,0
996,36,4,4,4
673,33,1,1,1
953,57,25,9,1
822,54,22,6,6
715,11,11,11,3
740,36,4,4,4
482,34,2,2,2
489,41,9,9,1
894,62,30,14,6
875,43,11,11,3
567,55,23,7,7
35,35,3,3,3
362,42,10,10,2
598,22,22,6,6
285,29,29,13,5
359,39,7,7,7
858,26,26,10,2
432,48,16,0,0
319,63,31,15,7
973,13,13,13,5
107,43,11,11,3
657,17,17,1,1
879,47,15,15,7
224,32,0,0,0
274,18,18,2,2
83,19,19,3,3
604,28,28,12,4
49,49,17,1,1
227,35,3,3,3
160,32,0,0,0
942,46,14,14,6
306,50,18,2,2
631,55,23,7,7
349,29,29,13,5
162,34,2,2,2
729,25,25,9,1
109,45,13,13,5
195,3,3,3,3
928,32,0,0,0
736,32,0,0,0
706,2,2,2,2
734,30,30,14,6
202,10,10,10,2
881,49,17,1,1
166,38,6,6,6
260,4,4,4,4
880,48,16,0,0
911,15,15,15,7
244,52,20,4,4
814,46,14,14,6
61,61,29,13,5
354,34,2,2,2
166,38,6,6,6
435,51,19,3,3
546,34,2,2,2
891,59,27,11,3
29,29,29,13,5
419,35,3,3,3
14,14,14,14,6
51,51,19,3,3
348,28,28,12,4
307,51,19,3,3
697,57,25,9,1
5,5,5,5,5
65,1,1,1,1
123,59,27,11,3
710,6,6,6,6
793,25,25,9,1
114,50,18,2,2
357,37,5,5,5
350,30,30,14,6
294,38,6,6,6
513,1,1,1,1
824,56,24,8,0
316,60,28,12,4
244,52,20,4,4
659,19,19,3,3
237,45,13,13,5
498,50,18,2,2
492,44,12,12,4
950,54,22,6,6
691,51,19,3,3
231,39,7,7,7
91,27,27,11,3
199,7,7,7,7
261,5,5,5,5
863,31,31,15,7
615,39,7,7,7
381,61,29,13,5
61,61,29,13,5
612,36,4,4,4
324,4,4,4,4
271,15,15,15,7
724,20,20,4,4
414,30,30,14,6
764,60,28,12,4
192,0,0,0,0
336,16,16,0,0
178,50,18,2,2
959,63,31,15,7
392,8,8,8,0
268,12,12,12,4
287,31,31,15,7
704,0,0,0,0
114,50,18,2,2
31,31,31,15,7
540,28,28,12,4
365,45,13,13,5
338,18,18,2,2
737,33,1,1,1
2,2,2,2,2
105,41,9,9,1
947,51,19,3,3
744,40,8,8,0
56,56,24,8,0
240,48,16,0,0
101,37,5,5,5
592,16,16,0,0
365,45,13,13,5
827,59,27,11,3
358,38,6,6,6
869,37,5,5,5
130,2,2,2,2
496,48,16,0,0
937,41,9,9,1
614,38,6,6,6
129,1,1,1,1
93,29,29,13,5
644,4,4,4,4
474,26,26,10,2
257,1,1,1,1
539,27,27,11,3
939,43,11,11,3
206,14,14,14,6
821,53,21,5,5
339,19,19,3,3
379,59,27,11,3
323,3,3,3,3
541,29,29,13,5
393,9,9,9,1
61,61,29,13,5
25,25,25,9,1
876,44,12,12,4
705,1,1,1,1
561,49,17,1,1
927,31,31,15,7
195,3,3,3,3
334,14,14,14,6
165,37,5,5,5
485,37,5,5,5
58,58,26,10,2
277,21,21,5,5
859,27,27,11,3
342,22,22,6,6
234,42,10,10,2
605,29,29,13,5
419,35,3,3,3
220,28,28,12,4
560,48,16,0,0
366,46,14,14,6
972,12,12,12,4
309,53,21,5,5
633,57,25,9,1
101,37,5,5,5
634,58,26,10,2
745,41,9,9,1
952,56,24,8,0
734,30,30,14,6
722,18,18,2,2
863,31,31,15,7
444,60,28,12,4
712,8,8,8,0
776,8,8,8,0
781,13,13,13,5
723,19,19,3,3
768,0,0,0,0
208,16,16,0,0
707,3,3,3,3
597,21,21,5,5
621,45,13,13,5
500,52,20,4,4
277,21,21,5,5
136,8,8,8,0
736,32,0,0,0
64,0,0,0,0
949,53,21,5,5
920,24,24,8,0
699,59,27,11,3
232,40,8,8,0
86,22,22,6,6
489,41,9,9,1
571,59,27,11,3
355,35,3,3,3
588,12,12,12,4
731,27,27,11,3
128,0,0,0,0
439,55,23,7,7
629,53,21,5,5
219,27,27,11,3
454,6,6,6,6
994,34,2,2,2
739,35,3,3,3
755,51,19,3,3
203,11,11,11,3
621,45,13,13,5
72,8,8,8,0
763,59,27,11,3
685,45,13,13,5
731,27,27,11,3
525,13,13,13,5
9,9,9,9,1
215,23,23,7,7
150,22,22,6,6
689,49,17,1,1
417,33,1,1,1
119,55,23,7,7
137,9,9,9,1
213,21,21,5,5
761,57,25,9,1
726,22,22,6,6
127,63,31,15,7
237,45,13,13,5
454,6,6,6,6
27,27,27,11,3
664,24,24,8,0
279,23,23,7,7
167,39,7,7,7
524,12,12,12,4
105,41,9,9,1
412,28,28,12,4
612,36,4,4,4
118,54,22,6,6
843,11,11,11,3
61,61,29,13,5
430,46,14,14,6
932,36,4,4,4
689,49,17,1,1
998,38,6,6,6
664,24,24,8,0
266,10,10,10,2
1,1,1,1,1
639,63,31,15,7
114,50,18,2,2
981,21,21,5,5
845,13,13,13,5
690,50,18,2,2
916,20,20,4,4
181,53,21,5,5
599,23,23,7,7
553,41,9,9,1
791,23,23,7,7
496,48,16,0,0
247,55,23,7,7
125,61,29,13,5
476,28,28,12,4
727,23,23,7,7
25,25,25,9,1
25,25,25,9,1
695,55,23,7,7
615,39,7,7,7
714,10,10,10,2
305,49,17,1,1
173,45,13,13,5
564,52,20,4,4
632,56,24,8,0
628,52,20,4,4
640,0,0,0,0
723,19,19,3,3
919,23,23,7,7
203,11,11,11,3
711,7,7,7,7
998,38,6,6,6
2,2,2,2,2
174,46,14,14,6
128,0,0,0,0
223,31,31,15,7
630,54,22,6,6
265,9,9,9,1
989,29,29,13,5
264,8,8,8,0
4,4,4,4,4
832,0,0,0,0
870,38,6,6,6
263,7,7,7,7
352,32,0,0,0
600,24,24,8,0
983,23,23,7,7
767,63,31,15,7
749,45,13,13,5
181,53,21,5,5
577,1,1,1,1
322,2,2,2,2
725,21,21,5,5
961,1,1,1,1
19,19,19,3,3
526,14,14,14,6
710,6,6,6,6
202,10,10,10,2
15,15,15,15,7
355,35,3,3,3
166,38,6,6,6
14,14,14,14,6
23,23,23,7,7
832,0,0,0,0
529,17,17,1,1
890,58,26,10,2
167,39,7,7,7
276,20,20,4,4
210,18,18,2,2
39,39,7,7,7
626,50,18,2,2
334,14,14,14,6
667,27,27,11,3
643,3,3,3,3
689,49,17,1,1
528,16,16,0,0
600,24,24,8,0
884,52,20,4,4
253,61,29,13,5
663,23,23,7,7
494,46,14,14,6
644,4,4,4,4
595,19,19,3,3
298,42,10,10,2
32,32,0,0,0
789,21,21,5,5
277,21,21,5,5
716,12,12,12,4
869,37,5,5,5
605,29,29,13,5
200,8,8,8,0
828,60,28,12,4
325,5,5,5,5
685,45,13,13,5
47,47,15,15,7
39,39,7,7,7
282,26,26,10,2
191,63,31,15,7
973,13,13,13,5
384,0,0,0,0
526,14,14,14,6
921,25,25,9,1
572,60,28,12,4
845,13,13,13,5
543,31,31,15,7
26,26,26,10,2
722,18,18,2,2
706,2,2,2,2
798,30,30,14,6
977,17,17,1,1
911,15,15,15,7
924,28,28,12,4
873,41,9,9,1
616,40,8,8,0
763,59,27,11,3
156,28,28,12,4
639,63,31,15,7
354,34,2,2,2
273,17,17,1,1
896,0,0,0,0
488,40,8,8,0
16,16,16,0,0
103,39,7,7,7
730,26,26,10,2
220,28,28,12,4
791,23,23,7,7
480,32,0,0,0
785,17,17,1,1
540,28,28,12,4
210,18,18,2,2
269,13,13,13,5
612,36,4,4,4
740,36,4,4,4
702,62,30,14,6
731,27,27,11,3
674,34,2,2,2
683,43,11,11,3
52,52,20,4,4
691,51,19,3,3
496,48,16,0,0
486,38,6,6,6
714,10,10,10,2
701,61,29,13,5
846,14,14,14,6
685,45,13,13,5
219,27,27,11,3
72,8,8,8,0
30,30,30,14,6
702,62,30,14,6
229,37,5,5,5
179,51,19,3,3
293,37,5,5,5
910,14,14,14,6
68,4,4,4,4
887,55,23,7,7
324,4,4,4,4
198,6,6,6,6
259,3,3,3,3
973,13,13,13,5
232,40,8,8,0
695,55,23,7,7
430,46,14,14,6
271,15,15,15,7
147,19,19,3,3
579,3,3,3,3
43,43,11,11,3
15,15,15,15,7
863,31,31,15,7
428,44,12,12,4
290,34,2,2,2
12,12,12,12,4
867,35,3,3,3
372,52,20,4,4
12,12,12,12,4
60,60,28,12,4
212,20,20,4,4
246,54,22,6,6
504,56,24,8,0
357,37,5,5,5
921,25,25,9,1
433,49,17,1,1
640,0,0,0,0
89,25,25,9,1
713,9,9,9,1
287,31,31,15,7
933,37,5,5,5
409,25,25,9,1
904,8,8,8,0
955,59,27,11,3
210,18,18,2,2
500,52,20,4,4
754,50,18,2,2
203,11,11,11,3
114,50,18,2,2
811,43,11,11,3
1,1,1,1,1
101,37,5,5,5
415,31,31,15,7
407,23,23,7,7
548,36,4,4,4
687,47,15,15,7
614,38,6,6,6
129,1,1,1,1
937,41,9,9,1
314,58,26,10,2
981,21,21,5,5
321,1,1,1,1
920,24,24,8,0
817,49,17,1,1
724,20,20,4,4
382,62,30,14,6
463,15,15,15,7
976,16,16,0,0
388,4,4,4,4
353,33,1,1,1
390,6,6,6,6
18,18,18,2,2
776,8,8,8,0
384,0,0,0,0
486,38,6,6,6
598,22,22,6,6
968,8,8,8,0
470,22,22,6,6
789,21,21,5,5
643,3,3,3,3
752,48,16,0,0
898,2,2,2,2
35,35,3,3,3
616,40,8,8,0
844,12,12,12,4
845,13,13,13,5
775,7,7,7,7
851,19,19,3,3
543,31,31,15,7
986,26,26,10,2
415,31,31,15,7
428,44,12,12,4
265,9,9,9,1
303,47,15,15,7
363,43,11,11,3
105,41,9,9,1
158,30,30,14,6
987,27,27,11,3
448,0,0,0,0
252,60,28,12,4
504,56,24,8,0
202,10,10,10,2
612,36,4,4,4
117,53,21,5,5
77,13,13,13,5
48,48,16,0,0
900,4,4,4,4
312,56,24,8,0
486,38,6,6,6
681,41,9,9,1
640,0,0,0,0
499,51,19,3,3
731,27,27,11,3
588,12,12,12,4
189,61,29,13,5
77,13,13,13,5
598,22,22,6,6
875,43,11,11,3
322,2,2,2,2
418,34,2,2,2
518,6,6,6,6
748,44,12,12,4
681,41,9,9,1
579,3,3,3,3
983,23,23,7,7
505,57,25,9,1
300,44,12,12,4
42,42,10,10,2
264,8,8,8,0
481,33,1,1,1
631,55,23,7,7
917,21,21,5,5
259,3,3,3,3
622,46,14,14,6
301,45,13,13,5
274,18,18,2,2
848,16,16,0,0
437,53,21,5,5
969,9,9,9,1
508,60,28,12,4
567,55,23,7,7
839,7,7,7,7
708,4,4,4,4
622,46,14,14,6
717,13,13,13,5
501,53,21,5,5
807,39,7,7,7
666,26,26,10,2
753,49,17,1,1
933,37,5,5,5
707,3,3,3,3
815,47,15,15,7
645,5,5,5,5
829,61,29,13,5
836,4,4,4,4
927,31,31,15,7
246,54,22,6,6
865,33,1,1,1
497,49,17,1,1
120,56,24,8,0
189,61,29,13,5
408,24,24,8,0
346,26,26,10,2
168,40,8,8,0
136,8,8,8,0
421,37,5,5,5
961,1,1,1,1
744,40,8,8,0
363,43,11,11,3
56,56,24,8,0
367,47,15,15,7
574,62,30,14,6
179,51,19,3,3
3,3,3,3,3
249,57,25,9,1
101,37,5,5,5
692,52,20,4,4
750,46,14,14,6
499,51,19,3,3
615,39,7,7,7
583,7,7,7,7
277,21,21,5,5
984,24,24,8,0
204,12,12,12,4
365,45,13,13,5
987,27,27,11,3
760,56,24,8,0
371,51,19,3,3
959,63,31,15,7
680,40,8,8,0
398,14,14,14,6
319,63,31,15,7
899,3,3,3,3
453,5,5,5,5
934,38,6,6,6
122,58,26,10,2
801,33,1,1,1
978,18,18,2,2
320,0,0,0,0
138,10,10,10,2
665,25,25,9,1
7,7,7,7,7
379,59,27,11,3
379,59,27,11,3
552,40,8,8,0
488,40,8,8,0
205,13,13,13,5
508,60,28,12,4
314,58,26,10,2
973,13,13,13,5
222,30,30,14,6
171,43,11,11,3
882,50,18,2,2
204,12,12,12,4
909,13,13,13,5
763,59,27,11,3
622,46,14,14,6
657,17,17,1,1
690,50,18,2,2
487,39,7,7,7
108,44,12,12,4
368,48,16,0,0
56,56,24,8,0
616,40,8,8,0
253,61,29,13,5
2,2,2,2,2
60,60,28,12,4
5,5,5,5,5
265,9,9,9,1
241,49,17,1,1
785,17,17,1,1
627,51,19,3,3
958,62,30,14,6
757,53,21,5,5
47,47,15,15,7
746,42,10,10,2
885,53,21,5,5
940,44,12,12,4
557,45,13,13,5
734,30,30,14,6
315,59,27,11,3
499,51,19,3,3
178,50,18,2,2
859,27,27,11,3
760,56,24,8,0
705,1,1,1,1
798,30,30,14,6
966,6,6,6,6
518,6,6,6,6
217,25,25,9,1
854,22,22,6,6
849,17,17,1,1
581,5,5,5,5
266,10,10,10,2
740,36,4,4,4
441,57,25,9,1
108,44,12,12,4
947,51,19,3,3
356,36,4,4,4
980,20,20,4,4
112,48,16,0,0
311,55,23,7,7
229,37,5,5,5
625,49,17,1,1
830,62,30,14,6
153,25,25,9,1
36,36,4,4,4
799,31,31,15,7
405,21,21,5,5
828,60,28,12,4
473,25,25,9,1
529,17,17,1,1
625,49,17,1,1
395,11,11,11,3
63,63,31,15,7
704,0,0,0,0
864,32,0,0,0
420,36,4,4,4
857,25,25,9,1
227,35,3,3,3
233,41,9,9,1
557,45,13,13,5
674,34,2,2,2
475,27,27,11,3
953,57,25,9,1
443,59,27,11,3
722,18,18,2,2
753,49,17,1,1
13,13,13,13,5
138,10,10,10,2
55,55,23,7,7
349,29,29,13,5
286,30,30,14,6
522,10,10,10,2
366,46,14,14,6
814,46,14,14,6
335,15,15,15,7
133,5,5,5,5
437,53,21,5,5
286,30,30,14,6
180,52,20,4,4
288,32,0,0,0
23,23,23,7,7
35,35,3,3,3
622,46,14,14,6
895,63,31,15,7
8,8,8,8,0
144,16,16,0,0
635,59,27,11,3
488,40,8,8,0
164,36,4,4,4
504,56,24,8,0
655,15,15,15,7
333,13,13,13,5
468,20,20,4,4
654,14,14,14,6
303,47,15,15,7
132,4,4,4,4
473,25,25,9,1
762,58,26,10,2
886,54,22,6,6
952,56,24,8,0
930,34,2,2,2
133,5,5,5,5
283,27,27,11,3
26,26,26,10,2
742,38,6,6,6
566,54,22,6,6
372,52,20,4,4
61,61,29,13,5
960,0,0,0,0
408,24,24,8,0
770,2,2,2,2
77,13,13,13,5
277,21,21,5,5
305,49,17,1,1
900,4,4,4,4
945,49,17,1,1
830,62,30,14,6
974,14,14,14,6
401,17,17,1,1
389,5,5,5,5
594,18,18,2,2
731,27,27,11,3
767,63,31,15,7
589,13,13,13,5
191,63,31,15,7
727,23,23,7,7
28,28,28,12,4
735,31,31,15,7
313,57,25,9,1
274,18,18,2,2
134,6,6,6,6
32,32,0,0,0
771,3,3,3,3
239,47,15,15,7
358,38,6,6,6
243,51,19,3,3
647,7,7,7,7
614,38,6,6,6
948,52,20,4,4
275,19,19,3,3
727,23,23,7,7
509,61,29,13,5
912,16,16,0,0
463,15,15,15,7
889,57,25,9,1
860,28,28,12,4
299,43,11,11,3
654,14,14,14,6
641,1,1,1,1
677,37,5,5,5
74,10,10,10,2
844,12,12,12,4
618,42,10,10,2
361,41,9,9,1
711,7,7,7,7
444,60,28,12,4
370,50,18,2,2
336,16,16,0,0
110,46,14,14,6
649,9,9,9,1
960,0,0,0,0
711,7,7,7,7
192,0,0,0,0
902,6,6,6,6
243,51,19,3,3
330,10,10,10,2
643,3,3,3,3
685,45,13,13,5
962,2,2,2,2
800,32,0,0,0
268,12,12,12,4
967,7,7,7,7
746,42,10,10,2
277,21,21,5,5
661,21,21,5,5
907,11,11,11,3
760,56,24,8,0
132,4,4,4,4
875,43,11,11,3
888,56,24,8,0
131,3,3,3,3
407,23,23,7,7
679,39,7,7,7
29,29,29,13,5
213,21,21,5,5
290,34,2,2,2
972,12,12,12,4
878,46,14,14,6
594,18,18,2,2
258,2,2,2,2
132,4,4,4,4
521,9,9,9,1
463,15,15,15,7
359,39,7,7,7
941,45,13,13,5
510,62,30,14,6
588,12,12,12,4
35,35,3,3,3
518,6,6,6,6
949,53,21,5,5
966,6,6,6,6
588,12,12,12,4
586,10,10,10,2
259,3,3,3,3
812,44,12,12,4
633,57,25,9,1
540,28,28,12,4
126,62,30,14,6
810,42,10,10,2
743,39,7,7,7
56,56,24,8,0
395,11,11,11,3
227,35,3,3,3
793,25,25,9,1
654,14,14,14,6
2,2,2,2,2
382,62,30,14,6
566,54,22,6,6
459,11,11,11,3
828,60,28,12,4
323,3,3,3,3
95,31,31,15,7
723,19,19,3,3
896,0,0,0,0
660,20,20,4,4
985,25,25,9,1
164,36,4,4,4
857,25,25,9,1
273,17,17,1,1
375,55,23,7,7
929,33,1,1,1
93,29,29,13,5
176,48,16,0,0
178,50,18,2,2
815,47,15,15,7
86,22,22,6,6
362,42,10,10,2
670,30,30,14,6
457,9,9,9,1
659,19,19,3,3
532,20,20,4,4
548,36,4,4,4
212,20,20,4,4
653,13,13,13,5
585,9,9,9,1
610,34,2,2,2
249,57,25,9,1
235,43,11,11,3
159,31,31,15,7
253,61,29,13,5
570,58,26,10,2
585,9,9,9,1
323,3,3,3,3
750,46,14,14,6
322,2,2,2,2
611,35,3,3,3
628,52,20,4,4
825,57,25,9,1
493,45,13,13,5
416,32,0,0,0
494,46,14,14,6
97,33,1,1,1
744,40,8,8,0
420,36,4,4,4
614,38,6,6,6
876,44,12,12,4
907,11,11,11,3
292,36,4,4,4
212,20,20,4,4
808,40,8,8,0
609,33,1,1,1
108,44,12,12,4
635,59,27,11,3
117,53,21,5,5
236,44,12,12,4
238,46,14,14,6
861,29,29,13,5
251,59,27,11,3
504,56,24,8,0
899,3,3,3,3
752,48,16,0,0
627,51,19,3,3
868,36,4,4,4
639,63,31,15,7
239,47,15,15,7
371,51,19,3,3
583,7,7,7,7
23,23,23,7,7
337,17,17,1,1
307,51,19,3,3
403,19,19,3,3
130,2,2,2,2
131,3,3,3,3
161,33,1,1,1
469,21,21,5,5
210,18,18,2,2
49,49,17,1,1
143,15,15,15,7
225,33,1,1,1
806,38,6,6,6
618,42,10,10,2
839,7,7,7,7
892,60,28,12,4
143,15,15,15,7
312,56,24,8,0
267,11,11,11,3
523,11,11,11,3
423,39,7,7,7
652,12,12,12,4
951,55,23,7,7
348,28,28,12,4
438,54,22,6,6
922,26,26,10,2
307,51,19,3,3
161,33,1,1,1
132,4,4,4,4
5,5,5,5,5
187,59,27,11,3
190,62,30,14,6
483,35,3,3,3
907,11,11,11,3
774,6,6,6,6
776,8,8,8,0
794,26,26,10,2
503,55,23,7,7
300,44,12,12,4
856,24,24,8,0
855,23,23,7,7
224,32,0,0,0
369,49,17,1,1
557,45,13,13,5
533,21,21,5,5
812,44,12,12,4
274,18,18,2,2
213,21,21,5,5
586,10,10,10,2
698,58,26,10,2
88,24,24,8,0
974,14,14,14,6
942,46,14,14,6
259,3,3,3,3
922,26,26,10,2
433,49,17,1,1
932,36,4,4,4
419,35,3,3,3
270,14,14,14,6
863,31,31,15,7
425,41,9,9,1
716,12,12,12,4
97,33,1,1,1
633,57,25,9,1
410,26,26,10,2
788,20,20,4,4
83,19,19,3,3
510,62,30,14,6
503,55,23,7,7
674,34,2,2,2
828,60,28,12,4
104,40,8,8,0
242,50,18,2,2
293,37,5,5,5
795,27,27,11,3
723,19,19,3,3
850,18,18,2,2
795,27,27,11,3
621,45,13,13,5
688,48,16,0,0
753,49,17,1,1
295,39,7,7,7
434,50,18,2,2
784,16,16,0,0
315,59,27,11,3
301,45,13,13,5
283,27,27,11,3
310,54,22,6,6
760,56,24,8,0
413,29,29,13,5
209,17,17,1,1
37,37,5,5,5
42,42,10,10,2
631,55,23,7,7
714,10,10,10,2
431,47,15,15,7
265,9,9,9,1
194,2,2,2,2
931,35,3,3,3
37,37,5,5,5
508,60,28,12,4
230,38,6,6,6
855,23,23,7,7
333,13,13,13,5
383,63,31,15,7
807,39,7,7,7
907,11,11,11,3
442,58,26,10,2
625,49,17,1,1
655,15,15,15,7
310,54,22,6,6
936,40,8,8,0
361,41,9,9,1
815,47,15,15,7
601,25,25,9,1
5,5,5,5,5
771,3,3,3,3
969,9,9,9,1
527,15,15,15,7
443,59,27,11,3
79,15,15,15,7
68,4,4,4,4
594,18,18,2,2
864,32,0,0,0
485,37,5,5,5
780,12,12,12,4
831,63,31,15,7
531,19,19,3,3
396,12,12,12,4
74,10,10,10,2
364,44,12,12,4
821,53,21,5,5
128,0,0,0,0
152,24,24,8,0
891,59,27,11,3
775,7,7,7,7
828,60,28,12,4
98,34,2,2,2
195,3,3,3,3
626,50,18,2,2
701,61,29,13,5
909,13,13,13,5
734,30,30,14,6
855,23,23,7,7
689,49,17,1,1
779,11,11,11,3
929,33,1,1,1
14,14,14,14,6
910,14,14,14,6
929,33,1,1,1
36,36,4,4,4
808,40,8,8,0
997,37,5,5,5
890,58,26,10,2
178,50,18,2,2
320,0,0,0,0
91,27,27,11,3
238,46,14,14,6
806,38,6,6,6
757,53,21,5,5
481,33,1,1,1
176,48,16,0,0
75,11,11,11,3
458,10,10,10,2
865,33,1,1,1
898,2,2,2,2
615,39,7,7,7
416,32,0,0,0
482,34,2,2,2
693,53,21,5,5
720,16,16,0,0
743,39,7,7,7
835,3,3,3,3
707,3,3,3,3
855,23,23,7,7
921,25,25,9,1
510,62,30,14,6
129,1,1,1,1
889,57,25,9,1
121,57,25,9,1
372,52,20,4,4
825,57,25,9,1
43,43,11,11,3
693,53,21,5,5
10,10,10,10,2
816,48,16,0,0
332,12,12,12,4
742,38,6,6,6
980,20,20,4,4
711,7,7,7,7
439,55,23,7,7
117,53,21,5,5
494,46,14,14,6
432,48,16,0,0
296,40,8,8,0
419,35,3,3,3
10,10,10,10,2
845,13,13,13,5
975,15,15,15,7
463,15,15,15,7
116,52,20,4,4
714,10,10,10,2
578,2,2,2,2
145,17,17,1,1
170,42,10,10,2
183,55,23,7,7
262,6,6,6,6
247,55,23,7,7
803,35,3,3,3
565,53,21,5,5
328,8,8,8,0
216,24,24,8,0
426,42,10,10,2
741,37,5,5,5
154,26,26,10,2
835,3,3,3,3
354,34,2,2,2
724,20,20,4,4
524,12,12,12,4
547,35,3,3,3
824,56,24,8,0
520,8,8,8,0
376,56,24,8,0
142,14,14,14,6
468,20,20,4,4
582,6,6,6,6
201,9,9,9,1
912,16,16,0,0
765,61,29,13,5
699,59,27,11,3
284,28,28,12,4
820,52,20,4,4
859,27,27,11,3
383,63,31,15,7
204,12,12,12,4
431,47,15,15,7
438,54,22,6,6
205,13,13,13,5
576,0,0,0,0
564,52,20,4,4
304,48,16,0,0
558,46,14,14,6
9,9,9,9,1
703,63,31,15,7
514,2,2,2,2
317,61,29,13,5
753,49,17,1,1
224,32,0,0,0
106,42,10,10,2
441,57,25,9,1
842,10,10,10,2
595,19,19,3,3
889,57,25,9,1
191,63,31,15,7
280,24,24,8,0
449,1,1,1,1
165,37,5,5,5
28,28,28,12,4
493,45,13,13,5
269,13,13,13,5
789,21,21,5,5
829,61,29,13,5
975,15,15,15,7
165,37,5,5,5
642,2,2,2,2
857,25,25,9,1
215,23,23,7,7
59,59,27,11,3
452,4,4,4,4
431,47,15,15,7
271,15,15,15,7
548,36,4,4,4
864,32,0,0,0
208,16,16,0,0
354,34,2,2,2
38,38,6,6,6
487,39,7,7,7
834,2,2,2,2
853,21,21,5,5
654,14,14,14,6
640,0,0,0,0
725,21,21,5,5
475,27,27,11,3
199,7,7,7,7
313,57,25,9,1
274,18,18,2,2
543,31,31,15,7
96,32,0,0,0
339,19,19,3,3
143,15,15,15,7
106,42,10,10,2
716,12,12,12,4
953,57,25,9,1
278,22,22,6,6
512,0,0,0,0
927,31,31,15,7
712,8,8,8,0
595,19,19,3,3
566,54,22,6,6
10,10,10,10,2
494,46,14,14,6
167,39,7,7,7
688,48,16,0,0
241,49,17,1,1
883,51,19,3,3
795,27,27,11,3
61,61,29,13,5
122,58,26,10,2
112,48,16,0,0
34,34,2,2,2
919,23,23,7,7
635,59,27,11,3
63,63,31,15,7
712,8,8,8,0
103,39,7,7,7
435,51,19,3,3
420,36,4,4,4
645,5,5,5,5
706,2,2,2,2
297,41,9,9,1
689,49,17,1,1
778,10,10,10,2
365,45,13,13,5
380,60,28,12,4
553,41,9,9,1
799,31,31,15,7
645,5,5,5,5
395,11,11,11,3
200,8,8,8,0
74,10,10,10,2
304,48,16,0,0
16,16,16,0,0
310,54,22,6,6
996,36,4,4,4
711,7,7,7,7
690,50,18,2,2
438,54,22,6,6
957,61,29,13,5
156,28,28,12,4
905,9,9,9,1
25,25,25,9,1
925,29,29,13,5
71,7,7,7,7
268,12,12,12,4
19,19,19,3,3
422,38,6,6,6
539,27,27,11,3
739,35,3,3,3
288,32,0,0,0
580,4,4,4,4
859,27,27,11,3
987,27,27,11,3
722,18,18,2,2
929,33,1,1,1
863,31,31,15,7
618,42,10,10,2
390,6,6,6,6
224,32,0,0,0
782,14,14,14,6
15,15,15,15,7
394,10,10,10,2
259,3,3,3,3
386,2,2,2,2
64,0,0,0,0
147,19,19,3,3
671,31,31,15,7
305,49,17,1,1
639,63,31,15,7
278,22,22,6,6
372,52,20,4,4
267,11,11,11,3
56,56,24,8,0
57,57,25,9,1
485,37,5,5,5
792,24,24,8,0
11,11,11,11,3
718,14,14,14,6
908,12,12,12,4
749,45,13,13,5
938,42,10,10,2
430,46,14,14,6
528,16,16,0,0
284,28,28,12,4
69,5,5,5,5
47,47,15,15,7
279,23,23,7,7
750,46,14,14,6
69,5,5,5,5
756,52,20,4,4
337,17,17,1,1
925,29,29,13,5
940,44,12,12,4
896,0,0,0,0
671,31,31,15,7
143,15,15,15,7
813,45,13,13,5
256,0,0,0,0
62,62,30,14,6
581,5,5,5,5
634,58,26,10,2
14,14,14,14,6
863,31,31,15,7
373,53,21,5,5
397,13,13,13,5
852,20,20,4,4
881,49,17,1,1
190,62,30,14,6
575,63,31,15,7
591,15,15,15,7
412,28,28,12,4
143,15,15,15,7
178,50,18,2,2
153,25,25,9,1
355,35,3,3,3
581,5,5,5,5
663,23,23,7,7
269,13,13,13,5
187,59,27,11,3
718,14,14,14,6
440,56,24,8,0
460,12,12,12,4
629,53,21,5,5
651,11,11,11,3
431,47,15,15,7
569,57,25,9,1
992,32,0,0,0
945,49,17,1,1
8,8,8,8,0
706,2,2,2,2
850,18,18,2,2
190,62,30,14,6
266,10,10,10,2
690,50,18,2,2
389,5,5,5,5
120,56,24,8,0
467,19,19,3,3
635,59,27,11,3
449,1,1,1,1
661,21,21,5,5
40,40,8,8,0
521,9,9,9,1
545,33,1,1,1
843,11,11,11,3
788,20,20,4,4
328,8,8,8,0
511,63,31,15,7
991,31,31,15,7
234,42,10,10,2
511,63,31,15,7
894,62,30,14,6
482,34,2,2,2
809,41,9,9,1
239,47,15,15,7
301,45,13,13,5
586,10,10,10,2
641,1,1,1,1
848,16,16,0,0
92,28,28,12,4
379,59,27,11,3
148,20,20,4,4
174,46,14,14,6
506,58,26,10,2
623,47,15,15,7
353,33,1,1,1
897,1,1,1,1
929,33,1,1,1
355,35,3,3,3
72,8,8,8,0
649,9,9,9,1
884,52,20,4,4
485,37,5,5,5
563,51,19,3,3
592,16,16,0,0
624,48,16,0,0
277,21,21,5,5
109,45,13,13,5
346,26,26,10,2
164,36,4,4,4
414,30,30,14,6
578,2,2,2,2
950,54,22,6,6
144,16,16,0,0
531,19,19,3,3
68,4,4,4,4
629,53,21,5,5
820,52,20,4,4
816,48,16,0,0
282,26,26,10,2
694,54,22,6,6
189,61,29,13,5
398,14,14,14,6
719,15,15,15,7
223,31,31,15,7
605,29,29,13,5
945,49,17,1,1
647,7,7,7,7
741,37,5,5,5
714,10,10,10,2
606,30,30,14,6
97,33,1,1,1
7,7,7,7,7
122,58,26,10,2
473,25,25,9,1
76,12,12,12,4
436,52,20,4,4
633,57,25,9,1
54,54,22,6,6
756,52,20,4,4
720,16,16,0,0
835,3,3,3,3
691,51,19,3,3
143,15,15,15,7
798,30,30,14,6
449,1,1,1,1
663,23,23,7,7
693,53,21,5,5
710,6,6,6,6
323,3,3,3,3
913,17,17,1,1
984,24,24,8,0
91,27,27,11,3
637,61,29,13,5
559,47,15,15,7
294,38,6,6,6
967,7,7,7,7
60,60,28,12,4
578,2,2,2,2
855,23,23,7,7
672,32,0,0,0
129,1,1,1,1
528,16,16,0,0
477,29,29,13,5
345,25,25,9,1
356,36,4,4,4
518,6,6,6,6
347,27,27,11,3
182,54,22,6,6
870,38,6,6,6
470,22,22,6,6
666,26,26,10,2
642,2,2,2,2
178,50,18,2,2
958,62,30,14,6
520,8,8,8,0
279,23,23,7,7
308,52,20,4,4
7,7,7,7,7
946,50,18,2,2
231,39,7,7,7
138,10,10,10,2
73,9,9,9,1
351,31,31,15,7
412,28,28,12,4
551,39,7,7,7
31,31,31,15,7
659,19,19,3,3
429,45,13,13,5
155,27,27,11,3
827,59,27,11,3
476,28,28,12,4
714,10,10,10,2
274,18,18,2,2
727,23,23,7,7
84,20,20,4,4
988,28,28,12,4
64,0,0,0,0
302,46,14,14,6
558,46,14,14,6
368,48,16,0,0
283,27,27,11,3
915,19,19,3,3
124,60,28,12,4
70,6,6,6,6
142,14,14,14,6
342,22,22,6,6
976,16,16,0,0
557,45,13,13,5
268,12,12,12,4
822,54,22,6,6
580,4,4,4,4
60,60,28,12,4
8,8,8,8,0
853,21,21,5,5
782,14,14,14,6
205,13,13,13,5
649,9,9,9,1
629,53,21,5,5
73,9,9,9,1
368,48,16,0,0
411,27,27,11,3
683,43,11,11,3
269,13,13,13,5
885,53,21,5,5
478,30,30,14,6
844,12,12,12,4
120,56,24,8,0
413,29,29,13,5
124,60,28,12,4
511,63,31,15,7
752,48,16,0,0
807,39,7,7,7
923,27,27,11,3
701,61,29,13,5
123,59,27,11,3
654,14,14,14,6
146,18,18,2,2
36,36,4,4,4
500,52,20,4,4
667,27,27,11,3
485,37,5,5,5
685,45,13,13,5
762,58,26,10,2
587,11,11,11,3
755,51,19,3,3
204,12,12,12,4
326,6,6,6,6
155,27,27,11,3
608,32,0,0,0
895,63,31,15,7
605,29,29,13,5
464,16,16,0,0
576,0,0,0,0
229,37,5,5,5
288,32,0,0,0
950,54,22,6,6
803,35,3,3,3
406,22,22,6,6
803,35,3,3,3
786,18,18,2,2
782,14,14,14,6
952,56,24,8,0
31,31,31,15,7
995,35,3,3,3
31,31,31,15,7
202,10,10,10,2
199,7,7,7,7
569,57,25,9,1
536,24,24,8,0
151,23,23,7,7
944,48,16,0,0
803,35,3,3,3
684,44,12,12,4
152,24,24,8,0
128,0,0,0,0
146,18,18,2,2
701,61,29,13,5
966,6,6,6,6
388,4,4,4,4
382,62,30,14,6
521,9,9,9,1
439,55,23,7,7
237,45,13,13,5
694,54,22,6,6
393,9,9,9,1
829,61,29,13,5
920,24,24,8,0
766,62,30,14,6
627,51,19,3,3
291,35,3,3,3
746,42,10,10,2
18,18,18,2,2
172,44,12,12,4
122,58,26,10,2
208,16,16,0,0
259,3,3,3,3
632,56,24,8,0
186,58,26,10,2
483,35,3,3,3
998,38,6,6,6
993,33,1,1,1
120,56,24,8,0
877,45,13,13,5
1,1,1,1,1
15,15,15,15,7
348,28,28,12,4
336,16,16,0,0
419,35,3,3,3
836,4,4,4,4
349,29,29,13,5
423,39,7,7,7
547,35,3,3,3
763,59,27,11,3
14,14,14,14,6
574,62,30,14,6
613,37,5,5,5
343,23,23,7,7
453,5,5,5,5
179,51,19,3,3
501,53,21,5,5
539,27,27,11,3
985,25,25,9,1
898,2,2,2,2
770,2,2,2,2
995,35,3,3,3
758,54,22,6,6
273,17,17,1,1
291,35,3,3,3
332,12,12,12,4
578,2,2,2,2
849,17,17,1,1
539,27,27,11,3
974,14,14,14,6
353,33,1,1,1
191,63,31,15,7
997,37,5,5,5
902,6,6,6,6
404,20,20,4,4
873,41,9,9,1
813,45,13,13,5
468,20,20,4,4
693,53,21,5,5
939,43,11,11,3
477,29,29,13,5
363,43,11,11,3
741,37,5,5,5
128,0,0,0,0
501,53,21,5,5
482,34,2,2,2
129,1,1,1,1
738,34,2,2,2
881,49,17,1,1
45,45,13,13,5
132,4,4,4,4
526,14,14,14,6
275,19,19,3,3
778,10,10,10,2
851,19,19,3,3
40,40,8,8,0
241,49,17,1,1
822,54,22,6,6
831,63,31,15,7
50,50,18,2,2
864,32,0,0,0
715,11,11,11,3
375,55,23,7,7
193,1,1,1,1
61,61,29,13,5
702,62,30,14,6
632,56,24,8,0
838,6,6,6,6
137,9,9,9,1
810,42,10,10,2
634,58,26,10,2
201,9,9,9,1
967,7,7,7,7
409,25,25,9,1
120,56,24,8,0
883,51,19,3,3
283,27,27,11,3
382,62,30,14,6
869,37,5,5,5
315,59,27,11,3
440,56,24,8,0
196,4,4,4,4
203,11,11,11,3
353,33,1,1,1
460,12,12,12,4
472,24,24,8,0
303,47,15,15,7
913,17,17,1,1
349,29,29,13,5
460,12,12,12,4
362,42,10,10,2
219,27,27,11,3
363,43,11,11,3
818,50,18,2,2
713,9,9,9,1
276,20,20,4,4
863,31,31,15,7
103,39,7,7,7
524,12,12,12,4
260,4,4,4,4
955,59,27,11,3
996,36,4,4,4
852,20,20,4,4
709,5,5,5,5
515,3,3,3,3
100,36,4,4,4
390,6,6,6,6
11,11,11,11,3
423,39,7,7,7
820,52,20,4,4
91,27,27,11,3
86,22,22,6,6
605,29,29,13,5
823,55,23,7,7
369,49,17,1,1
866,34,2,2,2
746,42,10,10,2
824,56,24,8,0
385,1,1,1,1
475,27,27,11,3
899,3,3,3,3
849,17,17,1,1
998,38,6,6,6
953,57,25,9,1
916,20,20,4,4
594,18,18,2,2
145,17,17,1,1
232,40,8,8,0
830,62,30,14,6
539,27,27,11,3
743,39,7,7,7
230,38,6,6,6
627,51,19,3,3
99,35,3,3,3
819,51,19,3,3
771,3,3,3,3
730,26,26,10,2
948,52,20,4,4
537,25,25,9,1
553,41,9,9,1
334,14,14,14,6
330,10,10,10,2
626,50,18,2,2
556,44,12,12,4
888,56,24,8,0
634,58,26,10,2
291,35,3,3,3
654,14,14,14,6
555,43,11,11,3
795,27,27,11,3
446,62,30,14,6
36,36,4,4,4
462,14,14,14,6
984,24,24,8,0
355,35,3,3,3
283,27,27,11,3
962,2,2,2,2
21,21,21,5,5
934,38,6,6,6
96,32,0,0,0
156,28,28,12,4
130,2,2,2,2
290,34,2,2,2
861,29,29,13,5
666,26,26,10,2
789,21,21,5,5
648,8,8,8,0
712,8,8,8,0
646,6,6,6,6
949,53,21,5,5
677,37,5,5,5
276,20,20,4,4
144,16,16,0,0
611,35,3,3,3
536,24,24,8,0
656,16,16,0,0
635,59,27,11,3
554,42,10,10,2
142,14,14,14,6
869,37,5,5,5
136,8,8,8,0
86,22,22,6,6
69,5,5,5,5
810,42,10,10,2
40,40,8,8,0
963,3,3,3,3
97,33,1,1,1
752,48,16,0,0
770,2,2,2,2
363,43,11,11,3
84,20,20,4,4
156,28,28,12,4
712,8,8,8,0
326,6,6,6,6
885,53,21,5,5
688,48,16,0,0
661,21,21,5,5
209,17,17,1,1
152,24,24,8,0
748,44,12,12,4
82,18,18,2,2
524,12,12,12,4
524,12,12,12,4
585,9,9,9,1
64,0,0,0,0
896,0,0,0,0
610,34,2,2,2
52,52,20,4,4
274,18,18,2,2
537,25,25,9,1
310,54,22,6,6
17,17,17,1,1
774,6,6,6,6
423,39,7,7,7
89,25,25,9,1
465,17,17,1,1
367,47,15,15,7
880,48,16,0,0
513,1,1,1,1
624,48,16,0,0
848,16,16,0,0
793,25,25,9,1
502,54,22,6,6
761,57,25,9,1
699,59,27,11,3
945,49,17,1,1
883,51,19,3,3
603,27,27,11,3
148,20,20,4,4
246,54,22,6,6
693,53,21,5,5
308,52,20,4,4
631,55,23,7,7
458,10,10,10,2
813,45,13,13,5
988,28,28,12,4
935,39,7,7,7
327,7,7,7,7
536,24,24,8,0
992,32,0,0,0
56,56,24,8,0
313,57,25,9,1
439,55,23,7,7
931,35,3,3,3
741,37,5,5,5
658,18,18,2,2
451,3,3,3,3
407,23,23,7,7
699,59,27,11,3
847,15,15,15,7
553,41,9,9,1
381,61,29,13,5
95,31,31,15,7
265,9,9,9,1
423,39,7,7,7
115,51,19,3,3
478,30,30,14,6
646,6,6,6,6
24,24,24,8,0
626,50,18,2,2
66,2,2,2,2
901,5,5,5,5
11,11,11,11,3
756,52,20,4,4
1,1,1,1,1
774,6,6,6,6
686,46,14,14,6
255,63,31,15,7
723,19,19,3,3
876,44,12,12,4
107,43,11,11,3
368,48,16,0,0
841,9,9,9,1
753,49,17,1,1
917,21,21,5,5
194,2,2,2,2
673,33,1,1,1
990,30,30,14,6
603,27,27,11,3
466,18,18,2,2
65,1,1,1,1
571,59,27,11,3
851,19,19,3,3
516,4,4,4,4
66,2,2,2,2
37,37,5,5,5
464,16,16,0,0
125,61,29,13,5
663,23,23,7,7
719,15,15,15,7
361,41,9,9,1
303,47,15,15,7
247,55,23,7,7
482,34,2,2,2
554,42,10,10,2
535,23,23,7,7
674,34,2,2,2
722,18,18,2,2
66,2,2,2,2
104,40,8,8,0
950,54,22,6,6
612,36,4,4,4
150,22,22,6,6
23,23,23,7,7
66,2,2,2,2
892,60,28,12,4
108,44,12,12,4
324,4,4,4,4
277,21,21,5,5
251,59,27,11,3
778,10,10,10,2
850,18,18,2,2
359,39,7,7,7
440,56,24,8,0
137,9,9,9,1
174,46,14,14,6
57,57,25,9,1
681,41,9,9,1
783,15,15,15,7
91,27,27,11,3
672,32,0,0,0
349,29,29,13,5
268,12,12,12,4
195,3,3,3,3
395,11,11,11,3
272,16,16,0,0
397,13,13,13,5
818,50,18,2,2
957,61,29,13,5
725,21,21,5,5
198,6,6,6,6
220,28,28,12,4
566,54,22,6,6
714,10,10,10,2
213,21,21,5,5
766,62,30,14,6
657,17,17,1,1
149,21,21,5,5
232,40,8,8,0
291,35,3,3,3
417,33,1,1,1
768,0,0,0,0
317,61,29,13,5
599,23,23,7,7
538,26,26,10,2
883,51,19,3,3
638,62,30,14,6
33,33,1,1,1
370,50,18,2,2
190,62,30,14,6
903,7,7,7,7
323,3,3,3,3
586,10,10,10,2
725,21,21,5,5
35,35,3,3,3
828,60,28,12,4
511,63,31,15,7
211,19,19,3,3
759,55,23,7,7
292,36,4,4,4
105,41,9,9,1
519,7,7,7,7
725,21,21,5,5
834,2,2,2,2
436,52,20,4,4
839,7,7,7,7
355,35,3,3,3
827,59,27,11,3
686,46,14,14,6
847,15,15,15,7
615,39,7,7,7
987,27,27,11,3
640,0,0,0,0
116,52,20,4,4
207,15,15,15,7
561,49,17,1,1
359,39,7,7,7
0,0,0,0,0
358,38,6,6,6
788,20,20,4,4
149,21,21,5,5
135,7,7,7,7
561,49,17,1,1
650,10,10,10,2
583,7,7,7,7
188,60,28,12,4
35,35,3,3,3
232,40,8,8,0
475,27,27,11,3
928,32,0,0,0
187,59,27,11,3
689,49,17,1,1
813,45,13,13,5
323,3,3,3,3
104,40,8,8,0
195,3,3,3,3
433,49,17,1,1
866,34,2,2,2
616,40,8,8,0
834,2,2,2,2
983,23,23,7,7
601,25,25,9,1
530,18,18,2,2
494,46,14,14,6
818,50,18,2,2
785,17,17,1,1
624,48,16,0,0
98,34,2,2,2
456,8,8,8,0
776,8,8,8,0
710,6,6,6,6
911,15,15,15,7
979,19,19,3,3
40,40,8,8,0
726,22,22,6,6
789,21,21,5,5
334,14,14,14,6
834,2,2,2,2
436,52,20,4,4
787,19,19,3,3
226,34,2,2,2
259,3,3,3,3
613,37,5,5,5
446,62,30,14,6
992,32,0,0,0
390,6,6,6,6
667,27,27,11,3
360,40,8,8,0
144,16,16,0,0
469,21,21,5,5
12,12,12,12,4
367,47,15,15,7
448,0,0,0,0
194,2,2,2,2
538,26,26,10,2
508,60,28,12,4
673,33,1,1,1
219,27,27,11,3
619,43,11,11,3
2,2,2,2,2
856,24,24,8,0
458,10,10,10,2
659,19,19,3,3
218,26,26,10,2
531,19,19,3,3
776,8,8,8,0
59,59,27,11,3
298,42,10,10,2
603,27,27,11,3
761,57,25,9,1
584,8,8,8,0
266,10,10,10,2
313,57,25,9,1
711,7,7,7,7
501,53,21,5,5
348,28,28,12,4
928,32,0,0,0
844,12,12,12,4
371,51,19,3,3
469,21,21,5,5
675,35,3,3,3
104,40,8,8,0
811,43,11,11,3
9,9,9,9,1
212,20,20,4,4
832,0,0,0,0
585,9,9,9,1
228,36,4,4,4
614,38,6,6,6
22,22,22,6,6
205,13,13,13,5
388,4,4,4,4
274,18,18,2,2
300,44,12,12,4
169,41,9,9,1
404,20,20,4,4
228,36,4,4,4
758,54,22,6,6
147,19,19,3,3
597,21,21,5,5
646,6,6,6,6
317,61,29,13,5
157,29,29,13,5
248,56,24,8,0
971,11,11,11,3
180,52,20,4,4
709,5,5,5,5
218,26,26,10,2
638,62,30,14,6
841,9,9,9,1
5,5,5,5,5
660,20,20,4,4
279,23,23,7,7
507,59,27,11,3
54,54,22,6,6
758,54,22,6,6
179,51,19,3,3
661,21,21,5,5
276,20,20,4,4
23,23,23,7,7
180,52,20,4,4
579,3,3,3,3
978,18,18,2,2
84,20,20,4,4
384,0,0,0,0
638,62,30,14,6
282,26,26,10,2
116,52,20,4,4
599,23,23,7,7
712,8,8,8,0
54,54,22,6,6
281,25,25,9,1
240,48,16,0,0
429,45,13,13,5
234,42,10,10,2
921,25,25,9,1
321,1,1,1,1
296,40,8,8,0
846,14,14,14,6
398,14,14,14,6
421,37,5,5,5
214,22,22,6,6
149,21,21,5,5
316,60,28,12,4
686,46,14,14,6
959,63,31,15,7
208,16,16,0,0
450,2,2,2,2
123,59,27,11,3
213,21,21,5,5
150,22,22,6,6
519,7,7,7,7
997,37,5,5,5
882,50,18,2,2
532,20,20,4,4
735,31,31,15,7
434,50,18,2,2
318,62,30,14,6
906,10,10,10,2
278,22,22,6,6
846,14,14,14,6
993,33,1,1,1
719,15,15,15,7
370,50,18,2,2
895,63,31,15,7
950,54,22,6,6
474,26,26,10,2
714,10,10,10,2
213,21,21,5,5
104,40,8,8,0
827,59,27,11,3
540,28,28,12,4
373,53,21,5,5
539,27,27,11,3
633,57,25,9,1
103,39,7,7,7
607,31,31,15,7
560,48,16,0,0
7,7,7,7,7
284,28,28,12,4
565,53,21,5,5
947,51,19,3,3
858,26,26,10,2
860,28,28,12,4
626,50,18,2,2
397,13,13,13,5
623,47,15,15,7
126,62,30,14,6
728,24,24,8,0
397,13,13,13,5
27,27,27,11,3
959,63,31,15,7
371,51,19,3,3
962,2,2,2,2
17,17,17,1,1
566,54,22,6,6
414,30,30,14,6
68,4,4,4,4
477,29,29,13,5
240,48,16,0,0
826,58,26,10,2
812,44,12,12,4
257,1,1,1,1
257,1,1,1,1
554,42,10,10,2
356,36,4,4,4
348,28,28,12,4
561,49,17,1,1
944,48,16,0,0
83,19,19,3,3
238,46,14,14,6
324,4,4,4,4
274,18,18,2,2
622,46,14,14,6
586,10,10,10,2
327,7,7,7,7
327,7,7,7,7
722,18,18,2,2
852,20,20,4,4
32,32,0,0,0
398,14,14,14,6
246,54,22,6,6
338,18,18,2,2
109,45,13,13,5
422,38,6,6,6
100,36,4,4,4
61,61,29,13,5
162,34,2,2,2
801,33,1,1,1
349,29,29,13,5
1,1,1,1,1
941,45,13,13,5
456,8,8,8,0
888,56,24,8,0
754,50,18,2,2
506,58,26,10,2
444,60,28,12,4
30,30,30,14,6
306,50,18,2,2
745,41,9,9,1
168,40,8,8,0
791,23,23,7,7
31,31,31,15,7
630,54,22,6,6
918,22,22,6,6
269,13,13,13,5
793,25,25,9,1
318,62,30,14,6
124,60,28,12,4
580,4,4,4,4
558,46,14,14,6
903,7,7,7,7
120,56,24,8,0
957,61,29,13,5
277,21,21,5,5
477,29,29,13,5
344,24,24,8,0
579,3,3,3,3
700,60,28,12,4
732,28,28,12,4
990,30,30,14,6
324,4,4,4,4
22,22,22,6,6
929,33,1,1,1
619,43,11,11,3
81,17,17,1,1
249,57,25,9,1
268,12,12,12,4
520,8,8,8,0
894,62,30,14,6
829,61,29,13,5
729,25,25,9,1
571,59,27,11,3
515,3,3,3,3
21,21,21,5,5
286,30,30,14,6
31,31,31,15,7
656,16,16,0,0
106,42,10,10,2
973,13,13,13,5
719,15,15,15,7
651,11,11,11,3
565,53,21,5,5
455,7,7,7,7
818,50,18,2,2
221,29,29,13,5
609,33,1,1,1
569,57,25,9,1
564,52,20,4,4
626,50,18,2,2
526,14,14,14,6
18,18,18,2,2
600,24,24,8,0
297,41,9,9,1
341,21,21,5,5
657,17,17,1,1
840,8,8,8,0
494,46,14,14,6
103,39,7,7,7
882,50,18,2,2
460,12,12,12,4
541,29,29,13,5
304,48,16,0,0
914,18,18,2,2
725,21,21,5,5
124,60,28,12,4
351,31,31,15,7
669,29,29,13,5
940,44,12,12,4
309,53,21,5,5
506,58,26,10,2
944,48,16,0,0
178,50,18,2,2
418,34,2,2,2
268,12,12,12,4
899,3,3,3,3
521,9,9,9,1
439,55,23,7,7
153,25,25,9,1
559,47,15,15,7
33,33,1,1,1
290,34,2,2,2
970,10,10,10,2
83,19,19,3,3
188,60,28,12,4
954,58,26,10,2
764,60,28,12,4
684,44,12,12,4
869,37,5,5,5
20,20,20,4,4
901,5,5,5,5
881,49,17,1,1
932,36,4,4,4
705,1,1,1,1
916,20,20,4,4
992,32,0,0,0
37,37,5,5,5
44,44,12,12,4
541,29,29,13,5
429,45,13,13,5
50,50,18,2,2
795,27,27,11,3
226,34,2,2,2
262,6,6,6,6
789,21,21,5,5
678,38,6,6,6
126,62,30,14,6
723,19,19,3,3
532,20,20,4,4
918,22,22,6,6
731,27,27,11,3
491,43,11,11,3
418,34,2,2,2
907,11,11,11,3
402,18,18,2,2
366,46,14,14,6
945,49,17,1,1
693,53,21,5,5
298,42,10,10,2
971,11,11,11,3
479,31,31,15,7
859,27,27,11,3
978,18,18,2,2
222,30,30,14,6
229,37,5,5,5
176,48,16,0,0
803,35,3,3,3
920,24,24,8,0
186,58,26,10,2
603,27,27,11,3
167,39,7,7,7
895,63,31,15,7
233,41,9,9,1
886,54,22,6,6
430,46,14,14,6
334,14,14,14,6
409,25,25,9,1
181,53,21,5,5
55,55,23,7,7
768,0,0,0,0
100,36,4,4,4
46,46,14,14,6
501,53,21,5,5
98,34,2,2,2
586,10,10,10,2
201,9,9,9,1
557,45,13,13,5
627,51,19,3,3
323,3,3,3,3
792,24,24,8,0
698,58,26,10,2
932,36,4,4,4
899,3,3,3,3
15,15,15,15,7
335,15,15,15,7
795,27,27,11,3
623,47,15,15,7
77,13,13,13,5
863,31,31,15,7
624,48,16,0,0
564,52,20,4,4
828,60,28,12,4
681,41,9,9,1
47,47,15,15,7
916,20,20,4,4
509,61,29,13,5
572,60,28,12,4
238,46,14,14,6
378,58,26,10,2
101,37,5,5,5
552,40,8,8,0
369,49,17,1,1
895,63,31,15,7
731,27,27,11,3
400,16,16,0,0
730,26,26,10,2
274,18,18,2,2
153,25,25,9,1
410,26,26,10,2
764,60,28,12,4
990,30,30,14,6
133,5,5,5,5
131,3,3,3,3
883,51,19,3,3
872,40,8,8,0
275,19,19,3,3
301,45,13,13,5
41,41,9,9,1
413,29,29,13,5
946,50,18,2,2
700,60,28,12,4
95,31,31,15,7
602,26,26,10,2
840,8,8,8,0
702,62,30,14,6
655,15,15,15,7
323,3,3,3,3
301,45,13,13,5
141,13,13,13,5
610,34,2,2,2
783,15,15,15,7
717,13,13,13,5
833,1,1,1,1
933,37,5,5,5
886,54,22,6,6
645,5,5,5,5
7,7,7,7,7
634,58,26,10,2
722,18,18,2,2
269,13,13,13,5
333,13,13,13,5
256,0,0,0,0
422,38,6,6,6
430,46,14,14,6
708,4,4,4,4
184,56,24,8,0
284,28,28,12,4
656,16,16,0,0
594,18,18,2,2
623,47,15,15,7
129,1,1,1,1
746,42,10,10,2
954,58,26,10,2
864,32,0,0,0
408,24,24,8,0
689,49,17,1,1
332,12,12,12,4
728,24,24,8,0
205,13,13,13,5
52,52,20,4,4
202,10,10,10,2
472,24,24,8,0
919,23,23,7,7
583,7,7,7,7
270,14,14,14,6
541,29,29,13,5
108,44,12,12,4
240,48,16,0,0
926,30,30,14,6
571,59,27,11,3
670,30,30,14,6
108,44,12,12,4
290,34,2,2,2
914,18,18,2,2
791,23,23,7,7
186,58,26,10,2
441,57,25,9,1
453,5,5,5,5
682,42,10,10,2
263,7,7,7,7
940,44,12,12,4
729,25,25,9,1
327,7,7,7,7
683,43,11,11,3
243,51,19,3,3
645,5,5,5,5
43,43,11,11,3
684,44,12,12,4
814,46,14,14,6
557,45,13,13,5
90,26,26,10,2
583,7,7,7,7
412,28,28,12,4
160,32,0,0,0
596,20,20,4,4
523,11,11,11,3
719,15,15,15,7
164,36,4,4,4
43,43,11,11,3
915,19,19,3,3
987,27,27,11,3
897,1,1,1,1
443,59,27,11,3
916,20,20,4,4
713,9,9,9,1
604,28,28,12,4
848,16,16,0,0
99,35,3,3,3
489,41,9,9,1
935,39,7,7,7
34,34,2,2,2
719,15,15,15,7
889,57,25,9,1
138,10,10,10,2
143,15,15,15,7
31,31,31,15,7
673,33,1,1,1
963,3,3,3,3
717,13,13,13,5
316,60,28,12,4
225,33,1,1,1
618,42,10,10,2
295,39,7,7,7
422,38,6,6,6
578,2,2,2,2
161,33,1,1,1
199,7,7,7,7
978,18,18,2,2
458,10,10,10,2
376,56,24,8,0
590,14,14,14,6
572,60,28,12,4
932,36,4,4,4
179,51,19,3,3
631,55,23,7,7
859,27,27,11,3
533,21,21,5,5
802,34,2,2,2
825,57,25,9,1
904,8,8,8,0
186,58,26,10,2
332,12,12,12,4
575,63,31,15,7
604,28,28,12,4
869,37,5,5,5
971,11,11,11,3
367,47,15,15,7
203,11,11,11,3
16,16,16,0,0
737,33,1,1,1
902,6,6,6,6
367,47,15,15,7
755,51,19,3,3
891,59,27,11,3
676,36,4,4,4
820,52,20,4,4
625,49,17,1,1
735,31,31,15,7
48,48,16,0,0
878,46,14,14,6
661,21,21,5,5
435,51,19,3,3
615,39,7,7,7
665,25,25,9,1
362,42,10,10,2
38,38,6,6,6
714,10,10,10,2
695,55,23,7,7
919,23,23,7,7
765,61,29,13,5
552,40,8,8,0
513,1,1,1,1
571,59,27,11,3
596,20,20,4,4
556,44,12,12,4
469,21,21,5,5
188,60,28,12,4
648,8,8,8,0
488,40,8,8,0
39,39,7,7,7
674,34,2,2,2
173,45,13,13,5
470,22,22,6,6
385,1,1,1,1
810,42,10,10,2
768,0,0,0,0
678,38,6,6,6
389,5,5,5,5
556,44,12,12,4
549,37,5,5,5
508,60,28,12,4
23,23,23,7,7
788,20,20,4,4
145,17,17,1,1
129,1,1,1,1
989,29,29,13,5
344,24,24,8,0
39,39,7,7,7
680,40,8,8,0
299,43,11,11,3
403,19,19,3,3
630,54,22,6,6
885,53,21,5,5
784,16,16,0,0
59,59,27,11,3
635,59,27,11,3
988,28,28,12,4
266,10,10,10,2
778,10,10,10,2
97,33,1,1,1
574,62,30,14,6
368,48,16,0,0
20,20,20,4,4
17,17,17,1,1
671,31,31,15,7
515,3,3,3,3
352,32,0,0,0
463,15,15,15,7
183,55,23,7,7
146,18,18,2,2
480,32,0,0,0
475,27,27,11,3
589,13,13,13,5
522,10,10,10,2
231,39,7,7,7
914,18,18,2,2
294,38,6,6,6
496,48,16,0,0
351,31,31,15,7
794,26,26,10,2
345,25,25,9,1
280,24,24,8,0
172,44,12,12,4
6,6,6,6,6
499,51,19,3,3
111,47,15,15,7
760,56,24,8,0
862,30,30,14,6
235,43,11,11,3
419,35,3,3,3
93,29,29,13,5
977,17,17,1,1
688,48,16,0,0
587,11,11,11,3
619,43,11,11,3
195,3,3,3,3
740,36,4,4,4
988,28,28,12,4
145,17,17,1,1
349,29,29,13,5
193,1,1,1,1
589,13,13,13,5
380,60,28,12,4
239,47,15,15,7
271,15,15,15,7
24,24,24,8,0
682,42,10,10,2
239,47,15,15,7
987,27,27,11,3
822,54,22,6,6
998,38,6,6,6
922,26,26,10,2
186,58,26,10,2
972,12,12,12,4
501,53,21,5,5
445,61,29,13,5
691,51,19,3,3
366,46,14,14,6
660,20,20,4,4
41,41,9,9,1
140,12,12,12,4
246,54,22,6,6
472,24,24,8,0
498,50,18,2,2
13,13,13,13,5
397,13,13,13,5
57,57,25,9,1
377,57,25,9,1
13,13,13,13,5
43,43,11,11,3
634,58,26,10,2
277,21,21,5,5
706,2,2,2,2
464,16,16,0,0
851,19,19,3,3
964,4,4,4,4
128,0,0,0,0
335,15,15,15,7
946,50,18,2,2
247,55,23,7,7
331,11,11,11,3
301,45,13,13,5
625,49,17,1,1
573,61,29,13,5
270,14,14,14,6
924,28,28,12,4
967,7,7,7,7
564,52,20,4,4
873,41,9,9,1
80,16,16,0,0
712,8,8,8,0
148,20,20,4,4
320,0,0,0,0
105,41,9,9,1
977,17,17,1,1
656,16,16,0,0
129,1,1,1,1
125,61,29,13,5
788,20,20,4,4
338,18,18,2,2
48,48,16,0,0
459,11,11,11,3
618,42,10,10,2
903,7,7,7,7
471,23,23,7,7
411,27,27,11,3
954,58,26,10,2
152,24,24,8,0
673,33,1,1,1
117,53,21,5,5
539,27,27,11,3
736,32,0,0,0
853,21,21,5,5
941,45,13,13,5
235,43,11,11,3
792,24,24,8,0
836,4,4,4,4
178,50,18,2,2
122,58,26,10,2
816,48,16,0,0
240,48,16,0,0
199,7,7,7,7
55,55,23,7,7
836,4,4,4,4
170,42,10,10,2
197,5,5,5,5
818,50,18,2,2
885,53,21,5,5
124,60,28,12,4
520,8,8,8,0
38,38,6,6,6
264,8,8,8,0
126,62,30,14,6
992,32,0,0,0
473,25,25,9,1
248,56,24,8,0
684,44,12,12,4
52,52,20,4,4
906,10,10,10,2
851,19,19,3,3
560,48,16,0,0
620,44,12,12,4
905,9,9,9,1
642,2,2,2,2
459,11,11,11,3
386,2,2,2,2
28,28,28,12,4
519,7,7,7,7
134,6,6,6,6
459,11,11,11,3
277,21,21,5,5
190,62,30,14,6
2,2,2,2,2
501,53,21,5,5
214,22,22,6,6
385,1,1,1,1
343,23,23,7,7
830,62,30,14,6
698,58,26,10,2
164,36,4,4,4
322,2,2,2,2
54,54,22,6,6
750,46,14,14,6
275,19,19,3,3
79,15,15,15,7
293,37,5,5,5
349,29,29,13,5
875,43,11,11,3
436,52,20,4,4
332,12,12,12,4
855,23,23,7,7
105,41,9,9,1
540,28,28,12,4
585,9,9,9,1
729,25,25,9,1
678,38,6,6,6
109,45,13,13,5
450,2,2,2,2
264,8,8,8,0
272,16,16,0,0
891,59,27,11,3
259,3,3,3,3
863,31,31,15,7
673,33,1,1,1
462,14,14,14,6
642,2,2,2,2
146,18,18,2,2
795,27,27,11,3
493,45,13,13,5
414,30,30,14,6
193,1,1,1,1
454,6,6,6,6
877,45,13,13,5
7,7,7,7,7
377,57,25,9,1
892,60,28,12,4
354,34,2,2,2
77,13,13,13,5
179,51,19,3,3
670,30,30,14,6
896,0,0,0,0
600,24,24,8,0
886,54,22,6,6
661,21,21,5,5
722,18,18,2,2
597,21,21,5,5
69,5,5,5,5
101,37,5,5,5
541,29,29,13,5
544,32,0,0,0
312,56,24,8,0
870,38,6,6,6
893,61,29,13,5
399,15,15,15,7
236,44,12,12,4
965,5,5,5,5
422,38,6,6,6
819,51,19,3,3
733,29,29,13,5
932,36,4,4,4
880,48,16,0,0
991,31,31,15,7
172,44,12,12,4
409,25,25,9,1
278,22,22,6,6
470,22,22,6,6
887,55,23,7,7
314,58,26,10,2
731,27,27,11,3
151,23,23,7,7
164,36,4,4,4
943,47,15,15,7
128,0,0,0,0
215,23,23,7,7
392,8,8,8,0
15,15,15,15,7
389,5,5,5,5
231,39,7,7,7
965,5,5,5,5
416,32,0,0,0
835,3,3,3,3
566,54,22,6,6
985,25,25,9,1
310,54,22,6,6
480,32,0,0,0
361,41,9,9,1
238,46,14,14,6
175,47,15,15,7
107,43,11,11,3
724,20,20,4,4
950,54,22,6,6
193,1,1,1,1
884,52,20,4,4
432,48,16,0,0
396,12,12,12,4
39,39,7,7,7
562,50,18,2,2
633,57,25,9,1
483,35,3,3,3
965,5,5,5,5
723,19,19,3,3
682,42,10,10,2
148,20,20,4,4
441,57,25,9,1
480,32,0,0,0
292,36,4,4,4
976,16,16,0,0
867,35,3,3,3
5,5,5,5,5
726,22,22,6,6
530,18,18,2,2
511,63,31,15,7
729,25,25,9,1
700,60,28,12,4
91,27,27,11,3
864,32,0,0,0
638,62,30,14,6
77,13,13,13,5
855,23,23,7,7
316,60,28,12,4
370,50,18,2,2
308,52,20,4,4
895,63,31,15,7
122,58,26,10,2
942,46,14,14,6
504,56,24,8,0
519,7,7,7,7
442,58,26,10,2
273,17,17,1,1
171,43,11,11,3
635,59,27,11,3
270,14,14,14,6
850,18,18,2,2
992,32,0,0,0
490,42,10,10,2
910,14,14,14,6
522,10,10,10,2
409,25,25,9,1
907,11,11,11,3
849,17,17,1,1
325,5,5,5,5
571,59,27,11,3
291,35,3,3,3
817,49,17,1,1
298,42,10,10,2
412,28,28,12,4
531,19,19,3,3
498,50,18,2,2
781,13,13,13,5
60,60,28,12,4
86,22,22,6,6
172,44,12,12,4
905,9,9,9,1
35,35,3,3,3
259,3,3,3,3
164,36,4,4,4
662,22,22,6,6
840,8,8,8,0
73,9,9,9,1
956,60,28,12,4
739,35,3,3,3
355,35,3,3,3
336,16,16,0,0
93,29,29,13,5
699,59,27,11,3
16,16,16,0,0
893,61,29,13,5
690,50,18,2,2
324,4,4,4,4
122,58,26,10,2
746,42,10,10,2
201,9,9,9,1
417,33,1,1,1
664,24,24,8,0
948,52,20,4,4
826,58,26,10,2
108,44,12,12,4
975,15,15,15,7
641,1,1,1,1
795,27,27,11,3
790,22,22,6,6
881,49,17,1,1
727,23,23,7,7
535,23,23,7,7
566,54,22,6,6
872,40,8,8,0
509,61,29,13,5
588,12,12,12,4
714,10,10,10,2
434,50,18,2,2
961,1,1,1,1
213,21,21,5,5
123,59,27,11,3
850,18,18,2,2
187,59,27,11,3
725,21,21,5,5
851,19,19,3,3
842,10,10,10,2
190,62,30,14,6
642,2,2,2,2
395,11,11,11,3
834,2,2,2,2
978,18,18,2,2
376,56,24,8,0
377,57,25,9,1
61,61,29,13,5
705,1,1,1,1
61,61,29,13,5
559,47,15,15,7
23,23,23,7,7
978,18,18,2,2
50,50,18,2,2
210,18,18,2,2
64,0,0,0,0
236,44,12,12,4
351,31,31,15,7
600,24,24,8,0
41,41,9,9,1
270,14,14,14,6
350,30,30,14,6
201,9,9,9,1
121,57,25,9,1
899,3,3,3,3
726,22,22,6,6
802,34,2,2,2
716,12,12,12,4
689,49,17,1,1
202,10,10,10,2
83,19,19,3,3
928,32,0,0,0
329,9,9,9,1
674,34,2,2,2
315,59,27,11,3
795,27,27,11,3
125,61,29,13,5
897,1,1,1,1
906,10,10,10,2
76,12,12,12,4
205,13,13,13,5
298,42,10,10,2
311,55,23,7,7
311,55,23,7,7
28,28,28,12,4
363,43,11,11,3
291,35,3,3,3
418,34,2,2,2
390,6,6,6,6
510,62,30,14,6
767,63,31,15,7
577,1,1,1,1
807,39,7,7,7
609,33,1,1,1
376,56,24,8,0
912,16,16,0,0
536,24,24,8,0
966,6,6,6,6
423,39,7,7,7
531,19,19,3,3
187,59,27,11,3
777,9,9,9,1
683,43,11,11,3
588,12,12,12,4
191,63,31,15,7
768,0,0,0,0
984,24,24,8,0
819,51,19,3,3
90,26,26,10,2
779,11,11,11,3
883,51,19,3,3
444,60,28,12,4
225,33,1,1,1
102,38,6,6,6
889,57,25,9,1
673,33,1,1,1
456,8,8,8,0
7,7,7,7,7
489,41,9,9,1
174,46,14,14,6
194,2,2,2,2
10,10,10,10,2
367,47,15,15,7
352,32,0,0,0
658,18,18,2,2
97,33,1,1,1
990,30,30,14,6
353,33,1,1,1
242,50,18,2,2
286,30,30,14,6
777,9,9,9,1
13,13,13,13,5
184,56,24,8,0
255,63,31,15,7
440,56,24,8,0
763,59,27,11,3
114,50,18,2,2
732,28,28,12,4
679,39,7,7,7
690,50,18,2,2
992,32,0,0,0
61,61,29,13,5
677,37,5,5,5
576,0,0,0,0
675,35,3,3,3
778,10,10,10,2
124,60,28,12,4
642,2,2,2,2
319,63,31,15,7
610,34,2,2,2
322,2,2,2,2
596,20,20,4,4
711,7,7,7,7
379,59,27,11,3
545,33,1,1,1
594,18,18,2,2
655,15,15,15,7
682,42,10,10,2
517,5,5,5,5
779,11,11,11,3
672,32,0,0,0
368,48,16,0,0
584,8,8,8,0
339,19,19,3,3
999,39,7,7,7
697,57,25,9,1
993,33,1,1,1
611,35,3,3,3
912,16,16,0,0
650,10,10,10,2
186,58,26,10,2
579,3,3,3,3
171,43,11,11,3
455,7,7,7,7
507,59,27,11,3
690,50,18,2,2
862,30,30,14,6
549,37,5,5,5
87,23,23,7,7
72,8,8,8,0
398,14,14,14,6
99,35,3,3,3
741,37,5,5,5
339,19,19,3,3
310,54,22,6,6
596,20,20,4,4
373,53,21,5,5
10,10,10,10,2
220,28,28,12,4
851,19,19,3,3
427,43,11,11,3
300,44,12,12,4
873,41,9,9,1
777,9,9,9,1
140,12,12,12,4
62,62,30,14,6
725,21,21,5,5
106,42,10,10,2
260,4,4,4,4
235,43,11,11,3
798,30,30,14,6
927,31,31,15,7
116,52,20,4,4
573,61,29,13,5
994,34,2,2,2
878,46,14,14,6
235,43,11,11,3
964,4,4,4,4
646,6,6,6,6
194,2,2,2,2
698,58,26,10,2
528,16,16,0,0
221,29,29,13,5
835,3,3,3,3
710,6,6,6,6
558,46,14,14,6
414,30,30,14,6
464,16,16,0,0
66,2,2,2,2
323,3,3,3,3
339,19,19,3,3
432,48,16,0,0
590,14,14,14,6
899,3,3,3,3
132,4,4,4,4
812,44,12,12,4
120,56,24,8,0
283,27,27,11,3
851,19,19,3,3
276,20,20,4,4
859,27,27,11,3
870,38,6,6,6
505,57,25,9,1
544,32,0,0,0
528,16,16,0,0
414,30,30,14,6
697,57,25,9,1
779,11,11,11,3
214,22,22,6,6
511,63,31,15,7
476,28,28,12,4
263,7,7,7,7
620,44,12,12,4
868,36,4,4,4
445,61,29,13,5
585,9,9,9,1
387,3,3,3,3
589,13,13,13,5
637,61,29,13,5
319,63,31,15,7
851,19,19,3,3
579,3,3,3,3
150,22,22,6,6
710,6,6,6,6
475,27,27,11,3
52,52,20,4,4
672,32,0,0,0
168,40,8,8,0
465,17,17,1,1
620,44,12,12,4
735,31,31,15,7
256,0,0,0,0
807,39,7,7,7
79,15,15,15,7
503,55,23,7,7
943,47,15,15,7
913,17,17,1,1
42,42,10,10,2
821,53,21,5,5
301,45,13,13,5
525,13,13,13,5
681,41,9,9,1
512,0,0,0,0
302,46,14,14,6
71,7,7,7,7
519,7,7,7,7
765,61,29,13,5
166,38,6,6,6
802,34,2,2,2
666,26,26,10,2
935,39,7,7,7
167,39,7,7,7
127,63,31,15,7
727,23,23,7,7
832,0,0,0,0
492,44,12,12,4
226,34,2,2,2
227,35,3,3,3
353,33,1,1,1
293,37,5,5,5
394,10,10,10,2
100,36,4,4,4
413,29,29,13,5
660,20,20,4,4
249,57,25,9,1
683,43,11,11,3
886,54,22,6,6
786,18,18,2,2
878,46,14,14,6
67,3,3,3,3
835,3,3,3,3
284,28,28,12,4
3,3,3,3,3
975,15,15,15,7
92,28,28,12,4
584,8,8,8,0
488,40,8,8,0
787,19,19,3,3
551,39,7,7,7
306,50,18,2,2
453,5,5,5,5
41,41,9,9,1
128,0,0,0,0
418,34,2,2,2
96,32,0,0,0
57,57,25,9,1
707,3,3,3,3
974,14,14,14,6
298,42,10,10,2
101,37,5,5,5
110,46,14,14,6
663,23,23,7,7
837,5,5,5,5
962,2,2,2,2
919,23,23,7,7
696,56,24,8,0
767,63,31,15,7
351,31,31,15,7
177,49,17,1,1
551,39,7,7,7
663,23,23,7,7
860,28,28,12,4
515,3,3,3,3
38,38,6,6,6
51,51,19,3,3
386,2,2,2,2
620,44,12,12,4
194,2,2,2,2
89,25,25,9,1
923,27,27,11,3
537,25,25,9,1
755,51,19,3,3
146,18,18,2,2
107,43,11,11,3
815,47,15,15,7
89,25,25,9,1
706,2,2,2,2
160,32,0,0,0
121,57,25,9,1
939,43,11,11,3
237,45,13,13,5
5,5,5,5,5
194,2,2,2,2
84,20,20,4,4
11,11,11,11,3
424,40,8,8,0
539,27,27,11,3
417,33,1,1,1
289,33,1,1,1
300,44,12,12,4
558,46,14,14,6
974,14,14,14,6
832,0,0,0,0
982,22,22,6,6
204,12,12,12,4
159,31,31,15,7
161,33,1,1,1
575,63,31,15,7
324,4,4,4,4
564,52,20,4,4
81,17,17,1,1
118,54,22,6,6
108,44,12,12,4
55,55,23,7,7
19,19,19,3,3
264,8,8,8,0
20,20,20,4,4
298,42,10,10,2
34,34,2,2,2
513,1,1,1,1
973,13,13,13,5
96,32,0,0,0
479,31,31,15,7
799,31,31,15,7
379,59,27,11,3
5,5,5,5,5
804,36,4,4,4
222,30,30,14,6
275,19,19,3,3
970,10,10,10,2
225,33,1,1,1
883,51,19,3,3
864,32,0,0,0
876,44,12,12,4
457,9,9,9,1
0,0,0,0,0
173,45,13,13,5
841,9,9,9,1
725,21,21,5,5
956,60,28,12,4
696,56,24,8,0
992,32,0,0,0
956,60,28,12,4
560,48,16,0,0
302,46,14,14,6
667,27,27,11,3
650,10,10,10,2
582,6,6,6,6
238,46,14,14,6
357,37,5,5,5
721,17,17,1,1
245,53,21,5,5
297,41,9,9,1
849,17,17,1,1
672,32,0,0,0
737,33,1,1,1
24,24,24,8,0
329,9,9,9,1
676,36,4,4,4
882,50,18,2,2
842,10,10,10,2
722,18,18,2,2
46,46,14,14,6
705,1,1,1,1
382,62,30,14,6
326,6,6,6,6
443,59,27,11,3
690,50,18,2,2
83,19,19,3,3
149,21,21,5,5
965,5,5,5,5
975,15,15,15,7
942,46,14,14,6
64,0,0,0,0
909,13,13,13,5
229,37,5,5,5
129,1,1,1,1
885,53,21,5,5
251,59,27,11,3
105,41,9,9,1
570,58,26,10,2
14,14,14,14,6
836,4,4,4,4
820,52,20,4,4
644,4,4,4,4
685,45,13,13,5
464,16,16,0,0
123,59,27,11,3
547,35,3,3,3
888,56,24,8,0
972,12,12,12,4
114,50,18,2,2
830,62,30,14,6
732,28,28,12,4
840,8,8,8,0
553,41,9,9,1
921,25,25,9,1
612,36,4,4,4
280,24,24,8,0
618,42,10,10,2
549,37,5,5,5
796,28,28,12,4
717,13,13,13,5
989,29,29,13,5
134,6,6,6,6
12,12,12,12,4
629,53,21,5,5
524,12,12,12,4
221,29,29,13,5
597,21,21,5,5
933,37,5,5,5
595,19,19,3,3
497,49,17,1,1
641,1,1,1,1
33,33,1,1,1
774,6,6,6,6
250,58,26,10,2
866,34,2,2,2
712,8,8,8,0
465,17,17,1,1
975,15,15,15,7
996,36,4,4,4
912,16,16,0,0
992,32,0,0,0
690,50,18,2,2
8,8,8,8,0
515,3,3,3,3
592,16,16,0,0
79,15,15,15,7
338,18,18,2,2
682,42,10,10,2
448,0,0,0,0
962,2,2,2,2
522,10,10,10,2
303,47,15,15,7
603,27,27,11,3
560,48,16,0,0
960,0,0,0,0
46,46,14,14,6
443,59,27,11,3
592,16,16,0,0
908,12,12,12,4
997,37,5,5,5
276,20,20,4,4
630,54,22,6,6
62,62,30,14,6
813,45,13,13,5
438,54,22,6,6
114,50,18,2,2
59,59,27,11,3
353,33,1,1,1
7,7,7,7,7
913,17,17,1,1
827,59,27,11,3
198,6,6,6,6
248,56,24,8,0
996,36,4,4,4
650,10,10,10,2
535,23,23,7,7
306,50,18,2,2
815,47,15,15,7
171,43,11,11,3
655,15,15,15,7
604,28,28,12,4
780,12,12,12,4
252,60,28,12,4
770,2,2,2,2
944,48,16,0,0
710,6,6,6,6
462,14,14,14,6
353,33,1,1,1
166,38,6,6,6
548,36,4,4,4
491,43,11,11,3
428,44,12,12,4
898,2,2,2,2
682,42,10,10,2
57,57,25,9,1
814,46,14,14,6
554,42,10,10,2
112,48,16,0,0
401,17,17,1,1
57,57,25,9,1
368,48,16,0,0
538,26,26,10,2
455,7,7,7,7
690,50,18,2,2
541,29,29,13,5
129,1,1,1,1
655,15,15,15,7
859,27,27,11,3
602,26,26,10,2
378,58,26,10,2
745,41,9,9,1
135,7,7,7,7
35,35,3,3,3
327,7,7,7,7
924,28,28,12,4
985,25,25,9,1
820,52,20,4,4
50,50,18,2,2
488,40,8,8,0
43,43,11,11,3
167,39,7,7,7
875,43,11,11,3
661,21,21,5,5
378,58,26,10,2
401,17,17,1,1
591,15,15,15,7
226,34,2,2,2
466,18,18,2,2
621,45,13,13,5
739,35,3,3,3
238,46,14,14,6
114,50,18,2,2
428,44,12,12,4
485,37,5,5,5
725,21,21,5,5
76,12,12,12,4
917,21,21,5,5
964,4,4,4,4
663,23,23,7,7
298,42,10,10,2
495,47,15,15,7
120,56,24,8,0
497,49,17,1,1
494,46,14,14,6
216,24,24,8,0
471,23,23,7,7
469,21,21,5,5
918,22,22,6,6
444,60,28,12,4
433,49,17,1,1
976,16,16,0,0
830,62,30,14,6
682,42,10,10,2
2,2,2,2,2
762,58,26,10,2
991,31,31,15,7
202,10,10,10,2
294,38,6,6,6
862,30,30,14,6
69,5,5,5,5
52,52,20,4,4
704,0,0,0,0
531,19,19,3,3
143,15,15,15,7
63,63,31,15,7
49,49,17,1,1
364,44,12,12,4
825,57,25,9,1
756,52,20,4,4
85,21,21,5,5
520,8,8,8,0
738,34,2,2,2
864,32,0,0,0
109,45,13,13,5
304,48,16,0,0
960,0,0,0,0
596,20,20,4,4
676,36,4,4,4
797,29,29,13,5
409,25,25,9,1
669,29,29,13,5
732,28,28,12,4
161,33,1,1,1
364,44,12,12,4
907,11,11,11,3
517,5,5,5,5
295,39,7,7,7
936,40,8,8,0
251,59,27,11,3
893,61,29,13,5
752,48,16,0,0
677,37,5,5,5
750,46,14,14,6
739,35,3,3,3
913,17,17,1,1
918,22,22,6,6
983,23,23,7,7
737,33,1,1,1
631,55,23,7,7
506,58,26,10,2
750,46,14,14,6
939,43,11,11,3
51,51,19,3,3
21,21,21,5,5
415,31,31,15,7
29,29,29,13,5
246,54,22,6,6
605,29,29,13,5
454,6,6,6,6
946,50,18,2,2
736,32,0,0,0
89,25,25,9,1
993,33,1,1,1
814,46,14,14,6
361,41,9,9,1
360,40,8,8,0
607,31,31,15,7
993,33,1,1,1
242,50,18,2,2
94,30,30,14,6
404,20,20,4,4
724,20,20,4,4
562,50,18,2,2
9,9,9,9,1
78,14,14,14,6
522,10,10,10,2
413,29,29,13,5
505,57,25,9,1
639,63,31,15,7
925,29,29,13,5
549,37,5,5,5
316,60,28,12,4
527,15,15,15,7
468,20,20,4,4
874,42,10,10,2
515,3,3,3,3
791,23,23,7,7
34,34,2,2,2
937,41,9,9,1
263,7,7,7,7
254,62,30,14,6
525,13,13,13,5
227,35,3,3,3
223,31,31,15,7
641,1,1,1,1
993,33,1,1,1
901,5,5,5,5
44,44,12,12,4
295,39,7,7,7
618,42,10,10,2
225,33,1,1,1
972,12,12,12,4
681,41,9,9,1
804,36,4,4,4
951,55,23,7,7
430,46,14,14,6
30,30,30,14,6
520,8,8,8,0
587,11,11,11,3
838,6,6,6,6
91,27,27,11,3
398,14,14,14,6
448,0,0,0,0
77,13,13,13,5
298,42,10,10,2
652,12,12,12,4
692,52,20,4,4
357,37,5,5,5
297,41,9,9,1
637,61,29,13,5
84,20,20,4,4
208,16,16,0,0
321,1,1,1,1
495,47,15,15,7
844,12,12,12,4
180,52,20,4,4
533,21,21,5,5
590,14,14,14,6
476,28,28,12,4
343,23,23,7,7
443,59,27,11,3
574,62,30,14,6
376,56,24,8,0
213,21,21,5,5
332,12,12,12,4
738,34,2,2,2
301,45,13,13,5
833,1,1,1,1
588,12,12,12,4
379,59,27,11,3
312,56,24,8,0
542,30,30,14,6
583,7,7,7,7
685,45,13,13,5
453,5,5,5,5
691,51,19,3,3
65,1,1,1,1
20,20,20,4,4
934,38,6,6,6
168,40,8,8,0
147,19,19,3,3
96,32,0,0,0
590,14,14,14,6
731,27,27,11,3
134,6,6,6,6
71,7,7,7,7
309,53,21,5,5
672,32,0,0,0
526,14,14,14,6
788,20,20,4,4
329,9,9,9,1
208,16,16,0,0
350,30,30,14,6
784,16,16,0,0
984,24,24,8,0
896,0,0,0,0
296,40,8,8,0
370,50,18,2,2
2,2,2,2,2
930,34,2,2,2
125,61,29,13,5
194,2,2,2,2
127,63,31,15,7
685,45,13,13,5
692,52,20,4,4
109,45,13,13,5
844,12,12,12,4
780,12,12,12,4
780,12,12,12,4
793,25,25,9,1
881,49,17,1,1
494,46,14,14,6
913,17,17,1,1
385,1,1,1,1
372,52,20,4,4
98,34,2,2,2
171,43,11,11,3
976,16,16,0,0
704,0,0,0,0
705,1,1,1,1
959,63,31,15,7
520,8,8,8,0
52,52,20,4,4
539,27,27,11,3
682,42,10,10,2
992,32,0,0,0
742,38,6,6,6
131,3,3,3,3
306,50,18,2,2
533,21,21,5,5
990,30,30,14,6
624,48,16,0,0
176,48,16,0,0
894,62,30,14,6
432,48,16,0,0
26,26,26,10,2
924,28,28,12,4
731,27,27,11,3
677,37,5,5,5
317,61,29,13,5
78,14,14,14,6
252,60,28,12,4
135,7,7,7,7
986,26,26,10,2
192,0,0,0,0
26,26,26,10,2
16,16,16,0,0
367,47,15,15,7
759,55,23,7,7
611,35,3,3,3
561,49,17,1,1
546,34,2,2,2
827,59,27,11,3
739,35,3,3,3
622,46,14,14,6
843,11,11,11,3
224,32,0,0,0
347,27,27,11,3
321,1,1,1,1
382,62,30,14,6
440,56,24,8,0
692,52,20,4,4
291,35,3,3,3
284,28,28,12,4
796,28,28,12,4
723,19,19,3,3
565,53,21,5,5
761,57,25,9,1
79,15,15,15,7
283,27,27,11,3
503,55,23,7,7
652,12,12,12,4
947,51,19,3,3
595,19,19,3,3
262,6,6,6,6
864,32,0,0,0
465,17,17,1,1
103,39,7,7,7
35,35,3,3,3
240,48,16,0,0
653,13,13,13,5
806,38,6,6,6
619,43,11,11,3
491,43,11,11,3
739,35,3,3,3
51,51,19,3,3
228,36,4,4,4
141,13,13,13,5
93,29,29,13,5
783,15,15,15,7
719,15,15,15,7
70,6,6,6,6
831,63,31,15,7
121,57,25,9,1
222,30,30,14,6
151,23,23,7,7
6,6,6,6,6
42,42,10,10,2
798,30,30,14,6
644,4,4,4,4
511,63,31,15,7
496,48,16,0,0
907,11,11,11,3
915,19,19,3,3
694,54,22,6,6
783,15,15,15,7
725,21,21,5,5
564,52,20,4,4
553,41,9,9,1
180,52,20,4,4
558,46,14,14,6
977,17,17,1,1
147,19,19,3,3
657,17,17,1,1
203,11,11,11,3
686,46,14,14,6
111,47,15,15,7
146,18,18,2,2
572,60,28,12,4
580,4,4,4,4
59,59,27,11,3
805,37,5,5,5
244,52,20,4,4
759,55,23,7,7
245,53,21,5,5
746,42,10,10,2
531,19,19,3,3
987,27,27,11,3
489,41,9,9,1
622,46,14,14,6
526,14,14,14,6
217,25,25,9,1
749,45,13,13,5
891,59,27,11,3
722,18,18,2,2
778,10,10,10,2
884,52,20,4,4
885,53,21,5,5
635,59,27,11,3
850,18,18,2,2
766,62,30,14,6
63,63,31,15,7
839,7,7,7,7
401,17,17,1,1
69,5,5,5,5
142,14,14,14,6
40,40,8,8,0
551,39,7,7,7
728,24,24,8,0
544,32,0,0,0
355,35,3,3,3
754,50,18,2,2
120,56,24,8,0
399,15,15,15,7
729,25,25,9,1
653,13,13,13,5
263,7,7,7,7
70,6,6,6,6
399,15,15,15,7
428,44,12,12,4
843,11,11,11,3
16,16,16,0,0
402,18,18,2,2
12,12,12,12,4
676,36,4,4,4
160,32,0,0,0
810,42,10,10,2
291,35,3,3,3
52,52,20,4,4
288,32,0,0,0
450,2,2,2,2
492,44,12,12,4
648,8,8,8,0
540,28,28,12,4
284,28,28,12,4
349,29,29,13,5
150,22,22,6,6
906,10,10,10,2
731,27,27,11,3
248,56,24,8,0
884,52,20,4,4
390,6,6,6,6
431,47,15,15,7
556,44,12,12,4
151,23,23,7,7
10,10,10,10,2
766,62,30,14,6
705,1,1,1,1
341,21,21,5,5
125,61,29,13,5
993,33,1,1,1
379,59,27,11,3
609,33,1,1,1
834,2,2,2,2
838,6,6,6,6
42,42,10,10,2
83,19,19,3,3
753,49,17,1,1
513,1,1,1,1
366,46,14,14,6
511,63,31,15,7
739,35,3,3,3
409,25,25,9,1
988,28,28,12,4
746,42,10,10,2
444,60,28,12,4
927,31,31,15,7
761,57,25,9,1
423,39,7,7,7
605,29,29,13,5
189,61,29,13,5
717,13,13,13,5
857,25,25,9,1
593,17,17,1,1
146,18,18,2,2
541,29,29,13,5
992,32,0,0,0
105,41,9,9,1
148,20,20,4,4
88,24,24,8,0
262,6,6,6,6
315,59,27,11,3
963,3,3,3,3
530,18,18,2,2
640,0,0,0,0
111,47,15,15,7
718,14,14,14,6
180,52,20,4,4
308,52,20,4,4
535,23,23,7,7
992,32,0,0,0
469,21,21,5,5
87,23,23,7,7
613,37,5,5,5
948,52,20,4,4
356,36,4,4,4
246,54,22,6,6
148,20,20,4,4
849,17,17,1,1
804,36,4,4,4
268,12,12,12,4
294,38,6,6,6
34,34,2,2,2
93,29,29,13,5
968,8,8,8,0
855,23,23,7,7
834,2,2,2,2
583,7,7,7,7
792,24,24,8,0
326,6,6,6,6
706,2,2,2,2
650,10,10,10,2
615,39,7,7,7
236,44,12,12,4
275,19,19,3,3
427,43,11,11,3
519,7,7,7,7
343,23,23,7,7
114,50,18,2,2
331,11,11,11,3
892,60,28,12,4
460,12,12,12,4
384,0,0,0,0
884,52,20,4,4
359,39,7,7,7
362,42,10,10,2
593,17,17,1,1
108,44,12,12,4
369,49,17,1,1
488,40,8,8,0
149,21,21,5,5
567,55,23,7,7
438,54,22,6,6
67,3,3,3,3
264,8,8,8,0
692,52,20,4,4
356,36,4,4,4
92,28,28,12,4
875,43,11,11,3
739,35,3,3,3
696,56,24,8,0
956,60,28,12,4
388,4,4,4,4
276,20,20,4,4
305,49,17,1,1
849,17,17,1,1
622,46,14,14,6
67,3,3,3,3
582,6,6,6,6
656,16,16,0,0
812,44,12,12,4
510,62,30,14,6
808,40,8,8,0
895,63,31,15,7
165,37,5,5,5
331,11,11,11,3
370,50,18,2,2
959,63,31,15,7
358,38,6,6,6
267,11,11,11,3
274,18,18,2,2
245,53,21,5,5
41,41,9,9,1
856,24,24,8,0
191,63,31,15,7
625,49,17,1,1
456,8,8,8,0
983,23,23,7,7
899,3,3,3,3
450,2,2,2,2
120,56,24,8,0
634,58,26,10,2
109,45,13,13,5
140,12,12,12,4
304,48,16,0,0
688,48,16,0,0
629,53,21,5,5
329,9,9,9,1
512,0,0,0,0
609,33,1,1,1
376,56,24,8,0
896,0,0,0,0
563,51,19,3,3
546,34,2,2,2
428,44,12,12,4
171,43,11,11,3
129,1,1,1,1
155,27,27,11,3
99,35,3,3,3
598,22,22,6,6
67,3,3,3,3
292,36,4,4,4
578,2,2,2,2
910,14,14,14,6
72,8,8,8,0
542,30,30,14,6
360,40,8,8,0
739,35,3,3,3
813,45,13,13,5
266,10,10,10,2
891,59,27,11,3
156,28,28,12,4
918,22,22,6,6
283,27,27,11,3
646,6,6,6,6
848,16,16,0,0
316,60,28,12,4
180,52,20,4,4
923,27,27,11,3
29,29,29,13,5
607,31,31,15,7
503,55,23,7,7
277,21,21,5,5
856,24,24,8,0
286,30,30,14,6
912,16,16,0,0
270,14,14,14,6
834,2,2,2,2
909,13,13,13,5
356,36,4,4,4
705,1,1,1,1
66,2,2,2,2
752,48,16,0,0
127,63,31,15,7
978,18,18,2,2
248,56,24,8,0
311,55,23,7,7
989,29,29,13,5
395,11,11,11,3
740,36,4,4,4
284,28,28,12,4
956,60,28,12,4
926,30,30,14,6
648,8,8,8,0
675,35,3,3,3
654,14,14,14,6
956,60,28,12,4
3,3,3,3,3
351,31,31,15,7
94,30,30,14,6
711,7,7,7,7
302,46,14,14,6
960,0,0,0,0
150,22,22,6,6
356,36,4,4,4
600,24,24,8,0
132,4,4,4,4
175,47,15,15,7
73,9,9,9,1
622,46,14,14,6
385,1,1,1,1
968,8,8,8,0
230,38,6,6,6
80,16,16,0,0
15,15,15,15,7
94,30,30,14,6
52,52,20,4,4
462,14,14,14,6
534,22,22,6,6
420,36,4,4,4
711,7,7,7,7
329,9,9,9,1
168,40,8,8,0
301,45,13,13,5
363,43,11,11,3
311,55,23,7,7
591,15,15,15,7
806,38,6,6,6
269,13,13,13,5
218,26,26,10,2
736,32,0,0,0
71,7,7,7,7
189,61,29,13,5
49,49,17,1,1
782,14,14,14,6
88,24,24,8,0
818,50,18,2,2
59,59,27,11,3
773,5,5,5,5
676,36,4,4,4
828,60,28,12,4
123,59,27,11,3
123,59,27,11,3
207,15,15,15,7
928,32,0,0,0
652,12,12,12,4
374,54,22,6,6
501,53,21,5,5
753,49,17,1,1
355,35,3,3,3
553,41,9,9,1
606,30,30,14,6
740,36,4,4,4
633,57,25,9,1
110,46,14,14,6
11,11,11,11,3
995,35,3,3,3
80,16,16,0,0
858,26,26,10,2
18,18,18,2,2
879,47,15,15,7
105,41,9,9,1
234,42,10,10,2
294,38,6,6,6
124,60,28,12,4
793,25,25,9,1
167,39,7,7,7
335,15,15,15,7
788,20,20,4,4
929,33,1,1,1
935,39,7,7,7
868,36,4,4,4
822,54,22,6,6
43,43,11,11,3
384,0,0,0,0
515,3,3,3,3
687,47,15,15,7
559,47,15,15,7
35,35,3,3,3
874,42,10,10,2
268,12,12,12,4
275,19,19,3,3
437,53,21,5,5
96,32,0,0,0
339,19,19,3,3
888,56,24,8,0
999,39,7,7,7
722,18,18,2,2
643,3,3,3,3
512,0,0,0,0
777,9,9,9,1
29,29,29,13,5
989,29,29,13,5
637,61,29,13,5
461,13,13,13,5
609,33,1,1,1
94,30,30,14,6
594,18,18,2,2
46,46,14,14,6
300,44,12,12,4
878,46,14,14,6
793,25,25,9,1
11,11,11,11,3
545,33,1,1,1
303,47,15,15,7
540,28,28,12,4
283,27,27,11,3
505,57,25,9,1
927,31,31,15,7
894,62,30,14,6
946,50,18,2,2
959,63,31,15,7
271,15,15,15,7
817,49,17,1,1
115,51,19,3,3
926,30,30,14,6
87,23,23,7,7
281,25,25,9,1
116,52,20,4,4
705,1,1,1,1
457,9,9,9,1
37,37,5,5,5
373,53,21,5,5
934,38,6,6,6
852,20,20,4,4
416,32,0,0,0
392,8,8,8,0
816,48,16,0,0
285,29,29,13,5
350,30,30,14,6
900,4,4,4,4
703,63,31,15,7
372,52,20,4,4
655,15,15,15,7
90,26,26,10,2
733,29,29,13,5
904,8,8,8,0
880,48,16,0,0
893,61,29,13,5
637,61,29,13,5
448,0,0,0,0
212,20,20,4,4
653,13,13,13,5
715,11,11,11,3
39,39,7,7,7
254,62,30,14,6
122,58,26,10,2
931,35,3,3,3
707,3,3,3,3
604,28,28,12,4
223,31,31,15,7
395,11,11,11,3
981,21,21,5,5
994,34,2,2,2
639,63,31,15,7
873,41,9,9,1
945,49,17,1,1
282,26,26,10,2
421,37,5,5,5
0,0,0,0,0
291,35,3,3,3
470,22,22,6,6
134,6,6,6,6
975,15,15,15,7
106,42,10,10,2
550,38,6,6,6
473,25,25,9,1
462,14,14,14,6
722,18,18,2,2
954,58,26,10,2
52,52,20,4,4
627,51,19,3,3
714,10,10,10,2
603,27,27,11,3
754,50,18,2,2
405,21,21,5,5
604,28,28,12,4
377,57,25,9,1
861,29,29,13,5
506,58,26,10,2
339,19,19,3,3
99,35,3,3,3
36,36,4,4,4
553,41,9,9,1
800,32,0,0,0
82,18,18,2,2
941,45,13,13,5
915,19,19,3,3
725,21,21,5,5
747,43,11,11,3
349,29,29,13,5
917,21,21,5,5
640,0,0,0,0
65,1,1,1,1
436,52,20,4,4
53,53,21,5,5
445,61,29,13,5
784,16,16,0,0
932,36,4,4,4
60,60,28,12,4
447,63,31,15,7
660,20,20,4,4
804,36,4,4,4
260,4,4,4,4
590,14,14,14,6
14,14,14,14,6
931,35,3,3,3
628,52,20,4,4
960,0,0,0,0
276,20,20,4,4
409,25,25,9,1
805,37,5,5,5
118,54,22,6,6
271,15,15,15,7
920,24,24,8,0
555,43,11,11,3
457,9,9,9,1
333,13,13,13,5
957,61,29,13,5
158,30,30,14,6
621,45,13,13,5
354,34,2,2,2
242,50,18,2,2
169,41,9,9,1
370,50,18,2,2
307,51,19,3,3
356,36,4,4,4
623,47,15,15,7
516,4,4,4,4
346,26,26,10,2
299,43,11,11,3
941,45,13,13,5
572,60,28,12,4
168,40,8,8,0
823,55,23,7,7
760,56,24,8,0
362,42,10,10,2
707,3,3,3,3
57,57,25,9,1
848,16,16,0,0
564,52,20,4,4
956,60,28,12,4
398,14,14,14,6
14,14,14,14,6
823,55,23,7,7
759,55,23,7,7
41,41,9,9,1
127,63,31,15,7
717,13,13,13,5
533,21,21,5,5
887,55,23,7,7
185,57,25,9,1
177,49,17,1,1
924,28,28,12,4
496,48,16,0,0
332,12,12,12,4
170,42,10,10,2
777,9,9,9,1
251,59,27,11,3
456,8,8,8,0
975,15,15,15,7
542,30,30,14,6
154,26,26,10,2
449,1,1,1,1
528,16,16,0,0
163,35,3,3,3
829,61,29,13,5
252,60,28,12,4
96,32,0,0,0
52,52,20,4,4
873,41,9,9,1
337,17,17,1,1
346,26,26,10,2
609,33,1,1,1
162,34,2,2,2
312,56,24,8,0
331,11,11,11,3
489,41,9,9,1
127,63,31,15,7
667,27,27,11,3
741,37,5,5,5
293,37,5,5,5
902,6,6,6,6
339,19,19,3,3
857,25,25,9,1
149,21,21,5,5
842,10,10,10,2
105,41,9,9,1
776,8,8,8,0
798,30,30,14,6
570,58,26,10,2
486,38,6,6,6
456,8,8,8,0
518,6,6,6,6
11,11,11,11,3
684,44,12,12,4
231,39,7,7,7
893,61,29,13,5
804,36,4,4,4
847,15,15,15,7
552,40,8,8,0
828,60,28,12,4
387,3,3,3,3
501,53,21,5,5
546,34,2,2,2
36,36,4,4,4
480,32,0,0,0
480,32,0,0,0
365,45,13,13,5
696,56,24,8,0
497,49,17,1,1
701,61,29,13,5
410,26,26,10,2
768,0,0,0,0
809,41,9,9,1
839,7,7,7,7
51,51,19,3,3
17,17,17,1,1
819,51,19,3,3
983,23,23,7,7
478,30,30,14,6
18,18,18,2,2
988,28,28,12,4
785,17,17,1,1
814,46,14,14,6
712,8,8,8,0
888,56,24,8,0
330,10,10,10,2
666,26,26,10,2
907,11,11,11,3
642,2,2,2,2
876,44,12,12,4
359,39,7,7,7
164,36,4,4,4
161,33,1,1,1
922,26,26,10,2
375,55,23,7,7
80,16,16,0,0
444,60,28,12,4
375,55,23,7,7
163,35,3,3,3
945,49,17,1,1
723,19,19,3,3
273,17,17,1,1
975,15,15,15,7
386,2,2,2,2
556,44,12,12,4
417,33,1,1,1
972,12,12,12,4
513,1,1,1,1
344,24,24,8,0
640,0,0,0,0
294,38,6,6,6
718,14,14,14,6
997,37,5,5,5
52,52,20,4,4
705,1,1,1,1
143,15,15,15,7
964,4,4,4,4
832,0,0,0,0
761,57,25,9,1
749,45,13,13,5
388,4,4,4,4
957,61,29,13,5
186,58,26,10,2
756,52,20,4,4
720,16,16,0,0
765,61,29,13,5
855,23,23,7,7
923,27,27,11,3
594,18,18,2,2
989,29,29,13,5
560,48,16,0,0
963,3,3,3,3
68,4,4,4,4
636,60,28,12,4
147,19,19,3,3
768,0,0,0,0
743,39,7,7,7
185,57,25,9,1
722,18,18,2,2
47,47,15,15,7
670,30,30,14,6
583,7,7,7,7
753,49,17,1,1
688,48,16,0,0
942,46,14,14,6
653,13,13,13,5
826,58,26,10,2
667,27,27,11,3
941,45,13,13,5
761,57,25,9,1
255,63,31,15,7
939,43,11,11,3
411,27,27,11,3
782,14,14,14,6
139,11,11,11,3
131,3,3,3,3
849,17,17,1,1
805,37,5,5,5
902,6,6,6,6
330,10,10,10,2
459,11,11,11,3
431,47,15,15,7
232,40,8,8,0
73,9,9,9,1
133,5,5,5,5
562,50,18,2,2
218,26,26,10,2
583,7,7,7,7
948,52,20,4,4
258,2,2,2,2
213,21,21,5,5
653,13,13,13,5
698,58,26,10,2
253,61,29,13,5
556,44,12,12,4
494,46,14,14,6
164,36,4,4,4
121,57,25,9,1
642,2,2,2,2
579,3,3,3,3
452,4,4,4,4
832,0,0,0,0
483,35,3,3,3
430,46,14,14,6
248,56,24,8,0
985,25,25,9,1
687,47,15,15,7
437,53,21,5,5
711,7,7,7,7
503,55,23,7,7
482,34,2,2,2
471,23,23,7,7
824,56,24,8,0
59,59,27,11,3
146,18,18,2,2
879,47,15,15,7
469,21,21,5,5
621,45,13,13,5
136,8,8,8,0
194,2,2,2,2
25,25,25,9,1
598,22,22,6,6
778,10,10,10,2
602,26,26,10,2
997,37,5,5,5
395,11,11,11,3
41,41,9,9,1
86,22,22,6,6
55,55,23,7,7
736,32,0,0,0
306,50,18,2,2
859,27,27,11,3
405,21,21,5,5
387,3,3,3,3
581,5,5,5,5
174,46,14,14,6
945,49,17,1,1
478,30,30,14,6
318,62,30,14,6
695,55,23,7,7
421,37,5,5,5
898,2,2,2,2
116,52,20,4,4
274,18,18,2,2
541,29,29,13,5
51,51,19,3,3
116,52,20,4,4
562,50,18,2,2
751,47,15,15,7
740,36,4,4,4
851,19,19,3,3
770,2,2,2,2
440,56,24,8,0
851,19,19,3,3
862,30,30,14,6
833,1,1,1,1
683,43,11,11,3
432,48,16,0,0
53,53,21,5,5
838,6,6,6,6
295,39,7,7,7
783,15,15,15,7
144,16,16,0,0
250,58,26,10,2
367,47,15,15,7
841,9,9,9,1
921,25,25,9,1
892,60,28,12,4
765,61,29,13,5
738,34,2,2,2
396,12,12,12,4
852,20,20,4,4
423,39,7,7,7
614,38,6,6,6
163,35,3,3,3
299,43,11,11,3
362,42,10,10,2
140,12,12,12,4
543,31,31,15,7
899,3,3,3,3
134,6,6,6,6
239,47,15,15,7
138,10,10,10,2
441,57,25,9,1
102,38,6,6,6
398,14,14,14,6
417,33,1,1,1
768,0,0,0,0
334,14,14,14,6
201,9,9,9,1
435,51,19,3,3
806,38,6,6,6
319,63,31,15,7
455,7,7,7,7
517,5,5,5,5
76,12,12,12,4
584,8,8,8,0
212,20,20,4,4
441,57,25,9,1
624,48,16,0,0
700,60,28,12,4
71,7,7,7,7
814,46,14,14,6
771,3,3,3,3
789,21,21,5,5
740,36,4,4,4
562,50,18,2,2
840,8,8,8,0
421,37,5,5,5
698,58,26,10,2
364,44,12,12,4
769,1,1,1,1
208,16,16,0,0
573,61,29,13,5
543,31,31,15,7
733,29,29,13,5
548,36,4,4,4
370,50,18,2,2
629,53,21,5,5
299,43,11,11,3
370,50,18,2,2
528,16,16,0,0
492,44,12,12,4
29,29,29,13,5
288,32,0,0,0
856,24,24,8,0
765,61,29,13,5
887,55,23,7,7
388,4,4,4,4
460,12,12,12,4
372,52,20,4,4
733,29,29,13,5
83,19,19,3,3
131,3,3,3,3
662,22,22,6,6
614,38,6,6,6
56,56,24,8,0
928,32,0,0,0
914,18,18,2,2
276,20,20,4,4
949,53,21,5,5
906,10,10,10,2
409,25,25,9,1
948,52,20,4,4
927,31,31,15,7
467,19,19,3,3
454,6,6,6,6
947,51,19,3,3
392,8,8,8,0
947,51,19,3,3
755,51,19,3,3
83,19,19,3,3
421,37,5,5,5
592,16,16,0,0
936,40,8,8,0
179,51,19,3,3
514,2,2,2,2
609,33,1,1,1
354,34,2,2,2
819,51,19,3,3
21,21,21,5,5
90,26,26,10,2
154,26,26,10,2
658,18,18,2,2
622,46,14,14,6
895,63,31,15,7
893,61,29,13,5
9,9,9,9,1
707,3,3,3,3
598,22,22,6,6
67,3,3,3,3
957,61,29,13,5
902,6,6,6,6
696,56,24,8,0
422,38,6,6,6
799,31,31,15,7
524,12,12,12,4
737,33,1,1,1
394,10,10,10,2
101,37,5,5,5
918,22,22,6,6
387,3,3,3,3
118,54,22,6,6
587,11,11,11,3
503,55,23,7,7
294,38,6,6,6
202,10,10,10,2
640,0,0,0,0
601,25,25,9,1
308,52,20,4,4
27,27,27,11,3
645,5,5,5,5
89,25,25,9,1
633,57,25,9,1
318,62,30,14,6
30,30,30,14,6
84,20,20,4,4
641,1,1,1,1
604,28,28,12,4
642,2,2,2,2
352,32,0,0,0
913,17,17,1,1
896,0,0,0,0
317,61,29,13,5
606,30,30,14,6
703,63,31,15,7
20,20,20,4,4
655,15,15,15,7
757,53,21,5,5
750,46,14,14,6
386,2,2,2,2
551,39,7,7,7
811,43,11,11,3
609,33,1,1,1
720,16,16,0,0
460,12,12,12,4
633,57,25,9,1
64,0,0,0,0
460,12,12,12,4
307,51,19,3,3
26,26,26,10,2
810,42,10,10,2
758,54,22,6,6
694,54,22,6,6
52,52,20,4,4
127,63,31,15,7
588,12,12,12,4
115,51,19,3,3
844,12,12,12,4
736,32,0,0,0
202,10,10,10,2
746,42,10,10,2
189,61,29,13,5
297,41,9,9,1
258,2,2,2,2
127,63,31,15,7
33,33,1,1,1
72,8,8,8,0
73,9,9,9,1
338,18,18,2,2
967,7,7,7,7
622,46,14,14,6
876,44,12,12,4
207,15,15,15,7
277,21,21,5,5
557,45,13,13,5
217,25,25,9,1
159,31,31,15,7
23,23,23,7,7
636,60,28,12,4
726,22,22,6,6
13,13,13,13,5
675,35,3,3,3
835,3,3,3,3
9,9,9,9,1
154,26,26,10,2
911,15,15,15,7
842,10,10,10,2
119,55,23,7,7
584,8,8,8,0
642,2,2,2,2
970,10,10,10,2
234,42,10,10,2
720,16,16,0,0
746,42,10,10,2
447,63,31,15,7
410,26,26,10,2
212,20,20,4,4
443,59,27,11,3
39,39,7,7,7
376,56,24,8,0
898,2,2,2,2
700,60,28,12,4
352,32,0,0,0
110,46,14,14,6
389,5,5,5,5
669,29,29,13,5
636,60,28,12,4
295,39,7,7,7
566,54,22,6,6
688,48,16,0,0
575,63,31,15,7
856,24,24,8,0
216,24,24,8,0
703,63,31,15,7
940,44,12,12,4
267,11,11,11,3
245,53,21,5,5
977,17,17,1,1
202,10,10,10,2
837,5,5,5,5
520,8,8,8,0
42,42,10,10,2
47,47,15,15,7
864,32,0,0,0
665,25,25,9,1
464,16,16,0,0
858,26,26,10,2
735,31,31,15,7
804,36,4,4,4
37,37,5,5,5
295,39,7,7,7
128,0,0,0,0
513,1,1,1,1
509,61,29,13,5
730,26,26,10,2
719,15,15,15,7
241,49,17,1,1
711,7,7,7,7
592,16,16,0,0
919,23,23,7,7
549,37,5,5,5
616,40,8,8,0
553,41,9,9,1
621,45,13,13,5
586,10,10,10,2
333,13,13,13,5
107,43,11,11,3
318,62,30,14,6
92,28,28,12,4
636,60,28,12,4
16,16,16,0,0
79,15,15,15,7
435,51,19,3,3
9,9,9,9,1
667,27,27,11,3
72,8,8,8,0
183,55,23,7,7
347,27,27,11,3
792,24,24,8,0
999,39,7,7,7
416,32,0,0,0
5,5,5,5,5
12,12,12,12,4
338,18,18,2,2
320,0,0,0,0
87,23,23,7,7
3,3,3,3,3
453,5,5,5,5
528,16,16,0,0
842,10,10,10,2
689,49,17,1,1
946,50,18,2,2
141,13,13,13,5
498,50,18,2,2
69,5,5,5,5
624,48,16,0,0
352,32,0,0,0
453,5,5,5,5
40,40,8,8,0
163,35,3,3,3
672,32,0,0,0
484,36,4,4,4
680,40,8,8,0
70,6,6,6,6
528,16,16,0,0
152,24,24,8,0
553,41,9,9,1
667,27,27,11,3
310,54,22,6,6
577,1,1,1,1
220,28,28,12,4
447,63,31,15,7
103,39,7,7,7
175,47,15,15,7
241,49,17,1,1
286,30,30,14,6
67,3,3,3,3
127,63,31,15,7
769,1,1,1,1
598,22,22,6,6
302,46,14,14,6
852,20,20,4,4
21,21,21,5,5
161,33,1,1,1
366,46,14,14,6
560,48,16,0,0
497,49,17,1,1
963,3,3,3,3
256,0,0,0,0
571,59,27,11,3
133,5,5,5,5
411,27,27,11,3
13,13,13,13,5
704,0,0,0,0
289,33,1,1,1
72,8,8,8,0
12,12,12,12,4
460,12,12,12,4
962,2,2,2,2
358,38,6,6,6
125,61,29,13,5
331,11,11,11,3
761,57,25,9,1
789,21,21,5,5
956,60,28,12,4
246,54,22,6,6
242,50,18,2,2
424,40,8,8,0
298,42,10,10,2
541,29,29,13,5
474,26,26,10,2
966,6,6,6,6
385,1,1,1,1
677,37,5,5,5
742,38,6,6,6
860,28,28,12,4
351,31,31,15,7
823,55,23,7,7
333,13,13,13,5
609,33,1,1,1
399,15,15,15,7
382,62,30,14,6
101,37,5,5,5
833,1,1,1,1
64,0,0,0,0
705,1,1,1,1
432,48,16,0,0
355,35,3,3,3
558,46,14,14,6
39,39,7,7,7
960,0,0,0,0
365,45,13,13,5
580,4,4,4,4
685,45,13,13,5
893,61,29,13,5
437,53,21,5,5
38,38,6,6,6
597,21,21,5,5
695,55,23,7,7
393,9,9,9,1
318,62,30,14,6
43,43,11,11,3
150,22,22,6,6
285,29,29,13,5
444,60,28,12,4
417,33,1,1,1
137,9,9,9,1
137,9,9,9,1
218,26,26,10,2
596,20,20,4,4
979,19,19,3,3
934,38,6,6,6
50,50,18,2,2
518,6,6,6,6
297,41,9,9,1
251,59,27,11,3
150,22,22,6,6
64,0,0,0,0
538,26,26,10,2
66,2,2,2,2
471,23,23,7,7
890,58,26,10,2
624,48,16,0,0
492,44,12,12,4
942,46,14,14,6
504,56,24,8,0
219,27,27,11,3
340,20,20,4,4
272,16,16,0,0
31,31,31,15,7
289,33,1,1,1
854,22,22,6,6
463,15,15,15,7
560,48,16,0,0
808,40,8,8,0
673,33,1,1,1
985,25,25,9,1
292,36,4,4,4
670,30,30,14,6
272,16,16,0,0
118,54,22,6,6
972,12,12,12,4
429,45,13,13,5
87,23,23,7,7
658,18,18,2,2
453,5,5,5,5
9,9,9,9,1
638,62,30,14,6
105,41,9,9,1
746,42,10,10,2
749,45,13,13,5
835,3,3,3,3
421,37,5,5,5
352,32,0,0,0
54,54,22,6,6
424,40,8,8,0
119,55,23,7,7
561,49,17,1,1
644,4,4,4,4
49,49,17,1,1
583,7,7,7,7
710,6,6,6,6
292,36,4,4,4
698,58,26,10,2
478,30,30,14,6
33,33,1,1,1
658,18,18,2,2
514,2,2,2,2
460,12,12,12,4
600,24,24,8,0
32,32,0,0,0
935,39,7,7,7
879,47,15,15,7
18,18,18,2,2
430,46,14,14,6
397,13,13,13,5
862,30,30,14,6
571,59,27,11,3
472,24,24,8,0
496,48,16,0,0
679,39,7,7,7
344,24,24,8,0
467,19,19,3,3
200,8,8,8,0
679,39,7,7,7
624,48,16,0,0
518,6,6,6,6
118,54,22,6,6
386,2,2,2,2
68,4,4,4,4
741,37,5,5,5
260,4,4,4,4
429,45,13,13,5
907,11,11,11,3
42,42,10,10,2
792,24,24,8,0
206,14,14,14,6
991,31,31,15,7
157,29,29,13,5
706,2,2,2,2
963,3,3,3,3
748,44,12,12,4
702,62,30,14,6
709,5,5,5,5
163,35,3,3,3
336,16,16,0,0
967,7,7,7,7
784,16,16,0,0
46,46,14,14,6
878,46,14,14,6
467,19,19,3,3
304,48,16,0,0
435,51,19,3,3
110,46,14,14,6
659,19,19,3,3
567,55,23,7,7
225,33,1,1,1
849,17,17,1,1
994,34,2,2,2
73,9,9,9,1
124,60,28,12,4
564,52,20,4,4
956,60,28,12,4
292,36,4,4,4
278,22,22,6,6
236,44,12,12,4
766,62,30,14,6
606,30,30,14,6
810,42,10,10,2
331,11,11,11,3
818,50,18,2,2
993,33,1,1,1
771,3,3,3,3
429,45,13,13,5
805,37,5,5,5
338,18,18,2,2
957,61,29,13,5
151,23,23,7,7
627,51,19,3,3
943,47,15,15,7
108,44,12,12,4
599,23,23,7,7
836,4,4,4,4
262,6,6,6,6
289,33,1,1,1
800,32,0,0,0
14,14,14,14,6
181,53,21,5,5
711,7,7,7,7
645,5,5,5,5
724,20,20,4,4
626,50,18,2,2
7,7,7,7,7
364,44,12,12,4
364,44,12,12,4
293,37,5,5,5
663,23,23,7,7
432,48,16,0,0
873,41,9,9,1
768,0,0,0,0
99,35,3,3,3
477,29,29,13,5
434,50,18,2,2
607,31,31,15,7
54,54,22,6,6
604,28,28,12,4
58,58,26,10,2
188,60,28,12,4
186,58,26,10,2
876,44,12,12,4
460,12,12,12,4
393,9,9,9,1
231,39,7,7,7
451,3,3,3,3
199,7,7,7,7
599,23,23,7,7
86,22,22,6,6
601,25,25,9,1
729,25,25,9,1
914,18,18,2,2
423,39,7,7,7
711,7,7,7,7
164,36,4,4,4
78,14,14,14,6
525,13,13,13,5
403,19,19,3,3
400,16,16,0,0
466,18,18,2,2
543,31,31,15,7
422,38,6,6,6
33,33,1,1,1
128,0,0,0,0
143,15,15,15,7
292,36,4,4,4
446,62,30,14,6
260,4,4,4,4
610,34,2,2,2
234,42,10,10,2
236,44,12,12,4
598,22,22,6,6
992,32,0,0,0
881,49,17,1,1
155,27,27,11,3
423,39,7,7,7
220,28,28,12,4
105,41,9,9,1
574,62,30,14,6
393,9,9,9,1
106,42,10,10,2
154,26,26,10,2
196,4,4,4,4
427,43,11,11,3
17,17,17,1,1
927,31,31,15,7
132,4,4,4,4
354,34,2,2,2
86,22,22,6,6
233,41,9,9,1
547,35,3,3,3
838,6,6,6,6
647,7,7,7,7
471,23,23,7,7
910,14,14,14,6
482,34,2,2,2
980,20,20,4,4
697,57,25,9,1
564,52,20,4,4
409,25,25,9,1
592,16,16,0,0
7,7,7,7,7
169,41,9,9,1
66,2,2,2,2
508,60,28,12,4
700,60,28,12,4
973,13,13,13,5
546,34,2,2,2
706,2,2,2,2
948,52,20,4,4
474,26,26,10,2
566,54,22,6,6
837,5,5,5,5
179,51,19,3,3
439,55,23,7,7
485,37,5,5,5
313,57,25,9,1
555,43,11,11,3
479,31,31,15,7
717,13,13,13,5
226,34,2,2,2
79,15,15,15,7
474,26,26,10,2
338,18,18,2,2
607,31,31,15,7
684,44,12,12,4
23,23,23,7,7
501,53,21,5,5
927,31,31,15,7
604,28,28,12,4
246,54,22,6,6
245,53,21,5,5
914,18,18,2,2
278,22,22,6,6
333,13,13,13,5
738,34,2,2,2
464,16,16,0,0
552,40,8,8,0
27,27,27,11,3
626,50,18,2,2
451,3,3,3,3
285,29,29,13,5
254,62,30,14,6
106,42,10,10,2
103,39,7,7,7
507,59,27,11,3
309,53,21,5,5
849,17,17,1,1
960,0,0,0,0
723,19,19,3,3
425,41,9,9,1
482,34,2,2,2
813,45,13,13,5
259,3,3,3,3
636,60,28,12,4
462,14,14,14,6
838,6,6,6,6
503,55,23,7,7
359,39,7,7,7
154,26,26,10,2
579,3,3,3,3
736,32,0,0,0
790,22,22,6,6
258,2,2,2,2
702,62,30,14,6
384,0,0,0,0
990,30,30,14,6
936,40,8,8,0
847,15,15,15,7
321,1,1,1,1
465,17,17,1,1
671,31,31,15,7
90,26,26,10,2
105,41,9,9,1
912,16,16,0,0
219,27,27,11,3
289,33,1,1,1
437,53,21,5,5
865,33,1,1,1
236,44,12,12,4
171,43,11,11,3
341,21,21,5,5
55,55,23,7,7
667,27,27,11,3
897,1,1,1,1
316,60,28,12,4
294,38,6,6,6
513,1,1,1,1
951,55,23,7,7
920,24,24,8,0
571,59,27,11,3
545,33,1,1,1
174,46,14,14,6
529,17,17,1,1
227,35,3,3,3
881,49,17,1,1
841,9,9,9,1
261,5,5,5,5
646,6,6,6,6
855,23,23,7,7
365,45,13,13,5
438,54,22,6,6
268,12,12,12,4
403,19,19,3,3
549,37,5,5,5
30,30,30,14,6
641,1,1,1,1
910,14,14,14,6
822,54,22,6,6
670,30,30,14,6
642,2,2,2,2
274,18,18,2,2
161,33,1,1,1
440,56,24,8,0
911,15,15,15,7
582,6,6,6,6
414,30,30,14,6
677,37,5,5,5
470,22,22,6,6
249,57,25,9,1
274,18,18,2,2
48,48,16,0,0
497,49,17,1,1
882,50,18,2,2
277,21,21,5,5
899,3,3,3,3
703,63,31,15,7
134,6,6,6,6
440,56,24,8,0
69,5,5,5,5
363,43,11,11,3
989,29,29,13,5
640,0,0,0,0
677,37,5,5,5
104,40,8,8,0
542,30,30,14,6
545,33,1,1,1
96,32,0,0,0
216,24,24,8,0
645,5,5,5,5
888,56,24,8,0
292,36,4,4,4
272,16,16,0,0
343,23,23,7,7
987,27,27,11,3
801,33,1,1,1
676,36,4,4,4
840,8,8,8,0
64,0,0,0,0
309,53,21,5,5
625,49,17,1,1
413,29,29,13,5
684,44,12,12,4
42,42,10,10,2
609,33,1,1,1
389,5,5,5,5
440,56,24,8,0
725,21,21,5,5
788,20,20,4,4
248,56,24,8,0
648,8,8,8,0
531,19,19,3,3
860,28,28,12,4
547,35,3,3,3
810,42,10,10,2
511,63,31,15,7
680,40,8,8,0
811,43,11,11,3
877,45,13,13,5
581,5,5,5,5
81,17,17,1,1
451,3,3,3,3
716,12,12,12,4
644,4,4,4,4
685,45,13,13,5
116,52,20,4,4
344,24,24,8,0
514,2,2,2,2
601,25,25,9,1
891,59,27,11,3
715,11,11,11,3
236,44,12,12,4
51,51,19,3,3
429,45,13,13,5
77,13,13,13,5
882,50,18,2,2
856,24,24,8,0
61,61,29,13,5
674,34,2,2,2
864,32,0,0,0
970,10,10,10,2
605,29,29,13,5
733,29,29,13,5
818,50,18,2,2
914,18,18,2,2
865,33,1,1,1
296,40,8,8,0
664,24,24,8,0
538,26,26,10,2
616,40,8,8,0
238,46,14,14,6
981,21,21,5,5
327,7,7,7,7
235,43,11,11,3
285,29,29,13,5
468,20,20,4,4
189,61,29,13,5
363,43,11,11,3
903,7,7,7,7
365,45,13,13,5
973,13,13,13,5
719,15,15,15,7
447,63,31,15,7
88,24,24,8,0
409,25,25,9,1
